folio_u;tit_propio;nombre_edi;es_enlinea;catalogada;id_catalogo;nombre_largo;issn_e;issn_l;issn_imp;subtemas
21565;(Con)textos;"Universitat de Barcelona";1;1;8675;España;2013-0864;2013-0864;;Antropología
28701;+Memoria(s);"Lugar de la Memoria, la Tolerancia y la Inclusión Social. Ministerio de Cultura";1;;;Perú;3028-9297;3028-9297;2523-112X;"Antropología, Ciencias sociales y humanidades, Educación, Historia, Humanidades, Derechos humanos"
76;"A cidade de Évora.";"Câmara Municipal de Évora";0;0;34;Portugal;;0871-1992;0871-1992;"Antropología, Arqueología, Etnología, Historia, Estudios locales"
132;"Abra ";"Universidad Nacional de Costa Rica";1;1;48;"Costa Rica";2215-2997;1409-3928;1409-3928;"Antropología, Ciencia política y administración pública, Ciencias de la comunicación, Ciencias sociales y humanidades, Educación, Geografía, Historia, Sociología"
23351;Aceno;"Universidade Federal de Mato Grosso";1;0;9764;Brasil;2358-5587;2358-5587;;"Antropología, Ciencias sociales y humanidades, Sociología, Estudios latinoamericanos"
529;Afro-Ásia;"Universidade Federal da Bahia, Faculdade de Filosofia e Ciências Humanas";1;1;210;Brasil;1981-1411;0002-0591;0002-0591;"Antropología, Historia"
26573;"Afros & Amazônicos";"Universidade Federal de Rondônia (UNIR)";1;;;Brasil;2675-6862;2675-6862;;"Antropología, Ciencias sociales y humanidades, Etnología, Geografía, Historia"
577;"Agricultura, sociedad y desarrollo";"Colegio de Postgraduados";1;1;229;México;2594-0244;1870-5472;1870-5472;"Agronomía, Antropología, Cultura, Sociología"
644;"AIBR. Asociación de Antropólogos Iberoamericanos en Red";"Asociación de Antropólogos Iberoamericanos en Red";1;1;244;España;1578-9705;1578-9705;;"Antropología, Estudios latinoamericanos"
27917;"Aiken Revista de Ciencias Sociales y de la Salud.";"Juliana Burgos";1;1;11247;Argentina;2796-7506;"2796- 739";2796-7395;"Antropología, Ciencias sociales y humanidades, Multidisciplinarias, Sociología, Estudios sociales de la salud"
654;Akrópolis;"Universidade Paranaense";1;0;249;Brasil;1982-1093;1517-5367;1517-5367;"Antropología, Arqueología, Filosofía, Geografía, Historia, Sociología"
657;Al-Ulyã;"Arquivo Municipal de Loulé";0;;;Portugal;;;0872-2323;"Antropología, Arqueología, Bibliografías, Historia, Historia del arte"
21265;Alabrasto;"Fundação Escola de Sociologia e Política de São Paulo";1;0;8473;Brasil;2318-3179;;;"Antropología, Ciencia política y administración pública, Historia, Sociología"
21529;Alberca;"Asociación de Amigos del Museo Arqueológico de Lorca";1;0;8653;España;2255-1573;1697-2708;1697-2708;"Antropología, Arqueología, Ciencias sociales y humanidades, Etnología, Geografía, Historia, Museología, Estudios locales, Prehistoria, Heráldica, Ciencias y Técnicas historiográficas, Epigrafía, Numismática"
717;"Almanaque del Banco de Seguros del Estado";"Banco de Seguros del Estado";0;;;Uruguay;;0797-0595;0797-0595;"Agronomía, Antropología, Ciencias sociales y humanidades, Demografía, Ganadería, Turismo, Estudios locales, Economía agrícola, Trabajo social"
27245;Alquipir;"Ayuntamiento de Cehegín";1;1;11075;España;2792-4416;1698-0557;1698-0557;"Antropología, Arqueología, Historia, Estudios locales, Humanidades"
23812;Áltera;"Universidade Federal da Paraíba ";1;;;Brasil;2447-9837;2447-9837;;Antropología
734;Alteridades;"Universidad Autónoma Metropolitana, Unidad Iztapalapa, División de Ciencias Sociales y Humanidades, Departamento de Antropología";1;1;280;México;2448-850X;0188-7017;0188-7017;Antropología
27993;Alternautas;"University of Warwick Press";1;1;11225;Iberoamericanistas-Europa;2057-4924;2057-4924;;"Antropología, Ciencia política y administración pública, Filosofía, Sociología, Desarrollo económico, Planificación del desarrollo"
763;"Amazonia peruana";"Centro Amazónico de Antropología y Aplicación Práctica";1;;;Perú;2810-8663;0252-886X;0252-886X;Antropología
764;"Amazônica : Revista de Antropologia";"Universidade Federal do Pará (UFPA)";1;0;288;Brasil;2176-0675;1984-6215;;"Antropología, Arqueología"
21995;Ambivalências;"Universidade Federal de Sergipe (UFS)";1;0;8983;Brasil;2318-3888;2318-3888;;"Antropología, Ciencias sociales y humanidades"
24537;"América Crítica";"Università degli Studi di Cagliari";1;1;10245;Iberoamericanistas-Europa;2532-6724;;;"Antropología, Ciencias sociales y humanidades, Historia, Humanidades, Estudios latinoamericanos"
795;"América indígena";"Organización de los Estados Americanos, Instituto Indigenista Interamericano";1;;;México;;0185-1179;0185-1179;"Antropología, Sociología"
21779;Americanía;"Universidad Pablo de Olavide";1;0;8825;España;2174-0178;2174-0178;;"Antropología, Ciencias sociales y humanidades, Historia, Estudios latinoamericanos"
931;"Anales de antropología";"Universidad Nacional Autónoma de México, Instituto de Investigaciones Antropológicas";1;1;358;México;2448-6221;0185-1225;0185-1225;Antropología
23609;"Anales de arqueología y etnología";"Universidad Nacional de Cuyo, Facultad de Filosofía y Letras, Instituto de Arqueología y Etnología";1;1;9917;Argentina;2591-3093;0325-0288;;"Antropología, Arqueología"
19052;"Anales de la Academia de Geografía e Historia de Guatemala";"Academia de Geografía e Historia de Guatemala";0;;;Guatemala;;;0252-337X;"Antropología, Geografía, Historia"
805;"Anales de la Fundación Joaquín Costa";"Instituto de Estudios Altoaragoneses, Fundación Joaquín Costa";0;;;España;;;0213-1404;"Antropología, Ciencia política y administración pública, Sociología"
895;"Anales del Museo Nacional de Antropología";"Ministerio de Educación, Cultura y Deporte";1;0;346;España;2340-3519;1135-1853;1135-1853;Antropología
23028;Andelma;"Centro de Estudios Históricos Fray Pasqual Salmerón";1;;;España;2386-3811;1579-7805;1579-7805;"Antropología, Arqueología, Cultura, Demografía, Geografía, Historia, Historia de la ciencia, Historia del arte"
982;Andes;"Universidad Nacional de Salta, Facultad de Humanidades, Centro Promocional de las Investigaciones en Historia y Antropología";1;0;378;Argentina;1668-8090;0327-1676;0327-1676;Antropología
26684;"Andes del sur";"Universidad de la Frontera";1;;;Chile;0719-1545;0719-1545;;"Antropología, Ciencias sociales y humanidades, Filosofía, Geografía, Historia, Sociología"
1004;Ankulegi;"Ankulegi Antropologia Elkartea, Asociación Vasca de Antropología Ankulegi, Association Basque d'Etnologie Ankulegi";0;0;389;España;;1138-347X;1138-347X;Antropología
22346;Ankulegi;"Ankulegi Antropologia Elkartea";1;1;9217;España;2444-5703;1138-347X;;Antropología
21959;Anthropía;"Estudiantes de la Especialidad de Antropología de la Pontificia Universidad Católica del Perú";1;1;8959;Perú;2076-0574;2076-0574;2076-0574;Antropología
1033;Anthropológica;"Pontificia Universidad Católica del Perú. Departamento de Ciencias Sociales";1;0;397;Perú;2224-6428;0254-9212;0254-9212;Antropología
28593;"Anthropólogicas Visual";"Alex Vailati";1;;;Brasil;2526-3781;2526-3781;;"Antropología, Cine, Cultura, Fotografía, Museología, Sociología"
28595;"Anthropólogicas Visual";"Universidade Federal de Pernambuco (UFPE)";1;;;Brasil;2526-3781;2526-3781;;"Antropología, Cine, Cultura, Fotografía, Museología, Sociología"
1034;Anthropos;"Universidad Pontificia Salesiana, Instituto Superior Salesiano de Filosofia y Educación";0;;;Venezuela;;;;Antropología
1045;Antípoda;"Universidad de los Andes, Facultad de Ciencias Sociales";1;0;399;Colombia;2011-4273;2011-4273;1900-5407;"Antropología, Arqueología, Ciencias sociales y humanidades, Sociología"
22795;"Antrópica. Revista de Ciencias Sociales y Humanidades";"Universidad Autónoma de Yucatán, Facultad de Ciencias Antropológicas";1;1;9454;México;2448-5241;2448-5241;;"Antropología, Arqueología, Ciencias sociales y humanidades, Filosofía, Literatura, Humanidades"
1052;Antropo;"Universidad del País Vasco";1;0;402;España;1578-2603;1578-2603;;"Antropología, Biología"
1053;"Antropoanálise, Lisboa";"Sociedade de Antropoanálise";0;;;Portugal;;;0871-861X;Antropología
1056;"Antropolítica: Revista Contemporânea de Antropologia";"Universidade Federal Fluminense (UFF)";1;1;403;Brasil;2179-7331;2179-7331;1414-7378;Antropología
1057;Antropología;"Instituto Nacional de Antropología";0;;;Bolivia;;;;Antropología
1059;"Antropología ";"Instituto Nacional de Antropología e Historia";0;0;404;México;;;0188-3437;"Antropología, Historia"
23792;"Antropología americana";"Instituto Panamericano de Geografía e Historia";1;;;"Organismos Internacionales";2521-7615;2521-7607;2521-7607;"Antropología, Arqueología, Estudios latinoamericanos"
1062;"Antropología e Historia de Guatemala";"Departamento de Instigaciones Antropológicas. Arqueológicas e Historicas";0;0;406;Guatemala;;;0003-6102;"Antropología, Historia"
1064;"Antropologia portuguesa";"Universidade de Coimbra, Faculdade de Ciências e Tecnologia, Departamento de Antropologia";0;0;407;Portugal;;;0870-0990;Antropología
1066;"Antropología y técnica";"Universidad Nacional Autónoma de México, Instituto de Investigaciones Antropológicas";0;0;409;México;;;0186-9787;Antropología
22658;"Antropología: Cuadernos de investigación";"Pontificia Universidad Católica del Ecuador, Escuela de Antropología";0;0;9355;Ecuador;;;1390-4256;"Antropología, Arqueología"
22234;"Antropologías del Sur";"Universidad Academia de Humanismo Cristiano. Escuela de Antropología, Geografía e Historia";1;0;9148;Chile;0719-5532;0719-4498;0719-4498;Antropología
1068;Antropológica;"Fundación La Salle";0;0;411;Venezuela;;;0003-6110;"Antropología, Sociología"
1070;"Antropológicas ";"Universidade Fernando Pessoa. Departamento de Ciência Política e do Comportamento";1;1;412;Portugal;2182-2913;0873-819X;0873-819X;Antropología
1071;Antropologies;"Universidad de Barcelona, Facultad de Geografía e Historia";0;;;España;;;0213-7720;Antropología
2066;"Antropólogos Iberoamericanos en Red";"Asociación de Antropólogos Iberoamericanos en Red ";0;;;España;;1578-9705;1695-9752;"Antropología, Estudios latinoamericanos"
22137;"Anuário Antropológico";"Universidade de Brasília (UnB)";1;1;9071;Brasil;2357-738X;0102-4302;;"Antropología, Ciencias sociales y humanidades, Etnología"
1170;"Anuario de Estudios Atlánticos";"Cabildo de Gran Canaria";1;0;442;España;2386-5571;0570-4065;0570-4065;"Antropología, Bellas artes, Bibliografías, Economía, Geografía, Historia, Literatura, Prehistoria"
19102;"Anuario de Estudios Centroamericanos";"Editorial Universidad de Costa Rica,  Instituto de Investigaciones Sociales";1;1;7135;"Costa Rica";2215-4175;0377-7316;0377-7316;"Antropología, Historia, Sociología"
1174;"Anuario de estudios de antropología social";"Centro de Antropología Social; Instituto de Desarrollo Económico y Social";0;;;Argentina;;1669-5186;1669-5186;Antropología
1179;"Anuario de eusko-folklore";"Eusko Ikaskuntza-Sociedad de Estudios Vascos";0;0;447;España;;;0210-7732;Antropología
22083;"Anuario del PROEHAA";"Universidad Nacional de Lujan. Departamento de Ciencias Sociales. Programa de Estudios Históricos y Antropológicos Americanos";0;;;Argentina;;2469-0295;2469-0295;Antropología
1383;Apuntes;"Universidad del Pacífico";1;0;513;Perú;2223-1757;0252-1865;0252-1865;"Antropología, Economía, Historia, Sociología"
29242;"Apuntes arqueológicos";"Universidad de San Carlos de Guatemala, Escuela de Historia, Área de Arqueología";0;;;Guatemala;;1025-3319;1025-3319;"Antropología, Arqueología, Historia, Estudios locales"
1392;"Apuntes de investigación del CECYP";"Universidad de Buenos Aires; Instituto de Investigaciones Gino Germani; Grupo de Estudios en Cultura, Economía y Política";1;0;515;Argentina;1851-9814;0329-2142;0329-2142;"Antropología, Ciencias sociales y humanidades, Sociología, Estudios locales, Estudios latinoamericanos"
28889;Architecton;"Faculdade Damas da Instrução Cristã";1;;;Brasil;2236-6849;2236-6849;;"Antropología, Arqueología, Arquitectura, Arte, Historia del arte"
29830;"Archives on Food, Culture and Nutrition";"Universidad de Extremadura";1;1;11906;España;3020-3635;3020-3635;3020-8734;"Antropología, Ciencias sociales y humanidades, Etnología, Multidisciplinarias, Sociología"
1573;"Argos ";"Asociación Argentina de Estudios Clásicos";1;0;606;Argentina;1853-6379;0325-4194;0254-1637;"Administración, Antropología, Ciencias sociales y humanidades, Economía, Educación, Humanidades"
23866;Argumentos;"Universidade Estadual de Montes Claros (Unimontes)";1;1;10031;Brasil;2527-2551;1806-5627;;"Antropología, Ciencia política y administración pública, Ciencias sociales y humanidades, Sociología"
27180;Argumentos;"Instituto de Estudios Peruanos";1;;;Perú;2076-7722;1021-2760;;"Antropología, Arqueología, Ciencia política y administración pública, Economía, Educación, Sociología"
19124;"Arjé Revista de Postgrado Face-Uc";"Universidad de Carabobo";1;0;7144;Venezuela;2443-4442;1856-9153;1856-9153;"Antropología, Arte, Ciencias de la comunicación, Ciencias de la información, Ciencias sociales y humanidades, Cultura, Economía, Filosofía, Historia, Lingüística, Literatura, Pedagogía, Psicología, Humanidades"
1599;Arqueología;"Instituto de Arqueología; Facultad de Filosofía y Letras; Universidad de Buenos Aires";0;0;614;Argentina;;0327-5159;0327-5159;"Antropología, Arqueología"
27240;"Arqueología y sociedad";"Universidad Nacional Mayor de San Marcos. Museo de Arqueología y Antropología";1;1;11011;Perú;2810-8566;2810-8566;0254-8062;"Antropología, Arqueología"
29471;Arqueológicas;"Ministerio de Cultura del Perú, Museo Nacional de Arqueología, Antropología e Historia del Perú";1;;;Perú;2961-2721;0066-7803;0066-7803;"Antropología, Arqueología, Ciencias sociales y humanidades, Etnología, Historia, Prehistoria"
1658;"Arquivo de anatomia e antropologia";"Instituto de Anatomia";0;;;Portugal;;;0066-7811;"Anatomía, Antropología"
24265;"Arquivos do CMD";"Universidade de Brasília (UnB)";1;;;Brasil;2318-5422;2318-5422;;"Antropología, Arte, Cultura, Filosofía, Historia, Historia del arte, Literatura, Música, Sociología, Humanidades"
1723;"Arquivos do Museu Nacional";"Universidade Federal do Rio de Janeiro (UFRJ)";0;;;Brasil;;0365-4508;0365-4508;Antropología
22271;ArtyHum;ArtyHum;1;0;9170;España;2341-4898;2341-4898;;"Antropología, Arqueología, Arte, Artes plásticas, Bellas artes, Cine, Cultura, Filosofía, Geografía, Historia, Historia del arte, Literatura, Música, Museología, Pintura, Humanidades, Filología"
1799;"Arxiu d'etnografía de Catalunya";"Universitat Rovira i Virgili";1;1;669;España;2014-3885;2014-3885;0212-0372;"Antropología, Etnología"
28318;"Asuntos Criminológicos";"Ministerio de Justicia y Derechos Humanos";1;;;Perú;2961-2616;2961-2616;;"Antropología, Ciencia política y administración pública, Ciencias sociales y humanidades, Derecho penal, Sociología, Criminología"
28473;"Asuntos Criminológicos";"Ministerio de Justicia y Derechos Humanos. Observatorio Nacional de Política Criminal";1;;;Perú;2961-2616;2961-2616;;"Antropología, Ciencia política y administración pública, Ciencias sociales y humanidades, Derecho penal, Sociología, Criminología"
25403;"Atek Na";"Editorial de la Universidad Nacional de Luján";1;1;10549;Argentina;2422-6726;1668-1479;;"Antropología, Arqueología, Historia, Multidisciplinarias"
1838;"Atek na";"Centro Nacional Patagónico - Consejo Nacional de Investigaciones Científicas y Técnicas. Unidad de Investigación Arqueología y Antropología. ";0;;;Argentina;;1668-1479;1668-1479;"Antropología, Arqueología, Historia"
25623;"Ateliê do Turismo";"Universidade Federal de Mato Grosso do Sul (UFMS)";1;;;Brasil;2594-8407;2594-8407;;"Administración, Antropología, Ciencias sociales y humanidades, Geografía, Sociología, Turismo, Estudios locales, Planificación urbana, Estudios regionales"
25112;"Atena Journal of Public Health";"Asociación de Investigación Atena – Atena Research Association";1;;;España;2695-5911;2695-5911;;"Antropología, Deportes, Educación, Psicología, Salud pública, Sociología"
24974;"Atena Journal of Sports Sciences";"Asociación de Investigación Atena – Atena Research Association";1;;;España;2695-4486;2695-4486;;"Antropología, Deportes, Educación, Psicología, Salud pública, Sociología"
1907;AUSTERRA;"Universidad Bolivariana. Escuela de Antropología Social";0;;;Chile;;;0717-5078;Antropología
1923;Avá;"Programa de Postgrado en Antropología Social.";1;0;720;Argentina;1851-1694;1515-2413;1515-2413;Antropología
22089;"Avances del Cesor";"Universidad Nacional de Rosario; Facultad de Humanidades y Artes; Centro de Estudios Sociales Regionales; Consejo Nacional de Investigaciones Científicas y Técnicas";1;1;9039;Argentina;2422-6580;1514-3899;;"Antropología, Arte, Historia, Sociología"
1940;"Avances del Cesor";"Centro de Estudios Sociales Regionales; Facultad de Humanidades y Artes; Universidad Nacional de Rosario; Centro Argentino de Información Científica y Tecnológica";0;0;731;Argentina;;1514-3899;1514-3899;"Antropología, Arte, Historia, Sociología"
1953;"Avances en investigación - Facultad de Humanidades. Universidad Nacional de Salta";"Universidad Nacional de Salta, Facultad de Humanidades";0;;;Argentina;;0327-8123;0327-8123;"Antropología, Historia, Sociología"
28696;Ayé;"Universidade da Integração Internacional da Lusofonia Afro-Brasileira (UNILAB)";1;;;Brasil;2674-6360;2674-6360;;"Antropología, Ciencias sociales y humanidades, Etnología"
26733;Ayllu-Siaf;"Editorial Thémata S.L.";1;;;España;2695-5946;2695-5938;;"Antropología, Etica, Filosofía, Estudios latinoamericanos"
2030;Barbarói;"Universidade de Santa Cruz do Sul (UNISC)";1;0;772;Brasil;1982-2022;0104-6578;0104-6578;"Antropología, Ciencias sociales y humanidades, Filosofía, Psicología, Sociología"
25253;Batey;"Universidad de Oriente, Sede Contramaestre";1;;;Cuba;2225-529X;;;"Antropología, Religión, Estudios locales"
26926;"BIB - Revista Brasileira de Informação Bibliográfica em Ciências Sociais";"Associação Nacional de Pós-Graduação e Pesquisa em Ciências Sociais (ANPOCS)";1;;;Brasil;2317-6644;1516-8085;1516-8085;"Antropología, Ciencia política y administración pública, Ciencias sociales y humanidades, Sociología"
2392;"Boletim do Museu Nacional. Nova série. Antropologia";"Museu Nacional";0;;;Brasil;;0080-3189;0080-3189;Antropología
2396;"Boletim do Museu Paraense Emílio Goeldi. Ciências Humanas";"Museu Paraense Emílio Goeldi";0;0;853;Brasil;;1981-8122;1981-8122;Antropología
21236;"Boletín - Sociedad de Investigación del Arte Rupestre de Bolivia";"Sociedad de Investigación de Arte Rupestre en Bolivia";0;0;8450;Bolivia;;;1017-4346;"Antropología, Arqueología"
2532;"Boletín Antropológico";"Universidad de Los Andes";1;;;Venezuela;2542-3304;0257-750X;0257-750X;"Antropología, Arqueología, Etnología, Museología, Religión, Prehistoria"
2593;"Boletín de Antropología";"Universidad de Antioquia";1;1;881;Colombia;2390-027X;0120-2510;0120-2510;Antropología
2784;"Boletín de la Sociedad Venezolana de Espeleología";"Sociedad Venezolana de Espeleología";0;0;948;Venezuela;;;0583-7731;"Antropología, Arqueología, Geología"
2591;"Boletín del Instituto de Antropología Universidad de Antioquia";"Universidad de Antioquia";0;;;Colombia;;0374-6283;0374-6283;Antropología
2895;"Boletín del Museo Chileno de Arte Precolombino";"Museo Chileno de Arte Precolombino";1;0;976;Chile;0718-6894;0716-1530;0716-1530;"Antropología, Arqueología, Arte, Cultura, Prehistoria"
2901;"Boletín del Museo Mapuche de Cañete";"Dirección de Bibliotecas, Archivos y Museos";0;;;Chile;;;0716-2243;Antropología
2978;"Boletín indigenista";"Instituto Indigenista Boliviano";0;;;Bolivia;;;;"Antropología, Historia"
2980;"Boletín indigenista venezolano";"Ministerio de Información, Dirección de Asuntos Indígenas";0;;;Venezuela;;;;Antropología
26021;"Boletín Museo del Hombre Dominicano";"Museo del Hombre Dominicano";0;;;"República Dominicana";;;2676-0851;"Antropología, Cultura, Etnología, Historia"
2495;"Boletín Museo del Oro";"Banco de la República";1;;;Colombia;2462-9790;2462-9790;0120-7296;Antropología
23695;"Bordes Revista de Estudios Culturales";"Universidad de Los Andes ; Fundación Cultural  Bordes";1;;;Venezuela;2244-8667;2244-8667;;"Antropología, Arte, Bellas artes, Ciencias de la comunicación, Ciencias sociales y humanidades, Cultura"
27711;"Brazilian Journal of Forensic Anthropology & Legal Medicine";"Associação Brasileira de Antropologia Forense (ABRAF)";1;;;Brasil;2675-6951;2675-6951;;"Anatomía, Antropología, Arqueología, Medicina legal"
3217;Bricolage;"Universidad Autónoma Metropolitana, Unidad Iztapalapa, División de Ciencias Sociales y Humanidades, Departamento de Antropología Social";0;;;México;;;;Antropología
3237;"Bulletin de la Société Suisse des Américanistes";"Société Suisse des Américanistes; Musée d'Ethnographie";0;;;Iberoamericanistas-Europa;;;0582-1592;"Antropología, Etnología, Estudios latinoamericanos"
2279;"Caderno de Educação Física e Esporte";"Universidade Estadual do Oeste do Paraná (UNIOESTE)";1;1;840;Brasil;2318-5090;2318-5090;2318-5104;"Antropología, Deportes, Educación, Medicina, Psicología, Salud pública"
22697;"Caderno Eletrônico de Ciências Sociais";"Universidade Federal do Espírito Santo (UFES)";1;0;9385;Brasil;2318-6933;2318-6933;;"Antropología, Ciencias sociales y humanidades, Sociología"
29589;"Cadernos da Associação Brasileira de Ensino de Ciências Sociais (CABECS)";"Associação Brasileira do ensino de Ciências Sociais";1;;;Brasil;2594-3707;2594-3707;;"Antropología, Ciencia política y administración pública, Ciencias sociales y humanidades, Educación, Sociología"
3374;"Cadernos de antropologia e imagem";"Universidade do Estado do Rio de Janeiro (UERJ)";0;0;1072;Brasil;;0104-9658;0104-9658;Antropología
19179;"Cadernos de Arte e Antropologia";"Universidade Federal da Bahia (UFBA)";1;0;7178;Brasil;2238-0361;2238-0361;;Antropología
19180;"Cadernos de Campo";"Universidade de São Paulo (USP)";1;0;7179;Brasil;2316-9133;0104-5679;0104-5679;"Antropología, Ciencias sociales y humanidades, Etnología, Sociología, Estudios de género"
3386;"Cadernos de Campo";"Universidade de São Paulo (USP)";0;;;Brasil;;0104-5679;0104-5679;Antropología
3418;"Cadernos de Estudos Sociais";"Fundação Joaquim Nabuco (FUNDAJ)";1;0;1079;Brasil;2595-4091;0102-4248;0102-4248;"Administración, Antropología, Arqueología, Ciencia política y administración pública, Ciencias de la información, Ciencias sociales y humanidades, Demografía, Economía, Educación, Geografía, Historia, Museología, Pedagogía, Psicología, Relaciones internacionales, Religión, Sociología, Economía de la empresa, Estudios locales, Planeamiento científico y tecnológico, Planificación educativa, Estudios latinoamericanos, Trabajo social, Educación media o secundaria, Educación preescolar, Educación primaria, Educación superior, Estudios de género, Planeación económica, Planificación del desarrollo, Planificación urbana"
3430;"Cadernos de História";"Pontifícia Universidade Católica de Minas Gerais (PUC Minas)";1;0;1082;Brasil;2237-8871;1679-5636;1679-5636;"Antropología, Arqueología, Educación, Geografía, Historia, Sociología"
3470;"Cadernos de pesquisa. Série antropologia";"Universidade Federal do Piauí (UFPI)";0;;;Brasil;;0102-180X;0102-180X;Antropología
21020;"Cadernos do arquivo municipal";"Câmara Municipal de Lisboa - Direção Municipal da Cultura - Departamento de Património Cultural - Divisão de Arquivo Municipal";1;1;8431;Portugal;2183-3176;0873-9870;0873-9870;"Antropología, Historia, Sociología"
3556;"Cadernos Pagu";"Universidade Estadual de Campinas (Unicamp)";1;0;1109;Brasil;1809-4449;0104-8333;0104-8333;"Antropología, Ciencias sociales y humanidades"
20238;"Cadernos Zygmunt Bauman";"Universidade Federal do Maranhão (UFMA)";1;0;7924;Brasil;2236-4099;2236-4099;;"Antropología, Arte, Ciencias sociales y humanidades, Cultura, Educación, Etica, Filosofía, Geografía, Historia, Historia de la ciencia, Lingüística, Literatura, Religión, Sociología, Estudios locales, Humanidades, Estudios latinoamericanos, Educación superior"
29880;"Café Latino";"El Café Latino";1;;;Iberoamericanistas-Europa;1954-393X;1954-393X;1954-393X;"Antropología, Arqueología, Arte, Bibliografías, Literatura"
3580;Calafia;"Universidad Autónoma de Baja California, Instituto de Geografía e Historia";0;0;1118;México;;;0186-4246;Antropología
3598;Camachalli;"Benemérita Universidad Autónoma de Puebla, Facultad de Filosofía y Letras, Colegio de Antropología Social";0;0;1128;México;;;;Antropología
3619;Campos;"Universidade Federal do Paraná (UFPR)";1;0;1139;Brasil;2317-6830;1519-5538;1519-5538;"Antropología, Ciencias sociales y humanidades, Etnología"
26102;"Canoa do Tempo";"Universidade Federal do Amazonas (UFAM)";1;1;10775;Brasil;2594-8148;1982-0755;;"Antropología, Arqueología, Ciencia política y administración pública, Ciencias sociales y humanidades, Cultura, Educación, Etica, Filosofía, Historia, Literatura, Religión, Sociología, Humanidades, Educación primaria, Estudios sociales de la salud"
25561;"Capim Dourado";"Universidade Federal do Tocantins (UFT)";1;0;11790;Brasil;2595-7341;2595-7341;;"Administración, Antropología, Ciencias de la comunicación, Ciencias de la información, Ciencias sociales y humanidades"
3696;"Caribbean Studies";"Universidad de Puerto Rico, Instituto de Estudios del Caribe";1;0;1157;"Puerto Rico";1940-9095;0008-6533;;"Antropología, Ciencia política y administración pública, Economía, Geografía, Literatura"
25106;Cátedra;"Universidad de Panamá, Centro de Investigación de la Facultad de Humanidades";1;1;10428;Panamá;2415-2358;2523-0115;;"Antropología, Bibliotecología, Ciencias sociales y humanidades, Demografía, Educación, Historia, Museología, Religión, Sociología, Turismo, Estudios latinoamericanos, Trabajo social, Estudios de género, Estudios regionales"
3805;Ce-Acatl;"Centro de Estudios Antropológicos, Científicos, Artísticos, Tradicionales y Lingüísticos";0;;;México;;;0187-7052;"Antropología, Cultura"
28321;"Chone Ciencia y Tecnología";"Editorial ""Campus Chone""";1;1;11763;Ecuador;2960-8228;2960-8228;;"Antropología, Computación, Educación, Geografía, Salud pública"
3907;Chungará;"Universidad de Tarapacá. Facultad de Ciencias Sociales y Jurídicas. Departamento de Antropología";1;1;1211;Chile;0717-7356;0716-1182;0716-1182;"Antropología, Arqueología, Etnología"
3969;"Ciencia crítica";"Museo Provincial de Ciencias Naturales ";0;;;Argentina;;1853-1008;1853-1008;"Antropología, Biología, Botánica, Geología, Museología, Paleontología, Pedagogía, Zoología"
4122;"Ciencias Espaciales";"Universidad Nacional Autónoma de Honduras. Facultad de Ciencias Espaciales";1;0;1309;Honduras;2225-5249;;;"Antropología, Arqueología, Astronomía, Cartografía, Ciencias atmosféricas, Geodesia, Geofísica, Geología, Matemáticas, Ciencia, Ciencia y Tecnología"
21605;"Ciencias sociales y humanidades";"Universidad de San Carlos de Guatemala, Dirección General de Investigación";1;1;8701;Guatemala;2410-6291;2409-3475;2409-3475;"Antropología, Ciencias sociales y humanidades, Educación, Historia, Psicología, Sociología"
26497;"Cinema & Território";"Universidade da Madeira";1;0;11178;Portugal;2183-7902;2183-7902;;"Antropología, Arte, Artes plásticas, Bellas artes, Cine, Cultura, Diseño, Folklore, Fotografía, Historia del arte, Literatura, Multidisciplinarias, Música, Pintura, Humanidades, Teatro, Danza"
4252;"Civitas : Revista de Ciências Sociais";"Pontifícia Universidade Católica do Rio Grande do Sul (PUCRS)";1;0;1365;Brasil;1984-7289;1519-6089;1519-6089;"Antropología, Ciencia política y administración pública, Ciencias sociales y humanidades, Sociología"
23310;Classica;"Sociedade Brasileira de Estudos Clássicos (SBEC)";1;1;9741;Brasil;2176-6436;0103-4316;0103-4316;"Antropología, Filosofía, Historia, Lingüística, Literatura, Filología"
25759;Cognita;"Universidad Autónoma de Tlaxcala";1;;;México;2683-1503;2683-149X;2683-149X;"Antropología, Ciencia política y administración pública, Ciencias sociales y humanidades, Sociología, Estudios de género"
24832;"Coisas do Gênero";"Faculdades EST";1;;;Brasil;2447-2654;2447-2654;;"Antropología, Arte, Ciencias sociales y humanidades, Cine, Cultura, Diseño, Etica, Filosofía, Historia, Literatura, Multidisciplinarias, Pedagogía, Psicología, Religión, Sociología, Estudios locales, Humanidades, Estudios latinoamericanos, Trabajo social, Estudios de género, Derechos humanos, Estudios regionales"
4457;Comechingonia;"Centro de Estudios Históricos Prof. Carlos S. A. Segreti. Unidad Asociada al CONICET.";0;0;1425;Argentina;;0326-7911;0326-7911;"Antropología, Arqueología, Ciencias sociales y humanidades, Cultura, Historia, Estudios locales, Humanidades, Prehistoria, Estudios latinoamericanos"
20370;"Comechingonia virtual";"Centro de Estudios Históricos Prof. Carlos S. A. Segreti";1;0;8022;Argentina;1851-0027;0326-7911;;"Antropología, Arqueología, Historia, Museología"
25491;Comechingonia.;"Instituto de Estudios Históricos. IEH";1;1;10577;Argentina;2250-7728;0326-7911;;"Antropología, Arqueología, Ciencias sociales y humanidades, Estudios latinoamericanos"
27949;"Con texto humano";"Universidad Autónoma del Estado de México, Centro de Investigación Multidisciplinaria en Educación";1;;;México;2954-5021;2954-5021;;"Antropología, Educación, Etica, Multidisciplinarias, Desarrollo económico, Derechos humanos"
4610;Conboca;"Conciencias Antropología por la Vida";0;;;Ecuador;;;;"Antropología, Arqueología"
22970;"Conceptos históricos";"Universidad Nacional de San Martín. Escuela de Humanidades. Centro de Investigaciones en Historia Conceptual";1;1;11948;Argentina;2451-7925;2451-7925;;"Antropología, Derecho y jurisprudencia, Filosofía, Historia, Sociología, Humanidades"
21635;Contrapunto;"Universidad de la República.Centro de Formación Popular del Oeste de Montevideo";0;;;Uruguay;;2301-0282;2301-0282;"Antropología, Estudios locales, Trabajo social"
22766;"Conversas & Controvérsias";"Pontifí­cia Universidade Católica do Rio Grande do Sul (PUCRS)";1;1;9436;Brasil;2178-5694;2178-5694;;"Antropología, Ciencia política y administración pública, Ciencias sociales y humanidades, Relaciones internacionales, Sociología"
4849;"Correo de las culturas del mundo";"Instituto Nacional de Antropología e Historia, Museo Nacional de las Culturas";1;;;México;;;;"Antropología, Arqueología"
24714;"Crevillent, la etnografía de un pueblo";"Ayuntamiento de Crevillent";1;;;España;2603-5898;2444-801X;2444-801X;"Antropología, Ciencias sociales y humanidades, Etnología, Historia, Multidisciplinarias, Humanidades"
21730;"Crítica e Sociedade";"Universidade Federal de Uberlândia (UFU)";1;0;8794;Brasil;2237-0579;2237-0579;;"Antropología, Ciencias sociales y humanidades, Sociología"
24611;CSOnline;"Universidade Federal de Juiz de Fora (UFJF)";1;;;Brasil;1981-2140;1981-2140;;"Antropología, Ciencias sociales y humanidades, Sociología"
5018;"Cuadernos de Antropología";"Universidad de Costa Rica, Escuela de Antropología";1;1;1598;"Costa Rica";2215-356X;1409-3138;;Antropología
5019;"Cuadernos de antropología social";"Instituto de Antropología Social; Facultad de Filosofía y Letras; Universidad de Buenos Aires";1;1;1599;Argentina;1850-275X;0327-3776;0327-3776;Antropología
5099;"Cuadernos de etnología de Guadalajara";"Diputación Provincial de Guadalajara";0;;;España;;0213-7399;0213-7399;"Antropología, Etnología, Folklore"
5100;"Cuadernos de etnología y etnografía de Navarra";"Departamento de Cultura, Turismo y Relaciones Institucionales del Gobierno de Navarra";1;1;1621;España;2530-5840;0590-1871;0590-1871;"Antropología, Etnología, Folklore"
24984;"Cuadernos de etnomusicología";"Sociedad Ibérica de Etnomusicología";1;;;España;2014-4660;2014-4660;;"Antropología, Ciencias de la comunicación, Etnología, Música, Danza"
27336;"Cuadernos de humanidades";"Editorial de la Universidad Nacional de Salta.";1;1;11043;Argentina;2683-782x;0327-8115;;"Antropología, Educación, Lingüística, Literatura, Sociología, Humanidades"
5207;"Cuadernos de la Universidad de Chile.";"Universidad de Chile";0;;;Chile;;;0716-3363;"Antropología, Etica, Filosofía"
5364;"Cuadernos del Instituto Nacional de Antropología";"Instituto Nacional de Antropología y Pensamiento Latinoamericano";0;0;1709;Argentina;;0570-8346;0570-8346;Antropología
26850;"Cuadernos del Instituto Nacional de Antropología y Pensamiento Latinoamericano.";"Instituto Nacional de Antropología y Pensamiento Latinoamericano";1;1;11026;Argentina;2422-7749;0570-8346;;"Antropología, Arqueología"
20774;"Cuadernos del Instituto Nacional de Antropología y Pensamiento Latinoamericano. Series especiales";"Instituto Nacional de Antropología y Pensamiento Latinoamericano";1;;;Argentina;2362-1958;2362-1958;;Antropología
5380;"Cuadernos del sur";"Centro de Investigaciones y Estudios en Antropología Social; Instituto Nacional de Antropología e Historia";1;;;México;2448-8836;1405-1966;1405-1966;Antropología
26970;"Cuadernos del Sur.  Historia";EDIUNS;1;1;10966;Argentina;2362-2997;1668-7604;1668-7604;"Antropología, Arqueología, Historia, Prehistoria, Ciencias y Técnicas historiográficas"
5386;"Cuadernos del Tucu-Tucu";"Instituto de Arqueología y Museo, Facultad de Ciencias Naturales, Universidad Nacional de Tucumán";0;;;Argentina;;;0329-4587;Antropología
19237;"Cuadernos Inter.c.ambio sobre Centroamérica y el Caribe";"Universidad de Costa Rica";1;1;7217;"Costa Rica";1659-4940;1659-0139;;"Antropología, Cultura, Historia, Literatura, Estudios latinoamericanos"
21773;Cuadiernu;"La Ponte-Centro de Investigación y Ecomuséu";1;0;8820;España;2340-6895;2340-6895;;"Antropología, Arte, Cultura, Historia, Museología, Humanidades"
26200;CUHSO;"Facultad de Ciencias Sociales";1;;;Chile;2452-610X;2452-610X;;"Antropología, Ciencias sociales y humanidades"
5491;"Cuicuilco Revista de ciencias antropológicas";"Escuela Nacional de Antropología e Historia";1;1;1753;México;2448-8488;2448-8488;2448-9018;"Antropología, Historia"
27875;Cuidar;"Universidad de La Laguna";1;;;España;2660-4426;2660-4426;;"Antropología, Epidemiología, Etica, Pedagogía, Salud pública, Enfermería"
5507;"Cultura de los cuidados";"Universidad de Alicante";1;0;1760;España;1699-6003;1138-1728;1138-1728;"Antropología, Historia, Humanidades, Enfermería"
23584;"Cultura y conciencia";"Asociación Murciana de Antropología";1;0;9901;España;2445-1991;2445-1991;;Antropología
5517;"Cultura y religión";"Instituto de Estudios Internacionales, Universidad Arturo Prat";1;1;1765;Chile;0718-4727;0718-4727;0718-5472;"Antropología, Ciencias sociales y humanidades, Cultura, Religión, Sociología, Humanidades"
27019;"Culture e Studi del Sociale";"Università degli Studi di Salerno";1;;;Iberoamericanistas-Europa;2531-3975;2531-3975;;"Antropología, Ciencias sociales y humanidades, Educación, Psicología, Religión, Sociología"
22449;Cultures-Kairós;"Maison de sciences de l'homme Paris-Nord";1;0;9280;Iberoamericanistas-Europa;2261-0758;2261-0758;;"Antropología, Etnología"
5609;"Debates do NER";"Universidade Federal do Rio Grande do Sul (UFRGS)";1;0;1799;Brasil;1982-8136;1519-843X;;"Antropología, Religión"
24887;"Del prudente saber y el máximo posible de sabor";"Universidad Nacional de Entre Ríos, Facultad de Ciencias de la Educación";1;1;10354;Argentina;2618-4141;1515-3576;;"Antropología, Arte, Ciencias de la comunicación, Ciencias sociales y humanidades, Lingüística, Humanidades"
5701;Desacatos;"Centro de Investigaciones y Estudios Superiores en Antropología Social";1;1;1833;México;2448-5144;1607-050X;1607-050X;Antropología
25304;"Desenvolvimento, Fronteiras e Cidadania";"Universidade Estadual de Mato Grosso do Sul";1;;;Brasil;2594-5815;2594-5815;;"Administración, Antropología, Arqueología, Bibliografías, Ciencia política y administración pública, Ciencias sociales y humanidades, Demografía, Derecho agrario, Derecho civil, Derecho comparado, Economía, Educación, Geografía, Historia, Historia de la ciencia, Pedagogía, Sociología, Turismo, Desarrollo económico, Econometría, Economía de la empresa, Economía internacional, Estudios locales, Humanidades, Planeamiento científico y tecnológico, Planificación educativa, Defensa y seguridad, Derecho fiscal, Economía agrícola, Estudios latinoamericanos, Hacienda pública, Trabajo social, Tecnología educativa, Ciencias y Técnicas historiográficas, Educación media o secundaria, Planeación económica, Planificación del desarrollo, Planificación urbana"
23345;Devenir;"Universidad Nacional de Ingeniería. Facultad de Arquitectura, Urbanismo y Artes";1;1;9763;Perú;2616-4949;2312-7562;2312-7562;"Antropología, Arqueología, Economía, Historia"
29187;Diálogos;"Universidade Nacional Timor Lorosa'e";1;1;11684;Iberoamericanistas-Asia;2789-2182;2789-2182;2520-5927;"Antropología, Ciencias sociales y humanidades, Filosofía, Historia, Psicología, Humanidades"
5808;Diálogos;"Universidade Estadual de Maringá (UEM)";1;0;1866;Brasil;2177-2940;1415-9945;1415-9945;"Antropología, Arqueología, Historia, Historia de la ciencia, Relaciones internacionales, Paleografía"
21245;Diálogos;"Universidade de Pernambuco (UPE)";1;0;8453;Brasil;2236-1499;;;"Antropología, Arte, Lingüística, Literatura, Multidisciplinarias, Música, Pedagogía, Psicología, Humanidades, Teatro"
5825;"Diario de Campo";"Instituto Nacional de Antropología e Historia";1;0;1875;México;;;2007-6851;"Antropología, Ciencias sociales y humanidades, Cultura, Etnología, Lingüística"
24513;"Dignidade Re-Vista";"Pontifícia Universidade Católica do Rio de Janeiro (PUC-Rio)";1;;;Brasil;2525-698X;2525-698X;;"Antropología, Ciencias sociales y humanidades, Filosofía, Sociología, Humanidades"
5852;"Dilemas : Revista de Estudos de Conflito e Controle Social";"Universidade Federal do Rio de Janeiro (UFRJ)";1;1;1889;Brasil;2178-2792;1983-5922;1983-5922;"Antropología, Sociología"
5854;"Dimensión antropológica";"Instituto Nacional de Antropología e Historia";1;0;1891;México;;1405-776X;1405-776X;"Antropología, Historia"
25328;Disparidades;"Editorial CSIC";1;1;10518;España;2659-6881;2659-6881;;Antropología
28970;"Distopía y sociedad";"Amigos de Erving: Asociación para el Fomento y la Difusión de la Investigación Social";1;1;11565;España;2792-2901;2792-2901;;"Antropología, Filosofía, Literatura, Sociología, Humanidades"
24577;"Diversidade Religiosa";"Universidade Federal da Paraíba (UFPB)";1;;;Brasil;2317-0476;2317-0476;;"Antropología, Ciencias sociales y humanidades, Educación, Filosofía, Historia, Literatura, Pedagogía, Psicología, Religión, Sociología"
19268;Drassana;"Museu Marítim de Barcelona";1;1;7235;España;2385-3425;0214-2279;0214-2279;"Antropología, Historia"
6244;"Ecuador antiguo";"Pontificia Universidad Católica del Ecuador, Instituto de Investigación para el Desarrollo";1;;;Ecuador;;;;"Antropología, Etnología, Historia, Lingüística"
6443;"El caracol";"Consejo Nacional para la Cultura y las Artes, Dirección General de Culturas Populares";0;;;México;;;;Antropología
25077;"El lugar sin límites";CIEPOG;1;;;Argentina;2683-9105;2683-9105;;"Antropología, Arte, Bellas artes, Cine, Cultura, Filosofía, Historia, Historia del arte, Literatura, Sociología, Humanidades, Estudios latinoamericanos, Estudios de género"
24561;Embornal;"Associação Nacional de História (ANPUH)";1;;;Brasil;2177-160X;2177-160X;;"Antropología, Ciencias sociales y humanidades, Cultura, Educación, Filosofía, Historia, Literatura, Sociología, Humanidades"
26060;EmRede;"Universidade Federal do Rio Grande do Sul (UFRGS)";1;;;Brasil;2359-6082;2359-6082;;"Antropología, Literatura, Multidisciplinarias, Pedagogía, Humanidades, Educación preescolar"
26323;En_Fil;"Universidade Federal Fluminense (UFF)";1;;;Brasil;2317-6628;2317-6628;;"Antropología, Historia, Pedagogía, Educación superior, Estudios de género"
25556;Encartes;"Centro de Investigación y Estudios Superiores en Antropología Social; Instituto Tecnológico y de Estudios Superiores de Occidente; El Colegio de la Frontera Norte";1;1;10596;México;2594-2999;2594-2999;;"Antropología, Ciencias de la comunicación, Ciencias sociales y humanidades"
6647;"Encuentros uruguayos";"Universidad de la República, Facultad de Humanidades y Ciencias de la Educación, Centro de Estudios Interdisciplinarios uruguayos (CEIU)";1;1;11292;Uruguay;1688-5236;1688-5236;;"Antropología, Historia, Estudios locales"
6708;Enfoques;"Universidade Federal do Rio de Janeiro (UFRJ)";1;0;2186;Brasil;1678-1813;1678-1813;0328-039X;"Antropología, Bioquímica, Sociología"
29906;Ensamblajes;"Red de Estudiantes de Antropología de Iberoamérica (READI)";1;;;España;3045-6622;3045-6662;;"Antropología, Cultura, Etnología, Folklore, Sociología, Humanidades"
24889;Ensambles;"Universidad Nacional de General Sarmiento";1;1;10356;Argentina;2422-5541;2422-5444;;"Antropología, Ciencias de la comunicación, Ciencias sociales y humanidades, Estudios latinoamericanos, Estudios de género"
23967;"Entorno geográfico";"Universidad del Valle";1;;;Colombia;2382-3518;1692-0074;1692-0074;"Antropología, Ciencias de la tierra, Planificación urbana"
24185;Equatorial;"Universidade Federal do Rio Grande do Norte (UFRN)";1;;;Brasil;2446-5674;2446-5674;;"Antropología, Ciencias sociales y humanidades"
21488;Erebea;"Servicio de Publicaciones de la Universidad de Huelva";1;1;8634;España;2530-8254;0214-0691;;"Antropología, Ciencias sociales y humanidades, Historia, Historia del arte, Humanidades, Ciencias y Técnicas historiográficas"
6875;"Eres. Serie de antropología";"Cabildo Insular de Tenerife, Museo Arqueológico y Etnográfico";0;;;España;;;1130-6580;Antropología
26593;"Escritas do Tempo";"Universidade Federal do Sul e Sudeste do Pará (UNIFESSPA)";1;0;10894;Brasil;2674-7758;2674-7758;;"Antropología, Bibliografías, Ciencias de la comunicación, Cultura, Educación, Filosofía, Geografía, Historia, Historia del arte, Lingüística, Literatura, Pedagogía, Psicología, Religión, Sociología, Humanidades, Estudios latinoamericanos, Trabajo social, Estudios de género, Paleografía, Estudios regionales"
23169;"Espacios políticos";"Universidad Rafael Landívar, Facultad de Ciencias Políticas y Sociales, Editorial Cara Parens";1;;;Guatemala;2520-9701;2520-9698;2520-9698;"Antropología, Ciencia política y administración pública, Ciencias sociales y humanidades, Sociología"
6964;"Espaço Ameríndio";"Universidade Federal do Rio Grande do Sul, Núcleo de Antropologia das Sociedades Indígenas e Tradicionais";1;0;2288;Brasil;1982-6524;;;"Antropología, Arqueología, Etnología"
15676;Estudios;"Universidad de San Carlos de Guatemala, Escuela de Historia, Instituto de Investigaciones Históricas, Antropológicas y Arqueológicas -IIHAA-";0;0;5742;Guatemala;;2304-5248;2304-5248;"Antropología, Arqueología, Historia"
7063;"Estudios Afroamericanos Virtual";"Universitat de Barcelona";1;;;España;1697-4255;1697-4255;;"Antropología, Historia"
7067;"Estudios atacameños";"Universidad Católica del Norte, Instituto de Investigaciones Arqueológicas, Museo R.P. Gustavo LePaige S.J.";1;0;2323;Chile;0718-1043;0716-0925;0716-0925;"Antropología, Arqueología, Etnología"
7068;"Estudios avanzados";"Universidad de Santiago de Chile. Instituto de Estudios Avanzados";1;0;2324;Chile;0718-5014;0718-5022;0718-5022;"Antropología, Historia, Sociología, Humanidades"
7081;"Estudios de antropología biológica";"Universidad Nacional Autónoma de México, Instituto de Investigaciones Antropológicas";1;0;2330;México;;1405-5066;1405-5066;Antropología
7089;"Estudios de cultura maya";"Universidad Nacional Autónoma de México, Instituto de Investigaciones Filológicas";1;1;2333;México;2448-5179;0185-2574;0185-2574;"Antropología, Arqueología, Historia, Lingüística"
7090;"Estudios de cultura náhuatl";"Universidad Nacional Autónoma de México, Instituto de Investigaciones Históricas";1;1;2334;México;3061-8002;0071-1675;0071-1675;"Antropología, Historia, Tecnología"
7091;"Estudios de cultura otopame";"Universidad Nacional Autónoma de México, Instituto de Investigaciones Antropológicas";1;0;2335;México;;1870-6533;1870-6533;"Antropología, Etnología"
7130;"Estudios del hombre";"Universidad de Guadalajara, Centro Universitario de Ciencias Sociales y Humanidades, Departamento de Estudios Mesoamericanos y Mexicanos.";1;0;2357;México;;1405-1117;1405-1117;"Antropología, Historia"
29200;"Estudios filosóficos polianos.";"Centro de Estudios Raffaella Cimatti";1;;;Argentina;2422-7501;2422-7501;;"Antropología, Filosofía"
7181;"Estudios mesoamericanos";"Universidad Nacional Autónoma de México, Instituto de Investigaciones Filológicas";0;0;2385;México;;;;Antropología
7222;"Estudios sociales del NOA";"Universidad de Buenos Aires. Facultad de Filosofía y Letras. Instituto Interdiciplinario Tilcara";1;1;2408;Argentina;2362-2482;0329-8256;0329-8256;"Antropología, Ciencias sociales y humanidades, Sociología"
29746;"Estudios Sociales sobre Derecho y Pena";UNSAM;1;;;Argentina;2953-481X;2953-367X;;"Antropología, Derecho penal"
7236;"Estudios. Antropología. Historia";"Museo Arqueológico ";0;;;Argentina;;1853-1423;1853-1423;Antropología
27171;"Estudis d'història agrària";"Publicacions de la Universitat de Barcelona";1;1;11000;España;2385-359X;0210-4830;;"Antropología, Demografía, Derecho agrario, Economía, Historia"
7264;"Estudos de antropologia cultural e social";"Instituto de Investigação Científica Tropical";0;;;Portugal;;;0870-4457;Antropología
27713;"Estudos Kantianos";"Universidade Estadual Paulista Júlio de Mesquita Filho (Unesp)";1;;;Brasil;2318-0501;2318-0501;;"Antropología, Cultura, Filosofía, Lingüística, Humanidades"
7346;ETNICEX;"Asociación Profesional Extremeña de Antropología APEA";0;0;2453;España;;2172-7635;2172-7635;"Antropología, Etnología"
23001;"Etnografías contemporáneas";"UNSAM Edita";1;1;9590;Argentina;2451-8050;1669-2362;;Antropología
7351;"Etnografías contemporáneas";"Escuela de Humanidades; Universidad Nacional de San Martín";0;;;Argentina;;1669-2632;1669-2632;Antropología
7352;Etnográfica;"Instituto Superior de Ciências do Trabalho e da Empresa. Centro de Estudos de Antropologia Social";1;0;2455;Portugal;2182-2891;0873-6561;;Antropología
22867;Eutopía;"Universidad Rafael Landívar, Vicerrectoría de Investigación y Proyección, Editorial Cara Parens";1;0;9492;Guatemala;2617-037X;2518-8674;2518-8674;"Antropología, Economía, Sociología"
29461;Exeria;"Asociación Galega de Exiptoloxía";0;;;España;;3020-9978;3020-9978;"Antropología, Arqueología, Historia, Historia del arte, Museología, Epigrafía"
28324;"Expedicionario. Revista de estudios en antropología";"Instituto Nacional de Antropología e Historia";1;;;México;2683-3050;2448-4814;2448-4814;Antropología
7533;"Fermentum. Revista Venezolana de Sociología y Antropología";HUMANIC;1;0;2529;Venezuela;;;0798-3069;"Antropología, Sociología"
21262;Florestan;"Universidade Federal de São Carlos, Departamento de Ciências Sociais";1;0;8470;Brasil;2357-8300;;;"Antropología, Economía, Historia, Sociología"
25735;Fotocronografias;"Universidade Federal do Rio Grande do Sul (UFRS)";1;;;Brasil;2595-3559;2595-3559;;Antropología
7858;"Garcia de Orta. Série de antropobiología";"Junta de Investigações Científicas do Ultramar";0;;;Portugal;;;0870-0168;Antropología
7886;"Gazeta de antropología";"Universidad de Granada, Departamento de Filosofía II";1;1;2660;España;2340-2792;0214-7564;;"Antropología, Filosofía"
29890;"GeoCiencias y humanidades";"Instituto de Investigación Geográfico Andino Rural";1;;;Perú;3084-7648;3084-7648;;"Antropología, Demografía, Geografía, Turismo, Humanidades, Economía agrícola"
25040;"GIS - Gesto, Imagem e Som - Revista de Antropologia";"Universidade de São Paulo (USP)";1;1;10404;Brasil;2525-3123;2525-3123;;"Antropología, Arte"
28514;"Graphen. Revista de historiografía";"Seminario de Historiografía de Xalapa: Repensar la Conquista";1;;;México;;2007-9850;2007-9850;"Antropología, Ciencias sociales y humanidades, Etnología, Geografía, Historia, Multidisciplinarias"
8110;"Guia do Departamento de Antropologia Social - Instituto Superior de Ciências do Trabalho e da Empresa";"Departamento de Antropologia Social";0;;;Portugal;;0872-9441;0872-9441;Antropología
20232;Habitus;"Pontifícia Universidade Católica de Goiás (PUC Goiás)";1;0;7918;Brasil;1983-7798;1678-6475;;"Antropología, Arqueología"
25058;Hastapenak;Hastapenak;1;0;11204;España;2530-3627;2530-3627;;"Antropología, Historia, Ciencias y Técnicas historiográficas"
28132;Hawò;"Universidade Federal de Goiás";1;;;Brasil;2675-4142;2675-4142;;"Antropología, Arqueología, Ciencias sociales y humanidades, Etnología"
8185;Herencia;"Universidad de Costa Rica";1;1;2782;"Costa Rica";2215-6356;1659-0066;1659-0066;"Antropología, Arte, Cultura"
26941;Heterocronías.;"Universidad Nacional de Córdoba";1;;;Argentina;2684-0502;2684-0502;;"Antropología, Arte, Ciencias sociales y humanidades, Filosofía, Historia del arte, Lingüística, Literatura, Estudios de género"
25659;"Hispanic Journal of Behavioral Sciences";"Sage Publications";1;;;"Iberoamericanistas-América del Norte";1552-6364;0739-9863;;"Antropología, Demografía, Educación, Psicología, Sociología, Estudios latinoamericanos"
27475;"Historia agraria de América Latina";"Centro de Estudios de Historia Agraria de América Latina";1;1;11193;Chile;2452-5162;2452-5162;;"Antropología, Arqueología, Ciencia política y administración pública, Economía, Historia, Sociología"
8270;"História Oral";"Associação Brasileira de História Oral (ABHO)";1;0;2828;Brasil;2358-1654;1516-7658;1516-7658;"Antropología, Ciencias sociales y humanidades, Educación, Historia"
29888;"Historia y Cultura";"Ministerio de Cultura del Perú. Museo Nacional de Arqueología, Antropología e Historia del Perú";1;1;11897;Perú;2961-2713;0073-2486;0073-2486;"Antropología, Ciencias sociales y humanidades, Cultura, Historia, Historia del arte, Humanidades"
26774;"Historia y región";"Archivo del Obispado de Huacho";1;0;11807;Perú;3084-7214;2309-933X;2309-933X;"Antropología, Arqueología, Ciencias sociales y humanidades, Geografía, Historia, Sociología"
8289;"Historia, antropología y fuentes orales";"Asociación Historia y Fuente Oral";0;0;2839;España;;;1136-1700;"Antropología, Historia"
8292;"Historia, sociedad, antropología";"Centro de Investigaciones Precolombinas";0;;;Argentina;;;1514-0911;"Antropología, Historia"
8301;"Historias de Buenos Aires";"Instituto Histórico de la Ciudad de Buenos  Aires; Gobierno de la Ciudad de Buenos Aires";0;;;Argentina;;0326-9906;0326-9906;"Antropología, Historia"
8354;"Horizontes Antropológicos";"Universidade Federal do Rio Grande do Sul, Instituto de Filosofia e Cienciais Humanas, Programa de Pós-Graduação em Antropologia Social";1;0;2864;Brasil;1806-9983;0104-7183;0104-7183;Antropología
28948;"Horizontes decoloniales.";"Santiago Slabodsky";1;;;Argentina;2422-6343;;2545-8728;"Antropología, Ciencia política y administración pública, Ciencias sociales y humanidades, Religión, Sociología"
8392;"Humania del Sur. Revista de Estudios Latinoamericanos Africanos y Asiáticos";"Universidad de Los Andes";1;0;2879;Venezuela;2244-8810;;1856-7959;"Antropología, Historia, Sociología"
8407;Humanitas;"Pontificia Universidad Católica de Chile";0;;;Chile;;;0717-2168;Antropología
8459;"Ichan tecolotl";"Centro de Investigaciones y Estudios Superiores en Antropología Social";1;;;México;2683-314X;1405-1931;1405-1931;"Antropología, Ciencias sociales y humanidades"
8467;Íconos;"Facultad Latinoamericana de Ciencias Sociales, Sede Ecuador";1;1;2909;Ecuador;1390-8065;1390-2466;1390-1249;"Antropología, Ciencia política y administración pública, Ciencias sociales y humanidades, Ecología, Economía, Filosofía"
20237;Identidades;"Dirección de Publicaciones e Impresos";0;0;7923;"El Salvador";;;2224-4727;"Administración, Antropología, Arqueología, Bibliografías, Ciencia política y administración pública, Ciencias de la comunicación, Ciencias sociales y humanidades"
8531;Iluminuras;"Universidade Federal do Rio Grande do Sul (UFRGS)";1;0;2931;Brasil;1984-1191;1984-1191;;Antropología
8544;Imaginário;"Universidade de São Paulo (USP)";0;0;2934;Brasil;;1413-666X;1413-666X;"Antropología, Arte, Literatura, Música, Psicología, Sociología"
22581;Imagonautas;"GCEIS. Universidade de Vigo";1;0;9302;España;0719-0166;0719-0166;;"Antropología, Cultura, Filosofía, Sociología"
8563;"In Itinere";"Vicerrectorado de Formación";1;;;Argentina;1853-5585;1669-6670;1669-6670;"Antropología, Arte, Bellas artes, Cine, Cultura, Educación, Etica, Filosofía, Historia, Historia del arte, Lingüística, Literatura, Religión, Humanidades, Filología"
23164;"Index revista de arte contemporáneo";"Pontificia Universidad Católica del Ecuador, Carrera de Artes Visuales.";1;0;9665;Ecuador;2477-9199;;1390-4825;"Antropología, Arte, Educación, Historia del arte"
29342;Indialogs;"Servei de Publicacions, Universitat Autònoma de Barcelona";1;;;España;2339-8523;2339-8523;;"Antropología, Historia, Multidisciplinarias, Estudios de género, Estudios regionales"
8580;Indiana;"Ibero-Amerikanisches Institut Preussischer Kulturbesitz";1;1;2952;Iberoamericanistas-Europa;2365-2225;2365-2225;0341-8642;"Antropología, Etnología, Estudios latinoamericanos"
26412;Indumenta;"Ministerio de Cultura y Deporte (España)";1;;;España;2660-8332;1888-4555;;"Antropología, Etnología, Museología"
24196;Infarma;"Conselho Federal de Farmácia (CFF)";1;1;10165;Brasil;2318-9312;0104-0219;;"Agronomía, Antropología, Biología, Bioquímica, Botánica, Ecología, Epidemiología, Farmacia, Farmacología, Medicina, Microbiología, Parasitología, Química, Salud pública, Toxicología"
28271;"ININEE CIENCIA";"Universidad Michoacana de San Nicolás de Hidalgo, Instituto de Investigaciones Económicas y Empresariales";1;;;México;2992-720X;2992-720X;;"Administración, Antropología, Ciencia política y administración pública, Economía, Sociología, Estudios regionales"
9091;Interações;"Faculdade Católica de Uberlândia";1;0;3069;Brasil;1983-2478;1809-8479;1809-8479;"Antropología, Religión"
24757;Interethnic@;"Universidade de Brasília (UnB)";1;;;Brasil;2318-9401;2318-9401;;"Antropología, Arqueología, Multidisciplinarias, Sociología"
9125;"International journal of dental anthropology IJDA";"Museo de Historia Natural";1;;;Colombia;0124-7336;0124-7336;;"Antropología, Sociología"
24582;"International journal of Latin American religions";"Pontifícia Universidade Católica de São Paulo (PUC-SP)";1;;;Brasil;2509-9965;2509-9965;;"Antropología, Ciencias sociales y humanidades, Historia, Psicología, Religión, Sociología, Estudios latinoamericanos"
27847;"International Journal of Roma Studies";"Hipatia Press Asociación";1;;;España;2462-425X;2462-425X;;"Antropología, Educación, Pedagogía, Sociología, Trabajo social, Estudios de género"
20836;"International journal of safety and security in tourism / hospitality";"Universidad de Palermo, Facultad de Ciencias Económicas, Center of Business Research and Studies";1;;;Argentina;2250-5091;2250-5091;;"Antropología, Psicología, Sociología, Turismo"
27437;"International journal of South American archeology";"Silaba Press";1;;;Colombia;;2011-0626;2011-0626;"Antropología, Arqueología"
9147;"Intersecciones en antropología";"Universidad Nacional del Centro de la Provincia de Buenos Aires, Facultad de Ciencias Sociales";1;1;3100;Argentina;1850-373X;1666-2105;1666-2105;Antropología
9169;"Inventario antropológico";"Universidad Autónoma Metropolitana, Unidad Iztapalapa, División de Ciencias Sociales y Humanidades, Departamento de Antropología";0;;;México;;1665-2533;1665-2533;Antropología
21323;"Investigación en Juventudes: Revista del Consejo de la Persona Joven";"Consejo de la Persona Joven";1;0;11283;"Costa Rica";2215-4442;2215-4124;2215-4124;"Antropología, Ciencia política y administración pública, Psicología, Sociología, Trabajo social"
20843;"Investigaciones sociales";"Universidad Nacional Mayor de San Marcos. Facultad de Ciencias Sociales. Instituto de Investigaciones Historico-Sociales";1;1;8322;Perú;1818-4758;1560-9073;1560-9073;"Antropología, Arqueología, Geografía, Historia, Sociología, Trabajo social"
22451;Itinerarios;"Instituto de Estudios Ibéricos e Iberoamericanos, Universidad de Varsovia";1;1;9282;Iberoamericanistas-Europa;1507-7241;1507-7241;;"Antropología, Lingüística, Literatura"
28868;Iustitia;"División de Ciencias Jurídicas y Políticas y de la Facultad de Derecho de la Universidad Santo Tomás Bucaramanga";1;;;Colombia;2539-4657;1692-9403;;"Antropología, Derecho y jurisprudencia, Derecho procesal, Economía, Sociología, Hacienda pública"
20090;"Jangwa Pana";"Universidad del Magdalena";1;1;7812;Colombia;2389-7872;1657-4923;1657-4923;"Antropología, Ciencias de la comunicación, Filosofía, Sociología, Humanidades"
9361;"Jentilbaratz. Cuadernos de Folklore";"Eusko Ikaskuntza-Sociedad de Estudios Vascos";0;0;3194;España;;;1137-859X;Antropología
9380;"Jornadas de Historia, Metodología e Interdisciplinariedad";"Universidad Nacional de Luján";0;;;Argentina;;1850-0765;1850-0765;"Antropología, Economía, Educación, Geografía, Historia, Sociología"
9440;"Journal de la Société des américanistes";"Société des Américanistes";1;0;3208;Iberoamericanistas-Europa;1957-7842;0037-9174;0037-9174;"Antropología, Arqueología, Etnología, Estudios latinoamericanos"
28041;"Journal of Behavior and Feeding";"Universidad de Guadalajara, Instituto de Investigaciones en Comportamiento Alimentario y Nutrición";1;1;11743;México;2954-4947;2954-4947;;"Antropología, Ecología, Multidisciplinarias, Psicología, Salud pública, Humanidades"
29567;"Journal of Gender, Diversity & Society";"Plataforma de Acción, Gestión e Investigación Social S.A.S.";1;;;Colombia;3028-7995;3028-7995;;"Antropología, Ciencias sociales y humanidades, Educación, Sociología, Trabajo social, Estudios de género"
19468;"Journal of Latin American and Caribbean anthropology";"American Anthropological Association";1;1;7364;"Iberoamericanistas-América del Norte";1935-4940;1935-4932;;Antropología
26257;"Journal of Mediterranean Knowledge";"ICSR Mediterranean Knowledge";1;0;10816;Iberoamericanistas-Europa;2499-930X;2499-930X;;"Antropología, Educación, Pedagogía, Religión, Sociología, Ciencias y Técnicas historiográficas"
28993;"Jurnal of Maya Heritage";https://digitalcommons.kennesaw.edu/mayaheritage/editorialboard.html;1;;;"Iberoamericanistas-América del Norte";2995-7427;2995-7427;;"Antropología, Derecho y jurisprudencia, Educación, Etnología, Religión, Estudios latinoamericanos"
9575;Ketzalcalli;"University of Hamburgo, Institute of Mesoamericanistics";0;0;3274;México;;;1860-5710;"Antropología, Arqueología, Historia, Lingüística"
9592;"Kobie. Antropología cultural";"Diputación Foral de Bizkaia, Departamento de Cultura";0;0;3281;España;;;0214-7939;Antropología
28680;"Kogoró, revista de estudiantes de antropología";"Universidad de Antioquia";1;;;Colombia;2256-3628;2256-361X;2256-361X;"Antropología, Arqueología, Etnología, Geografía, Historia, Sociología"
19473;Kóot;"Universidad Tecnológica de El Salvador, Dirección de Cultura";1;1;7367;"El Salvador";2307-3942;2078-0664;2078-0664;"Antropología, Arqueología, Arte, Ciencias sociales y humanidades, Cultura, Folklore, Multidisciplinarias, Museología, Sociología"
9603;"Kula. Antropólogos del Atlántico Sur";"Ediciones Kula";1;;;Argentina;1852-3218;1852-3218;2362-261X;"Antropología, Ciencias sociales y humanidades"
6488;"La zaranda de ideas";"Asociación de Arqueólogos Profesionales de la República Argentina";1;1;2106;Argentina;1853-1296;1669-7456;;"Antropología, Arqueología"
21560;"Latin American Perspectives";"SAGE Publishing";1;1;8672;"Iberoamericanistas-América del Norte";1552-678X;0094-582X;0094-582X;"Antropología, Ciencia política y administración pública, Economía, Geografía, Historia, Relaciones internacionales, Estudios latinoamericanos, Estudios de género"
21562;"Latin American Research Review";"University of Pittsburgh";1;1;8674;"Iberoamericanistas-América del Norte";1542-4278;0023-8791;0023-8791;"Antropología, Economía, Historia, Literatura, Sociología, Estudios latinoamericanos"
27746;"LEETRA Indígena";"Universidade Federal de São Carlos (UFSCar)";1;;;Brasil;2764-412X;;;"Antropología, Folklore, Lingüística, Literatura, Humanidades, Filología"
26286;Límbica.;"Publicación de las editoras";1;;;Argentina;2718-7241;2718-7241;;"Antropología, Ciencias de la comunicación, Medicina, Multidisciplinarias, Estudios de género"
20463;Lqnt;"Ayuntamiento de Alicante. Departamento de Patrimonio Cultural";0;;;España;;;1134-7295;"Antropología, Arqueología, Cultura, Etnología, Historia, Museología, Sociología, Turismo, Estudios locales, Humanidades, Prehistoria, Ciencias y Técnicas historiográficas"
23276;"Luparia, revista de estudios licológicos";"Asociación Amigos del Lobo de Sierra Morena";1;;;España;2444-5053;2444-5053;;"Antropología, Ecología, Etnología, Zoología"
10079;Maguaré;"Universidad Nacional de Colombia, Facultad de Ciencias Humanas.";1;0;3486;Colombia;2256-5752;0120-3045;0120-3045;Antropología
26623;Maloca;"Universidade Estadual de Campinas (UNICAMP)";1;0;10900;Brasil;2675-3111;2675-3111;;"Antropología, Arqueología, Ciencias sociales y humanidades, Cultura, Etnología"
10089;Mana;"Universidade Federal do Rio de Janeiro (UFRJ)";1;0;3492;Brasil;1678-4944;0104-9313;0104-9313;Antropología
28840;"Mañé, Ferrer y Swartz";"Servicios Académicos Intercontinentales S.L.";1;;;España;2990-0476;2990-0476;;"Antropología, Ciencia política y administración pública, Ciencias sociales y humanidades, Educación, Historia, Sociología"
20403;"Materiales para la Historia del Deporte";"Universidad Politécnica de Madrid";1;1;8044;España;2340-7166;1887-9586;;"Antropología, Deportes, Educación, Sociología, Humanidades"
23334;"Mayéutica, Revista Científica de Humanidades y Artes";"Universidad Centroccidental Lisandro Alvarado, Decanato de Humanidades y Artes";1;1;11059;Venezuela;2477-9261;2343-6158;;"Antropología, Arte, Ciencias sociales y humanidades, Etica, Filosofía, Folklore"
10224;"Medicina antropológica";"Sociedad Argentina de Medicina Antropológica";0;;;Argentina;;;1666-3659;"Antropología, Medicina"
10335;"Memoria americana";"Instituto de Ciencias Antropológicas; Facultad de Filosofía y Letras; Universidad de Buenos Aires";1;1;3581;Argentina;1851-3751;0327-5752;0327-5752;"Antropología, Etnología"
10391;Memorias;"Fundacion Universitaria del Norte";1;;;Colombia;1794-8886;1794-8886;;"Antropología, Arqueología"
10385;"Memorias - Museo de Ciencias Naturales y Antropológicas Prof. Antonio Serrano";"Museo de Ciencias Naturales y Antropológicas Prof. Antonio Serrano";0;;;Argentina;;1515-3924;1515-3924;"Antropología, Veterinaria"
28838;"Memorias disidentes";"Instituto Regional de Planeamiento y Habitat, Universidad Nacional de San Juan, Instituto Regional de Planeamiento y Habitat, Consejo Nacional de Investigaciones Científicas y Técnicas";1;;;Argentina;3008-7716;3008-7716;;"Antropología, Arqueología, Ciencias sociales y humanidades, Humanidades"
10460;"Meridies, Monte Redondo";[s.n.];0;;;Portugal;;;0871-0708;"Antropología, Etnología, Sociología"
27828;"Mirada Antropológica";"Benemérita Universidad Autónoma de Puebla, Facultad de Filosofía y Letras";1;;;México;2954-4297;2954-4297;;"Antropología, Ciencias sociales y humanidades, Etnología, Historia, Estudios locales, Estudios de género"
10589;Mitológicas;"Centro Argentino de Etnología Americana";1;0;3655;Argentina;1669-0982;0326-5676;0326-5676;"Antropología, Etnología, Filosofía, Folklore, Historia, Literatura"
20864;"Monografias Xama";"CONICET Mendoza; Centro Científico Tecnológico; Instituto de Ciencias Humanas Sociales y Ambientales; Grupo de Investigaciones en Antropología";0;;;Argentina;;2347-0240;2347-0240;"Antropología, Arqueología, Historia"
10730;"Mundo de antes";"Universidad Nacional de Tucumán. Facultad de Ciencias Naturales e Instituto Miguel Lillo. Instituto de Arqueología y Museo";1;1;3705;Argentina;2362-325X;1514-982X;1514-982X;"Antropología, Arqueología"
10751;"Munibe. Antropologia-arkeologia";"Sociedad de Ciencias Aranzadi";1;1;3713;España;2172-4555;;1132-2217;"Antropología, Arqueología"
27071;"Narrativas antropológicas";"Instituto Nacional de Antropología e Historia";1;;;México;2683-300X;2683-300X;;Antropología
26205;Newsletter.;"Universidad Nacional del Centro de la Provincia de Buenos Aires; Facultad de Ciencias Sociales";1;;;Argentina;1850-261X;1850-261X;;"Antropología, Arqueología, Ciencias de la comunicación, Educación superior"
10905;"Noroeste de Mexico";"Instituto Nacional de Antropología e Historia";0;;;México;;;;"Antropología, Sociología"
20430;"Nova Revista Amazônica";"Universidade Federal do Pará (UFPA)";1;0;8056;Brasil;2318-1346;2318-1346;;"Antropología, Cultura, Historia, Lingüística, Literatura, Multidisciplinarias"
26246;"Novos Debates";"Associação Brasileira de Antropologia (ABA)";1;;;Brasil;2358-0097;2358-0097;;Antropología
24634;"Novos Olhares Sociais";"Universidade Federal do Recôncavo da Bahia (UFRB)";1;;;Brasil;2596-2833;2596-2833;;"Antropología, Ciencia política y administración pública, Ciencias sociales y humanidades, Sociología"
21202;"Nuestro NOA";"Universidad Nacional de Jujuy, Facultad de Humanidades y Ciencias Sociales";0;0;8442;Argentina;;1852-8287;1852-8287;"Antropología, Arqueología, Educación, Historia"
27149;"Nuestro NOA.";"Universidad Nacional de Jujuy";1;;;Argentina;2591-6645;1852-8287;;"Antropología, Arqueología, Museología, Estudios locales, Estudios latinoamericanos"
27370;"Nuestro Sur. Historia, Memoria y Patrimonio";"Fundación Centro Nacional de Historia";0;;;Venezuela;;;2244-7091;"Antropología, Cultura, Educación, Historia, Sociología, Estudios latinoamericanos"
11033;"Nueva antropología";"Nueva Antropología A.C.";1;0;3803;México;;0185-0636;0185-0636;"Antropología, Economía, Historia, Sociología"
22959;Odisea;"Universidad de Buenos Aires. Facultad de Ciencias Sociales. Instituto de Investigaciones Gino Germani.";1;1;9563;Argentina;2408-445X;2408-445X;;"Antropología, Ciencias de la comunicación, Economía, Geografía, Historia, Sociología"
24217;Opará;"Universidade do Estado da Bahia (UNEB)";1;;;Brasil;2317-9465;2317-9457;;"Antropología, Arqueología, Ciencia política y administración pública, Ciencias sociales y humanidades, Cultura, Derecho agrario, Derecho civil, Derecho comparado, Ecología, Educación, Etnología, Filosofía, Fotografía, Geografía, Historia, Historia de la ciencia, Lingüística, Literatura, Pedagogía, Psicología, Sociología, Estudios locales, Humanidades, Economía agrícola, Estudios latinoamericanos, Trabajo social, Estudios de género"
11266;Oráfrica;"Laboratorio de Recursos Orales; CEIBA; Centros Culturales Españoles de Guinea Ecuatorial";0;0;3896;España;;;1699-1788;Antropología
28653;Orígenes;"Asociación de genealogía e historia de Costa Rica";1;;;"Costa Rica";2215-504X;;;"Antropología, Geografía, Historia, Genealogía"
24928;"Orígenes y raíces";"Sociedad de Estudios Historiológicos y Etnográficos";1;;;España;2605-1877;2254-5387;;"Antropología, Arqueología, Arquitectura, Arte, Ecología, Etnología, Historia, Museología, Paleontología, Medio ambiente"
20344;"Orinoco, Pensamiento y Praxis";"Fondo Editorial Orinoco Pensamiento y Praxis ; Asociación Fraternidad y Orientación Activa";1;;;Venezuela;3006-8827;3006-8827;;"Antropología, Ciencias sociales y humanidades, Educación, Sociología, Estudios latinoamericanos, Estudios de género"
19546;"Pacarina del Sur";"Pacarina del Sur";1;0;7416;México;2007-2309;2007-2309;;"Antropología, Historia, Sociología"
27295;"PACHA. Revista de Estudios Contemporáneos del Sur Global.";"CICSHAL-RELIGACION. Centro de Investigaciones en Ciencias Sociales y Humanidades desde América Latina";1;1;11023;Ecuador;2697-3677;2697-3677;;"Antropología, Economía, Sociología"
11441;"Papeles de trabajo";"Centro de Estudios Interdisciplinarios de Ciencias Etnoligüísticas y Antropológico-Sociales";1;1;3961;Argentina;1852-4508;0327-6147;;"Antropología, Estudios latinoamericanos"
11440;"Papeles de trabajo - Centro de Estudios Interdisciplinarios en Etnolingüística y Antropología Socio-Cultural";"Universidad Nacional de Rosario, Facultad de Humanidades y Artes, Centro Interdisciplinario de Estudios Etnolingüísticos y Antropológicos Sociales";0;0;3960;Argentina;;0327-6147;0327-6147;"Antropología, Etnología"
11482;Paremia;"Asociación Cultural Independiente";1;1;3980;España;2172-1068;1132-8940;1132-8940;"Antropología, Lingüística, Literatura, Filología"
11496;"Pasos. Revista de Turismo y Patrimonio Cultural";"Instituto Universitario de Investigación Social y Turismo de la Universidad de La Laguna; Instituto Universitario da Maia (Portugal)";1;1;3986;España;1695-7121;;;"Antropología, Turismo"
29503;"Perfiles de la cultura cubana";"Instituto Cubano de Investigación Cultural Juan Marinello";1;;;Cuba;2075-6038;2075-6038;;"Antropología, Ciencias sociales y humanidades, Cultura, Historia del arte, Estudios latinoamericanos, Estudios de género"
25094;Perifèria;"Associació Araguaia amb el Bisbe Casaldàliga";1;;;España;2339-8310;2339-8310;;"Antropología, Ciencias sociales y humanidades, Etica, Religión, Sociología, Humanidades"
11649;Perifèria;"Universitat Autònoma de Barcelona, Departament d'Antropología Social i Cultural";1;1;4049;España;1885-8996;;;Antropología
24564;Périplos;"Universidade de Brasília (UnB)";1;1;11212;Brasil;2594-7443;2594-7443;;"Antropología, Ciencias sociales y humanidades, Demografía, Etnología, Geografía, Historia, Sociología, Estudios locales, Estudios latinoamericanos, Estudios de género"
25749;"Phenomenology, Humanities and Sciences";"Universidade Federal do Paraná (UFPR)";1;;;Brasil;2675-4673;2675-4673;;"Antropología, Psicología, Psiquiatría, Salud pública"
11816;"PINACO. Programa de Investigaciones sobre Antropología Cognitiva";"Programa de Investigaciones sobre Antropología Cognitiva";0;;;Argentina;;;1668-1754;Antropología
19567;"Plural : Revista de Ciências Sociais";"Universidade de São Paulo (USP)";1;1;7430;Brasil;2176-8099;2176-8099;;"Antropología, Ciencia política y administración pública, Ciencias sociales y humanidades, Religión, Sociología, Humanidades"
28892;Podall;"Centre d'Estudis de la Conca de Barberà";1;;;España;2014-6957;2014-6957;;"Antropología, Arqueología, Folklore, Historia, Historia del arte, Estudios locales"
11875;Podium;"Universidad de Especialidades Espíritu Santo";0;0;4151;Ecuador;;;1390-5473;"Administración, Antropología, Arqueología, Ciencias de la comunicación, Derecho y jurisprudencia, Economía, Educación, Geografía, Historia, Sociología"
27978;Polifonia;"Academia Paulista de Direito";1;;;Brasil;2596-111X;2596-111X;;"Antropología, Derecho procesal, Relaciones internacionales, Defensa y seguridad, Derechos humanos"
25579;"Ponto Urbe";"Universidade de São Paulo (USP)";1;1;10602;Brasil;1981-3341;1981-3341;;"Antropología, Ciencias sociales y humanidades, Cultura, Etnología, Fotografía, Literatura, Religión, Sociología, Estudios latinoamericanos, Estudios de género, Planificación urbana, Derechos humanos"
25035;Pós;"Universidade de Brasília (UnB)";1;0;11870;Brasil;2317-0344;1415-4056;1415-4056;"Antropología, Ciencia política y administración pública, Ciencias sociales y humanidades, Etnología, Sociología, Estudios latinoamericanos"
27371;Prajna;"Laboratório de Pesquisa de Culturas Orientais (LAPECO)";1;;;Brasil;2675-9969;2675-9969;;"Antropología, Ciencias sociales y humanidades, Etnología, Historia, Religión, Sociología"
27634;"Práxis e Hegemonia Popular";"Universidade Estadual Paulista ""Júlio de Mesquita Filho"" (UNESP)";1;;;Brasil;2526-1843;2526-1843;;"Antropología, Ciencia política y administración pública, Ciencias sociales y humanidades, Derecho internacional, Historia, Trabajo social"
21298;Prelúdios;"Universidade Federal da Bahia (UFBA)";1;0;8505;Brasil;2318-7808;2318-7808;;"Antropología, Ciencias sociales y humanidades, Cultura, Sociología, Humanidades"
28025;"Primeiros Estudos";"Universidade de São Paulo (USP)";1;;;Brasil;2237-2423;2237-2423;;"Antropología, Ciencia política y administración pública, Ciencias sociales y humanidades, Sociología"
12110;"Proa : Revista de Antropologia e Arte";"Universidade Estadual de Campinas (Unicamp)";1;0;4246;Brasil;2175-6015;2175-6015;;"Antropología, Arte"
12313;"Psiquiatría y salud mental";"Hospital Psiquiatrico Doctor José Horwitz Barak; Sociedad Chilena de Salud Mental";0;;;Chile;;;0717-6775;"Antropología, Psicología, Psiquiatría, Sociología, Terapéutica y rehabilitación"
12360;"Publicación Extra - Museo Nacional de Historia Natural";"Museo Nacional de Historia Natural y Antropología";0;;;Uruguay;;;0797-0420;Antropología
12368;"Publicación ocasional - Museo Nacional de Historia Natural";"Museo Nacional de Historia Natural";0;;;Chile;;;0716-0224;"Antropología, Botánica, Paleontología, Zoología"
12457;"Publicar en antropología y ciencias sociales";"Colegio de Graduados de Antropología de la República Argentina.";1;1;4357;Argentina;2250-7671;0327-6627;0327-6627;"Antropología, Ciencias sociales y humanidades"
12521;"Quaderns de l'Institut Catalá d'Antropología";"Institut Català d'Antropologia";0;0;4380;España;;;0211-5557;Antropología
20512;"Quaderns de l'Institut Català d'Antropologia";"Institut Català d'Antropologia";1;;;España;2385-4472;0211-142X;;Antropología
24374;"Quaderns de polítiques familiars";"Instituto de Estudios Superiores de la Familia de UIC Barcelona";1;;;España;2385-5223;2385-5215;;"Antropología, Derecho y jurisprudencia, Economía, Educación, Historia, Medicina, Pedagogía, Psicología, Sociología"
12532;Quaderns-e;"Institut Català d'Antropologia";1;0;4384;España;1696-8298;;;Antropología
20891;"Quid 16";"Universidad de Buenos Aires; Facultad de Ciencias Sociales; Instituto de Investigaciones Gino Germani; Área de Estudios Urbanos";1;1;8349;Argentina;2250-4060;2250-4060;;"Antropología, Ciencias sociales y humanidades, Economía, Historia, Sociología, Planificación urbana"
12608;"r@u : Revista de Antropologia Social dos Alunos do PPGAS-UFSCAR";"Universidade Federal de São Carlos, Programa de Pós-Graduação em Antropologia Social";1;0;4418;Brasil;2175-4705;;;Antropología
24081;Raízes;"Universidade Federal de Campina Grande (UFCG)";1;;;Brasil;2358-8705;0102-552X;0102-552X;"Antropología, Geografía, Sociología, Desarrollo económico, Estudios locales, Economía agrícola"
24002;"Ratio Juris";"Universidad Autónoma Latinoamericana";1;0;11210;Colombia;2619-4066;1794-6638;1794-6638;"Antropología, Ciencia política y administración pública, Ciencias sociales y humanidades, Derecho y jurisprudencia, Educación, Sociología"
12677;"RBSE. Revista brasileira de sociologia da emoção";"Universidade Federal da Paraíba (UFPB)";1;0;4442;Brasil;1676-8965;1676-8965;;"Antropología, Sociología"
12762;"Redes. Revista hispana para el análisis de redes sociales";"Universidad Autónoma de Barcelona, Departamento de Antropología Social";1;1;4480;España;1579-0185;;;"Antropología, Sociología"
23401;Rehuso;"Universidad Técnica de Manabí.";1;1;9795;Ecuador;2550-6587;2550-6587;;"Antropología, Arte, Bibliotecología, Ciencias de la información, Filosofía, Sociología"
12820;Relaciones;"Periódica S.R.L.";1;;;Uruguay;1688-0412;0797-9754;;"Antropología, Psicología, Psiquiatría, Sociología"
12819;"Relaciones - Sociedad Argentina de Antropología";"Sociedad Argentina de Antropología";0;0;4499;Argentina;;0325-2221;0325-2221;Antropología
19618;"Relaciones (Sociedad Argentina de Antropología)";"Universidad Nacional de La Plata";1;1;7465;Argentina;1852-1479;0325-2221;;"Antropología, Arqueología, Etnología"
23366;"Religación: Revista de Ciencias Sociales y Humanidades";"RELIGACIÓN CICSH-AL. Centro de Investigaciones en Ciencias Sociales y Humanidades desde América Latina";1;1;9776;Ecuador;2477-9083;;;"Antropología, Ciencia política y administración pública, Ciencias sociales y humanidades, Educación, Sociología, Humanidades"
28787;"Religiones latinoamericanas";"Asociación Latinoamericana para el Estudio de las Religiones A. C.";1;;;México;;0188-4050;0188-4050;"Antropología, Ciencias sociales y humanidades, Cultura, Multidisciplinarias, Religión, Estudios latinoamericanos"
22936;"REVICSO - Revista de Investigación en Ciencias Sociales";"Ediciones y Artes S.A.";0;0;9547;Paraguay;;;2409-1189;"Antropología, Educación, Geografía, Sociología"
28826;"Revista académica seguridad y estrategia";"Instituto Nacional de Estudios Estratégicos en Seguridad (INEES)";1;1;11521;Guatemala;2790-1475;2790-1475;;"Antropología, Derecho penal, Defensa y seguridad, Criminología"
27760;"Revista Alteridade";"Universidade Estadual de Montes Claros - UNIMONTES";1;;;Brasil;2526-3749;2237-9479;2237-9479;"Antropología, Ciencia política y administración pública, Sociología"
29935;"Revista Amazonía Viva y Gestión sostenible";"Universidad Nacional Amazónica de Madre de Dios";1;1;11889;Perú;3084-7478;3084-7478;;"Administración, Antropología, Ciencias de la comunicación, Economía, Sociología, Turismo"
13095;"Revista andaluza de antropología";"Asociación Andaluza de Antropología";1;0;4590;España;2174-6796;;;Antropología
13107;"Revista anthropologicas";"Universidade Federal de Pernambuco (UFPE)";0;;;Brasil;;1516-7372;1516-7372;Antropología
29225;"Revista Antropología y Derecho";"Centro de Estudios de Antropología y Derecho";1;;;Argentina;2953-3848;2953-3848;;"Antropología, Derecho y jurisprudencia, Filosofía, Derechos humanos"
28066;"Revista Arandú";"Grupo de Teoría Social, Estudios Descoloniales y Pensamiento Crítico (G-TEP).";1;;;Argentina;2683-6955;2683-6955;;"Antropología, Ciencias sociales y humanidades, Historia de la ciencia, Sociología, Trabajo social, Estudios de género"
13133;"Revista argentina de antropología biológica";"Universidad Nacional de La Plata";1;1;4604;Argentina;1853-6387;1514-7991;1514-7991;"Antropología, Biología"
24618;"Revista Articulando e Construindo Saberes";"Universidade Federal de Goiás (UFG)";1;;;Brasil;2525-8303;2525-4944;;"Antropología, Ciencias sociales y humanidades, Historia, Sociología"
20266;"Revista Aurora";"Universidade Estadual Paulista Júlio de Mesquita Filho (UNESP)";1;1;7947;Brasil;1982-8004;1982-8004;;"Antropología, Ciencia política y administración pública, Ciencias sociales y humanidades, Economía, Relaciones internacionales, Sociología"
25427;"Revista bíblica.";"Editorial Verbo Divino";1;1;10559;Argentina;2683-7153;0034-7078;;"Antropología, Arqueología, Ciencias sociales y humanidades, Cultura, Derecho comparado, Etica, Filosofía, Historia, Lingüística, Literatura, Religión, Sociología, Epigrafía, Filología"
13233;"Revista bioetnia";"Instituto de Investigaciones Ambientales del Pacífico ";0;;;Colombia;;;1990-0561;Antropología
28958;"Revista Brasileira de Estudos em Dança";"Universidade Federal do Rio de Janeiro (UFRJ)";1;0;11718;Brasil;2764-782X;2764-782X;;"Antropología, Arte, Educación, Folklore, Danza"
24219;"Revista Brasileira de Linguística Antropológica";"Universidade de Brasília (UnB)";1;;;Brasil;2317-1375;2176-834X;;"Antropología, Lingüística"
26109;"Revista Brasileira de Previdência";"Centro Universitário Curitiba (UNICURITIBA)";1;;;Brasil;2317-0158;2317-0158;;"Administración, Antropología, Ciencia política y administración pública, Contabilidad, Demografía, Derecho y jurisprudencia, Derecho comparado, Derecho laboral, Derecho procesal, Sociología, Economía internacional, Defensa y seguridad"
27821;"Revista Brasileira de Sexualidade Humana";"Sociedade Brasileira de Estudos em Sexualidade Humana (SBRASH)";1;;;Brasil;2675-1194;0103-6122;0103-6122;"Antropología, Ciencias sociales y humanidades, Sociología"
25615;"Revista Buriti";"Universidade do Estado do Amazonas (UEA)";1;;;Brasil;2595-6795;2595-6795;;"Antropología, Ciencias sociales y humanidades, Derecho civil, Sociología, Derechos humanos"
25986;"Revista Cadernos de Ciências Sociais";"Universidade Federal de Campina Grande (UFCG)";1;;;Brasil;2674-855X;2526-6403;;"Antropología, Ciencias sociales y humanidades, Educación, Etnología, Religión, Sociología, Estudios de género, Derechos humanos"
24750;"Revista Calundu";"Tânia Mara Campos de Almeida";1;;;Brasil;2526-9704;2526-9704;;"Antropología, Ciencias sociales y humanidades, Derecho civil, Historia, Multidisciplinarias, Sociología, Estudios latinoamericanos, Estudios de género, Derechos humanos, Estudios regionales"
27754;"Revista CENTRA de Ciencias Sociales";"Fundación Centro de Estudios Andaluces";1;1;11676;España;2951-8156;2951-8156;2951-6641;"Antropología, Ciencia política y administración pública, Ciencias de la comunicación, Economía, Educación, Sociología"
13502;"Revista chilena de antropología";"Universidad de Chile. Facultad de Filosofía. Humanidades y Educación. Departamento de Antropología";1;0;4776;Chile;0719-1472;0716-3312;0716-3312;"Antropología, Arqueología"
13503;"Revista chilena de antropología visual";"Centro de Estudios en Antropología Visual";1;0;4777;Chile;0717-876X;0717-876X;;Antropología
24921;"Revista Ciências da Sociedade";"Universidade Federal do Oeste do Pará (UFOPA)";1;0;10369;Brasil;2594-3987;2594-3987;;"Antropología, Arqueología, Botánica, Filosofía, Geografía, Historia, Literatura, Sociología, Estudios locales, Ictiología, Ciencias de la tierra, Recursos naturales no renovables, Trabajo social, Ciencia y Tecnología, Estudios de género, Planificación urbana, Medio ambiente, Ciencias naturales, Estudios regionales"
23118;"Revista Científica Arbitrada de la Fundación MenteClara";"Fundación MenteClara";1;1;9646;Argentina;2469-0783;2469-0783;;"Antropología, Ciencia política y administración pública, Historia de la ciencia, Medicina, Sociología"
24975;"Revista científica cultura, comunicación y desarrollo";"Universo Sur";1;1;11765;Cuba;2664-3111;;;"Antropología, Ciencias de la comunicación, Ciencias sociales y humanidades, Sociología"
25524;"Revista científica de la Facultad de Filosofía";"Dirección de Investigación - Facultad de Filosofía - Universidad Nacional de Asunción";1;1;10586;Paraguay;2414-8717;;;"Antropología, Ciencias de la comunicación, Ciencias sociales y humanidades, Cultura, Educación, Etica, Filosofía, Historia, Literatura, Psicología, Sociología, Humanidades, Trabajo social"
24666;"Revista Científica Foz";"Faculdade Vale do Cricaré (FVC)";1;;;Brasil;2594-8849;2594-8849;;"Administración, Antropología, Arquitectura, Ciencia política y administración pública, Ciencias sociales y humanidades, Cultura, Economía, Filosofía, Fotografía, Geografía, Literatura, Psicología, Sociología, Urbanismo, Estudios locales, Humanidades, Educación superior, Planificación urbana, Medio ambiente, Derechos humanos"
28632;"Revista Científica UPAP";"Universidad Politécnica y Artística del Paraguay (UPAP).";1;;;Paraguay;2789-8857;2789-8857;;"Agronomía, Anestesiología, Antropología, Arquitectura, Arte, Ciencias exactas"
13658;"Revista colombiana de antropología";"Instituto Colombiano de Antropología e Historia";1;0;4855;Colombia;2539-472X;0486-6525;0486-6525;Antropología
26076;"Revista Comunicación, Política y Seguridad.";"Instituto de Investigaciones Gino Germani";1;1;10771;Argentina;2683-7374;2683-7374;;"Antropología, Ciencias de la comunicación, Ciencias sociales y humanidades, Sociología, Televisión, Defensa y seguridad, Criminología"
28251;"Revista Contraponto";"Universidade Federal do Rio Grande do Sul (UFRGS)";1;;;Brasil;2358-3541;2358-3541;;"Antropología, Ciencias sociales y humanidades, Sociología, Estudios latinoamericanos, Derechos humanos"
24497;"Revista Controle Social e Desenvolvimento Territorial";"Universidade Federal do Tocantins (UFT)";1;;;Brasil;2527-1253;2527-1253;;"Administración, Antropología, Ciencia política y administración pública, Ciencias sociales y humanidades, Demografía, Derecho agrario, Economía, Educación, Filosofía, Geografía, Historia, Lingüística, Relaciones internacionales, Desarrollo económico, Estudios locales, Hacienda pública, Ciencia y Tecnología"
4816;"Revista Controversia";Cinep/PPP;1;0;1540;Colombia;2539-1623;0120-4165;0120-4165;"Antropología, Ciencias sociales y humanidades, Historia, Sociología, Derechos humanos"
21569;"Revista d'etnologia de Catalunya";"Generalitat de Catalunya";1;0;8677;España;2014-6310;1132-6581;;"Antropología, Etnología"
24471;"Revista da ABPN";"Associação Brasileira de Pesquisadores Negros (ABPN)";1;0;10226;Brasil;2177-2770;2177-2770;;"Antropología, Arte, Artes plásticas, Ciencias sociales y humanidades, Cine, Cultura, Educación, Filosofía, Lingüística, Literatura, Pedagogía, Psicología, Religión, Estudios locales, Humanidades, Estudios latinoamericanos, Estudios de género, Planificación urbana, Derechos humanos, Estudios regionales, Estudios sociales de la salud"
14009;"Revista de Antropología";"Universidad Nacional Mayor de San Marcos, Facultad de Ciencias Sociales. Escuela Académico Profesional de Antropología";0;0;5001;Perú;;1811-380X;1811-380X;Antropología
14010;"Revista de Antropologia";"Universidade de São Paulo (USP)";1;1;5002;Brasil;1678-9857;0034-7701;0034-7701;Antropología
14008;"Revista de antropología";"Casa de la Cultura Ecuatoriana del Núcleo del Azuay, Departamento de Literatura del Núcleo del Azuay";0;;;Ecuador;;;0557-8507;Antropología
23318;"Revista de antropología del Museo de Entre Ríos";"Ministerio de Cultura y Comunicación";1;;;Argentina;2347-033X;2347-033X;;"Antropología, Arqueología"
14012;"Revista de Antropologia Experimental";"Universidad de Jaén, Departamento de Territorio y Patrimonio Histórico, Área de Antropología Social";1;0;5003;España;1578-4282;;;Antropología
19678;"Revista de antropología social";"Servicio de publicaciones. Universidad Complutense";1;1;7510;España;1988-2831;1131-558X;1131-558X;Antropología
26491;"Revista de antropología visual.";"Servicio Nacional del Patrimonio Cultural, Ministerio de las Culturas, las Artes y el Patrimonio, Departamento/Área  	Centro de Investigaciones Diego Barros Arana, Biblioteca Nacional Naturaleza de la Institución	Institución Pública";1;1;11618;Chile;2452-5189;2452-5189;;"Antropología, Arte, Cultura"
21628;"Revista de antropología y filosofía de lo sagrado";"UMA Editorial. Universidad de Málaga";1;1;8721;España;2603-6053;2530-1233;2530-1233;"Antropología, Literatura, Filología"
14015;"Revista de antropología y sociología de la Universidad de Caldas";"Universidad de Caldas";1;0;5006;Colombia;2462-9782;0123-4471;0123-4471;"Antropología, Sociología"
14018;"Revista de Arqueologia";"Sociedade de Arqueologia Brasileira (SAB)";1;0;5008;Brasil;1982-1999;0102-0420;0102-0420;"Antropología, Arqueología, Ciencias sociales y humanidades, Cultura, Geografía, Historia, Museología, Humanidades, Prehistoria, Estudios latinoamericanos, Estudios regionales"
26885;"Revista de arqueología histórica argentina y latinoamericana.";"Asociación de Arqueólogos Profesionales de la República Argentina";1;1;11029;Argentina;2344-9918;1851-3190;1851-3190;"Antropología, Arqueología, Etnología, Historia, Estudios latinoamericanos"
24507;"Revista de Ciências do Estado";"Universidade Federal de Minas Gerais (UFMG)";1;1;10235;Brasil;2525-8036;2525-8036;;"Antropología, Ciencia política y administración pública, Ciencias sociales y humanidades, Derecho internacional, Derecho público, Relaciones internacionales, Estudios locales, Hacienda pública, Estudios de género"
25565;"Revista de Ciências Humanas Caeté";"Universidade Federal de Alagoas (UFAL)";1;;;Brasil;2675-1666;2675-1666;;"Antropología, Arqueología, Ciencias sociales y humanidades, Historia"
14129;"Revista de Ciências Sociais";"Universidade Federal do Ceará (UFCE)";1;0;5054;Brasil;2318-4620;0041-8862;0041-8862;"Antropología, Ciencia política y administración pública, Sociología"
28995;"Revista de Ciências Sociais da UEMS";"Universidade Estadual de Mato Grosso do Sul (UEMS )";1;;;Brasil;2764-0655;2764-0655;;"Antropología, Ciencia política y administración pública, Ciencias sociales y humanidades, Educación, Etnología, Sociología"
14133;"Revista de ciencias sociales";"Universidad José Santos Ossa";0;;;Chile;;;0717-4683;"Antropología, Ciencias de la comunicación, Educación, Sociología"
26788;"Revista de ciencias sociales.";"Universidad Nacional de Quilmes";1;;;Argentina;2347-1050;0328-2643;;"Antropología, Ciencias sociales y humanidades, Sociología"
20494;"Revista de curiosidad cultural destiempos.com";"Editorial Grupo Destiempos S. de R. L. de C.V";1;;;México;2007-7483;2007-7483;;"Antropología, Arte, Bellas artes, Ciencias sociales y humanidades, Cultura, Filosofía, Historia, Historia del arte, Lingüística, Literatura, Música, Museología, Pintura, Psicología, Humanidades, Teatro, Paleografía, Filología"
14248;"Revista de dibulgación en antropología aplicada";"Universidad Católica de Temuco. Centro de Estudios Socioculturales";0;;;Chile;;;0717-5868;Antropología
29246;"Revista de Educação, Saúde e Ciências do Xingu";"Universidade do Estado do Pará (UEPA)";1;;;Brasil;2675-2956;2675-2956;;"Antropología, Biología, Medicina, Multidisciplinarias, Salud pública, Danza"
28329;"Revista de Estudios de Antropología Sexual";"Instituto Nacional de Antropología e Historia";1;;;México;;1870-4255;1870-4255;Antropología
14396;"Revista de estudios marítimos y sociales";"Grupo de Estudios Sociales Marítimos, Universidad Nacional de Mar del Plata";0;;;Argentina;;1852-0669;1852-0669;"Antropología, Demografía, Etnología"
25699;"Revista de Estudos e Investigações Antropológicas.";"Universidade Federal de Pernambuco (UFPE)";1;;;Brasil;2446-6972;2446-6972;;"Antropología, Ciencias sociales y humanidades, Humanidades"
14469;"Revista de folklore";"Obra Social y Cultural de Caja España";0;;;España;;;0211-1810;Antropología
14515;"Revista de historia americana y argentina";"Universidad Nacional de Cuyo, Facultad de Filosofía y Letras, Instituto de Historia";1;1;5242;Argentina;2314-1549;0556-5960;0556-5960;"Antropología, Ciencias sociales y humanidades, Historia, Estudios locales, Estudios latinoamericanos, Estudios regionales"
21726;"Revista de História Bilros";"Universidade Estadual do Ceará, Centro de Humanidades, Coordenação do Curso de História";1;0;8791;Brasil;2357-8556;;;"Antropología, Arqueología, Educación, Etnología, Geografía, Historia, Historia de la ciencia, Museología, Relaciones internacionales, Religión, Sociología, Estudios locales, Prehistoria, Estudios latinoamericanos, Heráldica, Trabajo social, Estudios de género"
27401;"Revista de Investigación Forense";"Edición propia";1;;;Chile;0719-3815;0719-3815;0719-3815;"Antropología, Derecho penal, Derecho procesal, Odontología, Toxicología, Medicina legal"
29624;"Revista de Investigaciones sobre fronteras.";"Universidad Nacional de Buenos Aires- Universidad Nacional de Jujuy- Universidad Nacional de Misiones";1;;;Argentina;3072-7316;3072-7316;;"Antropología, Ciencias de la comunicación, Ciencias sociales y humanidades, Sociología, Defensa y seguridad, Estudios de género"
14691;"Revista de la Escuela de Antropología";"Escuela de Antropología; Facultad de Humanidades y Artes;Universidad Nacional de Rosario";0;0;5330;Argentina;;1852-1576;1852-1576;Antropología
21786;"Revista de las ciencias sociales";"Universidad Nacional Autónoma de Honduras. Facultad de Ciencias Sociales. Instituto de Investigaciones Sociales";0;;;Honduras;;2411-7358;2411-7358;"Antropología, Ciencias sociales y humanidades, Demografía, Historia"
27182;"Revista de Pensamiento Crítico Aymara";"Asociación Centro de Investigación y Escuela de Pensamiento Crítico Aymara";1;;;Perú;2707-6938;2707-692X;;"Antropología, Ciencias sociales y humanidades, Educación, Estudios locales, Estudios latinoamericanos, Estudios regionales"
24508;"Revista de Políticas Públicas e Segurança Social";"Universidade Federal dos Vales do Jequitinhonha e Mucuri (UFVJM)";1;;;Brasil;2594-3855;2594-3855;;"Administración, Antropología, Ciencias de la comunicación, Ciencias sociales y humanidades, Derecho y jurisprudencia, Derecho civil, Derecho comparado, Derecho internacional, Derecho laboral, Derecho público, Derecho procesal, Economía, Educación, Pedagogía, Psicología, Sociología, Economía internacional, Planeamiento científico y tecnológico, Defensa y seguridad, Trabajo social, Educación superior, Estudios de género"
26514;"Revista de salud LMental.";"Ediciones Primeros Pasos";1;;;Chile;0719-9546;0719-9538;;"Antropología, Psicología, Psiquiatría"
15123;"Revista de Teoria da História";"Universidade Federal de Goiás (UFG)";1;0;5505;Brasil;2175-5892;2175-5892;;"Antropología, Cultura, Filosofía, Historia, Historia de la ciencia, Historia del arte, Humanidades, Filología"
26291;"Revista del laboratorio iberoamericano para el estudio sociohistórico de las sexualidades";"Universidad Pablo de Olavide";1;1;10828;España;2659-8620;2659-8620;;"Antropología, Multidisciplinarias, Sociología, Estudios de género"
15289;"Revista del Museo de Antropología";"Museo de Antropología; Facultad de Filosofía y Humanidades; Universidad Nacional de Córdoba";1;1;5548;Argentina;1852-4826;1852-060X;1852-060X;"Antropología, Museología"
23471;"Revista del Museo de La Plata";"Universidad Nacional de La Plata, Facultad de Ciencias Naturales y Museo";0;;;Argentina;;2545-6369;2545-6369;"Antropología, Arqueología, Biología, Botánica, Ecología, Geología, Paleontología, Zoología, Ictiología, Prehistoria, Ciencias de la tierra, Recursos naturales no renovables, Geoquímica"
23790;"Revista del Museo de La Plata";"Universidad Nacional de La Plata, Facultad de Ciencias Naturales y Museo";1;1;9995;Argentina;2545-6377;2545-6369;;"Antropología, Arqueología, Biología, Botánica, Ecología, Geología, Paleontología, Zoología, Ciencias de la tierra, Recursos naturales no renovables, Geoquímica"
15348;"Revista Direito e Práxis";"Universidade do Estado do Estado do Rio de Janeiro, Faculdade de Direito, Programa de Pós-Graduação em Direito";1;0;5568;Brasil;2179-8966;;;"Antropología, Ciencias sociales y humanidades, Derecho y jurisprudencia, Sociología, Estudios latinoamericanos, Criminología"
25272;"Revista do Instituto Histórico e Geográfico do Pará";"Instituto Histórico e Geográfico do Pará (IHGP)";1;0;10480;Brasil;2359-0831;2359-0831;;"Antropología, Arqueología, Cartografía, Ciencias sociales y humanidades, Cultura, Demografía, Derecho marítimo, Filosofía, Geografía, Historia, Historia de la ciencia, Historia del arte, Pesca, Relaciones internacionales, Salud pública, Sociología, Turismo, Desarrollo económico, Estudios locales, Humanidades, Planeamiento científico y tecnológico, Ciencias de la tierra, Recursos naturales no renovables, Hacienda pública, Planeación económica, Planificación urbana, Medio ambiente, Ciencias naturales, Estudios regionales"
15421;"Revista do Museu Antropológico";"Universidade Federal de Goiás (UFG)";0;;;Brasil;;0104-3560;0104-3560;Antropología
15422;"Revista do Museu de Arqueologia e Etnologia";"Universidade de São Paulo (USP)";0;;;Brasil;;0103-9709;0103-9709;"Antropología, Arqueología, Etnología, Paleontología, Humanidades"
26092;"Revista do Tribunal Regional Federal da Primeira Região";"Tribunal Regional Federal da 1ª Região (TRF1)";1;;;Brasil;2596-2493;0103-703X;0103-703X;"Antropología, Ciencia política y administración pública, Derecho y jurisprudencia, Psicología, Sociología"
25747;"Revista Educação e Humanidades";"Universidade Federal do Amazonas (UFAM)";1;;;Brasil;2675-410X;2675-410X;;"Antropología, Cultura, Educación, Filosofía, Lingüística, Literatura, Psicología, Sociología, Humanidades"
21825;"Revista Eletrônica Visagem";"Universidade Federal do Pará, Programa de Pós-Graduação em Sociologia e Antroplogia";1;;;Brasil;2446-8290;;;Antropología
26338;"Revista EntreRios";"Universidade Federal do Piauí (UFPI)";1;;;Brasil;2595-3753;2595-3753;;Antropología
19750;"Revista española de antropología americana";"Servicio de publicaciones. Universidad Complutense de Madrid";1;1;7567;España;1988-2718;0556-6533;0556-6533;"Antropología, Estudios latinoamericanos"
22361;"Revista estudios digital";"Universidad de San Carlos de Guatemala, Escuela de Historia, Instituto de Investigaciones Históricas, Antropológicas y Arqueológicas (IIHAA)";1;0;9229;Guatemala;2409-0468;2409-0468;;"Antropología, Historia"
27851;"Revista ethika+";"Centro de Estudios de Ética Aplicada de la Universidad de Chile";1;;;Chile;2452-6037;2452-6037;;"Antropología, Educación, Etica, Filosofía, Psicología, Estudios de género"
22623;"Revista euroamericana de antropología";"Ediciones Universidad de Salamanca";1;1;9331;España;2387-1555;2387-1555;;"Antropología, Estudios latinoamericanos"
25977;"Revista Humanidades & Educação";"Universidade Federal do Maranhão (UFMA)";1;;;Brasil;2675-0805;2675-0805;;"Antropología, Arte, Educación, Filosofía, Geografía, Historia, Literatura, Sociología"
25295;"Revista Ibero-Americana de Estudos em Educação";"Universidade Estadual Paulista Júlio de Mesquita Filho, Faculdade de Ciências e Letras";1;0;10500;Brasil;1982-5587;1982-5587;;"Administración, Agronomía, Antropología, Arquitectura, Arte, Biología, Ciencia política y administración pública, Computación, Cultura, Derecho civil, Derecho comparado, Educación, Etica, Farmacia, Filosofía, Historia del arte, Lingüística, Literatura, Medicina, Música, Neurología, Odontología, Pedagogía, Pediatría, Psicología, Relaciones internacionales, Salud pública, Sociología, Tecnología, Televisión, Humanidades, Planificación educativa, Ciencia, Estudios latinoamericanos, Trabajo social, Tecnología educativa, Telecomunicaciones, Educación media o secundaria, Educación preescolar, Educación primaria, Educación superior, Estudios de género"
24466;"Revista Idealogando";"Universidade Federal de Pernambuco (UFPE), Centro de Filosofia e Ciências Humanas (CFCH)";1;;;Brasil;2526-3552;2526-3552;;"Antropología, Ciencia política y administración pública, Ciencias sociales y humanidades, Sociología"
15870;"Revista IDEAS";"Universidade Federal Rural do Rio de Janeiro (UFRRJ)";1;1;5861;Brasil;1984-9834;1982-257X;;"Antropología, Ciencias sociales y humanidades, Sociología, Desarrollo económico, Economía agrícola, Planificación del desarrollo"
29069;"Revista Insigne de Humanidades";"Editora Insigne Acadêmica";1;;;Brasil;2966-2540;2966-2540;;"Antropología, Arte, Filosofía, Lingüística, Humanidades"
27260;"Revista interdisciplinaria de fenomenología";EditUCES;1;1;11237;Argentina;2718-8698;2718-8698;;"Antropología, Filosofía, Lingüística, Literatura, Psicología, Sociología"
29413;"Revista investigación & praxis en CS Sociales";"Universidad de Pamplona";1;0;11732;Colombia;2954-5331;2954-5331;;"Antropología, Historia, Psicología, Religión, Sociología, Estudios de género"
23108;"Revista Investigaciones Sociales";ECORFAN;1;0;9641;Nicaragua;2414-4835;;;"Antropología, Economía, Geografía, Historia, Sociología, Turismo"
5925;"Revista Jurídica da Ufersa";"Universidade Federal Rural do Semi-Árido (UFERSA)";1;1;1918;Brasil;2526-9488;2526-9488;;"Administración, Antropología, Ciencia política y administración pública, Ciencias sociales y humanidades, Derecho y jurisprudencia, Derecho agrario, Derecho civil, Derecho comparado, Derecho internacional, Derecho laboral, Derecho marítimo, Derecho mercantil, Derecho penal, Derecho público, Derecho procesal, Sociología, Derecho fiscal"
23888;"Revista Latinoamericana de Antropología del Trabajo";"CEIL-CONICET y CIESAS - CONACYT";1;1;10044;Argentina;2591-2755;2591-2755;;"Antropología, Ciencias sociales y humanidades, Etnología, Estudios locales, Estudios latinoamericanos"
16075;"Revista latinoamericana de estudios del trabajo";"Asociación Latinoamericana de Estudios del Trabajo";1;0;5963;Argentina;1856-8378;1405-1311;1405-1311;"Antropología, Derecho laboral, Economía, Educación"
16078;"Revista latinoamericana de estudios sobre cuerpos, emociones y sociedad";"Centro de Investigaciones y Estudios sobre Cultura y Sociedad (CIECS), Centro Argentino de Información Científica y Tecnológica / Universidad Nacional de Córdoba";1;0;5965;Argentina;1852-8759;1852-8759;;"Antropología, Sociología"
26892;"Revista Latinoamericana Ogmios";"Instituto de Investigación y Capacitación Profesional del Pacífico";1;;;Perú;2789-0309;2789-0309;;"Administración, Antropología, Educación, Psicología, Sociología, Tecnología educativa"
25938;"Revista Liberdades";"Instituto Brasileiro de Ciências Criminais (IBCCRIM)";1;;;Brasil;2175-5280;2175-5280;;"Antropología, Derecho y jurisprudencia, Derecho penal, Historia, Sociología, Derechos humanos"
16136;"Revista mad";"Universidad de Chile, Facultad de Ciencias Sociales";1;0;5993;Chile;0718-0527;0718-0527;;"Antropología, Sociología"
29276;"Revista Memória LGBT";"Instituto Memórias";1;;;Brasil;2318-6275;2318-6275;;"Antropología, Ciencias de la comunicación, Ciencias sociales y humanidades, Historia, Museología, Estudios de género"
16244;"Revista mexicana de ciencias políticas y sociales";"Universidad Nacional Autónoma de México, Facultad de Ciencias Políticas y Sociales";1;1;6041;México;2448-492X;0185-1918;0185-1918;"Antropología, Ciencia política y administración pública, Ciencias de la comunicación, Ciencias sociales y humanidades, Relaciones internacionales, Sociología"
24293;"Revista mirante";"Universidade Estadual de Goiás (UEG)";1;;;Brasil;1981-4089;1981-4089;;"Agronomía, Antropología, Arqueología, Biotecnología, Ecología, Geología, Historia, Paleontología, Química, Urbanismo, Zootecnia, Ciencias de la tierra, Industria, Geoquímica, Ciencia y Tecnología"
26419;"Revista mosaicum";"Faculdade do Sul da Bahia (FASB)";1;1;10860;Brasil;1980-4180;1808-589X;;"Antropología, Ciencias de la comunicación, Ciencias sociales y humanidades, Educación"
27797;"Revista Multidisciplinar de Estudos Nerds/Geek";"Universidade Federal do Rio Grande (FURG)";1;;;Brasil;2675-5084;2675-5084;;"Antropología, Arte, Cultura, Sociología, Humanidades"
25771;"Revista Mundaú";"Universidade Federal de Alagoas (UFAL)";1;;;Brasil;2526-3188;2526-3188;;"Antropología, Ciencias sociales y humanidades, Etnología, Sociología, Estudios locales"
16308;"Revista murciana de antropología";"Universidad de Murcia";1;1;6084;España;1989-6204;1135-691X;1135-691X;Antropología
20258;"Revista Ñanduty";"Universidade Federal da Grande Dourados (UFGD)";1;0;7940;Brasil;2317-8590;2317-8590;;Antropología
19808;"Revista nuestramérica";"Ediciones nuestrAmérica desde Abajo";1;1;7614;Chile;0719-3092;0719-3092;;"Antropología, Ciencias sociales y humanidades, Historia, Psicología, Sociología, Derechos humanos"
16346;"Revista nuevas tendencias en Antropología";"Universidad Miguel Hernández de Elche";1;0;6097;España;2173-0024;2173-0024;;Antropología
16347;"Revista NUPEM";"Universidade Estadual do Paraná (UNESPAR)";1;1;6098;Brasil;2176-7912;2175-7429;2175-7429;"Antropología, Ciencias sociales y humanidades, Educación, Historia, Humanidades"
11247;"Revista Opción";"Universidad del Zulia, Facultad Experimental de Ciencias, Departamento de Ciencias Humanas";1;0;3886;Venezuela;2477-9385;1012-1587;1012-1587;"Antropología, Ciencias de la comunicación, Filosofía, Lingüística, Filología"
24862;"Revista Peruana de Antropología";"Centro de Estudios Antropológicos Luis Eduardo Valcárcel";1;0;10344;Perú;2309-6276;2309-6276;;Antropología
22646;"Revista Redpensar";"Universidad de La Salle";0;0;9348;"Costa Rica";;2215-2938;2215-2938;"Antropología, Ciencias sociales y humanidades, Educación, Historia, Religión, Educación superior"
12784;"Revista reflexiones";"Universidad de Costa Rica";1;1;4488;"Costa Rica";1659-2859;1021-1209;1021-1209;"Antropología, Ciencias de la comunicación, Ciencias sociales y humanidades, Desarrollo económico, Estudios de género"
24396;"Revista São Luis Orione";"Faculdade Católica Dom Orione (FACDO)";1;;;Brasil;2446-5062;1982-2308;;"Administración, Antropología, Contabilidad, Derecho y jurisprudencia, Derecho agrario, Derecho civil, Derecho comparado, Derecho internacional, Derecho penal, Derecho público, Derecho procesal, Economía, Educación, Etica, Filosofía, Lingüística, Literatura, Pedagogía, Psicología, Religión, Sociología, Turismo, Economía de la empresa, Economía internacional, Estudios locales, Finanzas, Humanidades, Planeamiento científico y tecnológico, Trabajo social, Criminología, Educación superior, Planeación económica"
19823;"Revista Sarance";"Instituto Otavaleño de Antropología";1;1;7623;Ecuador;2661-6718;1390-9207;1390-9207;"Antropología, Arqueología, Computación, Filosofía, Sociología"
24419;"Revista Sentidos da Cultura";"Universidade do Estado do Pará (UEPA)";1;;;Brasil;2359-3105;2359-3105;;"Antropología, Bellas artes, Ciencias sociales y humanidades, Historia, Historia del arte, Lingüística, Literatura, Sociología, Estudios locales, Humanidades, Poesía"
28977;"Revista Taka'a";"Universidade do Estado de Mato Grosso (UNEMAT)";1;;;Brasil;2965-6796;2965-6796;;"Antropología, Cultura, Educación, Humanidades"
28178;"Revista Tlatelolco: democracia democratizante y cambio social";"Universidad Nacional Autónoma de México, Programa Universitario de Estudios sobre Democracia, Justicia y Sociedad";1;1;11483;México;2992-7099;2992-7099;;"Antropología, Ciencia política y administración pública, Ciencias sociales y humanidades, Economía, Estudios latinoamericanos, Estudios de género"
25352;"Revista uruguaya de antropología y etnografía";"Universidad de la República, Facultad de Humanidades y Ciencias de la Educación";1;1;10535;Uruguay;2393-6886;2393-6886;;"Antropología, Ciencias sociales y humanidades, Etnología, Sociología, Estudios locales, Estudios latinoamericanos"
25287;"Revista Videre";"Universidade Federal da Grande Dourados (UFGD)";1;0;10493;Brasil;2177-7837;2177-2150;;"Antropología, Ciencia política y administración pública, Derecho y jurisprudencia, Derecho agrario, Derecho civil, Derecho comparado, Derecho internacional, Derecho laboral, Derecho marítimo, Derecho mercantil, Derecho penal, Derecho público, Derecho procesal, Educación, Sociología, Derecho fiscal, Trabajo social, Genealogía"
29249;"Revista Zabelê";"Universidade Federal do Piauí (UFPI)";1;;;Brasil;2764-0787;2764-0787;;"Antropología, Ciencias sociales y humanidades, Etnología, Geografía, Historia, Sociología"
16869;Runa;"Universidad de Buenos Aires; Facultad de Filosofía  y Letras";1;1;6316;Argentina;1851-9628;0325-1217;0325-1217;"Antropología, Etnología"
20977;Ruris;"Universidade Estadual de Campinas, Instituto de Filosofia e Ciências Humanas, Centro de Estudos Rurais";1;0;8409;Brasil;2317-1480;1980-1998;;"Antropología, Sociología"
28330;"Rutas de campo";"Instituto Nacional de Antropología e Historia";1;;;México;;2448-4822;2448-4822;Antropología
27629;"Saber Policial";"Instituto Autónomo de la Policía del Estado Bolivariano de Aragua";1;;;Venezuela;2957-7667;2957-7667;;"Antropología, Ciencia política y administración pública, Ciencias sociales y humanidades, Criminología, Derechos humanos"
24734;Sacrilegens;"Universidade Federal de Juiz de Fora (UFJF)";1;;;Brasil;2237-6151;2237-6151;;"Antropología, Ciencias sociales y humanidades, Filosofía, Multidisciplinarias, Religión, Sociología, Humanidades"
16963;Sapiens;"Universidad Pedagógica Experimental Libertador (UPEL). Pedagógico de Miranda ""José Manuel Siso Martínez"". Subdirección de Investigación y Postgrado";1;0;6355;Venezuela;2244-7598;1317-5815;1317-5815;"Antropología, Ciencias sociales y humanidades, Geografía, Historia, Tecnología educativa"
17029;"Scripta ethnologica";"Centro Argentino de Etnología Americana; Centro Argentino de Información Científica y Tecnológica";1;1;6392;Argentina;1669-0990;0325-6669;0325-6669;"Antropología, Etnología, Folklore, Medicina, Salud pública, Sociología"
17032;"Scripta mediaevalia";"Universidad Nacional de Cuyo; Facultad de Filosofía Y Letras; Centro de Estudios Filosóficos Medievales";1;1;6393;Argentina;2362-4868;1851-8753;1851-8753;"Antropología, Educación, Etica, Filosofía, Historia, Literatura, Psicología, Religión, Humanidades, Ciencia"
23647;"Sem Aspas";"Universidade Estadual Paulista, Faculdade de Ciências e Letras";1;0;9937;Brasil;2358-4238;2238-359X;;"Antropología, Ciencia política y administración pública, Sociología"
29336;Septentrión;"Universidad Autónoma de Tamaulipas, Instituto de Investigaciones Históricas";1;;;México;3061-7723;3061-7723;1870-6312;"Antropología, Arqueología, Ciencias sociales y humanidades, Historia, Prehistoria, Estudios regionales"
17251;"Serie Estudios e investigaciones - Dirección de InformaciónParlamentaria";"Dirección de Información Parlamentaria";0;;;Argentina;;0327-6449;0327-6449;"Antropología, Historia"
17279;"Serie informes - Instituto de Investigaciones Históricas, Antropológicas y Arqueológicas";"Universidad de San Carlos de Guatemala, Instituto de Investigaciones Históricas, Antropológicas y Arqueológicas";0;;;Guatemala;;;;"Antropología, Arqueología, Ciencias sociales y humanidades, Historia"
17346;"Serie temas de debates - Instituto de investigaciones, antropológicas y arqueológicas";"Universidad de San Carlos de Guatemala, Instituto de Investigaciones Históricas, Antropológicas y Arqueológicas, Escuela de Historia";0;;;Guatemala;;;;"Antropología, Arqueología, Historia"
28751;Sertanias;"Universidade Estadual do Sudoeste da Bahia (UESB)";1;;;Brasil;2763-566X;2763-566X;;"Antropología, Ciencias sociales y humanidades, Educación, Etnología"
21294;Simbiótica;"Universidade Federal do Espírito Santo (UFES)";1;1;8501;Brasil;2316-1620;2316-1620;;"Antropología, Arte, Cultura, Multidisciplinarias, Sociología, Humanidades, Ciencia"
27500;Simposium;"Instituto de Estudios Humanísticos de Castilla-La Mancha";1;;;España;2794-0306;2697-0228;2697-0228;"Antropología, Bellas artes, Economía, Multidisciplinarias, Humanidades, Educación superior"
21747;Sinais;"Universidade Federal do Espírito Santo, Centro de Ciências Humanas e Naturais, Departamento de Ciências Sociais, Núcleo de Estudos e Pesquisas Indiciárias";1;0;8805;Brasil;1981-3988;;;"Antropología, Educación, Historia, Sociología"
17466;Síntesis;"Centro de Publicaciones; Secretaría de Asuntos Estudiantiles; Facultad de Filosofía y Humanidades; Universidad Nacional de Córdoba";0;;;Argentina;;1851-8060;1851-8060;"Antropología, Lingüística"
29232;"Social review";"Education Lab Consulting";1;;;España;2695-9755;2695-9755;;"Antropología, Ciencia política y administración pública, Ciencias de la comunicación, Ciencias sociales y humanidades, Historia, Sociología"
17526;Sociales;"Academia de Ciencias de la República Dominicana";0;0;6486;"República Dominicana";;2220-1033;2220-1033;"Antropología, Arqueología, Ciencia política y administración pública, Ciencias sociales y humanidades, Economía, Geografía, Historia, Psicología, Sociología"
29942;"Socializar Conocimientos";"Colectivo de Estudios Latinoamericanos de la Universidad Autónoma de Barcelona (España)";1;;;Chile;2452-4840;2452-4840;;"Antropología, Geografía, Historia, Sociología"
17541;"Sociedad y religión";"Área Sociedad, Cultura y Religión; Centro de Estudios e Investigaciones Laborales; Centro Argentino de Información Científica y Tecnológica";1;0;6490;Argentina;1853-7081;0326-9795;0326-9795;"Antropología, Historia, Religión, Sociología"
17544;"Sociedade e cultura";"Universidade Federal de Goiás, Departamento de Ciências Sociais";1;0;6493;Brasil;1980-8194;1415-8566;1415-8566;"Antropología, Ciencia política y administración pública, Sociología"
22090;"Socio debate";"Fundación Editorial Educativa y Jurídica";1;;;Argentina;2451-7763;2451-7663;;"Antropología, Ciencia política y administración pública, Ciencias de la comunicación, Derecho civil, Derecho internacional, Derecho público, Economía, Educación, Etnología, Geografía, Historia, Psicología, Religión, Sociología, Turismo, Estudios locales, Estudios latinoamericanos, Trabajo social, Estudios de género"
17560;"Sociologia & Antropologia";"Universidade Federal do Rio de Janeiro, Programa de Pós-Graduação em Sociologia e Antropologia";1;0;6502;Brasil;2238-3875;2236-7527;2236-7527;"Antropología, Sociología"
23143;"Sociologia on line";"ASSOCIAÇÃO PORTUGUESA DE SOCIOLOGIA";1;;;Portugal;1647-3337;1647-3337;;"Antropología, Ciencia política y administración pública, Ciencias de la comunicación, Ciencias sociales y humanidades, Demografía, Economía, Educación, Geografía, Historia, Historia de la ciencia, Psicología, Sociología, Turismo, Estadística, Planeamiento científico y tecnológico, Trabajo social, Educación superior, Estudios de género, Planificación urbana"
25025;Sociologiados;"Universidad de Alicante";1;;;España;2445-2661;2445-2661;;"Antropología, Ciencia política y administración pública, Demografía, Sociología"
17594;"Soñando el sur";"Universidad Católica de Temuco. Escuela de Antropología";0;;;Chile;;;0717-4977;"Antropología, Lingüística"
26554;Steiniana;"Pontificia Universidad Católica de Chile";1;1;11149;Chile;0719-8728;0719-8728;;"Antropología, Filosofía, Literatura, Medicina, Psicología, Humanidades"
17683;Sukil;"Ortzadar Euskal Folklore Taldea";0;;;España;;;1135-6197;Antropología
17699;"Suplemento antropológico";"Universidad Católica Nuestra Señora de la Asunción";0;0;6561;Paraguay;;;0378-9896;Antropología
19866;"Takurunna. Anuario de estudios sobre Ronda y la serranía";"Editorial La Serranía S.L.";0;0;7659;España;;;2253-6191;"Antropología, Arqueología, Arte, Geografía, Historia"
25433;Taltalia;"Museo Augusto Capdeville Rojas";1;;;Chile;2452-5944;0718-7025;0718-7025;"Antropología, Botánica, Ecología, Historia del arte, Literatura, Zoología"
27762;Tekoa;"Universidade Federal da Integração Latino-americana (UNILA)";1;;;Brasil;2764-8893;2764-8893;;"Antropología, Arqueología, Ciencias sociales y humanidades, Historia, Sociología, Humanidades"
17871;"Temas antropológicos";"Universidad de Yucatán, Facultad de Ciencias Antropológicas";0;0;6642;México;;1405-843X;1405-843X;Antropología
17874;"Temas de antropología aragonesa";"Instituto Aragonés de Antropología";0;0;6643;España;;;0212-5552;"Antropología, Folklore"
24451;Temáticas;"Universidade Estadual de Campinas (Unicamp)";1;1;10222;Brasil;2595-315X;1413-2486;1413-2486;"Antropología, Ciencias sociales y humanidades, Cultura, Economía, Historia, Sociología"
17973;"Teoria & Sociedade";"Universidade Federal de Minas Gerais (UFMG)";0;;;Brasil;;1518-4471;1518-4471;"Antropología, Arqueología, Ciencia política y administración pública, Sociología"
20664;"Tessituras: Revista de Antropologia e Arqueologia";"Universidade Federal de Pelotas Programa de Pós-Graduação em Antropologia";1;0;8223;Brasil;2318-9576;2318-9576;;"Antropología, Arqueología, Ciencias sociales y humanidades"
23569;"Textos y contextos desde el sur";"Universidad Nacional de la Patagonia San Juan Bosco";1;1;9891;Argentina;2347-081X;2347-081X;;"Antropología, Ciencia política y administración pública, Ciencias de la comunicación, Ciencias sociales y humanidades, Cultura, Educación, Filosofía, Geografía, Historia, Lingüística, Literatura, Sociología, Turismo, Humanidades, Trabajo social"
18160;Tlalocan;"Universidad Nacional Autónoma de México, Instituto de Investigaciones Filológicas";1;0;6762;México;2954-5242;0185-0989;0185-0989;"Antropología, Historia, Lingüística"
24988;"Tourism and Heritage Journal";"Grup d'Investigació Turisme, Cultura  i Territori (TURCiT)";1;1;11223;España;2604-2347;2604-2347;;"Antropología, Ciencias sociales y humanidades, Cultura, Historia, Historia del arte, Turismo"
19888;"Trabalho Necessário";"Universidade Federal Fluminense (UFF)";1;1;7677;Brasil;1808-799X;1808-799X;;"Antropología, Ciencias sociales y humanidades, Economía, Educación, Pedagogía, Educación media o secundaria"
18233;"Trabalhos de antropologia e etnologia";"Sociedade Portuguesa de Antropologia e Etnologia";0;0;6791;Portugal;;;0304-243X;"Antropología, Etnología"
18236;"Trabalhos do Instituto de Antropologia Dr. Mendes Corrêa";"Universidade do Porto, Faculdade de Ciências, Instituto de Antropologia Dr. Mendes Corrêa";0;;;Portugal;;0871-8113;0871-8113;Antropología
18243;Trace;"Centro de Estudios Mexicanos y Centroamericanos";0;0;6792;Iberoamericanistas-Europa;;0185-6286;0185-6286;"Antropología, Arqueología, Geografía, Historia, Estudios latinoamericanos"
18246;"Tradiciones de Guatemala";"Universidad de San Carlos de Guatemala, Centro de Estudios de las Culturas en Guatemala -CECEG-";1;0;6794;Guatemala;;0564-0571;0564-0571;"Antropología, Estudios locales"
18251;Trama;"Asociación Uruguaya de Antropología Social y Cultural";1;0;6797;Uruguay;1688-6356;1688-6348;1688-6348;"Antropología, Ciencias sociales y humanidades, Sociología"
18259;"Trans. Revista Transcultural de Música";"SIbE-Sociedad de Etnomusicología";1;0;6803;España;1697-0101;;;"Antropología, Música"
25292;Translatio;"Universidade Federal do Rio Grande do Sul (UFRGS)";1;0;10497;Brasil;2236-4013;1517-0160;;"Antropología, Cultura, Lingüística, Literatura"
19955;"Travaux et recherches dans les Amériques du Centre";"Centro de Estudios Mexicanos y Centroamericanos, CEMCA";1;1;7718;México;2007-2392;0185-6286;;"Antropología, Arqueología, Etnología, Geografía, Historia, Sociología, Estudios latinoamericanos"
27055;Travessia;"Centro de Estudos Migratórios (CEM)";1;0;10982;Brasil;2594-7869;0103-5576;;"Antropología, Arquitectura, Cultura, Derecho marítimo, Ecología, Economía, Educación, Filosofía, Geografía, Historia, Ingeniería civil, Ingeniería industrial, Literatura, Medicina, Psiquiatría, Relaciones internacionales, Religión, Sociología, Trabajo social, Enfermería, Ingeniería de transportes, Medio ambiente"
23397;"Turismo y Patrimonio";"Universidad de San Martín de Porres. Facultad de Ciencias de la Comunicación, Turismo y Psicología";1;1;9791;Perú;2313-853X;1680-9556;1680-9556;"Antropología, Arqueología, Historia, Turismo"
18413;"Unión libre. Cadernos de vida e culturas";"Ediciós do Castro";0;;;España;;;1137-1250;Antropología
18434;"Universidad de La Habana";"Universidad de La Habana, Facultad de Lenguas Extranjeras";1;1;11291;Cuba;2708-5511;0253-9276;0253-9276;"Antropología, Ciencias sociales y humanidades, Lingüística, Literatura"
18466;Universitas;"Universidad Politécnica Salesiana";1;1;6885;Ecuador;1390-8634;;1390-3837;"Antropología, Ciencia política y administración pública, Multidisciplinarias, Sociología"
18469;"Universitas humanistica";"Pontificia Universidad Javeriana";1;0;6887;Colombia;2011-2734;0120-4807;0120-4807;"Antropología, Filosofía, Sociología"
11505;Urbania;"Arqueocoop Ltda";0;0;3990;Argentina;;1853-7626;1853-7626;"Antropología, Arqueología, Ciencias sociales y humanidades, Historia, Urbanismo"
18526;"Urbe et ius";"Asociación Civil Urbe et Ius";1;;;Argentina;1668-7221;;1668-4001;"Administración, Antropología, Arqueología, Bibliografías, Ciencia política y administración pública, Derecho y jurisprudencia"
18610;Verinotio;"Universidade Federal Fluminense (UFF)";1;0;6954;Brasil;1981-061X;1981-061X;;"Administración, Antropología, Arte, Ciencia política y administración pública, Ciencias de la comunicación, Ciencias sociales y humanidades, Demografía, Educación, Filosofía, Geografía, Sociología, Estudios latinoamericanos, Criminología"
18660;"Vibrant : Virtual Brazilian Anthropology";"Associação Brasileira de Antropologia (ABA)";1;0;6981;Brasil;1809-4341;;;Antropología
23957;"Vínculos sociología, análisis y opinión";"Universidad de Guadalajara";1;;;México;3061-7103;2007-7688;2007-7688;"Antropología, Ciencias sociales y humanidades, Sociología, Estudios locales, Educación superior"
18685;"Vínculos: Revista de Antropología del Museo Nacional de Costa Rica";"Museo Nacional de Costa Rica, Departamento de Antropología e Historia";0;;;"Costa Rica";;0304-3703;0304-3703;"Antropología, Arqueología, Etnología, Lingüística"
22452;"Visioni LatinoAmericane";"EUT - Edizioni Università di Trieste";1;1;9283;Iberoamericanistas-Europa;2035-6633;2035-6633;;"Antropología, Ciencias sociales y humanidades, Derecho y jurisprudencia, Educación, Pedagogía, Relaciones internacionales, Sociología, Estudios latinoamericanos, Trabajo social"
28331;"Vita brevis";"Instituto Nacional de Antropología e Historia";1;;;México;2007-9591;2007-9591;;Antropología
26346;Vivência;"Universidade Federal do Rio Grande do Norte (UFRN)";1;;;Brasil;2238-6009;2238-6009;;Antropología
572;Vivência;"Universidade Federal do Rio Grande do Norte (UFRN)";1;;;Brasil;2238-6009;2238-6009;0104-7299;Antropología
18735;"Voces Indígenas Revista informativa de la red de pueblos indígenas del pacífico, centro y norte de Nicaragua";"María José Mendoza Galàn, Raquel García, Laurence Klein,  Victor Manuel del Cid Lucero";1;;;Nicaragua;;;;"Antropología, Arqueología, Ciencias sociales y humanidades, Derecho público, Sociología"
18747;Volveré;"Instituto para el Estudio y la Cultura Andina";1;;;Chile;0718-3658;0718-3658;;"Antropología, Arqueología, Historia"
18765;Wani;"Bluefields Indian & Caribbean University (BICU), Editorial Universitaria";1;1;7017;Nicaragua;2308-7862;;1813-369X;"Antropología, Arte, Ecología, Lingüística, Sociología, Humanidades"
18769;Werkén;"Universidad Internacional SEK";1;0;7019;Chile;0718-3062;0717-5639;0717-5639;"Antropología, Arqueología, Historia"
18787;Xama;"Unidad de Antropología; Centro Regional de Investigaciones Científicas y Tecnológicas Mendoza";0;0;7026;Argentina;;0327-1250;0327-1250;Antropología
18811;"Zahora. Revista de tradiciones populares";"Diputación Provincial de Albacete";0;;;España;;;1132-7030;Antropología
18812;Zainak;"Eusko Ikaskuntza-Sociedad de Estudios Vascos";1;0;7034;España;2443-9940;1137-439X;1137-439X;Antropología
