Rank;Sourceid;Title;Type;Issn;Publisher;Open Access;Open Access Diamond;SJR;SJR Quartile;H index;Total Docs. (2024);Total Docs. (3years);Total Refs.;Total Citations (3years);Citable Docs. (3years);Citations / Doc. (2years);Ref. / Doc.;%Female;Overton;SDG;Country;Region;Publisher;Coverage;Categories;Areas
1;21100198409;"Nature Climate Change";journal;"17586798, 1758678X";"Nature Research";No;No;8,046;Q1;296;299;861;10246;12528;478;11,98;34,27;34,53;41;164;United Kingdom;Western Europe;"Nature Research";"2011-2025";"Environmental Science (miscellaneous) (Q1); Social Sciences (miscellaneous) (Q1)";"Environmental Science; Social Sciences"
2;24204;"Review of Economics and Statistics";journal;"00346535, 15309142";"MIT Press Journals";No;No;7,425;Q1;211;100;262;4929;1450;262;4,91;49,29;23,17;68;53;United States;Northern America;"MIT Press Journals";"1978-2024";"Economics and Econometrics (Q1); Social Sciences (miscellaneous) (Q1)";"Economics, Econometrics and Finance; Social Sciences"
3;27162;"Journal of Business and Economic Statistics";journal;"07350015, 15372707";"Taylor and Francis Ltd.";No;No;4,171;Q1;122;147;326;6126;1207;304;3,20;41,67;23,80;9;14;United Kingdom;Western Europe;"Taylor and Francis Ltd.";"1983-2025";"Economics and Econometrics (Q1); Social Sciences (miscellaneous) (Q1); Statistics and Probability (Q1); Statistics, Probability and Uncertainty (Q1)";"Decision Sciences; Economics, Econometrics and Finance; Mathematics; Social Sciences"
4;27069;"Human Relations";journal;"00187267, 1741282X";"SAGE Publications Ltd";No;No;4,148;Q1;171;94;231;8554;2131;225;8,81;91,00;52,38;7;34;United Kingdom;Western Europe;"SAGE Publications Ltd";"1947-2025";"Arts and Humanities (miscellaneous) (Q1); Management of Technology and Innovation (Q1); Social Sciences (miscellaneous) (Q1); Strategy and Management (Q1)";"Arts and Humanities; Business, Management and Accounting; Social Sciences"
5;18091;"Sociological Methods and Research";journal;"00491241, 15528294";"SAGE Publications Inc.";No;No;4,064;Q1;100;72;184;4872;1652;180;6,30;67,67;36,57;9;13;United States;Northern America;"SAGE Publications Inc.";"1972-2025";"Social Sciences (miscellaneous) (Q1); Sociology and Political Science (Q1)";"Social Sciences"
6;20143;"Business and Society";journal;"00076503, 15524205";"SAGE Publications Ltd";No;No;3,113;Q1;106;98;182;8178;1918;157;8,87;83,45;46,67;1;43;United Kingdom;Western Europe;"SAGE Publications Ltd";"1960-1978, 1980-1981, 1983-2025";"Business, Management and Accounting (miscellaneous) (Q1); Social Sciences (miscellaneous) (Q1)";"Business, Management and Accounting; Social Sciences"
7;28464;"Econometric Theory";journal;"02664666, 14694360";"Cambridge University Press";No;No;2,674;Q1;83;53;138;2617;191;134;1,25;49,38;23,85;0;4;United Kingdom;Western Europe;"Cambridge University Press";"1985-2025";"Economics and Econometrics (Q1); Social Sciences (miscellaneous) (Q1)";"Economics, Econometrics and Finance; Social Sciences"
8;21100325067;"Energy Research and Social Science";journal;"22146326, 22146296";"Elsevier Ltd";No;No;2,530;Q1;129;470;1223;40281;11063;1223;8,54;85,70;47,59;31;405;United Kingdom;Western Europe;"Elsevier Ltd";"2014-2025";"Energy Engineering and Power Technology (Q1); Fuel Technology (Q1); Nuclear Energy and Engineering (Q1); Renewable Energy, Sustainability and the Environment (Q1); Social Sciences (miscellaneous) (Q1)";"Energy; Social Sciences"
9;21101160600;"Research Methods in Applied Linguistics";journal;"27727661";"Elsevier B.V.";No;No;2,452;Q1;14;74;76;3963;946;75;12,45;53,55;48,52;0;3;Netherlands;Western Europe;"Elsevier B.V.";"2022-2025";"Linguistics and Language (Q1); Social Sciences (miscellaneous) (Q1)";"Social Sciences"
10;21100899528;"Adolescent Research Review";journal;"23638354, 23638346";"Springer International Publishing AG";No;No;2,424;Q1;42;35;76;2978;609;75;8,71;85,09;63,10;0;12;Switzerland;Western Europe;"Springer International Publishing AG";"2016-2025";"Developmental and Educational Psychology (Q1); Pediatrics, Perinatology and Child Health (Q1); Psychiatry and Mental Health (Q1); Social Sciences (miscellaneous) (Q1)";"Medicine; Psychology; Social Sciences"
11;19400158483;"Social Issues and Policy Review";journal;"17512409, 17512395";"Wiley-Blackwell Publishing Ltd";No;No;2,407;Q1;53;9;23;1471;213;23;6,73;163,44;57,14;1;6;United Kingdom;Western Europe;"Wiley-Blackwell Publishing Ltd";"2008-2025";"Applied Psychology (Q1); Social Psychology (Q1); Social Sciences (miscellaneous) (Q1); Sociology and Political Science (Q1)";"Psychology; Social Sciences"
12;11200153507;"Journal of Mixed Methods Research";journal;"15586898, 15586901";"SAGE Publications Ltd";No;No;2,328;Q1;71;49;90;1892;517;66;6,32;38,61;59,56;0;11;United States;Northern America;"SAGE Publications Ltd";"2007-2025";"Education (Q1); Social Sciences (miscellaneous) (Q1); Statistics, Probability and Uncertainty (Q1)";"Decision Sciences; Social Sciences"
13;28964;"Journal of Applied Econometrics";journal;"10991255, 08837252";"John Wiley and Sons Ltd";No;No;2,305;Q1;123;79;186;3389;595;186;3,45;42,90;22,70;14;28;United Kingdom;Western Europe;"John Wiley and Sons Ltd";"1986-2025";"Economics and Econometrics (Q1); Social Sciences (miscellaneous) (Q1)";"Economics, Econometrics and Finance; Social Sciences"
14;19400158343;"Current Opinion in Environmental Sustainability";journal;"18773435";"Elsevier B.V.";No;No;2,150;Q1;133;49;256;2958;2076;248;7,11;60,37;48,74;4;39;Netherlands;Western Europe;"Elsevier B.V.";"2009-2025";"Environmental Science (miscellaneous) (Q1); Social Sciences (miscellaneous) (Q1)";"Environmental Science; Social Sciences"
15;100147024;"Qualitative Research";journal;"14687941";"SAGE Publications Ltd";No;No;2,113;Q1;101;137;210;7983;1357;209;6,77;58,27;68,33;2;38;United Kingdom;Western Europe;"SAGE Publications Ltd";"2001-2025";"History and Philosophy of Science (Q1); Social Sciences (miscellaneous) (Q1)";"Arts and Humanities; Social Sciences"
16;19700201681;"Environmental Innovation and Societal Transitions";journal;"22104232, 22104224";"Elsevier B.V.";No;No;2,108;Q1;86;110;281;10264;2115;268;6,82;93,31;44,91;7;87;Netherlands;Western Europe;"Elsevier B.V.";"2011-2025";"Environmental Science (miscellaneous) (Q1); Renewable Energy, Sustainability and the Environment (Q1); Social Sciences (miscellaneous) (Q1)";"Energy; Environmental Science; Social Sciences"
17;25680;"Journal of Youth and Adolescence";journal;"15736601, 00472891";"Springer New York";No;No;2,043;Q1;155;218;502;14142;2941;497;4,71;64,87;58,89;1;70;United States;Northern America;"Springer New York";"1972-2025";"Developmental and Educational Psychology (Q1); Education (Q1); Social Psychology (Q1); Social Sciences (miscellaneous) (Q1)";"Psychology; Social Sciences"
18;25678;"Journal of Research on Adolescence";journal;"10508392, 15327795";"Wiley-Blackwell Publishing Ltd";No;No;2,030;Q1;120;124;285;8457;1689;277;4,18;68,20;62,68;1;44;United Kingdom;Western Europe;"Wiley-Blackwell Publishing Ltd";"1993, 1996-2025";"Behavioral Neuroscience (Q1); Cultural Studies (Q1); Developmental and Educational Psychology (Q1); Social Sciences (miscellaneous) (Q1)";"Neuroscience; Psychology; Social Sciences"
19;23411;"Journal of Industrial Ecology";journal;"10881980, 15309290";"Wiley-Blackwell";No;No;2,011;Q1;141;139;378;9220;2898;373;7,34;66,33;31,69;6;137;United States;Northern America;"Wiley-Blackwell";"1997-2025";"Economics and Econometrics (Q1); Environmental Science (miscellaneous) (Q1); Social Sciences (miscellaneous) (Q1)";"Economics, Econometrics and Finance; Environmental Science; Social Sciences"
20;23439;"Politics and Society";journal;"00323292, 15527514";"SAGE Publications Inc.";No;No;1,973;Q1;84;29;65;0;344;60;4,30;0,00;19,64;3;17;United States;Northern America;"SAGE Publications Inc.";"1970-1990, 1992-2024";"Political Science and International Relations (Q1); Social Sciences (miscellaneous) (Q1); Sociology and Political Science (Q1)";"Social Sciences"
21;21101158600;"Journal of Metaverse";journal;"27920232";"Izmir Academy Association";Yes;Yes;1,955;Q1;17;16;35;869;571;35;11,23;54,31;44,12;0;2;Turkey;Middle East;"Izmir Academy Association";"2021-2024";"Artificial Intelligence (Q1); Social Sciences (miscellaneous) (Q1)";"Computer Science; Social Sciences"
22;15143;"Regional Studies";journal;"13600591, 00343404";"Routledge";No;No;1,904;Q1;148;218;512;15066;3235;493;5,54;69,11;32,69;25;148;United Kingdom;Western Europe;"Routledge";"1967-2025";"Environmental Science (miscellaneous) (Q1); Social Sciences (miscellaneous) (Q1)";"Environmental Science; Social Sciences"
23;21101158576;"Harvard Kennedy School Misinformation Review";journal;"27661652";"Harvard Kennedy School";Yes;Yes;1,858;Q1;32;38;72;1301;465;62;5,53;34,24;34,09;1;8;United States;Northern America;"Harvard Kennedy School";"2020-2024";"Social Sciences (miscellaneous) (Q1)";"Social Sciences"
24;27204;"International Journal of Social Research Methodology: Theory and Practice";journal;"14645300, 13645579";"Taylor and Francis Ltd.";No;No;1,810;Q1;89;96;191;4053;1322;183;4,78;42,22;60,24;4;25;United Kingdom;Western Europe;"Taylor and Francis Ltd.";"1998-2025";"Social Sciences (miscellaneous) (Q1)";"Social Sciences"
25;30088;"Journal of Social Issues";journal;"00224537, 15404560";"Wiley-Blackwell Publishing Ltd";No;No;1,746;Q1;153;58;172;6153;1022;171;4,64;106,09;60,54;1;26;United Kingdom;Western Europe;"Wiley-Blackwell Publishing Ltd";"1945-2024";"Social Sciences (miscellaneous) (Q1)";"Social Sciences"
26;23574;"Public Opinion Quarterly";journal;"0033362X, 15375331";"Oxford University Press";No;No;1,721;Q1;124;52;147;2678;543;145;2,79;51,50;28,06;2;17;United Kingdom;Western Europe;"Oxford University Press";"1937-2024";"Communication (Q1); History (Q1); History and Philosophy of Science (Q1); Social Sciences (miscellaneous) (Q1); Sociology and Political Science (Q1)";"Arts and Humanities; Social Sciences"
27;21100886215;"RSF";journal;"23778253, 23778261";"Russell Sage Foundation";Yes;Yes;1,679;Q1;39;42;142;3381;542;142;3,63;80,50;54,69;0;26;United States;Northern America;"Russell Sage Foundation";"2015-2025";"Social Sciences (miscellaneous) (Q1)";"Social Sciences"
28;21101045327;"AERA Open";journal;"23328584";"SAGE Publications Inc.";Yes;No;1,659;Q1;48;113;263;8205;1253;261;4,46;72,61;58,94;3;58;United States;Northern America;"SAGE Publications Inc.";"2015-2025";"Developmental and Educational Psychology (Q1); Education (Q1); Social Sciences (miscellaneous) (Q1)";"Psychology; Social Sciences"
29;21101257044;"Life Medicine";journal;"27551733";"Oxford University Press";Yes;Yes;1,651;Q1;12;44;103;2683;258;84;2,50;60,98;40,23;1;12;United Kingdom;Western Europe;"Oxford University Press";"2022-2024";"Arts and Humanities (miscellaneous) (Q1); Law (Q1); Mathematics (miscellaneous) (Q1); Social Sciences (miscellaneous) (Q1)";"Arts and Humanities; Mathematics; Social Sciences"
30;144820;"Journal of Happiness Studies";journal;"13894978";"Springer Netherlands";No;No;1,648;Q1;116;120;468;8714;2397;468;4,16;72,62;49,05;1;27;Netherlands;Western Europe;"Springer Netherlands";"2001, 2003, 2005-2025";"Social Sciences (miscellaneous) (Q1)";"Social Sciences"
31;15653;"Journal of Marriage and Family";journal;"17413737, 00222445";"Wiley-Blackwell Publishing Ltd";No;No;1,609;Q1;190;86;215;6379;901;213;4,18;74,17;61,98;1;31;United Kingdom;Western Europe;"Wiley-Blackwell Publishing Ltd";"1973-1978, 1980-1981, 1985, 1996-2025";"Anthropology (Q1); Arts and Humanities (miscellaneous) (Q1); Social Sciences (miscellaneous) (Q1); Social Work (Q1)";"Arts and Humanities; Social Sciences"
32;21101075549;"Postdigital Science and Education";journal;"2524485X, 25244868";"Springer International Publishing AG";No;No;1,591;Q1;36;100;172;5820;1006;93;5,67;58,20;52,15;3;17;Switzerland;Western Europe;"Springer International Publishing AG";"2019-2025";"Arts and Humanities (miscellaneous) (Q1); Education (Q1); Social Sciences (miscellaneous) (Q1)";"Arts and Humanities; Social Sciences"
33;21100936623;"Campbell Systematic Reviews";journal;"18911803";"John Wiley &amp; Sons Inc.";Yes;Yes;1,585;Q1;26;79;213;12415;1410;205;7,34;157,15;60,15;5;38;United States;Northern America;"John Wiley &amp; Sons Inc.";"2019-2025";"Social Sciences (miscellaneous) (Q1)";"Social Sciences"
34;21100777183;"Journal of Family Theory and Review";journal;"17562589, 17562570";"Wiley-Blackwell Publishing Ltd";No;No;1,580;Q1;43;62;108;4733;580;104;4,91;76,34;70,34;0;13;United Kingdom;Western Europe;"Wiley-Blackwell Publishing Ltd";"2016-2025";"Health (social science) (Q1); Social Psychology (Q1); Social Sciences (miscellaneous) (Q1)";"Psychology; Social Sciences"
35;26350;"Journal of European Social Policy";journal;"14617269, 09589287";"SAGE Publications Ltd";No;No;1,545;Q1;90;40;119;2209;557;119;4,44;55,23;55,95;5;33;United Kingdom;Western Europe;"SAGE Publications Ltd";"1991-2025";"Management, Monitoring, Policy and Law (Q1); Social Sciences (miscellaneous) (Q1)";"Environmental Science; Social Sciences"
36;21101063742;"Earth System Governance";journal;"25898116";"Elsevier B.V.";Yes;No;1,539;Q1;23;25;100;1867;588;87;5,00;74,68;51,46;2;22;Netherlands;Western Europe;"Elsevier B.V.";"2019-2025";"Geography, Planning and Development (Q1); Global and Planetary Change (Q1); Management, Monitoring, Policy and Law (Q1); Political Science and International Relations (Q1); Social Sciences (miscellaneous) (Q1)";"Environmental Science; Social Sciences"
37;18699;"Theory, Culture and Society";journal;"02632764, 14603616";"SAGE Publications Ltd";No;No;1,531;Q1;136;81;202;3912;728;198;3,15;48,30;22,45;0;8;United Kingdom;Western Europe;"SAGE Publications Ltd";"1982-2025";"Social Sciences (miscellaneous) (Q1); Sociology and Political Science (Q1)";"Social Sciences"
38;21101114532;"Ijtihad: Jurnal Wacana Hukum Islam dan Kemanusiaan";journal;"14119544, 24778036";"Faculty of Sharia State Islamic University of Salatiga";Yes;No;1,517;Q1;12;13;38;991;243;38;7,68;76,23;20,69;0;6;Indonesia;Asiatic Region;"Faculty of Sharia State Islamic University of Salatiga";"2019-2024";"Law (Q1); Religious Studies (Q1); Social Sciences (miscellaneous) (Q1)";"Arts and Humanities; Social Sciences"
39;23168;"Language Testing";journal;"02655322, 14770946";"SAGE Publications Ltd";No;No;1,511;Q1;89;50;107;2347;412;97;3,03;46,94;46,39;0;3;United Kingdom;Western Europe;"SAGE Publications Ltd";"1984-2025";"Linguistics and Language (Q1); Social Sciences (miscellaneous) (Q1)";"Social Sciences"
40;22738;"Philosophy and Public Affairs";journal;"10884963, 00483915";"Wiley-Blackwell Publishing Ltd";No;No;1,508;Q1;87;19;42;0;174;39;3,37;0,00;12,50;0;0;United Kingdom;Western Europe;"Wiley-Blackwell Publishing Ltd";"1973-1982, 1984-1986, 1988-2001, 2003-2025";"History and Philosophy of Science (Q1); Political Science and International Relations (Q1); Social Sciences (miscellaneous) (Q1)";"Arts and Humanities; Social Sciences"
41;11600154701;"Police Quarterly";journal;"10986111, 1552745X";"SAGE Publications Inc.";No;No;1,503;Q1;69;36;67;2296;357;67;5,02;63,78;45,92;0;10;United States;Northern America;"SAGE Publications Inc.";"1998-2025";"Law (Q1); Social Sciences (miscellaneous) (Q1)";"Social Sciences"
42;144986;"Career Development International";journal;"13620436";"Emerald Group Publishing Ltd.";No;No;1,483;Q1;86;54;125;3734;662;121;5,44;69,15;59,31;0;22;United Kingdom;Western Europe;"Emerald Group Publishing Ltd.";"1996-2025";"Organizational Behavior and Human Resource Management (Q1); Social Sciences (miscellaneous) (Q1)";"Business, Management and Accounting; Social Sciences"
43;21101097039;"Sociology of Race and Ethnicity";journal;"23326506, 23326492";"SAGE Publications Inc.";No;No;1,454;Q1;40;55;122;3362;459;111;3,45;61,13;56,99;1;29;United States;Northern America;"SAGE Publications Inc.";"2015-2025";"Anthropology (Q1); Social Sciences (miscellaneous) (Q1)";"Social Sciences"
44;18090;"Sociological Methodology";journal;"14679531, 00811750";"SAGE Publications Ltd";No;No;1,440;Q1;66;17;36;1014;128;36;2,96;59,65;50,00;0;1;United Kingdom;Western Europe;"SAGE Publications Ltd";"1987-1990, 1993, 1996-2025";"Social Sciences (miscellaneous) (Q1); Sociology and Political Science (Q1)";"Social Sciences"
45;21100830505;"Communication and Sport";journal;"21674809, 21674795";"SAGE Publications Ltd";No;No;1,418;Q1;35;114;172;7067;884;160;4,99;61,99;38,01;0;30;United Kingdom;Western Europe;"SAGE Publications Ltd";"2015-2025";"Communication (Q1); Social Sciences (miscellaneous) (Q1)";"Social Sciences"
46;36450;"Design Studies";journal;"0142694X";"Elsevier Ltd";No;No;1,410;Q1;116;19;100;1152;628;95;6,54;60,63;52,46;0;5;United Kingdom;Western Europe;"Elsevier Ltd";"1979-2025";"Architecture (Q1); Artificial Intelligence (Q1); Arts and Humanities (miscellaneous) (Q1); Computer Science Applications (Q1); Engineering (miscellaneous) (Q1); Social Sciences (miscellaneous) (Q1)";"Arts and Humanities; Computer Science; Engineering; Social Sciences"
47;21100902871;"International Journal for Educational Integrity";journal;"18332595";"BioMed Central Ltd";Yes;No;1,405;Q1;28;26;77;1274;785;74;10,15;49,00;52,53;1;6;United Kingdom;Western Europe;"BioMed Central Ltd";"2015-2025";"Education (Q1); Social Sciences (miscellaneous) (Q1)";"Social Sciences"
48;144933;"Review of Economics of the Household";journal;"15737152, 15695239";"Kluwer Academic Publishers";No;No;1,395;Q1;48;88;145;4647;655;143;2,82;52,81;45,79;16;62;Netherlands;Western Europe;"Kluwer Academic Publishers";"2005-2025";"Economics and Econometrics (Q1); Social Sciences (miscellaneous) (Q1)";"Economics, Econometrics and Finance; Social Sciences"
49;13300154704;"Geography Compass";journal;"17498198";"John Wiley and Sons Inc";No;No;1,391;Q1;90;41;121;4161;606;120;4,20;101,49;48,44;1;21;United States;Northern America;"John Wiley and Sons Inc";"2008-2025";"Atmospheric Science (Q1); Computers in Earth Sciences (Q1); Earth-Surface Processes (Q1); Social Sciences (miscellaneous) (Q1); Water Science and Technology (Q1)";"Earth and Planetary Sciences; Environmental Science; Social Sciences"
50;14871;"International Journal of Behavioral Development";journal;"01650254, 14640651";"SAGE Publications Ltd";No;No;1,384;Q1;112;85;167;4861;644;166;4,26;57,19;62,15;5;20;United Kingdom;Western Europe;"SAGE Publications Ltd";"1978-2025";"Developmental and Educational Psychology (Q1); Developmental Neuroscience (Q1); Education (Q1); Life-span and Life-course Studies (Q1); Social Psychology (Q1); Social Sciences (miscellaneous) (Q1)";"Neuroscience; Psychology; Social Sciences"
51;21101134668;"Human-Machine Communication";journal;"2638602X, 26386038";"Communication and Social Robotics Labs";Yes;Yes;1,381;Q1;14;29;44;1729;216;44;3,96;59,62;57,83;0;4;United States;Northern America;"Communication and Social Robotics Labs";"2020-2024";"Communication (Q1); Health (social science) (Q1); Social Sciences (miscellaneous) (Q1)";"Social Sciences"
52;18916;"Social Science Computer Review";journal;"15528286, 08944393";"SAGE Publications Inc.";No;No;1,374;Q1;96;129;273;8399;1595;272;5,50;65,11;43,23;2;34;United States;Northern America;"SAGE Publications Inc.";"1983-2025";"Computer Science Applications (Q1); Law (Q1); Library and Information Sciences (Q1); Social Sciences (miscellaneous) (Q1)";"Computer Science; Social Sciences"
53;26043;"Economy and Society";journal;"03085147, 14695766";"Routledge";No;No;1,343;Q1;103;33;92;2511;401;92;4,26;76,09;41,07;1;17;United Kingdom;Western Europe;"Routledge";"1972-2025";"Business and International Management (Q1); Economics and Econometrics (Q1); Economics, Econometrics and Finance (miscellaneous) (Q1); History (Q1); Social Sciences (miscellaneous) (Q1)";"Arts and Humanities; Business, Management and Accounting; Economics, Econometrics and Finance; Social Sciences"
54;14152;"Family Process";journal;"15455300, 00147370";"Wiley-Blackwell Publishing Ltd";No;No;1,329;Q1;98;152;312;9252;1191;301;3,50;60,87;67,08;0;38;United Kingdom;Western Europe;"Wiley-Blackwell Publishing Ltd";"1962-2025";"Clinical Psychology (Q1); Social Psychology (Q1); Social Sciences (miscellaneous) (Q1)";"Psychology; Social Sciences"
55;18173;"Mathematical Finance";journal;"09601627, 14679965";"Wiley-Blackwell Publishing Ltd";No;No;1,327;Q1;89;39;108;2115;300;108;2,91;54,23;23,53;0;2;United Kingdom;Western Europe;"Wiley-Blackwell Publishing Ltd";"1991-2025";"Accounting (Q1); Applied Mathematics (Q1); Economics and Econometrics (Q1); Finance (Q1); Social Sciences (miscellaneous) (Q1)";"Business, Management and Accounting; Economics, Econometrics and Finance; Mathematics; Social Sciences"
56;14000155895;"Sociology Compass";journal;"17519020";"John Wiley and Sons Inc";No;No;1,310;Q1;63;134;266;11160;1124;262;2,94;83,28;47,06;1;78;United States;Northern America;"John Wiley and Sons Inc";"2011-2025";"Social Sciences (miscellaneous) (Q1)";"Social Sciences"
57;24377;"Social Studies of Science";journal;"14603659, 03063127";"SAGE Publications Ltd";No;No;1,293;Q1;110;53;130;3883;529;122;3,82;73,26;45,65;2;21;United Kingdom;Western Europe;"SAGE Publications Ltd";"1971-2025";"History (Q1); History and Philosophy of Science (Q1); Social Sciences (miscellaneous) (Q1)";"Arts and Humanities; Social Sciences"
58;23715;"Science Technology and Human Values";journal;"01622439, 15528251";"SAGE Publications Inc.";No;No;1,290;Q1;96;97;179;5946;757;163;3,83;61,30;62,42;2;44;United States;Northern America;"SAGE Publications Inc.";"1976-2025";"Anthropology (Q1); Economics and Econometrics (Q1); Engineering (miscellaneous) (Q1); Human-Computer Interaction (Q1); Philosophy (Q1); Social Sciences (miscellaneous) (Q1); Sociology and Political Science (Q1)";"Arts and Humanities; Computer Science; Economics, Econometrics and Finance; Engineering; Social Sciences"
59;14929;"Global Networks";journal;"14710374, 14702266";"Wiley-Blackwell Publishing Ltd";No;No;1,285;Q1;90;53;146;3563;619;145;3,96;67,23;52,53;1;22;United Kingdom;Western Europe;"Wiley-Blackwell Publishing Ltd";"2001-2025";"Social Sciences (miscellaneous) (Q1)";"Social Sciences"
60;21100386467;"Sleep Health";journal;"23527218";"Elsevier Inc.";No;No;1,285;Q1;51;144;337;5843;1189;302;3,21;40,58;55,52;0;37;United States;Northern America;"Elsevier Inc.";"2015-2025";"Behavioral Neuroscience (Q1); Health (social science) (Q1); Neuropsychology and Physiological Psychology (Q1); Social Sciences (miscellaneous) (Q1)";"Neuroscience; Psychology; Social Sciences"
61;25675;"Journal of Early Adolescence";journal;"15525449, 02724316";"SAGE Publications Inc.";No;No;1,264;Q1;85;80;144;5506;549;143;3,81;68,83;61,97;0;30;United States;Northern America;"SAGE Publications Inc.";"1981-2025";"Developmental and Educational Psychology (Q1); Life-span and Life-course Studies (Q1); Social Sciences (miscellaneous) (Q1); Sociology and Political Science (Q1)";"Psychology; Social Sciences"
62;21100364916;"IEEE Transactions on Computational Social Systems";journal;"2329924X";"Institute of Electrical and Electronics Engineers Inc.";No;No;1,257;Q1;68;793;595;39415;4547;580;7,27;49,70;31,66;0;154;United States;Northern America;"Institute of Electrical and Electronics Engineers Inc.";"2014-2025";"Human-Computer Interaction (Q1); Modeling and Simulation (Q1); Social Sciences (miscellaneous) (Q1)";"Computer Science; Mathematics; Social Sciences"
63;15528;"Annals of the American Academy of Political and Social Science";journal;"15523349, 00027162";"SAGE Publications Inc.";No;No;1,253;Q1;131;13;257;480;890;243;3,12;36,92;56,25;0;10;United States;Northern America;"SAGE Publications Inc.";"1890-2024";"Social Sciences (miscellaneous) (Q1); Sociology and Political Science (Q1)";"Social Sciences"
64;16444;"Journal of Educational and Behavioral Statistics";journal;"10769986, 19351054";"SAGE Publications Inc.";No;No;1,253;Q1;76;68;88;2842;221;81;2,72;41,79;29,73;0;3;United States;Northern America;"SAGE Publications Inc.";"1996-2025";"Education (Q1); Social Sciences (miscellaneous) (Q1)";"Social Sciences"
65;20369;"Journal of Family Violence";journal;"08857482, 15732851";"Springer New York";No;No;1,243;Q1;98;237;374;13551;1544;369;4,39;57,18;75,60;10;232;United States;Northern America;"Springer New York";"1986-2025";"Clinical Psychology (Q1); Law (Q1); Social Sciences (miscellaneous) (Q1); Sociology and Political Science (Q1)";"Psychology; Social Sciences"
66;22773;"Policy Sciences";journal;"00322687, 15730891";"Springer Netherlands";No;No;1,217;Q1;78;43;109;3508;536;107;4,09;81,58;52,27;1;23;Netherlands;Western Europe;"Springer Netherlands";"1970-2025";"Development (Q1); Management, Monitoring, Policy and Law (Q1); Public Administration (Q1); Social Sciences (miscellaneous) (Q1); Sociology and Political Science (Q1)";"Environmental Science; Social Sciences"
67;21101064807;"Cleaner and Responsible Consumption";journal;"26667843";"Elsevier B.V.";Yes;No;1,198;Q1;22;84;146;6919;1025;144;6,49;82,37;47,74;0;69;United Kingdom;Western Europe;"Elsevier B.V.";"2020-2025";"Economics and Econometrics (Q1); Environmental Engineering (Q1); Environmental Science (miscellaneous) (Q1); Geography, Planning and Development (Q1); Management, Monitoring, Policy and Law (Q1); Social Sciences (miscellaneous) (Q1); Renewable Energy, Sustainability and the Environment (Q2)";"Economics, Econometrics and Finance; Energy; Environmental Science; Social Sciences"
68;21100855741;"Sociological Science";journal;"23306696";"Society for Sociological Science";Yes;No;1,197;Q1;45;39;70;2947;181;70;2,02;75,56;36,21;0;23;United States;Northern America;"Society for Sociological Science";"2014-2025";"Social Sciences (miscellaneous) (Q1)";"Social Sciences"
69;21100975562;"Sports Coaching Review";journal;"21640637, 21640629";"Taylor and Francis Ltd.";No;No;1,191;Q1;27;39;87;2350;330;86;3,32;60,26;32,80;0;5;United Kingdom;Western Europe;"Taylor and Francis Ltd.";"2012-2025";"Business and International Management (Q1); Social Sciences (miscellaneous) (Q1); Tourism, Leisure and Hospitality Management (Q1)";"Business, Management and Accounting; Social Sciences"
70;21101134736;"SSM - Mental Health";journal;"26665603";"Elsevier Ltd";Yes;No;1,190;Q1;18;91;261;5697;841;252;2,89;62,60;63,16;3;47;United Kingdom;Western Europe;"Elsevier Ltd";"2021-2025";"Psychology (miscellaneous) (Q1); Social Sciences (miscellaneous) (Q1)";"Psychology; Social Sciences"
71;21101021489;"Socius";journal;"23780231";"SAGE Publications Inc.";Yes;No;1,185;Q1;43;160;355;9703;1165;355;2,03;60,64;50,60;1;84;United States;Northern America;"SAGE Publications Inc.";"2015-2025";"Social Sciences (miscellaneous) (Q1)";"Social Sciences"
72;147233;"Punishment and Society";journal;"17413095, 14624745";"SAGE Publications Ltd";No;No;1,176;Q1;73;61;135;3957;498;134;3,47;64,87;55,81;0;33;United Kingdom;Western Europe;"SAGE Publications Ltd";"1999-2025";"Law (Q1); Social Sciences (miscellaneous) (Q1)";"Social Sciences"
73;25987;"Social Networks";journal;"03788733";"Elsevier B.V.";No;No;1,168;Q1;120;70;227;4718;708;225;2,90;67,40;32,42;0;14;Netherlands;Western Europe;"Elsevier B.V.";"1978-2025";"Anthropology (Q1); Psychology (miscellaneous) (Q1); Social Sciences (miscellaneous) (Q1); Sociology and Political Science (Q1)";"Psychology; Social Sciences"
74;24222;"Scientometrics";journal;"15882861, 01389130";"Akademiai Kiado";No;No;1,152;Q1;154;338;1092;18506;4977;996;3,89;54,75;37,82;9;62;Hungary;Eastern Europe;"Akademiai Kiado";"1978-2025";"Computer Science Applications (Q1); Library and Information Sciences (Q1); Social Sciences (miscellaneous) (Q1)";"Computer Science; Social Sciences"
75;18140;"Sociology of Religion";journal;"10694404";"Association for the Sociology of Religion";No;No;1,144;Q1;59;19;54;1352;128;54;2,11;71,16;53,33;0;7;United States;Northern America;"Association for the Sociology of Religion";"1964-1975, 1977-1978, 1980-1984, 1986-1994, 1996, 1998-2001, 2005-2024";"Religious Studies (Q1); Social Sciences (miscellaneous) (Q1)";"Arts and Humanities; Social Sciences"
76;27446;"Youth and Society";journal;"15528499, 0044118X";"SAGE Publications Inc.";No;No;1,143;Q1;78;101;201;5979;766;200;3,29;59,20;67,13;0;58;United States;Northern America;"SAGE Publications Inc.";"1969-2025";"Social Sciences (miscellaneous) (Q1); Sociology and Political Science (Q1)";"Social Sciences"
77;21101095132;"Behavioural Public Policy";journal;"23980648, 2398063X";"Cambridge University Press";No;No;1,134;Q1;27;74;136;4240;478;128;3,21;57,30;36,69;11;19;United Kingdom;Western Europe;"Cambridge University Press";"2017-2025";"Political Science and International Relations (Q1); Social Psychology (Q1); Social Sciences (miscellaneous) (Q1); Sociology and Political Science (Q1); Applied Psychology (Q2)";"Psychology; Social Sciences"
78;3900148210;"Evidence and Policy";journal;"17442648";"Policy Press";No;No;1,118;Q1;46;33;122;1424;345;120;2,89;43,15;57,52;0;4;United Kingdom;Western Europe;"Policy Press";"2006-2024";"Cardiology and Cardiovascular Medicine (Q1); Orthopedics and Sports Medicine (Q1); Social Sciences (miscellaneous) (Q1); Physiology (Q2)";"Biochemistry, Genetics and Molecular Biology; Medicine; Social Sciences"
79;15300154806;"Dementia";journal;"17412684, 14713012";"SAGE Publications Ltd";No;No;1,113;Q1;70;95;411;5164;1366;409;3,02;54,36;75,23;2;17;United Kingdom;Western Europe;"SAGE Publications Ltd";"2002-2025";"History (Q1); Medicine (miscellaneous) (Q1); Social Sciences (miscellaneous) (Q1); Sociology and Political Science (Q1)";"Arts and Humanities; Medicine; Social Sciences"
80;13197;"Nonprofit and Voluntary Sector Quarterly";journal;"15527395, 08997640";"SAGE Publications Inc.";No;No;1,112;Q1;107;96;218;7041;949;211;4,07;73,34;51,11;0;27;United States;Northern America;"SAGE Publications Inc.";"1972-2025";"Social Sciences (miscellaneous) (Q1)";"Social Sciences"
81;12125;"Behaviour and Information Technology";journal;"13623001, 0144929X";"Taylor and Francis Ltd.";No;No;1,103;Q1;103;396;498;34153;3149;491;5,83;86,24;43,18;0;87;United Kingdom;Western Europe;"Taylor and Francis Ltd.";"1982-2025";"Arts and Humanities (miscellaneous) (Q1); Human-Computer Interaction (Q1); Social Sciences (miscellaneous) (Q1); Developmental and Educational Psychology (Q2)";"Arts and Humanities; Computer Science; Psychology; Social Sciences"
82;21101076323;"Digital Geography and Society";journal;"26663783";"Elsevier Ltd";Yes;No;1,091;Q1;14;30;61;2381;283;60;4,20;79,37;49,02;1;15;United Kingdom;Western Europe;"Elsevier Ltd";"2020-2025";"Computer Science Applications (Q1); Development (Q1); Geography, Planning and Development (Q1); Information Systems (Q1); Social Sciences (miscellaneous) (Q1)";"Computer Science; Social Sciences"
83;21101167206;"Advances in Simulation";journal;"20590628";"BioMed Central Ltd";Yes;No;1,082;Q1;32;53;110;2279;498;105;4,55;43,00;60,39;1;21;United Kingdom;Western Europe;"BioMed Central Ltd";"2016-2025";"Ecology, Evolution, Behavior and Systematics (Q1); Psychology (miscellaneous) (Q1); Social Sciences (miscellaneous) (Q1); Cognitive Neuroscience (Q2); Developmental Neuroscience (Q2); Psychiatry and Mental Health (Q2)";"Agricultural and Biological Sciences; Medicine; Neuroscience; Psychology; Social Sciences"
84;21100797724;"Journal of Survey Statistics and Methodology";journal;"23250992, 23250984";"Oxford University Press";No;No;1,077;Q1;27;73;156;2908;348;155;1,94;39,84;45,36;10;7;United States;Northern America;"Oxford University Press";"2013-2025";"Applied Mathematics (Q1); Social Sciences (miscellaneous) (Q1); Statistics and Probability (Q1); Statistics, Probability and Uncertainty (Q1)";"Decision Sciences; Mathematics; Social Sciences"
85;20563;"Minerva";journal;"00264695, 15731871";"Springer Netherlands";Yes;No;1,068;Q1;53;44;75;3313;319;75;4,57;75,30;38,74;3;16;Netherlands;Western Europe;"Springer Netherlands";"1962-2025";"Education (Q1); Social Sciences (miscellaneous) (Q1)";"Social Sciences"
86;23952;"Cooperation and Conflict";journal;"00108367, 14603691";"SAGE Publications Ltd";No;No;1,067;Q1;55;59;81;4463;259;80;3,12;75,64;49,00;2;20;United Kingdom;Western Europe;"SAGE Publications Ltd";"1965, 1967-2025";"Development (Q1); Political Science and International Relations (Q1); Social Sciences (miscellaneous) (Q1); Strategy and Management (Q1)";"Business, Management and Accounting; Social Sciences"
87;27699;"Synthese";journal;"00397857, 15730964";"Springer Netherlands";No;No;1,052;Q1;89;384;2435;22305;4721;2385;1,55;58,09;22,32;2;13;Netherlands;Western Europe;"Springer Netherlands";"1936-1939, 1946-1949, 1955-1956, 1959-1963, 1966-2025";"Philosophy (Q1); Social Sciences (miscellaneous) (Q1)";"Arts and Humanities; Social Sciences"
88;4100151507;"Research in Social Stratification and Mobility";book series;"02765624";"Emerald Publishing";No;No;1,051;Q1;61;78;154;5778;456;152;2,34;74,08;41,62;4;68;United States;Northern America;"Emerald Publishing";"2001-2025";"Social Sciences (miscellaneous) (Q1); Sociology and Political Science (Q1)";"Social Sciences"
89;20848;"Health and Social Care in the Community";journal;"09660410, 13652524";"John Wiley and Sons Ltd";No;No;1,045;Q1;85;132;1164;7481;3580;1163;2,97;56,67;67,57;0;68;United Kingdom;Western Europe;"John Wiley and Sons Ltd";"1993-2024";"Health Policy (Q1); Public Health, Environmental and Occupational Health (Q1); Social Sciences (miscellaneous) (Q1); Social Work (Q1); Sociology and Political Science (Q1)";"Medicine; Social Sciences"
90;27896;"Studies in Family Planning";journal;"17284465, 00393665";"Wiley-Blackwell Publishing Ltd";No;No;1,045;Q1;79;19;94;753;271;83;2,82;39,63;66,67;0;17;United Kingdom;Western Europe;"Wiley-Blackwell Publishing Ltd";"1970-2025";"Demography (Q1); Social Sciences (miscellaneous) (Q1)";"Social Sciences"
91;21101019738;"Human Behavior and Emerging Technologies";journal;"25781863";"John Wiley and Sons Inc";Yes;No;1,036;Q1;40;70;235;5559;1415;234;4,09;79,41;48,16;1;16;United States;Northern America;"John Wiley and Sons Inc";"2019-2024";"Human-Computer Interaction (Q1); Social Sciences (miscellaneous) (Q1); Social Psychology (Q2)";"Computer Science; Psychology; Social Sciences"
92;144833;"Qualitative Inquiry";journal;"15527565, 10778004";"SAGE Publications Inc.";No;No;1,032;Q1;111;203;400;6978;1058;384;2,23;34,37;69,49;0;43;United States;Northern America;"SAGE Publications Inc.";"1995-2025";"Anthropology (Q1); Social Sciences (miscellaneous) (Q1)";"Social Sciences"
93;12282;"Journal of Social Policy";journal;"14697823, 00472794";"Cambridge University Press";No;No;1,025;Q1;84;92;184;5193;605;183;3,28;56,45;52,63;0;74;United Kingdom;Western Europe;"Cambridge University Press";"1976, 1978-1984, 1986-2025";"Management, Monitoring, Policy and Law (Q1); Public Administration (Q1); Social Sciences (miscellaneous) (Q1); Social Work (Q1)";"Environmental Science; Social Sciences"
94;21101210522;"Journal of Islamic Law";journal;"27215032, 27215040";"Institut Agama Islam Negeri Pontianak";Yes;No;1,023;Q1;8;14;36;1151;138;36;4,38;82,21;36,00;0;10;Indonesia;Asiatic Region;"Institut Agama Islam Negeri Pontianak";"2020-2024";"Arts and Humanities (miscellaneous) (Q1); Law (Q1); Religious Studies (Q1); Social Sciences (miscellaneous) (Q1)";"Arts and Humanities; Social Sciences"
95;21101059716;"Al-Ihkam: Jurnal Hukum dan Pranata Sosial";journal;"24423084, 1907591X";"Faculty of Shariah Institut Agama Islam Negeri Madura";Yes;No;1,015;Q1;12;18;75;747;310;75;4,55;41,50;25,49;0;6;Indonesia;Asiatic Region;"Faculty of Shariah Institut Agama Islam Negeri Madura";"2018-2024";"Arts and Humanities (miscellaneous) (Q1); Law (Q1); Philosophy (Q1); Religious Studies (Q1); Social Sciences (miscellaneous) (Q1); Sociology and Political Science (Q1); Social Psychology (Q2)";"Arts and Humanities; Psychology; Social Sciences"
96;21100850750;"European Journal of Futures Research";journal;"21952248, 21954194";"Springer Verlag";Yes;No;1,014;Q1;28;22;51;1552;270;51;5,21;70,55;41,67;1;11;Germany;Western Europe;"Springer Verlag";"2013-2025";"Economics, Econometrics and Finance (miscellaneous) (Q1); Social Sciences (miscellaneous) (Q1); Sociology and Political Science (Q1); Tourism, Leisure and Hospitality Management (Q1); Management of Technology and Innovation (Q2)";"Business, Management and Accounting; Economics, Econometrics and Finance; Social Sciences"
97;147231;"International Review for the Sociology of Sport";journal;"10126902";"SAGE Publications Ltd";No;No;1,000;Q1;76;111;198;7285;833;197;3,91;65,63;38,22;3;45;United Kingdom;Western Europe;"SAGE Publications Ltd";"1966-2002, 2004-2025";"Social Sciences (miscellaneous) (Q1); Sociology and Political Science (Q1); Sports Science (Q2)";"Health Professions; Social Sciences"
98;145502;"Journal of Youth Studies";journal;"14699680, 13676261";"Routledge";No;No;0,995;Q1;77;151;254;8394;977;252;3,93;55,59;66,32;11;92;United Kingdom;Western Europe;"Routledge";"2003-2025";"Life-span and Life-course Studies (Q1); Social Sciences (miscellaneous) (Q1); Sociology and Political Science (Q1)";"Social Sciences"
99;22902;"Oxford Bulletin of Economics and Statistics";journal;"03059049, 14680084";"Wiley-Blackwell Publishing Ltd";No;No;0,984;Q1;88;61;176;3260;362;176;1,59;53,44;23,68;13;25;United Kingdom;Western Europe;"Wiley-Blackwell Publishing Ltd";"1973-2025";"Social Sciences (miscellaneous) (Q1); Statistics and Probability (Q1); Statistics, Probability and Uncertainty (Q1); Economics and Econometrics (Q2)";"Decision Sciences; Economics, Econometrics and Finance; Mathematics; Social Sciences"
100;21101226899;"World Development Sustainability";journal;"2772655X";"Elsevier B.V.";Yes;No;0,984;Q1;13;75;106;5464;651;102;6,14;72,85;28,57;0;73;Netherlands;Western Europe;"Elsevier B.V.";"2022-2025";"Geography, Planning and Development (Q1); Social Sciences (miscellaneous) (Q1)";"Social Sciences"
101;21101140103;"SSM - Qualitative Research in Health";journal;"26673215";"Elsevier Ltd";Yes;No;0,966;Q1;16;138;364;7466;1037;364;2,82;54,10;68,70;0;81;United Kingdom;Western Europe;"Elsevier Ltd";"2021-2025";"Health (social science) (Q1); Social Sciences (miscellaneous) (Q1)";"Social Sciences"
102;24733;"American Behavioral Scientist";journal;"15523381, 00027642";"SAGE Publications Inc.";No;No;0,961;Q1;139;233;416;12710;1428;398;1,95;54,55;52,79;5;116;United States;Northern America;"SAGE Publications Inc.";"1957-2025";"Cultural Studies (Q1); Education (Q1); Social Sciences (miscellaneous) (Q1); Sociology and Political Science (Q1); Social Psychology (Q2)";"Psychology; Social Sciences"
103;16473;"Journal of Contemporary Asia";journal;"00472336, 17527554";"Taylor and Francis Ltd.";No;No;0,960;Q1;53;69;109;4543;340;108;2,86;65,84;36,08;2;36;United Kingdom;Western Europe;"Taylor and Francis Ltd.";"1970-2025";"Cultural Studies (Q1); Social Sciences (miscellaneous) (Q1)";"Social Sciences"
104;28902;"Family Relations";journal;"01976664, 17413729";"Wiley-Blackwell Publishing Ltd";No;No;0,958;Q1;105;200;408;11535;1168;404;2,51;57,68;69,89;1;63;United Kingdom;Western Europe;"Wiley-Blackwell Publishing Ltd";"1981, 1992, 1996-2025";"Education (Q1); Social Sciences (miscellaneous) (Q1); Social Work (Q1); Developmental and Educational Psychology (Q2)";"Psychology; Social Sciences"
105;26619;"Symbolic Interaction";journal;"15338665, 01956086";"Wiley-Blackwell";No;No;0,952;Q1;61;43;74;2837;176;70;2,09;65,98;53,70;0;10;United States;Northern America;"Wiley-Blackwell";"1977-2025";"Communication (Q1); Education (Q1); Nursing (miscellaneous) (Q1); Social Sciences (miscellaneous) (Q1); Sociology and Political Science (Q1); Social Psychology (Q2)";"Nursing; Psychology; Social Sciences"
106;28846;"Disability and Society";journal;"13600508, 09687599";"Routledge";No;No;0,951;Q1;100;256;300;13463;1305;298;4,12;52,59;66,92;16;143;United Kingdom;Western Europe;"Routledge";"1994-2025";"Health Professions (miscellaneous) (Q1); Health (social science) (Q1); Social Sciences (miscellaneous) (Q1)";"Health Professions; Social Sciences"
107;21101183612;"Al-Manahij: Jurnal Kajian Hukum Islam";journal;"19786670, 25794167";"Universitas Islam Negeri Profesor Kiai Haji Saifuddin Zuhri Purwokerto";Yes;No;0,947;Q1;8;20;60;1048;210;60;4,45;52,40;27,78;0;8;Indonesia;Asiatic Region;"Universitas Islam Negeri Profesor Kiai Haji Saifuddin Zuhri Purwokerto";"2019-2024";"Law (Q1); Religious Studies (Q1); Social Sciences (miscellaneous) (Q1)";"Arts and Humanities; Social Sciences"
108;17508;"Social Development";journal;"14679507, 0961205X";"Wiley-Blackwell Publishing Ltd";No;No;0,946;Q1;114;62;218;3955;543;217;2,39;63,79;67,53;0;10;United Kingdom;Western Europe;"Wiley-Blackwell Publishing Ltd";"1992-2025";"Social Sciences (miscellaneous) (Q1); Sociology and Political Science (Q1); Developmental and Educational Psychology (Q2)";"Psychology; Social Sciences"
109;19700201530;"International Journal of Sport Policy and Politics";journal;"19406940, 19406959";"Taylor and Francis Ltd.";No;No;0,941;Q1;44;68;135;4620;512;127;3,32;67,94;25,49;1;19;United Kingdom;Western Europe;"Taylor and Francis Ltd.";"2010-2025";"Social Sciences (miscellaneous) (Q1); Tourism, Leisure and Hospitality Management (Q2)";"Business, Management and Accounting; Social Sciences"
110;19391;"Social Indicators Research";journal;"03038300, 15730921";"Springer Netherlands";No;No;0,933;Q1;147;237;781;15478;3084;774;3,76;65,31;43,89;6;162;Netherlands;Western Europe;"Springer Netherlands";"1974-2025";"Arts and Humanities (miscellaneous) (Q1); Social Sciences (miscellaneous) (Q1); Sociology and Political Science (Q1); Developmental and Educational Psychology (Q2)";"Arts and Humanities; Psychology; Social Sciences"
111;21101045325;"Samarah";journal;"25493167, 25493132";"Universitas Islam Negeri Ar-Raniry";No;No;0,921;Q1;13;90;188;4580;571;188;3,07;50,89;31,61;0;45;Indonesia;Asiatic Region;"Universitas Islam Negeri Ar-Raniry";"2017-2025";"Law (Q1); Social Sciences (miscellaneous) (Q1)";"Social Sciences"
112;13530;"Journal of the Royal Statistical Society. Series A: Statistics in Society";journal;"09641998, 1467985X";"Oxford University Press";No;No;0,919;Q1;97;68;325;2655;547;270;1,35;39,04;35,07;6;22;United Kingdom;Western Europe;"Oxford University Press";"1988-2025";"Social Sciences (miscellaneous) (Q1); Statistics and Probability (Q1); Statistics, Probability and Uncertainty (Q1); Economics and Econometrics (Q2)";"Decision Sciences; Economics, Econometrics and Finance; Mathematics; Social Sciences"
113;21100908414;"Proceedings of the ACM on Human-Computer Interaction";journal;"25730142";"Association for Computing Machinery";No;No;0,919;Q1;77;575;1596;52050;8907;1579;4,55;90,52;44,77;1;122;United States;Northern America;"Association for Computing Machinery";"2017-2025";"Computer Networks and Communications (Q1); Social Sciences (miscellaneous) (Q1); Human-Computer Interaction (Q2)";"Computer Science; Social Sciences"
114;14119;"Disasters";journal;"03613666, 14677717";"Wiley-Blackwell Publishing Ltd";No;No;0,907;Q1;88;50;161;3593;623;157;3,45;71,86;54,81;3;30;United Kingdom;Western Europe;"Wiley-Blackwell Publishing Ltd";"1977-2025";"Earth and Planetary Sciences (miscellaneous) (Q1); Social Sciences (miscellaneous) (Q1)";"Earth and Planetary Sciences; Social Sciences"
115;21101089492;"Project Leadership and Society";journal;"26667215";"Elsevier Ltd";Yes;No;0,904;Q1;20;50;86;3827;611;86;6,16;76,54;37,66;0;22;United Kingdom;Western Europe;"Elsevier Ltd";"2020-2025";"Public Administration (Q1); Social Sciences (miscellaneous) (Q1); Sociology and Political Science (Q1)";"Social Sciences"
116;19900191756;"Social Responsibility Journal";journal;"1758857X, 17471117";"Emerald Group Publishing Ltd.";No;No;0,899;Q1;63;114;228;9543;1468;228;5,81;83,71;43,36;0;84;United Kingdom;Western Europe;"Emerald Group Publishing Ltd.";"2005-2025";"Business, Management and Accounting (miscellaneous) (Q1); Social Sciences (miscellaneous) (Q1)";"Business, Management and Accounting; Social Sciences"
117;15641;"Journal of Family Issues";journal;"15525481, 0192513X";"SAGE Publications Inc.";No;No;0,896;Q1;102;157;427;8688;1110;427;2,59;55,34;69,95;0;49;United States;Northern America;"SAGE Publications Inc.";"1980-2025";"Social Sciences (miscellaneous) (Q1)";"Social Sciences"
118;21101176851;"Volksgeist: Jurnal Ilmu Hukum dan Konstitusi";journal;"2615174X, 26155648";"Universitas Islam Negeri Profesor Kiai Haji Saifuddin Zuhri Purwokerto";Yes;No;0,884;Q1;10;22;60;1096;198;60;4,45;49,82;28,13;0;16;Indonesia;Asiatic Region;"Universitas Islam Negeri Profesor Kiai Haji Saifuddin Zuhri Purwokerto";"2019-2024";"Law (Q1); Political Science and International Relations (Q1); Social Sciences (miscellaneous) (Q1); Sociology and Political Science (Q1)";"Social Sciences"
119;21101038730;"International Journal of Geoheritage and Parks";journal;"25774441, 2577445X";"KeAi Communications Co.";Yes;Yes;0,879;Q1;25;44;120;2625;689;118;5,62;59,66;35,43;0;40;China;Asiatic Region;"KeAi Communications Co.";"2018-2025";"Development (Q1); Geography, Planning and Development (Q1); Geology (Q1); Nature and Landscape Conservation (Q1); Social Sciences (miscellaneous) (Q1); Urban Studies (Q1)";"Earth and Planetary Sciences; Environmental Science; Social Sciences"
120;23704;"Journal of Gender Studies";journal;"14653869, 09589236";"Routledge";No;No;0,878;Q1;54;157;243;7436;772;214;3,10;47,36;68,48;0;99;United Kingdom;Western Europe;"Routledge";"1991-2025";"Arts and Humanities (miscellaneous) (Q1); Gender Studies (Q1); Social Sciences (miscellaneous) (Q1)";"Arts and Humanities; Social Sciences"
121;19372;"Quality and Quantity";journal;"00335177, 15737845";"Springer Netherlands";No;No;0,869;Q1;85;381;621;22426;3061;614;4,69;58,86;40,89;2;159;Netherlands;Western Europe;"Springer Netherlands";"1967-2025";"Social Sciences (miscellaneous) (Q1); Statistics and Probability (Q1)";"Mathematics; Social Sciences"
122;21101252431;"Computers and Education: X Reality";journal;"29496780";"Elsevier B.V.";Yes;No;0,868;Q1;11;43;41;2952;271;40;6,61;68,65;32,87;0;15;Netherlands;Western Europe;"Elsevier B.V.";"2022-2025";"Social Sciences (miscellaneous) (Q1); Human-Computer Interaction (Q2)";"Computer Science; Social Sciences"
123;19900192615;"Cyberpsychology";journal;"18027962";"Masaryk University";Yes;Yes;0,868;Q1;42;44;128;3371;407;128;2,57;76,61;56,08;0;12;Czech Republic;Eastern Europe;"Masaryk University";"2011-2025";"Communication (Q1); Social Sciences (miscellaneous) (Q1); Psychology (miscellaneous) (Q2)";"Psychology; Social Sciences"
124;26439;"Social Science Quarterly";journal;"00384941, 15406237";"Wiley-Blackwell Publishing Ltd";No;No;0,867;Q1;109;147;412;8375;936;409;1,86;56,97;34,43;2;70;United Kingdom;Western Europe;"Wiley-Blackwell Publishing Ltd";"1970, 1974, 1976-1984, 1987, 1989-1992, 1994, 1996-2025";"Social Sciences (miscellaneous) (Q1)";"Social Sciences"
125;24455;"Child and Youth Care Forum";journal;"15733319, 10531890";"Springer New York";No;No;0,860;Q1;53;93;172;6158;433;172;2,31;66,22;75,99;3;33;United States;Northern America;"Springer New York";"1991-2025";"Social Sciences (miscellaneous) (Q1); Life-span and Life-course Studies (Q2)";"Social Sciences"
126;21101142419;"International Journal of Applied Positive Psychology";journal;"23645040, 23645059";"Springer Nature";No;No;0,858;Q1;15;80;75;5310;245;73;2,78;66,38;57,98;1;8;Netherlands;Western Europe;"Springer Nature";"2016, 2018-2025";"Social Sciences (miscellaneous) (Q1); Applied Psychology (Q2)";"Psychology; Social Sciences"
127;21101167219;"Journal of Digital Economy";journal;"27730670";"KeAi Publishing Communications Ltd.";No;No;0,854;Q1;10;8;40;428;183;40;4,58;53,50;31,58;0;3;China;Asiatic Region;"KeAi Publishing Communications Ltd.";"2022-2024";"Business, Management and Accounting (miscellaneous) (Q1); Economics, Econometrics and Finance (miscellaneous) (Q1); Social Sciences (miscellaneous) (Q1)";"Business, Management and Accounting; Economics, Econometrics and Finance; Social Sciences"
128;21101091647;"LGBTQ+ Family: An Interdisciplinary Journal";journal;"27703371, 2770338X";"Routledge";No;No;0,850;Q1;46;45;80;3039;243;80;2,48;67,53;66,46;0;14;United Kingdom;Western Europe;"Routledge";"2022-2025";"Gender Studies (Q1); Social Sciences (miscellaneous) (Q1)";"Social Sciences"
129;12055;"Asian Journal of Social Psychology";journal;"1467839X, 13672223";"Wiley-Blackwell Publishing Ltd";No;No;0,849;Q1;62;72;146;4689;371;138;2,31;65,13;50,96;0;22;United Kingdom;Western Europe;"Wiley-Blackwell Publishing Ltd";"1998-2025";"Social Sciences (miscellaneous) (Q1); Social Psychology (Q2)";"Psychology; Social Sciences"
130;21101162682;"Al-Istinbath: Jurnal Hukum Islam";journal;"25483374, 25483382";"State Institute for Islamic Studies Curup";Yes;Yes;0,847;Q1;8;38;85;1714;204;85;2,89;45,11;24,68;0;20;Indonesia;Asiatic Region;"State Institute for Islamic Studies Curup";"2019-2024";"Law (Q1); Religious Studies (Q1); Social Sciences (miscellaneous) (Q1)";"Arts and Humanities; Social Sciences"
131;100147343;"Sex Education";journal;"14720825, 14681811";"Routledge";No;No;0,837;Q1;51;111;154;4991;525;146;2,49;44,96;78,33;0;100;United Kingdom;Western Europe;"Routledge";"2005-2025";"Education (Q1); Social Sciences (miscellaneous) (Q1)";"Social Sciences"
132;19700180783;"International Journal of Sports Science and Coaching";journal;"17479541";"SAGE Publications Inc.";No;No;0,832;Q1;49;257;480;12304;1403;480;2,67;47,88;23,78;0;20;United Kingdom;Western Europe;"SAGE Publications Inc.";"2010-2025";"Social Sciences (miscellaneous) (Q1); Sports Science (Q2)";"Health Professions; Social Sciences"
133;21101228048;"Disciplinary and Interdisciplinary Science Education Research";journal;"26622300";"Springer";Yes;Yes;0,825;Q1;19;27;55;1709;233;55;3,52;63,30;51,06;0;8;Singapore;Asiatic Region;"Springer";"2019-2025";"Social Sciences (miscellaneous) (Q1); Pharmacology (Q2)";"Pharmacology, Toxicology and Pharmaceutics; Social Sciences"
134;19349;"Journal of Mathematical Sociology";journal;"15455874, 0022250X";"Taylor and Francis Ltd.";No;No;0,823;Q1;37;19;41;894;69;41;2,22;47,05;21,21;0;2;United Kingdom;Western Europe;"Taylor and Francis Ltd.";"1971-2025";"Algebra and Number Theory (Q1); Social Sciences (miscellaneous) (Q1); Sociology and Political Science (Q1)";"Mathematics; Social Sciences"
135;21101018925;"Humanities and Social Sciences Communications";journal;"26629992";"Springer Nature";Yes;No;0,810;Q1;64;1702;1690;116030;7740;1653;4,21;68,17;42,65;19;846;United Kingdom;Western Europe;"Springer Nature";"2020-2025";"Arts and Humanities (miscellaneous) (Q1); Business, Management and Accounting (miscellaneous) (Q1); Economics, Econometrics and Finance (miscellaneous) (Q1); Social Sciences (miscellaneous) (Q1); Psychology (miscellaneous) (Q2)";"Arts and Humanities; Business, Management and Accounting; Economics, Econometrics and Finance; Psychology; Social Sciences"
136;20835;"Technical Communication";journal;"00493155";"Society for Technical Communication";No;No;0,809;Q1;38;19;78;805;109;63;1,40;42,37;43,33;0;4;United States;Northern America;"Society for Technical Communication";"1973-1985, 1987-1988, 1996-2024";"Communication (Q1); Social Sciences (miscellaneous) (Q1)";"Social Sciences"
137;6300153126;"Cultural Sociology";journal;"17499755";"SAGE Publications Ltd";No;No;0,808;Q1;46;58;89;3952;257;88;2,84;68,14;50,55;0;13;United Kingdom;Western Europe;"SAGE Publications Ltd";"2007-2025";"Cultural Studies (Q1); Social Sciences (miscellaneous) (Q1)";"Social Sciences"
138;19994;"Bulletin of Science, Technology and Society";journal;"02704676, 15524183";"SAGE Publications Inc.";No;No;0,807;Q1;32;6;31;554;134;31;5,14;92,33;46,15;0;2;United Kingdom;Western Europe;"SAGE Publications Inc.";"1982-1985, 1987-2005, 2012, 2014-2024";"Arts and Humanities (miscellaneous) (Q1); Education (Q1); History and Philosophy of Science (Q1); Social Sciences (miscellaneous) (Q1); Management of Technology and Innovation (Q2)";"Arts and Humanities; Business, Management and Accounting; Social Sciences"
139;23651;"System Dynamics Review";journal;"10991727, 08837066";"John Wiley and Sons Ltd";No;No;0,804;Q1;69;39;52;1860;155;43;2,61;47,69;34,74;0;10;United Kingdom;Western Europe;"John Wiley and Sons Ltd";"1985-2025";"Modeling and Simulation (Q1); Social Sciences (miscellaneous) (Q1); Management of Technology and Innovation (Q2); Strategy and Management (Q2)";"Business, Management and Accounting; Mathematics; Social Sciences"
140;24274;"Social Politics";journal;"10724745, 14682893";"Oxford University Press";No;No;0,800;Q1;69;33;172;1886;447;172;2,17;57,15;97,78;1;21;United Kingdom;Western Europe;"Oxford University Press";"1994-2024";"Gender Studies (Q1); Social Sciences (miscellaneous) (Q1)";"Social Sciences"
141;144948;"Journal of Occupational Science";journal;"14427591";"Taylor and Francis Ltd.";No;No;0,798;Q1;57;88;158;5051;491;133;3,14;57,40;76,19;0;29;United Kingdom;Western Europe;"Taylor and Francis Ltd.";"1993-2025";"Social Sciences (miscellaneous) (Q1); Sociology and Political Science (Q1)";"Social Sciences"
142;19400157156;"Journal of Pacific Rim Psychology";journal;"18344909";"SAGE Publications Ltd";Yes;Yes;0,798;Q1;28;23;109;1561;340;101;2,79;67,87;54,93;0;5;United Kingdom;Western Europe;"SAGE Publications Ltd";"2008-2025";"Social Sciences (miscellaneous) (Q1); Psychology (miscellaneous) (Q2)";"Psychology; Social Sciences"
143;3600148104;"Journal of Family Studies";journal;"13229400";"Taylor and Francis Ltd.";No;No;0,796;Q1;34;64;256;4135;641;255;2,45;64,61;71,17;1;24;United Kingdom;Western Europe;"Taylor and Francis Ltd.";"1995, 1997-2002, 2005-2025";"Social Sciences (miscellaneous) (Q1)";"Social Sciences"
144;28149;"Affilia - Feminist Inquiry in Social Work";journal;"15523020, 08861099";"SAGE Publications Inc.";No;No;0,793;Q1;49;54;130;3045;377;118;2,06;56,39;88,89;0;39;United States;Northern America;"SAGE Publications Inc.";"1986-2025";"Gender Studies (Q1); Social Sciences (miscellaneous) (Q1); Social Work (Q2)";"Social Sciences"
145;21101152733;"Legality: Jurnal Ilmiah Hukum";journal;"08546509, 25494600";"University of Muhammadiyah Malang";No;No;0,792;Q1;9;25;60;1337;177;60;3,53;53,48;40,00;0;15;Indonesia;Asiatic Region;"University of Muhammadiyah Malang";"2019-2025";"Law (Q1); Political Science and International Relations (Q1); Religious Studies (Q1); Social Sciences (miscellaneous) (Q1)";"Arts and Humanities; Social Sciences"
146;1100147103;"Analyses of Social Issues and Public Policy";journal;"15297489";"Wiley-Blackwell Publishing Ltd";No;No;0,780;Q1;40;55;137;3944;351;137;2,31;71,71;53,99;0;34;United Kingdom;Western Europe;"Wiley-Blackwell Publishing Ltd";"2005-2025";"Social Sciences (miscellaneous) (Q1); Management, Monitoring, Policy and Law (Q2)";"Environmental Science; Social Sciences"
147;5700167223;"Critical Discourse Studies";journal;"17405912, 17405904";"Routledge";No;No;0,777;Q1;42;82;118;3808;398;112;3,33;46,44;59,71;1;33;United Kingdom;Western Europe;"Routledge";"2005, 2010-2025";"Social Sciences (miscellaneous) (Q1)";"Social Sciences"
148;14432;"Daedalus";journal;"00115266, 15486192";"";No;No;0,772;Q1;71;58;195;2115;702;180;3,20;36,47;41,67;1;30;United States;Northern America;"";"1965, 1968-1989, 1992-1996, 1998-2024";"Arts and Humanities (miscellaneous) (Q1); History and Philosophy of Science (Q1); Political Science and International Relations (Q1); Social Sciences (miscellaneous) (Q1)";"Arts and Humanities; Social Sciences"
149;20642;"Empirical Economics";journal;"14358921, 03777332";"Physica-Verlag";No;No;0,760;Q1;71;200;652;11043;2259;648;2,25;55,22;28,13;8;127;Germany;Western Europe;"Physica-Verlag";"1976-2025";"Mathematics (miscellaneous) (Q1); Social Sciences (miscellaneous) (Q1); Economics and Econometrics (Q2); Statistics and Probability (Q2)";"Economics, Econometrics and Finance; Mathematics; Social Sciences"
150;11800154587;"China Information";journal;"0920203X, 1741590X";"SAGE Publications Ltd";No;No;0,758;Q1;34;24;53;1236;155;50;2,89;51,50;50,00;0;10;United Kingdom;Western Europe;"SAGE Publications Ltd";"1986-2025";"Arts and Humanities (miscellaneous) (Q1); Economics, Econometrics and Finance (miscellaneous) (Q1); Social Sciences (miscellaneous) (Q1)";"Arts and Humanities; Economics, Econometrics and Finance; Social Sciences"
151;5600152871;"International Studies in Sociology of Education";journal;"09620214, 17475066";"Routledge";No;No;0,755;Q1;42;44;100;2373;273;94;2,48;53,93;43,53;0;16;United Kingdom;Western Europe;"Routledge";"1991-2025";"Education (Q1); Social Sciences (miscellaneous) (Q1)";"Social Sciences"
152;21100819062;"Social Currents";journal;"23294973, 23294965";"SAGE Publications Inc.";No;No;0,749;Q1;30;38;87;2417;230;86;2,09;63,61;51,85;0;21;United States;Northern America;"SAGE Publications Inc.";"2014-2024";"Social Sciences (miscellaneous) (Q1)";"Social Sciences"
153;19700182329;"City, Culture and Society";journal;"18779174, 18779166";"Elsevier Ltd";No;No;0,743;Q1;44;26;81;1759;264;78;2,45;67,65;44,00;0;16;United Kingdom;Western Europe;"Elsevier Ltd";"2010-2025";"Economics, Econometrics and Finance (miscellaneous) (Q1); Social Sciences (miscellaneous) (Q1); Urban Studies (Q1)";"Economics, Econometrics and Finance; Social Sciences"
154;21101079132;"Wellbeing, Space and Society";journal;"26665581";"Elsevier B.V.";Yes;No;0,743;Q1;15;50;149;2860;473;148;2,68;57,20;69,88;0;31;Netherlands;Western Europe;"Elsevier B.V.";"2020-2025";"Geography, Planning and Development (Q1); Social Sciences (miscellaneous) (Q1); Health (social science) (Q2)";"Social Sciences"
155;28710;"British Journal of Social Work";journal;"00453102, 1468263X";"Oxford University Press";No;No;0,742;Q1;98;199;714;9415;1751;681;2,14;47,31;66,10;4;105;United Kingdom;Western Europe;"Oxford University Press";"1971-2024";"Social Sciences (miscellaneous) (Q1); Health (social science) (Q2); Social Work (Q2)";"Social Sciences"
156;17272;"Defence and Peace Economics";journal;"14768267, 10242694";"Routledge";No;No;0,741;Q1;50;92;168;5445;506;168;2,91;59,18;24,86;7;40;United Kingdom;Western Europe;"Routledge";"1994-2025";"Social Sciences (miscellaneous) (Q1); Economics and Econometrics (Q2)";"Economics, Econometrics and Finance; Social Sciences"
157;100147327;"Discourse";journal;"01596306, 14693739";"Routledge";Yes;No;0,740;Q1;70;75;195;4117;547;191;2,75;54,89;62,32;0;31;United Kingdom;Western Europe;"Routledge";"1980-2025";"Education (Q1); Linguistics and Language (Q1); Social Sciences (miscellaneous) (Q1)";"Social Sciences"
158;21101198697;"El-Usrah";journal;"26208075, 26208083";"State Islamic University of Ar-Raniry Faculty of Sharia and Law";No;No;0,730;Q1;9;46;95;2218;225;95;3,21;48,22;32,73;0;19;Indonesia;Asiatic Region;"State Islamic University of Ar-Raniry Faculty of Sharia and Law";"2020-2024";"Anthropology (Q1); Gender Studies (Q1); Law (Q1); Social Sciences (miscellaneous) (Q1)";"Social Sciences"
159;5600153659;"European Journal of Social Work";journal;"13691457";"Taylor and Francis Ltd.";No;No;0,726;Q1;37;157;258;6908;657;240;2,56;44,00;70,37;4;94;United Kingdom;Western Europe;"Taylor and Francis Ltd.";"2008-2025";"Social Sciences (miscellaneous) (Q1); Sociology and Political Science (Q1); Social Work (Q2)";"Social Sciences"
160;21101000295;"Metacritic Journal for Comparative Studies and Theory";journal;"24578827";"Babes-Bolyai University of Cluj, Faculty of Letters";Yes;Yes;0,723;Q1;6;23;91;701;48;91;0,63;30,48;52,17;0;10;Romania;Eastern Europe;"Babes-Bolyai University of Cluj, Faculty of Letters";"2019-2024";"Arts and Humanities (miscellaneous) (Q1); Literature and Literary Theory (Q1); Social Sciences (miscellaneous) (Q1)";"Arts and Humanities; Social Sciences"
161;5700184957;"Methodology";journal;"16142241, 16141881";"PsychOpen";Yes;Yes;0,722;Q1;40;13;50;616;127;49;1,94;47,38;35,29;0;0;Germany;Western Europe;"PsychOpen";"2005-2024";"Social Sciences (miscellaneous) (Q1); Psychology (miscellaneous) (Q2)";"Psychology; Social Sciences"
162;130173;"Community, Work and Family";journal;"14693615, 13668803";"Routledge";No;No;0,721;Q1;55;80;139;5240;369;127;2,66;65,50;73,44;2;40;United Kingdom;Western Europe;"Routledge";"2003-2025";"Development (Q1); Social Sciences (miscellaneous) (Q1); Sociology and Political Science (Q1)";"Social Sciences"
163;12028;"Applied Psychological Measurement";journal;"01466216, 15523497";"SAGE Publications Inc.";No;No;0,718;Q1;77;26;118;966;193;115;1,49;37,15;35,00;0;1;United States;Northern America;"SAGE Publications Inc.";"1977-2025";"Social Sciences (miscellaneous) (Q1); Psychology (miscellaneous) (Q2)";"Psychology; Social Sciences"
164;16907;"Research on Social Work Practice";journal;"10497315, 15527581";"SAGE Publications Inc.";No;No;0,717;Q1;79;110;237;5843;612;220;2,26;53,12;59,10;3;33;United States;Northern America;"SAGE Publications Inc.";"1991-2025";"Social Sciences (miscellaneous) (Q1); Sociology and Political Science (Q1); Psychology (miscellaneous) (Q2); Social Work (Q2)";"Psychology; Social Sciences"
165;27067;"Human Nature";journal;"19364776, 10456767";"Springer New York";No;No;0,716;Q1;83;17;79;1605;170;79;2,23;94,41;42,16;0;5;United States;Northern America;"Springer New York";"1990-2025";"Anthropology (Q1); Arts and Humanities (miscellaneous) (Q1); Ecology, Evolution, Behavior and Systematics (Q1); Social Sciences (miscellaneous) (Q1); Sociology and Political Science (Q1)";"Agricultural and Biological Sciences; Arts and Humanities; Social Sciences"
166;15567;"Journal of Marital and Family Therapy";journal;"17520606, 0194472X";"Wiley-Blackwell";No;No;0,710;Q1;80;50;174;2607;456;172;2,30;52,14;66,67;0;7;United States;Northern America;"Wiley-Blackwell";"1975-2025";"Social Sciences (miscellaneous) (Q1); Sociology and Political Science (Q1); Clinical Psychology (Q2); Social Psychology (Q2)";"Psychology; Social Sciences"
167;21100854808;"Journal of the Society for Social Work and Research";journal;"1948822X, 23342315";"University of Chicago Press";Yes;No;0,709;Q1;31;19;116;870;256;114;1,97;45,79;59,76;0;17;United States;Northern America;"University of Chicago Press";"2014-2024";"Social Sciences (miscellaneous) (Q1); Sociology and Political Science (Q1)";"Social Sciences"
168;21101023171;"Frontiers in Sociology";journal;"22977775";"Frontiers Media SA";Yes;No;0,707;Q1;34;273;789;16205;2049;722;2,28;59,36;57,50;0;160;Switzerland;Western Europe;"Frontiers Media SA";"2016-2025";"Social Sciences (miscellaneous) (Q1)";"Social Sciences"
169;5700168360;"Police Practice and Research";journal;"15614263";"Taylor and Francis Ltd.";No;No;0,707;Q1;41;61;197;3441;502;194;2,50;56,41;47,83;2;21;United Kingdom;Western Europe;"Taylor and Francis Ltd.";"2009-2025";"Law (Q1); Social Sciences (miscellaneous) (Q1)";"Social Sciences"
170;27207;"Social Epistemology";journal;"02691728, 14645297";"Routledge";No;No;0,705;Q1;44;102;169;4941;401;167;2,20;48,44;33,87;0;15;United Kingdom;Western Europe;"Routledge";"1987-2025";"Philosophy (Q1); Social Sciences (miscellaneous) (Q1)";"Arts and Humanities; Social Sciences"
171;21101184500;"Applied Corpus Linguistics";journal;"26667991";"Elsevier Inc.";No;No;0,700;Q1;10;37;61;1829;160;61;2,60;49,43;50,00;1;5;United States;Northern America;"Elsevier Inc.";"2021-2025";"Linguistics and Language (Q1); Social Sciences (miscellaneous) (Q1)";"Social Sciences"
172;16562;"Armed Forces and Society";journal;"15560848, 0095327X";"SAGE Publications Inc.";No;No;0,697;Q1;50;122;149;7358;368;132;2,26;60,31;39,76;0;38;United States;Northern America;"SAGE Publications Inc.";"1974-2025";"Safety Research (Q1); Social Sciences (miscellaneous) (Q1); Sociology and Political Science (Q1)";"Social Sciences"
173;19700175819;"Patient Preference and Adherence";journal;"1177889X";"Dove Medical Press Ltd";Yes;No;0,693;Q1;74;231;846;8975;2004;823;2,17;38,85;50,79;0;90;New Zealand;Pacific Region;"Dove Medical Press Ltd";"2007-2025";"Pharmacology, Toxicology and Pharmaceutics (miscellaneous) (Q1); Social Sciences (miscellaneous) (Q1); Health Policy (Q2); Medicine (miscellaneous) (Q2)";"Medicine; Pharmacology, Toxicology and Pharmaceutics; Social Sciences"
174;12693;"Military Psychology";journal;"15327876, 08995605";"Taylor and Francis Ltd.";No;No;0,692;Q1;54;111;163;5520;320;156;1,78;49,73;46,78;2;33;United Kingdom;Western Europe;"Taylor and Francis Ltd.";"1990, 1996-2025";"Social Sciences (miscellaneous) (Q1); Experimental and Cognitive Psychology (Q2); Psychology (miscellaneous) (Q2)";"Psychology; Social Sciences"
175;30715;"Annals of Regional Science";journal;"05701864, 14320592";"Springer Science and Business Media Deutschland GmbH";No;No;0,689;Q1;81;129;188;6961;549;179;3,13;53,96;32,98;4;83;Germany;Western Europe;"Springer Science and Business Media Deutschland GmbH";"1967-2025";"Social Sciences (miscellaneous) (Q1); Environmental Science (miscellaneous) (Q2)";"Environmental Science; Social Sciences"
176;29502;"Race and Class";journal;"03063968";"SAGE Publications Ltd";No;No;0,686;Q1;52;22;76;1584;228;61;2,28;72,00;46,15;1;10;United Kingdom;Western Europe;"SAGE Publications Ltd";"1959, 1962-2025";"Anthropology (Q1); Archeology (Q1); Archeology (arts and humanities) (Q1); Cultural Studies (Q1); Social Sciences (miscellaneous) (Q1); Sociology and Political Science (Q1)";"Arts and Humanities; Social Sciences"
177;21100454953;"Mineral Economics";journal;"21912203, 21912211";"Springer Science and Business Media Deutschland GmbH";No;No;0,680;Q1;29;97;134;5789;576;124;4,45;59,68;24,87;5;52;Germany;Western Europe;"Springer Science and Business Media Deutschland GmbH";"2011-2025";"Economics, Econometrics and Finance (miscellaneous) (Q1); Geography, Planning and Development (Q1); Social Sciences (miscellaneous) (Q1); Economic Geology (Q2)";"Earth and Planetary Sciences; Economics, Econometrics and Finance; Social Sciences"
178;5700166357;"Social Work Education";journal;"14701227, 02615479";"Taylor and Francis Ltd.";No;No;0,664;Q1;54;308;283;15606;824;276;2,80;50,67;66,21;4;144;United Kingdom;Western Europe;"Taylor and Francis Ltd.";"1981-2025";"Social Sciences (miscellaneous) (Q1); Education (Q2); Social Work (Q2)";"Social Sciences"
179;34002;"International Regional Science Review";journal;"01600176, 15526925";"SAGE Publications Inc.";No;No;0,657;Q1;65;30;77;2032;207;74;2,50;67,73;32,14;2;21;United States;Northern America;"SAGE Publications Inc.";"1975-1984, 1986-2025";"Social Sciences (miscellaneous) (Q1); Environmental Science (miscellaneous) (Q2)";"Environmental Science; Social Sciences"
180;21101185196;"Nazhruna: Jurnal Pendidikan Islam";journal;"26148013";"Institut Pesantren KH Abdul Chalim";Yes;No;0,657;Q1;8;35;31;1853;107;31;3,45;52,94;22,62;0;9;Indonesia;Asiatic Region;"Institut Pesantren KH Abdul Chalim";"2023-2024";"History (Q1); Philosophy (Q1); Religious Studies (Q1); Social Sciences (miscellaneous) (Q1); Education (Q2)";"Arts and Humanities; Social Sciences"
181;5700162931;"Journal of Social Work";journal;"14680173";"SAGE Publications Ltd";No;No;0,655;Q1;46;52;204;2528;494;203;2,07;48,62;72,43;0;24;United Kingdom;Western Europe;"SAGE Publications Ltd";"2001-2025";"Social Sciences (miscellaneous) (Q1); Health (social science) (Q2); Social Work (Q2)";"Social Sciences"
182;145571;"Journal for General Philosophy of Science";journal;"09254560, 15728587";"Springer Netherlands";No;No;0,654;Q1;22;40;94;1727;162;89;1,61;43,18;25,49;0;0;Netherlands;Western Europe;"Springer Netherlands";"1980, 1986, 1990-2025";"History and Philosophy of Science (Q1); Philosophy (Q1); Social Sciences (miscellaneous) (Q1)";"Arts and Humanities; Social Sciences"
183;21100239261;"Journal of Social Studies Research";journal;"0885985X";"Sage Publications";No;No;0,652;Q1;21;17;67;1112;120;67;1,61;65,41;56,82;0;6;United States;Northern America;"Sage Publications";"2013-2025";"Social Sciences (miscellaneous) (Q1); Education (Q2)";"Social Sciences"
184;21101055720;"International Journal of Bullying Prevention";journal;"25233653, 25233661";"Springer International Publishing";No;No;0,650;Q1;18;80;106;4926;300;105;2,57;61,58;64,84;3;71;Switzerland;Western Europe;"Springer International Publishing";"2019-2025";"Social Sciences (miscellaneous) (Q1); Developmental and Educational Psychology (Q2); Social Psychology (Q2)";"Psychology; Social Sciences"
185;72639;"International Journal of Comparative Sociology";journal;"00207152";"SAGE Publications Ltd";No;No;0,645;Q1;57;64;64;4903;158;64;1,61;76,61;40,68;0;41;United Kingdom;Western Europe;"SAGE Publications Ltd";"1960-2025";"Social Sciences (miscellaneous) (Q1); Sociology and Political Science (Q1)";"Social Sciences"
186;21100869492;"Chinese Journal of Sociology";journal;"2057150X, 20571518";"SAGE Publications Ltd";No;No;0,644;Q1;16;24;68;1587;143;68;1,73;66,13;38,64;0;17;United Kingdom;Western Europe;"SAGE Publications Ltd";"2015-2025";"Social Sciences (miscellaneous) (Q1)";"Social Sciences"
187;21100372152;"Journal of Behavioral and Experimental Economics";journal;"22148051, 22148043";"Elsevier Inc.";No;No;0,643;Q1;82;128;365;6677;736;362;1,77;52,16;33,74;1;43;United States;Northern America;"Elsevier Inc.";"2014-2025";"Social Sciences (miscellaneous) (Q1); Economics and Econometrics (Q2); Applied Psychology (Q3)";"Economics, Econometrics and Finance; Psychology; Social Sciences"
188;19318;"Group Decision and Negotiation";journal;"09262644, 15729907";"Springer Netherlands";No;No;0,641;Q1;73;59;157;3291;557;150;3,43;55,78;32,30;0;8;Netherlands;Western Europe;"Springer Netherlands";"1992-2025";"Arts and Humanities (miscellaneous) (Q1); Social Sciences (miscellaneous) (Q1); Decision Sciences (miscellaneous) (Q2); Management of Technology and Innovation (Q2); Strategy and Management (Q2)";"Arts and Humanities; Business, Management and Accounting; Decision Sciences; Social Sciences"
189;23434;"Journal of Risk Research";journal;"14664461, 13669877";"Routledge";No;No;0,634;Q1;82;91;271;5488;800;269;2,28;60,31;50,47;2;51;United Kingdom;Western Europe;"Routledge";"1998-2025";"Engineering (miscellaneous) (Q1); Social Sciences (miscellaneous) (Q1); Safety, Risk, Reliability and Quality (Q2); Strategy and Management (Q2)";"Business, Management and Accounting; Engineering; Social Sciences"
190;18067;"Sociological Bulletin";journal;"00380229";"Indian Sociological Society";No;No;0,634;Q1;9;30;96;1223;241;88;1,09;40,77;55,17;0;8;India;Asiatic Region;"Indian Sociological Society";"1963, 1974, 1986, 1994-1996, 2014-2025";"Cultural Studies (Q1); History (Q1); Social Sciences (miscellaneous) (Q1); Sociology and Political Science (Q1)";"Arts and Humanities; Social Sciences"
191;14234;"Cultural Studies";journal;"14664348, 09502386";"Taylor and Francis Ltd.";No;No;0,633;Q1;66;60;157;3202;329;148;1,76;53,37;53,25;0;22;United Kingdom;Western Europe;"Taylor and Francis Ltd.";"1987-1996, 1998-2001, 2003-2025";"Anthropology (Q1); Arts and Humanities (miscellaneous) (Q1); Cultural Studies (Q1); Social Sciences (miscellaneous) (Q1)";"Arts and Humanities; Social Sciences"
192;21100215718;"Weather, Climate, and Society";journal;"19488335, 19488327";"American Meteorological Society";No;No;0,630;Q1;55;49;227;3099;536;225;2,18;63,24;45,88;0;37;United States;Northern America;"American Meteorological Society";"2009-2025";"Social Sciences (miscellaneous) (Q1); Atmospheric Science (Q2); Global and Planetary Change (Q3)";"Earth and Planetary Sciences; Environmental Science; Social Sciences"
193;17610;"Child and Adolescent Social Work Journal";journal;"07380151, 15732797";"Springer New York";No;No;0,629;Q1;53;114;197;7078;460;190;2,12;62,09;66,75;4;65;United States;Northern America;"Springer New York";"1984-2025";"Social Sciences (miscellaneous) (Q1); Social Work (Q2)";"Social Sciences"
194;20672;"Journal of Productivity Analysis";journal;"0895562X, 15730441";"Springer Netherlands";No;No;0,623;Q1;94;48;97;2400;201;96;1,87;50,00;14,95;3;16;Netherlands;Western Europe;"Springer Netherlands";"1989-2025";"Social Sciences (miscellaneous) (Q1); Business and International Management (Q2); Economics and Econometrics (Q2)";"Business, Management and Accounting; Economics, Econometrics and Finance; Social Sciences"
195;21101144505;"Data and Policy";journal;"26323249";"Cambridge University Press";Yes;No;0,622;Q1;15;83;113;4854;373;113;2,93;58,48;37,30;1;46;United Kingdom;Western Europe;"Cambridge University Press";"2020-2025";"Social Sciences (miscellaneous) (Q1); Artificial Intelligence (Q2); Computer Science (miscellaneous) (Q2); Public Administration (Q2)";"Computer Science; Social Sciences"
196;17504;"Social and Legal Studies";journal;"09646639, 14617390";"SAGE Publications Ltd";No;No;0,619;Q1;54;86;126;5761;291;124;2,01;66,99;65,91;2;51;United Kingdom;Western Europe;"SAGE Publications Ltd";"1992-2025";"Law (Q1); Social Sciences (miscellaneous) (Q1); Sociology and Political Science (Q2)";"Social Sciences"
197;5700163050;"Qualitative Social Work";journal;"14733250";"SAGE Publications Inc.";No;No;0,618;Q1;59;92;291;3757;665;257;2,33;40,84;77,21;0;43;United States;Northern America;"SAGE Publications Inc.";"2002-2025";"Social Sciences (miscellaneous) (Q1); Health (social science) (Q2); Social Work (Q2)";"Social Sciences"
198;21101058963;"Methodological Innovations";journal;"20597991";"SAGE Publications Inc.";Yes;No;0,616;Q1;26;21;91;944;247;91;2,15;44,95;63,08;1;7;United States;Northern America;"SAGE Publications Inc.";"2016-2025";"Social Sciences (miscellaneous) (Q1); Sociology and Political Science (Q2)";"Social Sciences"
199;21101142603;"Social Sciences and Humanities Open";journal;"25902911";"Elsevier Ltd";Yes;No;0,614;Q1;33;445;642;26701;2308;637;3,14;60,00;43,13;1;260;United Kingdom;Western Europe;"Elsevier Ltd";"2019-2025";"Social Sciences (miscellaneous) (Q1); Decision Sciences (miscellaneous) (Q2); Psychology (miscellaneous) (Q2)";"Decision Sciences; Psychology; Social Sciences"
200;15565;"Journal of Loss and Trauma";journal;"15325024, 15325032";"Routledge";No;No;0,612;Q1;58;87;210;4989;449;151;2,12;57,34;66,12;0;26;United States;Northern America;"Routledge";"1996-2025";"Social Sciences (miscellaneous) (Q1); Social Psychology (Q2); Psychiatry and Mental Health (Q3)";"Medicine; Psychology; Social Sciences"
201;16156;"Marriage and Family Review";journal;"15409635, 01494929";"Routledge";No;No;0,610;Q1;54;33;92;1847;181;83;1,82;55,97;49,15;0;9;United States;Northern America;"Routledge";"1978-2025";"Social Sciences (miscellaneous) (Q1)";"Social Sciences"
202;5600154403;"Australian Social Work";journal;"0312407X, 14470748";"Taylor and Francis Ltd.";No;No;0,607;Q1;44;67;142;2339;299;118;2,02;34,91;76,42;0;36;United Kingdom;Western Europe;"Taylor and Francis Ltd.";"1971-2004, 2006-2025";"Social Sciences (miscellaneous) (Q1); Health (social science) (Q2); Social Work (Q2); Sociology and Political Science (Q2)";"Social Sciences"
203;12981;"Kybernetes";journal;"0368492X";"Emerald Publishing";No;No;0,606;Q1;59;571;570;40528;2542;564;4,41;70,98;38,41;0;264;United Kingdom;Western Europe;"Emerald Publishing";"1972-2025";"Engineering (miscellaneous) (Q1); Social Sciences (miscellaneous) (Q1); Artificial Intelligence (Q2); Computer Science (miscellaneous) (Q2); Control and Systems Engineering (Q2); Electrical and Electronic Engineering (Q2); Information Systems (Q2); Software (Q2); Theoretical Computer Science (Q2)";"Computer Science; Engineering; Mathematics; Social Sciences"
204;20600195519;"Contemporary Social Science";journal;"2158205X, 21582041";"Routledge, Taylor &amp; Francis Group";No;No;0,602;Q1;33;41;118;2723;392;113;3,18;66,41;49,47;2;32;United Kingdom;Western Europe;"Routledge, Taylor &amp; Francis Group";"2011-2024";"History (Q1); Social Sciences (miscellaneous) (Q1)";"Arts and Humanities; Social Sciences"
205;23509;"Ethical Theory and Moral Practice";journal;"13862820, 15728447";"Springer Netherlands";No;No;0,602;Q1;39;67;193;2420;308;179;1,78;36,12;25,33;0;12;Netherlands;Western Europe;"Springer Netherlands";"1999-2002, 2004-2025";"Philosophy (Q1); Social Sciences (miscellaneous) (Q1)";"Arts and Humanities; Social Sciences"
206;25330;"Rationality and Society";journal;"14617358, 10434631";"SAGE Publications Ltd";No;No;0,602;Q1;54;22;56;1135;94;55;1,54;51,59;47,73;0;10;United Kingdom;Western Europe;"SAGE Publications Ltd";"1989-2025";"Social Sciences (miscellaneous) (Q1); Sociology and Political Science (Q2)";"Social Sciences"
207;19469;"Journal of Early Childhood Teacher Education";journal;"17455642, 10901027";"Taylor and Francis Ltd.";No;No;0,601;Q1;29;48;112;2511;245;88;1,75;52,31;81,02;0;21;United Kingdom;Western Europe;"Taylor and Francis Ltd.";"1990-2025";"Social Sciences (miscellaneous) (Q1); Education (Q2)";"Social Sciences"
208;21101082056;"China Economic Quarterly International";journal;"26669331";"KeAi Communications Co.";Yes;No;0,597;Q1;10;21;73;834;209;73;2,60;39,71;28,57;0;18;China;Asiatic Region;"KeAi Communications Co.";"2021-2024";"Economics, Econometrics and Finance (miscellaneous) (Q1); Social Sciences (miscellaneous) (Q1); Geography, Planning and Development (Q2); Sociology and Political Science (Q2)";"Economics, Econometrics and Finance; Social Sciences"
209;21101093327;"Asian Journal of Sport and Exercise Psychology";journal;"26672391";"KeAi Communications Co.";Yes;Yes;0,590;Q1;9;24;78;1074;168;67;2,38;44,75;35,90;0;1;China;Asiatic Region;"KeAi Communications Co.";"2021-2025";"Social Sciences (miscellaneous) (Q1); Applied Psychology (Q3); Cognitive Neuroscience (Q3)";"Neuroscience; Psychology; Social Sciences"
210;11800154594;"AStA Advances in Statistical Analysis";journal;"1863818X, 18638171";"Springer Verlag";No;No;0,590;Q1;35;43;92;1705;169;90;1,84;39,65;30,33;1;11;Germany;Western Europe;"Springer Verlag";"2008-2025";"Social Sciences (miscellaneous) (Q1); Analysis (Q2); Applied Mathematics (Q2); Economics and Econometrics (Q2); Modeling and Simulation (Q2); Statistics and Probability (Q2)";"Economics, Econometrics and Finance; Mathematics; Social Sciences"
211;15591;"JASSS";journal;"14607425";"University of Surrey";Yes;No;0,586;Q1;67;39;106;2469;258;105;2,14;63,31;28,75;0;17;United Kingdom;Western Europe;"University of Surrey";"2000-2025";"Social Sciences (miscellaneous) (Q1); Computer Science (miscellaneous) (Q2)";"Computer Science; Social Sciences"
212;21101038575;"Agrarian South";journal;"23210281, 22779760";"SAGE Publications Inc.";No;No;0,581;Q1;19;22;58;1109;71;53;1,19;50,41;42,31;0;6;United States;Northern America;"SAGE Publications Inc.";"2012-2025";"Cultural Studies (Q1); Social Sciences (miscellaneous) (Q1); Ecology (Q2); Geography, Planning and Development (Q2)";"Environmental Science; Social Sciences"
213;21101087907;"PSU Research Review";journal;"23984007, 23991747";"Emerald Group Holdings Ltd.";Yes;Yes;0,581;Q1;23;55;36;3778;197;36;5,56;68,69;34,51;0;21;United Kingdom;Western Europe;"Emerald Group Holdings Ltd.";"2017-2024";"Economics, Econometrics and Finance (miscellaneous) (Q1); Social Sciences (miscellaneous) (Q1); Business, Management and Accounting (miscellaneous) (Q2); Computer Science Applications (Q2); Education (Q2)";"Business, Management and Accounting; Computer Science; Economics, Econometrics and Finance; Social Sciences"
214;144975;"Family Journal";journal;"10664807";"SAGE Publications Inc.";No;No;0,577;Q1;46;137;257;6447;502;253;1,93;47,06;66,13;0;31;United States;Northern America;"SAGE Publications Inc.";"1993-2025";"Social Sciences (miscellaneous) (Q1); Social Psychology (Q2)";"Psychology; Social Sciences"
215;27159;"Innovation: The European Journal of Social Science Research";journal;"13511610, 14698412";"Routledge";No;No;0,577;Q1;47;113;167;7337;447;150;2,63;64,93;43,46;5;63;United Kingdom;Western Europe;"Routledge";"1988-2025";"Cultural Studies (Q1); Social Sciences (miscellaneous) (Q1); Geography, Planning and Development (Q2); Management of Technology and Innovation (Q2); Organizational Behavior and Human Resource Management (Q2); Sociology and Political Science (Q2); Strategy and Management (Q2)";"Business, Management and Accounting; Social Sciences"
216;25057;"Mathematical Social Sciences";journal;"01654896";"Elsevier B.V.";No;No;0,577;Q1;44;64;182;1763;164;182;0,89;27,55;22,41;0;11;Netherlands;Western Europe;"Elsevier B.V.";"1980-2025";"Social Sciences (miscellaneous) (Q1); Psychology (miscellaneous) (Q2); Sociology and Political Science (Q2); Statistics, Probability and Uncertainty (Q2)";"Decision Sciences; Psychology; Social Sciences"
217;21101188408;"Frontiers in Research Metrics and Analytics";journal;"25040537";"Frontiers Media SA";Yes;No;0,576;Q1;25;56;248;2652;588;226;1,44;47,36;54,46;0;26;Switzerland;Western Europe;"Frontiers Media SA";"2016-2024";"Library and Information Sciences (Q1); Social Sciences (miscellaneous) (Q1)";"Social Sciences"
218;25991;"Social Science Information";journal;"05390184, 14617412";"SAGE Publications Ltd";No;No;0,575;Q1;48;22;90;1879;194;83;1,36;85,41;41,03;0;5;United Kingdom;Western Europe;"SAGE Publications Ltd";"1962-2024";"Library and Information Sciences (Q1); Social Sciences (miscellaneous) (Q1)";"Social Sciences"
219;22963;"Interdisciplinary Science Reviews";journal;"03080188, 17432790";"SAGE Publications Ltd";No;No;0,575;Q2;33;17;123;1295;231;110;1,04;76,18;50,00;0;1;United Kingdom;Western Europe;"SAGE Publications Ltd";"1976-2024";"History and Philosophy of Science (Q1); Multidisciplinary (Q1); Social Sciences (miscellaneous) (Q2)";"Arts and Humanities; Multidisciplinary; Social Sciences"
220;21100447802;"Asian Education and Development Studies";journal;"20463170, 20463162";"Emerald Publishing";No;No;0,573;Q2;22;39;112;2041;371;109;2,81;52,33;53,26;0;19;United Kingdom;Western Europe;"Emerald Publishing";"2013-2025";"Development (Q2); Education (Q2); Social Sciences (miscellaneous) (Q2)";"Social Sciences"
221;3300147702;"Journal of Progressive Human Services";journal;"10428232";"Routledge";No;No;0,571;Q2;27;16;47;850;83;42;1,07;53,13;58,06;0;9;United States;Northern America;"Routledge";"1987, 1990-2025";"Social Sciences (miscellaneous) (Q2); Sociology and Political Science (Q2)";"Social Sciences"
222;21101100275;"Bestuur";journal;"27224708, 23023783";"Sebelas Maret University Faculty of Law";Yes;No;0,566;Q2;12;10;47;644;167;47;3,85;64,40;29,63;1;7;Indonesia;Asiatic Region;"Sebelas Maret University Faculty of Law";"2019-2024";"Law (Q1); Management, Monitoring, Policy and Law (Q2); Public Administration (Q2); Social Sciences (miscellaneous) (Q2)";"Environmental Science; Social Sciences"
223;12247;"Journal of Human Behavior in the Social Environment";journal;"15403556, 10911359";"Routledge";No;No;0,564;Q2;48;165;219;8544;501;218;2,04;51,78;52,52;0;70;United States;Northern America;"Routledge";"1998-2025";"Anthropology (Q1); Social Sciences (miscellaneous) (Q2)";"Social Sciences"
224;17585;"Law and Social Inquiry";journal;"1545696X, 08976546";"Wiley-Blackwell";No;No;0,561;Q2;63;108;180;8862;263;180;1,25;82,06;55,63;1;54;United States;Northern America;"Wiley-Blackwell";"1976-2025";"Law (Q1); Social Sciences (miscellaneous) (Q2)";"Social Sciences"
225;12308;"Journal of Social Work Education";journal;"10437797, 21635811";"Taylor and Francis Ltd.";No;No;0,560;Q2;68;66;271;2960;564;246;1,78;44,85;75,00;0;22;United Kingdom;Western Europe;"Taylor and Francis Ltd.";"1985-2025";"Education (Q2); Social Sciences (miscellaneous) (Q2); Social Work (Q3)";"Social Sciences"
226;21100924767;"Fudan Journal of the Humanities and Social Sciences";journal;"16740750, 21982600";"Springer Verlag";No;No;0,555;Q2;17;47;80;3056;256;80;2,88;65,02;33,78;0;22;Germany;Western Europe;"Springer Verlag";"2014-2025";"Arts and Humanities (miscellaneous) (Q1); Social Sciences (miscellaneous) (Q2)";"Arts and Humanities; Social Sciences"
227;14200154737;"Biosemiotics";journal;"18751342, 18751350";"Springer Science and Business Media B.V.";No;No;0,554;Q2;27;43;139;2339;213;80;1,69;54,40;35,71;1;4;Netherlands;Western Europe;"Springer Science and Business Media B.V.";"2008-2025";"Linguistics and Language (Q1); Communication (Q2); Social Sciences (miscellaneous) (Q2)";"Social Sciences"
228;21101266482;"MILRev: Metro Islamic Law Review";journal;"2986528X";"Faculty of Sharia, IAIN Metro";Yes;No;0,552;Q2;5;19;32;797;61;32;1,91;41,95;41,03;0;15;Indonesia;Asiatic Region;"Faculty of Sharia, IAIN Metro";"2022-2024";"Law (Q1); Religious Studies (Q1); Social Sciences (miscellaneous) (Q2)";"Arts and Humanities; Social Sciences"
229;21100840031;"Critical Military Studies";journal;"23337486, 23337494";"Taylor and Francis Ltd.";No;No;0,547;Q2;23;40;92;2440;147;92;1,53;61,00;55,56;4;13;United Kingdom;Western Europe;"Taylor and Francis Ltd.";"2015-2025";"History (Q1); Law (Q1); Political Science and International Relations (Q1); Management Science and Operations Research (Q2); Social Sciences (miscellaneous) (Q2); Sociology and Political Science (Q2)";"Arts and Humanities; Decision Sciences; Social Sciences"
230;21100854451;"Global Journal of Environmental Science and Management";journal;"23833866, 23833572";"GJESM Publication";Yes;No;0,544;Q2;38;145;166;8858;663;166;4,45;61,09;39,68;0;122;Iran;Middle East;"GJESM Publication";"2015-2025";"Architecture (Q1); Agricultural and Biological Sciences (miscellaneous) (Q2); Environmental Engineering (Q2); Environmental Science (miscellaneous) (Q2); Pollution (Q2); Social Sciences (miscellaneous) (Q2); Waste Management and Disposal (Q2)";"Agricultural and Biological Sciences; Engineering; Environmental Science; Social Sciences"
231;29840;"International Social Work";journal;"00208728, 14617234";"SAGE Publications Ltd";No;No;0,542;Q2;56;137;314;5300;680;290;1,86;38,69;60,86;1;58;United Kingdom;Western Europe;"SAGE Publications Ltd";"1959-2025";"Social Sciences (miscellaneous) (Q2); Sociology and Political Science (Q2); Social Work (Q3)";"Social Sciences"
232;21101136810;"Journal of Global Scholars of Marketing Science: Bridging Asia and the World";journal;"21639159, 21639167";"Taylor and Francis Ltd.";No;No;0,540;Q2;27;29;107;2088;363;107;3,40;72,00;44,58;0;6;United Kingdom;Western Europe;"Taylor and Francis Ltd.";"2011-2025";"Arts and Humanities (miscellaneous) (Q1); Social Sciences (miscellaneous) (Q2); Marketing (Q3)";"Arts and Humanities; Business, Management and Accounting; Social Sciences"
233;21100258853;"F1000Research";journal;"20461402";"F1000 Research Ltd";Yes;No;0,537;Q2;119;587;2030;25928;3390;2005;1,39;44,17;44,61;1;244;United Kingdom;Western Europe;"F1000 Research Ltd";"2012-2025";"Arts and Humanities (miscellaneous) (Q1); Biochemistry, Genetics and Molecular Biology (miscellaneous) (Q2); Immunology and Microbiology (miscellaneous)  (Q2); Library and Information Sciences (Q2); Medicine (miscellaneous) (Q2); Pharmacology, Toxicology and Pharmaceutics (miscellaneous) (Q2); Social Sciences (miscellaneous) (Q2)";"Arts and Humanities; Biochemistry, Genetics and Molecular Biology; Immunology and Microbiology; Medicine; Pharmacology, Toxicology and Pharmaceutics; Social Sciences"
234;21101061926;"Frontiers in Communication";journal;"2297900X";"Frontiers Media SA";Yes;No;0,536;Q2;38;302;837;16849;1731;774;1,66;55,79;56,66;0;109;Switzerland;Western Europe;"Frontiers Media SA";"2016-2025";"Communication (Q2); Social Sciences (miscellaneous) (Q2)";"Social Sciences"
235;21101042482;"Environmental Humanities";journal;"22011919";"Duke University Press";Yes;Yes;0,533;Q2;20;52;120;2428;219;115;1,82;46,69;50,00;0;15;United States;Northern America;"Duke University Press";"2012-2024";"Anthropology (Q1); Ecology (Q2); Environmental Science (miscellaneous) (Q2); Social Sciences (miscellaneous) (Q2)";"Environmental Science; Social Sciences"
236;21101080475;"Asian Journal of Business Ethics";journal;"22106731, 22106723";"Springer Science and Business Media B.V.";No;No;0,532;Q2;16;43;63;3013;292;61;4,95;70,07;42,22;0;26;Netherlands;Western Europe;"Springer Science and Business Media B.V.";"2012-2025";"Philosophy (Q1); Business, Management and Accounting (miscellaneous) (Q2); Economics, Econometrics and Finance (miscellaneous) (Q2); Social Sciences (miscellaneous) (Q2)";"Arts and Humanities; Business, Management and Accounting; Economics, Econometrics and Finance; Social Sciences"
237;4500151513;"Narrative Inquiry";journal;"13876740";"John Benjamins Publishing Company";No;No;0,532;Q2;54;26;64;1492;108;61;1,09;57,38;57,81;0;3;Netherlands;Western Europe;"John Benjamins Publishing Company";"1998-2025";"History (Q1); Literature and Literary Theory (Q1); Education (Q2); Social Sciences (miscellaneous) (Q2)";"Arts and Humanities; Social Sciences"
238;14547;"Social Choice and Welfare";journal;"01761714, 1432217X";"Springer New York";No;No;0,532;Q2;61;90;193;3032;187;192;0,96;33,69;12,95;1;16;United States;Northern America;"Springer New York";"1984-2025";"Economics and Econometrics (Q2); Social Sciences (miscellaneous) (Q2)";"Economics, Econometrics and Finance; Social Sciences"
239;21101043799;"Emotions and Society";journal;"26316900, 26316897";"Policy Press";No;No;0,531;Q2;10;25;59;1155;93;53;1,70;46,20;87,50;0;6;United Kingdom;Western Europe;"Policy Press";"2019-2024";"Cultural Studies (Q1); Social Sciences (miscellaneous) (Q2); Sociology and Political Science (Q2); Social Psychology (Q3)";"Psychology; Social Sciences"
240;21101267122;"Quaderni Fiorentini per la Storia del Pensiero Giuridico Moderno";journal;"03921867";"Giuffre Francis Lefebvre SPA";No;No;0,529;Q2;3;34;102;849;17;2;0,07;24,97;66,67;0;1;Italy;Western Europe;"Giuffre Francis Lefebvre SPA";"2020-2024";"History (Q1); Law (Q1); Political Science and International Relations (Q2); Social Sciences (miscellaneous) (Q2)";"Arts and Humanities; Social Sciences"
241;8100153107;"Magallania";journal;"07180209, 07182244";"Universidad de Magallanes";Yes;Yes;0,528;Q2;23;10;38;630;27;38;0,72;63,00;44,00;0;1;Chile;Latin America;"Universidad de Magallanes";"2007-2024";"Social Sciences (miscellaneous) (Q2)";"Social Sciences"
242;11200153529;"Journal of Spirituality in Mental Health";journal;"19349645, 19349637";"Routledge";No;No;0,526;Q2;20;48;60;2545;100;60;1,36;53,02;46,43;0;4;United States;Northern America;"Routledge";"2006-2025";"Religious Studies (Q1); Social Sciences (miscellaneous) (Q2); Applied Psychology (Q3); Social Psychology (Q3)";"Arts and Humanities; Psychology; Social Sciences"
243;21100790521;"Polar Journal";journal;"21548978, 2154896X";"Taylor and Francis Ltd.";No;No;0,526;Q2;23;31;87;1475;131;69;1,37;47,58;57,69;0;10;United Kingdom;Western Europe;"Taylor and Francis Ltd.";"2011-2024";"Arts and Humanities (miscellaneous) (Q1); Social Sciences (miscellaneous) (Q2)";"Arts and Humanities; Social Sciences"
244;21100972446;"International Journal of Sociology";journal;"15579336";"Taylor and Francis Ltd.";No;No;0,525;Q2;15;31;70;1938;153;68;1,47;62,52;36,36;0;22;United Kingdom;Western Europe;"Taylor and Francis Ltd.";"2019-2025";"Social Sciences (miscellaneous) (Q2)";"Social Sciences"
245;21101075277;"Nordic Social Work Research";journal;"2156857X, 21568588";"UBM Exhibition Singapore PTE LTD";No;No;0,525;Q2;19;87;156;4126;306;144;1,92;47,43;74,32;0;54;United Kingdom;Western Europe;"UBM Exhibition Singapore PTE LTD";"2011-2025";"Social Sciences (miscellaneous) (Q2)";"Social Sciences"
246;21100420104;"Voluntary Sector Review";journal;"20408056, 20408064";"Policy Press";No;No;0,525;Q2;16;26;95;1325;155;93;1,39;50,96;62,71;0;6;United Kingdom;Western Europe;"Policy Press";"2015-2024";"Social Sciences (miscellaneous) (Q2)";"Social Sciences"
247;15594;"Journal of Biosocial Science";journal;"00219320, 14697599";"Cambridge University Press";No;No;0,523;Q2;64;60;172;3367;283;172;1,45;56,12;44,22;0;50;United Kingdom;Western Europe;"Cambridge University Press";"1969-2025";"Social Sciences (miscellaneous) (Q2); Public Health, Environmental and Occupational Health (Q3)";"Medicine; Social Sciences"
248;21100810500;"Social Sciences";journal;"20760760";"Multidisciplinary Digital Publishing Institute (MDPI)";Yes;No;0,523;Q2;51;696;1710;42236;4023;1678;2,19;60,68;62,27;7;414;Switzerland;Western Europe;"Multidisciplinary Digital Publishing Institute (MDPI)";"2012-2025";"Social Sciences (miscellaneous) (Q2)";"Social Sciences"
249;12309;"Journal of Social Work Practice";journal;"14653885, 02650533";"Routledge";No;No;0,520;Q2;38;41;106;1674;203;94;1,71;40,83;73,42;0;17;United Kingdom;Western Europe;"Routledge";"1983-2025";"Drug Guides (Q1); Health (social science) (Q2); Social Sciences (miscellaneous) (Q2); Social Work (Q3)";"Medicine; Social Sciences"
250;13414;"Contemporary Family Therapy";journal;"08922764, 15733335";"Kluwer Academic/Human Sciences Press Inc.";No;No;0,519;Q2;43;51;111;3004;198;108;1,69;58,90;61,84;0;12;United States;Northern America;"Kluwer Academic/Human Sciences Press Inc.";"1986-2025";"Cultural Studies (Q1); Clinical Psychology (Q2); Social Sciences (miscellaneous) (Q2); Social Psychology (Q3)";"Psychology; Social Sciences"
251;29908;"Families in Society";journal;"10443894";"Families International Inc";No;No;0,518;Q2;56;120;140;6684;226;128;1,21;55,70;73,63;2;61;United States;Northern America;"Families International Inc";"1993, 1996-2025";"Social Sciences (miscellaneous) (Q2); Social Work (Q3)";"Social Sciences"
252;29553;"Journal of Gerontological Social Work";journal;"15404048, 01634372";"Routledge";No;No;0,518;Q2;53;85;224;4025;310;184;1,35;47,35;62,45;0;25;United States;Northern America;"Routledge";"1979-2025";"Nursing (miscellaneous) (Q2); Social Sciences (miscellaneous) (Q2); Social Work (Q3)";"Nursing; Social Sciences"
253;21101172261;"Journalism and Media";journal;"26735172";"Multidisciplinary Digital Publishing Institute (MDPI)";Yes;No;0,517;Q2;16;117;174;7218;416;171;1,90;61,69;47,86;1;37;Switzerland;Western Europe;"Multidisciplinary Digital Publishing Institute (MDPI)";"2020-2024";"Arts and Humanities (miscellaneous) (Q1); Linguistics and Language (Q1); Social Sciences (miscellaneous) (Q2)";"Arts and Humanities; Social Sciences"
254;4700151608;"Journal of the Philosophy of Sport";journal;"00948705";"Taylor and Francis Ltd.";No;No;0,514;Q2;36;40;80;1507;145;79;1,96;37,68;26,92;0;4;United Kingdom;Western Europe;"Taylor and Francis Ltd.";"1974-1993, 1995-2025";"Health (social science) (Q2); Social Sciences (miscellaneous) (Q2); Sports Science (Q3)";"Health Professions; Social Sciences"
255;21100255401;"SAGE Open";journal;"21582440";"SAGE Publications Inc.";Yes;No;0,514;Q2;74;1451;2794;102205;8908;2793;2,71;70,44;44,92;2;679;United States;Northern America;"SAGE Publications Inc.";"2011-2025";"Arts and Humanities (miscellaneous) (Q1); Social Sciences (miscellaneous) (Q2)";"Arts and Humanities; Social Sciences"
256;17600155136;"Kotuitui";journal;"1177083X";"Routledge";Yes;Yes;0,513;Q2;21;57;82;3721;182;82;2,11;65,28;64,11;0;31;United Kingdom;Western Europe;"Routledge";"2009-2010, 2012-2025";"Social Sciences (miscellaneous) (Q2)";"Social Sciences"
257;23098;"Review of Regional Research";journal;"01737600, 16139836";"Springer Verlag";No;No;0,510;Q2;24;21;44;1546;74;39;1,41;73,62;31,91;3;15;Germany;Western Europe;"Springer Verlag";"1998-2025";"Economics and Econometrics (Q2); Geography, Planning and Development (Q2); Social Sciences (miscellaneous) (Q2)";"Economics, Econometrics and Finance; Social Sciences"
258;21101021437;"Advances in Social Work";journal;"23314125, 15278565";"Indiana University School of Social Work";Yes;Yes;0,506;Q2;13;32;165;1542;272;157;0,99;48,19;69,12;0;16;United States;Northern America;"Indiana University School of Social Work";"2019-2024";"Education (Q2); Social Sciences (miscellaneous) (Q2); Sociology and Political Science (Q2)";"Social Sciences"
259;24129;"Natural Hazards Review";journal;"15276988";"American Society of Civil Engineers (ASCE)";No;No;0,503;Q2;73;84;262;5814;661;258;2,50;69,21;41,09;0;57;United States;Northern America;"American Society of Civil Engineers (ASCE)";"2000-2025";"Civil and Structural Engineering (Q2); Environmental Science (miscellaneous) (Q2); Social Sciences (miscellaneous) (Q2)";"Engineering; Environmental Science; Social Sciences"
260;16931;"American Sociologist";journal;"00031232, 19364784";"Springer";No;No;0,501;Q2;28;48;119;2524;139;108;1,18;52,58;32,08;0;6;United States;Northern America;"Springer";"1973-1975, 1978-1979, 1981, 1987-1996, 2002, 2004-2025";"Social Sciences (miscellaneous) (Q2); Sociology and Political Science (Q2)";"Social Sciences"
261;21101077305;"Asian Association of Open Universities Journal";journal;"24146994, 18583431";"Emerald Group Publishing Ltd.";Yes;Yes;0,499;Q2;21;23;62;1078;235;62;3,12;46,87;46,51;0;16;United Kingdom;Western Europe;"Emerald Group Publishing Ltd.";"2005-2006, 2008-2025";"Education (Q2); Social Sciences (miscellaneous) (Q2)";"Social Sciences"
262;12188;"Simulation and Gaming";journal;"1552826X, 10468781";"SAGE Publications Inc.";No;No;0,496;Q2;75;64;128;3019;317;111;1,87;47,17;44,64;0;17;United States;Northern America;"SAGE Publications Inc.";"1970-1976, 1978-1983, 1985, 1987-2025";"Business, Management and Accounting (miscellaneous) (Q2); Computer Science Applications (Q2); Social Sciences (miscellaneous) (Q2)";"Business, Management and Accounting; Computer Science; Social Sciences"
263;21101042148;"Societies";journal;"20754698";"Multidisciplinary Digital Publishing Institute (MDPI)";Yes;No;0,496;Q2;41;273;591;18353;1377;574;2,10;67,23;53,50;0;171;Switzerland;Western Europe;"Multidisciplinary Digital Publishing Institute (MDPI)";"2011-2025";"Social Sciences (miscellaneous) (Q2)";"Social Sciences"
264;21101108507;"Geohumanities";journal;"2373566X, 23735678";"Informa UK Limited";No;No;0,493;Q2;10;36;104;1791;146;101;1,28;49,75;55,00;0;9;United Kingdom;Western Europe;"Informa UK Limited";"2019-2025";"Arts and Humanities (miscellaneous) (Q1); Geography, Planning and Development (Q2); Social Sciences (miscellaneous) (Q2)";"Arts and Humanities; Social Sciences"
265;145675;"Social Work in Mental Health";journal;"15332985, 15332993";"Routledge";No;No;0,491;Q2;30;61;121;3209;190;121;1,16;52,61;67,68;0;26;United States;Northern America;"Routledge";"2002-2025";"Social Sciences (miscellaneous) (Q2); Public Health, Environmental and Occupational Health (Q3); Social Work (Q3)";"Medicine; Social Sciences"
266;23717;"International Journal of Social Economics";journal;"03068293";"Emerald Group Publishing Ltd.";Yes;No;0,490;Q2;55;158;305;8330;969;303;2,89;52,72;41,16;0;129;United Kingdom;Western Europe;"Emerald Group Publishing Ltd.";"1974-2025";"Economics and Econometrics (Q2); Social Sciences (miscellaneous) (Q2)";"Economics, Econometrics and Finance; Social Sciences"
267;21101251299;"Interpreting and Society";journal;"27523810";"SAGE Publications Ltd";Yes;Yes;0,488;Q2;5;4;23;275;37;20;1,41;68,75;80,00;0;0;United Kingdom;Western Europe;"SAGE Publications Ltd";"2021-2024";"Social Sciences (miscellaneous) (Q2)";"Social Sciences"
268;21100208059;"Journal of International Political Theory";journal;"17551722, 17550882";"SAGE Publications Ltd";No;No;0,487;Q2;18;25;82;899;100;76;1,05;35,96;57,14;0;6;United Kingdom;Western Europe;"SAGE Publications Ltd";"2008-2009, 2014-2025";"Social Sciences (miscellaneous) (Q2); Sociology and Political Science (Q2)";"Social Sciences"
269;21101176676;"Disabilities";journal;"26737272";"Multidisciplinary Digital Publishing Institute (MDPI)";Yes;No;0,480;Q2;9;72;131;4116;258;127;1,80;57,17;68,37;0;39;Switzerland;Western Europe;"Multidisciplinary Digital Publishing Institute (MDPI)";"2021-2024";"Health Professions (miscellaneous) (Q2); Health (social science) (Q2); Social Sciences (miscellaneous) (Q2)";"Health Professions; Social Sciences"
270;21101075508;"Journal of Applied Youth Studies";journal;"22049207, 22049193";"Springer Nature";No;No;0,480;Q2;10;45;66;2210;131;56;1,41;49,11;68,75;1;25;Singapore;Asiatic Region;"Springer Nature";"2020-2025";"Anthropology (Q1); Cultural Studies (Q1); Education (Q2); Social Sciences (miscellaneous) (Q2); Sociology and Political Science (Q2)";"Social Sciences"
271;19400156804;"Qualitative Research Journal";journal;"14480980, 14439883";"Emerald Group Publishing Ltd.";No;No;0,479;Q2;28;102;108;4765;242;107;2,21;46,72;66,83;0;39;United Kingdom;Western Europe;"Emerald Group Publishing Ltd.";"2006-2025";"Education (Q2); Social Sciences (miscellaneous) (Q2)";"Social Sciences"
272;21100348975;"Studia Historica Slovenica";journal;"15808122";"Zgodovinsko Drustvo Dr. Franca Kovacica v Mariboru";No;No;0,478;Q2;11;18;68;709;52;68;0,91;39,39;50,00;0;3;Slovenia;Eastern Europe;"Zgodovinsko Drustvo Dr. Franca Kovacica v Mariboru";"2002-2003, 2006-2024";"History (Q1); Social Sciences (miscellaneous) (Q2)";"Arts and Humanities; Social Sciences"
273;26941;"Theory and Decision";journal;"15737187, 00405833";"Springer Netherlands";No;No;0,478;Q2;48;63;164;2392;197;161;1,24;37,97;15,45;1;4;Netherlands;Western Europe;"Springer Netherlands";"1970-2025";"Arts and Humanities (miscellaneous) (Q1); Decision Sciences (miscellaneous) (Q2); Economics, Econometrics and Finance (miscellaneous) (Q2); Social Sciences (miscellaneous) (Q2); Applied Psychology (Q3); Computer Science Applications (Q3); Developmental and Educational Psychology (Q3)";"Arts and Humanities; Computer Science; Decision Sciences; Economics, Econometrics and Finance; Psychology; Social Sciences"
274;12283;"Journal of Social Service Research";journal;"01488376, 15407314";"Routledge";No;No;0,474;Q2;47;99;186;5127;347;185;1,40;51,79;58,10;0;54;United States;Northern America;"Routledge";"1978-2025";"Social Sciences (miscellaneous) (Q2); Sociology and Political Science (Q2); Social Work (Q3)";"Social Sciences"
275;21100443918;"Distinktion";journal;"21599149, 1600910X";"Routledge";No;No;0,472;Q2;26;37;80;2444;172;76;2,19;66,05;20,34;0;4;United Kingdom;Western Europe;"Routledge";"2009-2025";"Social Sciences (miscellaneous) (Q2); Sociology and Political Science (Q2)";"Social Sciences"
276;29197;"Journal of Elder Abuse and Neglect";journal;"08946566, 15404129";"Routledge";No;No;0,469;Q2;50;32;57;1299;106;52;1,59;40,59;65,56;1;24;United States;Northern America;"Routledge";"1988-2025";"Social Sciences (miscellaneous) (Q2); Geriatrics and Gerontology (Q3)";"Medicine; Social Sciences"
277;21100208020;"Economics and Sociology";journal;"2071789X, 23063459";"Centre of Sociological Research";Yes;Yes;0,468;Q2;36;63;213;3651;634;212;2,79;57,95;53,53;0;32;Poland;Eastern Europe;"Centre of Sociological Research";"2008-2024";"Business, Management and Accounting (miscellaneous) (Q2); Economics, Econometrics and Finance (miscellaneous) (Q2); Social Sciences (miscellaneous) (Q2); Sociology and Political Science (Q2)";"Business, Management and Accounting; Economics, Econometrics and Finance; Social Sciences"
278;18500158100;"Forum (Germany)";journal;"21946183, 15408884";"Walter de Gruyter GmbH";Yes;No;0,468;Q2;26;10;115;560;104;101;0,72;56,00;33,33;0;5;Germany;Western Europe;"Walter de Gruyter GmbH";"2000, 2002, 2004-2025";"Social Sciences (miscellaneous) (Q2); Sociology and Political Science (Q2)";"Social Sciences"
279;19421;"Journal of Technology in Human Services";journal;"15228991, 15228835";"Routledge";No;No;0,468;Q2;37;15;49;777;136;49;2,34;51,80;75,86;0;8;United States;Northern America;"Routledge";"1996-2025";"Computer Networks and Communications (Q2); Health (social science) (Q2); Social Sciences (miscellaneous) (Q2)";"Computer Science; Social Sciences"
280;21100426136;"Critical African Studies";journal;"21681392, 20407211";"Taylor and Francis Ltd.";No;No;0,467;Q2;18;29;66;1796;108;59;1,37;61,93;40,00;1;14;United Kingdom;Western Europe;"Taylor and Francis Ltd.";"2015-2025";"Arts and Humanities (miscellaneous) (Q1); Social Sciences (miscellaneous) (Q2)";"Arts and Humanities; Social Sciences"
281;21100202940;"International Journal of Multicultural Education";journal;"19345267";"Eastern University";Yes;Yes;0,467;Q2;27;13;59;717;99;59;0,91;55,15;82,14;0;2;United States;Northern America;"Eastern University";"2007-2024";"Anthropology (Q1); Cultural Studies (Q1); Education (Q2); Social Sciences (miscellaneous) (Q2)";"Social Sciences"
282;12909;"Systems Research and Behavioral Science";journal;"10991743, 10927026";"John Wiley and Sons Ltd";No;No;0,465;Q2;60;138;221;8975;591;202;2,74;65,04;32,31;0;59;United Kingdom;Western Europe;"John Wiley and Sons Ltd";"1996-2025";"Information Systems and Management (Q2); Social Sciences (miscellaneous) (Q2); Strategy and Management (Q2)";"Business, Management and Accounting; Decision Sciences; Social Sciences"
283;28227;"Asian Pacific Journal of Social Work";journal;"02185385";"Routledge";No;No;0,463;Q2;19;8;84;279;121;74;0,88;34,88;47,83;0;3;United Kingdom;Western Europe;"Routledge";"1991-2024";"Social Sciences (miscellaneous) (Q2); Sociology and Political Science (Q2)";"Social Sciences"
284;21101091648;"Finance and Society";journal;"20595999";"Cambridge University Press";Yes;No;0,460;Q2;7;9;38;257;39;35;0,94;28,56;20,00;0;6;United Kingdom;Western Europe;"Cambridge University Press";"2019, 2021-2024";"Arts and Humanities (miscellaneous) (Q1); History and Philosophy of Science (Q1); Finance (Q2); Social Sciences (miscellaneous) (Q2); Sociology and Political Science (Q2)";"Arts and Humanities; Economics, Econometrics and Finance; Social Sciences"
285;26603;"Evaluation Review";journal;"15523926, 0193841X";"SAGE Publications Inc.";No;No;0,454;Q2;62;60;85;3475;250;81;3,13;57,92;40,25;0;32;United States;Northern America;"SAGE Publications Inc.";"1977-2025";"Arts and Humanities (miscellaneous) (Q1); Social Sciences (miscellaneous) (Q2)";"Arts and Humanities; Social Sciences"
286;16707;"Journal of Family Therapy";journal;"14676427, 01634445";"Wiley-Blackwell Publishing Ltd";No;No;0,453;Q2;54;29;115;1296;154;102;1,29;44,69;61,36;0;4;United Kingdom;Western Europe;"Wiley-Blackwell Publishing Ltd";"1979-2025";"Social Sciences (miscellaneous) (Q2); Clinical Psychology (Q3); Social Psychology (Q3)";"Psychology; Social Sciences"
287;21101165605;"Discover Social Science and Health";journal;"27310469";"Springer Nature";Yes;No;0,451;Q2;5;81;54;4092;73;53;1,35;50,52;52,96;1;62;Switzerland;Western Europe;"Springer Nature";"2021-2025";"Health (social science) (Q2); Social Sciences (miscellaneous) (Q2); Health Policy (Q3); Public Health, Environmental and Occupational Health (Q3)";"Medicine; Social Sciences"
288;72827;"Forum Qualitative Sozialforschung";journal;"14385627";"Institut fur Klinische Sychologie and Gemeindesychologie";Yes;Yes;0,451;Q2;61;37;171;2224;236;171;1,39;60,11;64,29;1;9;Germany;Western Europe;"Institut fur Klinische Sychologie and Gemeindesychologie";"2002-2025";"Social Sciences (miscellaneous) (Q2)";"Social Sciences"
289;27132;"Jahrbucher fur Nationalokonomie und Statistik";journal;"2366049X, 00214027";"Walter de Gruyter GmbH";No;No;0,451;Q2;27;51;91;2015;127;84;1,18;39,51;29,85;9;29;Germany;Western Europe;"Walter de Gruyter GmbH";"1863, 1896, 1898-1903, 1905-1908, 1910, 1914, 1916, 1918, 1920, 1923, 1927-1928, 1944, 1949, 1959, 1978, 1980, 1982, 1985, 1987-1990, 1992-2025";"Business, Management and Accounting (miscellaneous) (Q2); Social Sciences (miscellaneous) (Q2); Economics and Econometrics (Q3)";"Business, Management and Accounting; Economics, Econometrics and Finance; Social Sciences"
290;21101176849;"Jurnal Ilmiah Peuradeun";journal;"23388617, 24432067";"SCAD Independent";No;No;0,451;-;9;60;152;3301;328;152;2,18;55,02;37,06;0;24;Indonesia;Asiatic Region;"SCAD Independent";"2019-2025";"Law (Q1); Linguistics and Language (Q1); Religious Studies (Q1); Education (Q2)";"Arts and Humanities; Social Sciences"
291;21101181970;"Yustisia";journal;"08520941, 25490907";"Sebelas Maret University Faculty of Law";Yes;No;0,450;Q2;3;16;34;638;45;34;1,32;39,88;47,73;0;11;Indonesia;Asiatic Region;"Sebelas Maret University Faculty of Law";"2022-2024";"Law (Q1); Health (social science) (Q2); Political Science and International Relations (Q2); Social Sciences (miscellaneous) (Q2); Management, Monitoring, Policy and Law (Q3)";"Environmental Science; Social Sciences"
292;21101190207;"Tourism and Hospitality";journal;"26735768";"Multidisciplinary Digital Publishing Institute (MDPI)";Yes;No;0,449;Q2;13;84;122;6263;388;117;2,99;74,56;46,09;0;57;Switzerland;Western Europe;"Multidisciplinary Digital Publishing Institute (MDPI)";"2020-2024";"Economics, Econometrics and Finance (miscellaneous) (Q2); Social Sciences (miscellaneous) (Q2); Tourism, Leisure and Hospitality Management (Q3)";"Business, Management and Accounting; Economics, Econometrics and Finance; Social Sciences"
293;21101129709;"European Review of International Studies";journal;"21967415, 21966923";"Brill Nijhoff";No;No;0,447;Q2;13;15;37;1424;35;37;0,74;94,93;33,33;0;4;Netherlands;Western Europe;"Brill Nijhoff";"2014-2024";"Political Science and International Relations (Q2); Social Sciences (miscellaneous) (Q2)";"Social Sciences"
294;21100451190;"International Journal of Microsimulation";journal;"17475864";"International Microsimulation Association";No;No;0,445;Q2;9;18;59;994;40;51;0,67;55,22;39,47;0;13;Luxembourg;Western Europe;"International Microsimulation Association";"2015-2025";"Demography (Q2); Economics, Econometrics and Finance (miscellaneous) (Q2); Health (social science) (Q2); Modeling and Simulation (Q2); Social Sciences (miscellaneous) (Q2); Economics and Econometrics (Q3); Epidemiology (Q3); Public Health, Environmental and Occupational Health (Q3)";"Economics, Econometrics and Finance; Mathematics; Medicine; Social Sciences"
295;21100199108;"Contemporary Economics";journal;"23008814, 20840845";"University of Economics and Human Sciences, Warsaw";Yes;No;0,443;Q2;25;20;90;1153;234;90;2,67;57,65;48,28;0;15;Poland;Eastern Europe;"University of Economics and Human Sciences, Warsaw";"2011-2024";"Business and International Management (Q2); Business, Management and Accounting (miscellaneous) (Q2); Economics, Econometrics and Finance (miscellaneous) (Q2); Social Sciences (miscellaneous) (Q2); Accounting (Q3); Finance (Q3)";"Business, Management and Accounting; Economics, Econometrics and Finance; Social Sciences"
296;145207;"Asia Europe Journal";journal;"16102932";"Springer Verlag";No;No;0,442;Q2;29;24;99;1348;156;95;1,23;56,17;26,32;1;16;Germany;Western Europe;"Springer Verlag";"2003-2025";"Business, Management and Accounting (miscellaneous) (Q2); Social Sciences (miscellaneous) (Q2)";"Business, Management and Accounting; Social Sciences"
297;21100908534;"Tapuya: Latin American Science, Technology and Society";journal;"25729861";"Routledge";Yes;Yes;0,442;Q2;15;32;114;1316;157;92;1,22;41,13;51,06;1;13;United States;Northern America;"Routledge";"2018-2024";"Multidisciplinary (Q1); Social Sciences (miscellaneous) (Q2)";"Multidisciplinary; Social Sciences"
298;21100401254;"Western Pacific Surveillance and Response Journal : WPSAR";journal;"20947313, 20947321";"World Health Organization Regional Office for the Western Pacific";Yes;Yes;0,441;Q2;24;35;143;483;148;128;0,92;13,80;56,60;0;31;Philippines;Asiatic Region;"World Health Organization Regional Office for the Western Pacific";"2013-2025";"Health (social science) (Q2); Social Sciences (miscellaneous) (Q2); Infectious Diseases (Q3); Public Health, Environmental and Occupational Health (Q3)";"Medicine; Social Sciences"
299;15347;"International Review of Social History";journal;"1469512X, 00208590";"Cambridge University Press";No;No;0,438;Q2;38;34;94;2621;87;90;0,75;77,09;51,28;0;15;United Kingdom;Western Europe;"Cambridge University Press";"1956-2025";"History (Q1); Social Sciences (miscellaneous) (Q2)";"Arts and Humanities; Social Sciences"
300;12000154533;"Canadian Review of Sociology";journal;"17556171, 1755618X";"John Wiley &amp; Sons Inc.";No;No;0,436;Q2;45;23;131;1367;161;120;1,20;59,43;53,19;0;12;United States;Northern America;"John Wiley &amp; Sons Inc.";"1964-1995, 2008-2025";"Arts and Humanities (miscellaneous) (Q1); Social Sciences (miscellaneous) (Q2)";"Arts and Humanities; Social Sciences"
301;25366;"South Asia Research";journal;"17413141, 02627280";"Sage Publications India Pvt. Ltd";No;No;0,435;Q2;22;21;69;961;101;67;1,07;45,76;34,78;0;10;India;Asiatic Region;"Sage Publications India Pvt. Ltd";"1981-2025";"Arts and Humanities (miscellaneous) (Q1); Economics, Econometrics and Finance (miscellaneous) (Q2); Social Sciences (miscellaneous) (Q2)";"Arts and Humanities; Economics, Econometrics and Finance; Social Sciences"
302;21101146408;"Si Somos Americanos";journal;"07190948, 07182910";"Arturo Prat University";Yes;Yes;0,434;Q2;6;16;48;957;38;47;1,03;59,81;50,00;0;7;Chile;Latin America;"Arturo Prat University";"2019-2024";"Cultural Studies (Q1); History (Q1); Social Sciences (miscellaneous) (Q2)";"Arts and Humanities; Social Sciences"
303;21101173090;"International Journal of Community Well-Being";journal;"25245309, 25245295";"Springer Nature";No;No;0,433;Q2;18;34;101;2410;208;84;1,71;70,88;37,66;1;22;Switzerland;Western Europe;"Springer Nature";"2018-2025";"Geography, Planning and Development (Q2); Social Sciences (miscellaneous) (Q2); Psychology (miscellaneous) (Q3)";"Psychology; Social Sciences"
304;21101037151;"Human Arenas";journal;"25225804";"Springer Science and Business Media Deutschland GmbH";No;No;0,429;Q2;14;111;237;5409;336;233;1,40;48,73;56,68;1;31;Netherlands;Western Europe;"Springer Science and Business Media Deutschland GmbH";"2018-2025";"Arts and Humanities (miscellaneous) (Q1); Social Sciences (miscellaneous) (Q2); Psychology (miscellaneous) (Q3)";"Arts and Humanities; Psychology; Social Sciences"
305;4700152739;"Child and Youth Services";journal;"15452298, 0145935X";"Routledge";No;No;0,426;Q2;24;78;59;3896;98;54;1,46;49,95;61,22;0;24;United States;Northern America;"Routledge";"1977-1983, 1985-1991, 1993-1994, 1997-1999, 2001, 2004-2025";"Social Sciences (miscellaneous) (Q2); Health (social science) (Q3)";"Social Sciences"
306;21101196048;"Geographies";journal;"26737086";"Multidisciplinary Digital Publishing Institute (MDPI)";Yes;No;0,422;Q2;9;43;110;2841;228;105;2,28;66,07;28,06;0;29;Switzerland;Western Europe;"Multidisciplinary Digital Publishing Institute (MDPI)";"2021-2024";"Agricultural and Biological Sciences (miscellaneous) (Q2); Environmental Science (miscellaneous) (Q2); Geography, Planning and Development (Q2); Social Sciences (miscellaneous) (Q2)";"Agricultural and Biological Sciences; Environmental Science; Social Sciences"
307;21100873341;"Journal of Chinese Sociology";journal;"21982635";"SpringerOpen";Yes;Yes;0,421;Q2;18;25;64;1506;99;61;1,40;60,24;40,74;0;9;United Kingdom;Western Europe;"SpringerOpen";"2014-2025";"Social Sciences (miscellaneous) (Q2)";"Social Sciences"
308;21100872366;"Cogent Social Sciences";journal;"23311886";"Cogent OA";Yes;No;0,418;Q2;33;606;967;40521;2568;967;2,57;66,87;30,79;4;395;United Kingdom;Western Europe;"Cogent OA";"2015-2025";"Social Sciences (miscellaneous) (Q2)";"Social Sciences"
309;21101037131;"Advances in Neurodevelopmental Disorders";journal;"23667532, 23667540";"Springer Science and Business Media Deutschland GmbH";No;No;0,417;Q2;19;78;148;4239;252;143;1,63;54,35;65,57;1;20;Netherlands;Western Europe;"Springer Science and Business Media Deutschland GmbH";"2017-2025";"Social Sciences (miscellaneous) (Q2); Psychology (miscellaneous) (Q3)";"Psychology; Social Sciences"
310;19500157802;"Asian Social Work and Policy Review";journal;"17531403, 17531411";"Wiley-Blackwell Publishing Ltd";No;No;0,417;Q2;21;32;71;1491;112;70;1,30;46,59;61,76;0;20;Australia;Pacific Region;"Wiley-Blackwell Publishing Ltd";"2008-2025";"Social Sciences (miscellaneous) (Q2); Sociology and Political Science (Q2); Social Work (Q3)";"Social Sciences"
311;21100829274;"Journal of International Studies";journal;"20718330, 23063483";"Centre of Sociological Research";Yes;Yes;0,417;Q2;36;57;198;3298;539;197;2,83;57,86;48,67;0;41;Poland;Eastern Europe;"Centre of Sociological Research";"2008-2024";"Political Science and International Relations (Q2); Social Sciences (miscellaneous) (Q2); Sociology and Political Science (Q2); Business and International Management (Q3); Economics and Econometrics (Q3)";"Business, Management and Accounting; Economics, Econometrics and Finance; Social Sciences"
312;21100860053;"eTropic";journal;"14482940";"James Cook University";Yes;Yes;0,416;Q2;9;26;66;936;97;66;1,35;36,00;35,29;0;7;Australia;Pacific Region;"James Cook University";"2018-2024";"Arts and Humanities (miscellaneous) (Q1); Cultural Studies (Q1); History (Q1); Literature and Literary Theory (Q1); Social Sciences (miscellaneous) (Q2); Urban Studies (Q2)";"Arts and Humanities; Social Sciences"
313;23442;"Politics and the Life Sciences";journal;"14715457, 07309384";"Cambridge University Press";No;No;0,416;Q2;24;22;64;1315;124;56;1,84;59,77;38,24;0;10;United Kingdom;Western Europe;"Cambridge University Press";"1983-1984, 1986-2024";"Public Administration (Q2); Social Sciences (miscellaneous) (Q2); Sociology and Political Science (Q2)";"Social Sciences"
314;20400195022;"Journal of Empirical Theology";journal;"15709256, 09222936";"Brill Academic Publishers";No;No;0,413;Q2;14;20;39;739;31;37;0,68;36,95;67,65;0;4;Netherlands;Western Europe;"Brill Academic Publishers";"1988-1994, 2010-2025";"Religious Studies (Q1); Social Sciences (miscellaneous) (Q2)";"Arts and Humanities; Social Sciences"
315;21100944566;"International Journal of Islamic Thought";journal;"22321314, 22896023";"Universiti Kebangsaan Malaysia Press";Yes;No;0,412;Q2;5;32;89;1170;96;89;0,97;36,56;32,79;0;7;Malaysia;Asiatic Region;"Universiti Kebangsaan Malaysia Press";"2019-2024";"Arts and Humanities (miscellaneous) (Q1); Social Sciences (miscellaneous) (Q2)";"Arts and Humanities; Social Sciences"
316;15035;"Social Work with Groups";journal;"01609513, 15409481";"Routledge";No;No;0,409;Q2;27;32;102;1054;125;93;1,54;32,94;64,06;1;12;United States;Northern America;"Routledge";"1978-2025";"Education (Q2); Social Sciences (miscellaneous) (Q2); Social Work (Q4)";"Social Sciences"
317;21100259119;"Journal of International and Comparative Social Policy";journal;"21699763, 2169978X";"Cambridge University Press";No;No;0,408;Q2;24;7;48;492;95;47;1,28;70,29;75,00;0;7;United Kingdom;Western Europe;"Cambridge University Press";"2013-2025";"Social Sciences (miscellaneous) (Q2); Sociology and Political Science (Q2); Health (social science) (Q3)";"Social Sciences"
318;21101170027;"Materia Socio-Medica";journal;"15127680, 1986597X";"";No;No;0,406;Q2;14;45;154;1292;235;152;1,27;28,71;44,98;0;23;Bosnia and Herzegovina;Eastern Europe;"";"2019-2024";"Economics, Econometrics and Finance (miscellaneous) (Q2); Social Sciences (miscellaneous) (Q2)";"Economics, Econometrics and Finance; Social Sciences"
319;5700176240;"Practice";journal;"17424909, 09503153";"Taylor and Francis Ltd.";No;No;0,405;Q2;28;35;97;1343;130;82;1,22;38,37;66,22;1;16;United Kingdom;Western Europe;"Taylor and Francis Ltd.";"1987-1992, 1994-2006, 2008-2025";"Social Sciences (miscellaneous) (Q2); Sociology and Political Science (Q2)";"Social Sciences"
320;21101227929;"Nordic Journal of Media Studies";journal;"2003184X";"Walter de Gruyter";Yes;Yes;0,403;Q2;8;11;29;561;61;28;1,56;51,00;75,00;0;9;Germany;Western Europe;"Walter de Gruyter";"2019-2024";"Communication (Q2); Education (Q2); Media Technology (Q2); Social Sciences (miscellaneous) (Q2); Sociology and Political Science (Q2); Computer Networks and Communications (Q3); Global and Planetary Change (Q3)";"Computer Science; Engineering; Environmental Science; Social Sciences"
321;21101061822;"Scientific Culture";journal;"24080071, 24079529";"University of the Aegean";No;No;0,403;Q2;11;13;70;567;93;69;1,35;43,62;40,48;0;2;Greece;Western Europe;"University of the Aegean";"2019-2025";"Archeology (Q1); Archeology (arts and humanities) (Q1); Conservation (Q1); History (Q1); Arts and Humanities (miscellaneous) (Q2); Social Sciences (miscellaneous) (Q2); Environmental Science (miscellaneous) (Q3)";"Arts and Humanities; Environmental Science; Social Sciences"
322;14543;"Smith College Studies in Social Work";journal;"15530426, 00377317";"Routledge";No;No;0,402;Q2;26;0;55;0;78;52;1,08;0,00;0,00;0;0;United States;Northern America;"Routledge";"1930-2023";"Social Sciences (miscellaneous) (Q2); Sociology and Political Science (Q2); Social Work (Q4)";"Social Sciences"
323;21100248874;"Dilemas";journal;"19835922, 21782792";"Universidade Federal do Rio de Janeiro";Yes;Yes;0,398;Q2;13;43;148;2537;77;147;0,51;59,00;39,34;0;13;Brazil;Latin America;"Universidade Federal do Rio de Janeiro";"2013-2024";"Law (Q2); Pharmacology, Toxicology and Pharmaceutics (miscellaneous) (Q2); Social Sciences (miscellaneous) (Q2); Sociology and Political Science (Q2)";"Pharmacology, Toxicology and Pharmaceutics; Social Sciences"
324;21101105751;"Jurnal Pendidikan Islam";journal;"24608149, 23554339";"Faculty of Tarbiya and Teacher Training UIN Sunan Gunung";Yes;Yes;0,397;Q2;8;30;55;1625;127;55;2,62;54,17;35,37;0;16;Indonesia;Asiatic Region;"Faculty of Tarbiya and Teacher Training UIN Sunan Gunung";"2019-2024";"Religious Studies (Q1); Education (Q2); Social Sciences (miscellaneous) (Q2)";"Arts and Humanities; Social Sciences"
325;21101060456;"China International Strategy Review";journal;"25245635, 25245627";"Springer";No;No;0,396;Q2;12;17;59;784;123;59;1,72;46,12;21,05;0;9;Singapore;Asiatic Region;"Springer";"2019-2024";"Political Science and International Relations (Q2); Social Sciences (miscellaneous) (Q2)";"Social Sciences"
326;5600152867;"Historical Social Research";journal;"01726404";"GESIS - Leibniz Institute for the Social Sciences";No;No;0,396;Q2;36;37;171;2947;218;171;0,72;79,65;40,00;0;7;Germany;Western Europe;"GESIS - Leibniz Institute for the Social Sciences";"2006-2024";"History (Q1); Social Sciences (miscellaneous) (Q2); Sociology and Political Science (Q2)";"Arts and Humanities; Social Sciences"
327;7200153157;"International Journal of Children's Rights";journal;"15718182, 09275568";"Martinus Nijhoff Publishers";No;No;0,394;Q2;44;39;114;2237;161;105;1,19;57,36;67,19;1;26;Netherlands;Western Europe;"Martinus Nijhoff Publishers";"1993-2024";"Political Science and International Relations (Q2); Social Sciences (miscellaneous) (Q2); Sociology and Political Science (Q2)";"Social Sciences"
328;26333;"Continuity and Change";journal;"1469218X, 02684160";"Cambridge University Press";No;No;0,392;Q2;31;5;44;984;22;43;0,38;196,80;20,00;0;2;United Kingdom;Western Europe;"Cambridge University Press";"1986-2025";"History (Q1); Social Sciences (miscellaneous) (Q2)";"Arts and Humanities; Social Sciences"
329;21101264428;"Journal of Culture and Values in Education";journal;"2590342X";"OpenED Network";Yes;No;0,392;Q2;8;54;55;2516;137;54;2,49;46,59;47,30;0;28;Turkey;Middle East;"OpenED Network";"2022-2024";"Cultural Studies (Q1); Linguistics and Language (Q1); Education (Q2); Social Sciences (miscellaneous) (Q2)";"Social Sciences"
330;5600152911;"Irish Journal of Sociology";journal;"20505280, 07916035";"SAGE Publications Ltd";No;No;0,391;Q2;22;25;69;1291;93;58;1,26;51,64;46,43;1;7;United Kingdom;Western Europe;"SAGE Publications Ltd";"1996-2007, 2009-2024";"Social Sciences (miscellaneous) (Q2)";"Social Sciences"
331;21100874350;"Baltic Region";journal;"23100524, 20798555";"Immanuel Kant Baltic Federal University";Yes;Yes;0,390;Q2;11;34;107;1160;119;106;1,08;34,12;48,48;0;15;Russian Federation;Eastern Europe;"Immanuel Kant Baltic Federal University";"2018-2024";"Cultural Studies (Q1); History (Q1); Economics, Econometrics and Finance (miscellaneous) (Q2); Geography, Planning and Development (Q2); Social Sciences (miscellaneous) (Q2); Sociology and Political Science (Q2)";"Arts and Humanities; Economics, Econometrics and Finance; Social Sciences"
332;21101142417;"Journal of Social and Economic Development";journal;"21996873, 09725792";"Springer";No;No;0,388;Q2;14;135;135;6969;256;131;1,70;51,62;31,75;0;115;Germany;Western Europe;"Springer";"2017-2025";"Economics, Econometrics and Finance (miscellaneous) (Q2); Education (Q2); Social Sciences (miscellaneous) (Q2)";"Economics, Econometrics and Finance; Social Sciences"
333;19700201335;"Scandinavian Journal of Disability Research";journal;"17453011, 15017419";"Stockholm University Press";Yes;No;0,386;Q2;33;47;88;2504;162;86;1,42;53,28;63,64;0;34;Sweden;Western Europe;"Stockholm University Press";"1999-2025";"Social Sciences (miscellaneous) (Q2); Physical Therapy, Sports Therapy and Rehabilitation (Q3); Rehabilitation (Q3)";"Health Professions; Medicine; Social Sciences"
334;4700152785;"Journal of Intergenerational Relationships";journal;"15350770";"Routledge";No;No;0,383;Q2;33;73;90;2945;149;89;1,66;40,34;68,40;0;19;United States;Northern America;"Routledge";"2003-2025";"Archeology (Q1); Social Sciences (miscellaneous) (Q2); Sociology and Political Science (Q2); Geriatrics and Gerontology (Q3); Life-span and Life-course Studies (Q3); Social Psychology (Q3)";"Medicine; Psychology; Social Sciences"
335;25432;"Monash Bioethics Review";journal;"18366716, 13212753";"Springer Publishing Company";No;No;0,381;Q2;20;36;58;2107;81;53;1,68;58,53;59,52;1;22;United States;Northern America;"Springer Publishing Company";"1994-2025";"Philosophy (Q1); Social Sciences (miscellaneous) (Q2); Health Policy (Q3); Medicine (miscellaneous) (Q3)";"Arts and Humanities; Medicine; Social Sciences"
336;21101043321;"Recreational Sports Journal";journal;"15588661, 1558867X";"SAGE Publications Ltd";No;No;0,380;Q2;22;21;49;896;73;49;1,34;42,67;58,57;0;5;United Kingdom;Western Europe;"SAGE Publications Ltd";"2002-2025";"Social Sciences (miscellaneous) (Q2); Education (Q3); Health (social science) (Q3); Tourism, Leisure and Hospitality Management (Q3)";"Business, Management and Accounting; Social Sciences"
337;21101185523;"Adolescents";journal;"26737051";"Multidisciplinary Digital Publishing Institute (MDPI)";Yes;No;0,377;Q2;8;43;124;2400;129;121;0,83;55,81;67,08;1;17;Switzerland;Western Europe;"Multidisciplinary Digital Publishing Institute (MDPI)";"2021-2024";"Health Professions (miscellaneous) (Q2); Social Sciences (miscellaneous) (Q2); Psychology (miscellaneous) (Q3)";"Health Professions; Psychology; Social Sciences"
338;21101170632;"Journal of Agriculture, Food Systems, and Community Development";journal;"21520801";"Thomas A. Lyson Center for Civic Agriculture and Food Systems";Yes;No;0,376;Q2;17;88;249;3527;334;211;1,27;40,08;64,08;0;75;United States;Northern America;"Thomas A. Lyson Center for Civic Agriculture and Food Systems";"2019-2025";"Development (Q2); Geography, Planning and Development (Q2); Social Sciences (miscellaneous) (Q2); Health (social science) (Q3)";"Social Sciences"
339;21100888787;"Annals of Economics and Statistics";journal;"21154430, 19683863";"Groupe des ecoles nationales d'economie et statistique";No;No;0,375;Q2;7;22;57;1155;38;54;0,64;52,50;36,21;0;9;France;Western Europe;"Groupe des ecoles nationales d'economie et statistique";"2018-2024";"Social Sciences (miscellaneous) (Q2); Economics and Econometrics (Q3); Statistics and Probability (Q3); Statistics, Probability and Uncertainty (Q3)";"Decision Sciences; Economics, Econometrics and Finance; Mathematics; Social Sciences"
340;21101238109;"Entrepreneurship Education";journal;"25208152, 25208144";"Springer";No;No;0,372;Q2;4;24;18;1130;59;18;3,28;47,08;48,00;0;15;Singapore;Asiatic Region;"Springer";"2023-2025";"Economics, Econometrics and Finance (miscellaneous) (Q2); Social Sciences (miscellaneous) (Q2); Business, Management and Accounting (miscellaneous) (Q3); Education (Q3)";"Business, Management and Accounting; Economics, Econometrics and Finance; Social Sciences"
341;25237;"Philosophy of the Social Sciences";journal;"15527441, 00483931";"SAGE Publications Inc.";No;No;0,372;Q2;44;25;82;1476;64;80;0,50;59,04;25,00;0;2;United States;Northern America;"SAGE Publications Inc.";"1971-2025";"Philosophy (Q1); Social Sciences (miscellaneous) (Q2)";"Arts and Humanities; Social Sciences"
342;19637;"Crime, Law and Social Change";journal;"15730751, 09254994";"Springer Netherlands";No;No;0,364;Q2;60;81;161;5832;341;157;2,19;72,00;49,70;1;56;Netherlands;Western Europe;"Springer Netherlands";"1991-2025";"Law (Q2); Social Sciences (miscellaneous) (Q2); Pathology and Forensic Medicine (Q3)";"Medicine; Social Sciences"
343;27217;"International Social Science Journal";journal;"00208701, 14682451";"Wiley-Blackwell Publishing Ltd";No;No;0,364;Q2;54;83;146;6214;301;144;1,60;74,87;36,02;1;53;United Kingdom;Western Europe;"Wiley-Blackwell Publishing Ltd";"1973-1975, 1978-2006, 2008-2014, 2016-2025";"Social Sciences (miscellaneous) (Q2)";"Social Sciences"
344;12043;"Interchange";journal;"15731790, 08264805";"Springer Netherlands";No;No;0,361;Q2;24;25;90;1428;143;90;1,55;57,12;30,30;0;15;Netherlands;Western Europe;"Springer Netherlands";"1970-2003, 2005-2025";"Arts and Humanities (miscellaneous) (Q2); Law (Q2); Social Sciences (miscellaneous) (Q2); Education (Q3)";"Arts and Humanities; Social Sciences"
345;21101041815;"Journal of ASEAN Studies";journal;"23381361, 23381353";"Bina Nusantara University";Yes;No;0,358;Q2;8;13;52;699;64;49;1,32;53,77;33,33;0;11;Indonesia;Asiatic Region;"Bina Nusantara University";"2019-2024";"Cultural Studies (Q1); Geography, Planning and Development (Q2); Social Sciences (miscellaneous) (Q2); Sociology and Political Science (Q2)";"Social Sciences"
346;4700152783;"Journal of Couple and Relationship Therapy";journal;"15332683, 15332691";"Routledge";No;No;0,357;Q2;29;25;54;1365;74;53;1,30;54,60;63,83;0;6;United States;Northern America;"Routledge";"2002-2025";"Gender Studies (Q2); Social Sciences (miscellaneous) (Q2); Applied Psychology (Q3); Social Psychology (Q3)";"Psychology; Social Sciences"
347;21101021795;"South Asia Multidisciplinary Academic Journal";journal;"19606060";"OpenEditions Journals";Yes;Yes;0,357;Q2;8;11;62;803;81;58;0,71;73,00;80,00;0;7;France;Western Europe;"OpenEditions Journals";"2020-2024";"Social Sciences (miscellaneous) (Q2)";"Social Sciences"
348;21101055962;"Journal of Park and Recreation Administration";journal;"21606862, 07351968";"Sagamore Publishing LLC";No;No;0,356;Q2;12;28;124;1261;139;116;1,08;45,04;60,82;0;18;United States;Northern America;"Sagamore Publishing LLC";"2019-2024";"Nature and Landscape Conservation (Q2); Social Sciences (miscellaneous) (Q2); Urban Studies (Q2); Tourism, Leisure and Hospitality Management (Q3)";"Business, Management and Accounting; Environmental Science; Social Sciences"
349;21570;"Prison Journal";journal;"00328855, 15527522";"SAGE Publications Inc.";No;No;0,356;Q2;61;36;108;1753;141;108;1,18;48,69;62,39;1;11;United States;Northern America;"SAGE Publications Inc.";"1921-1992, 1996-2025";"Law (Q2); Social Sciences (miscellaneous) (Q2)";"Social Sciences"
350;21101100267;"Museum and Society";journal;"14798360";"University of Leicester";Yes;Yes;0,354;Q2;9;31;72;1816;74;69;0,76;58,58;76,92;0;6;United Kingdom;Western Europe;"University of Leicester";"2019-2024";"Museology (Q1); Social Sciences (miscellaneous) (Q2)";"Arts and Humanities; Social Sciences"
351;21101051704;"Central Asian Affairs";journal;"22142290, 22142282";"Brill Academic Publishers";No;No;0,352;Q2;11;9;48;381;78;46;1,47;42,33;50,00;0;2;Netherlands;Western Europe;"Brill Academic Publishers";"2014-2024";"Political Science and International Relations (Q2); Social Sciences (miscellaneous) (Q2); Sociology and Political Science (Q2)";"Social Sciences"
352;21100775412;"Foresight and STI Governance";journal;"23129972, 25002597";"National Research University, Higher School of Econoimics";Yes;Yes;0,352;Q2;27;29;89;1662;179;88;1,55;57,31;39,39;0;18;Russian Federation;Eastern Europe;"National Research University, Higher School of Econoimics";"2015-2024";"Decision Sciences (miscellaneous) (Q2); Economics, Econometrics and Finance (miscellaneous) (Q2); History and Philosophy of Science (Q2); Social Sciences (miscellaneous) (Q2); Business and International Management (Q3); Business, Management and Accounting (miscellaneous) (Q3); Development (Q3); Management of Technology and Innovation (Q3); Statistics, Probability and Uncertainty (Q3); Strategy and Management (Q3)";"Arts and Humanities; Business, Management and Accounting; Decision Sciences; Economics, Econometrics and Finance; Social Sciences"
353;21100941737;"Hawaii Journal of Health and Social Welfare";journal;"26415216, 26415224";"University Health Partners of Hawaii";No;No;0,349;Q2;35;50;222;1141;190;191;0,76;22,82;61,14;0;27;United States;Northern America;"University Health Partners of Hawaii";"2019-2025";"Social Sciences (miscellaneous) (Q2); Health (social science) (Q3); Public Health, Environmental and Occupational Health (Q3)";"Medicine; Social Sciences"
354;28104;"Die Erde";journal;"00139998";"Gesellschaft fur Erdkunde zu Berlin";Yes;No;0,348;Q2;31;3;58;289;67;55;0,77;96,33;40,74;0;3;Germany;Western Europe;"Gesellschaft fur Erdkunde zu Berlin";"1977-2024";"Social Sciences (miscellaneous) (Q2); Atmospheric Science (Q3); Earth and Planetary Sciences (miscellaneous) (Q3); Ecology (Q3); Energy (miscellaneous) (Q3)";"Earth and Planetary Sciences; Energy; Environmental Science; Social Sciences"
355;5600155076;"Revista de Estudios Sociales";journal;"19005180, 0123885X";"Universidad de los Andes, Colombia";Yes;Yes;0,348;Q2;18;32;92;1777;99;92;0,95;55,53;55,93;0;17;Colombia;Latin America;"Universidad de los Andes, Colombia";"2009-2025";"Cultural Studies (Q1); History (Q1); Arts and Humanities (miscellaneous) (Q2); Gender Studies (Q2); Social Sciences (miscellaneous) (Q2); Sociology and Political Science (Q2)";"Arts and Humanities; Social Sciences"
356;21101254043;"Studies in Science of Science";journal;"10032053";"Editorial Department of Studies in Science of Science";No;No;0,348;Q2;13;239;651;6378;623;651;1,01;26,69;39,58;0;150;China;Asiatic Region;"Editorial Department of Studies in Science of Science";"2021-2025";"Social Sciences (miscellaneous) (Q2)";"Social Sciences"
357;21100792095;"Recerca";journal;"22544135, 11306149";"Universitat Jaume I";Yes;Yes;0,347;Q2;10;16;60;620;65;58;0,71;38,75;41,18;0;10;Spain;Western Europe;"Universitat Jaume I";"2016-2024";"Philosophy (Q1); Social Sciences (miscellaneous) (Q2)";"Arts and Humanities; Social Sciences"
358;21101041706;"Adult Learning";journal;"21624070, 10451595";"SAGE Publications Inc.";No;No;0,346;Q2;27;43;70;1345;105;63;1,24;31,28;63,75;2;16;United States;Northern America;"SAGE Publications Inc.";"1989-2025";"Social Sciences (miscellaneous) (Q2); Education (Q3)";"Social Sciences"
359;24798;"Asian Journal of Social Science";journal;"15684849, 15685314";"Department of Sociology, National University of Singapore";No;No;0,345;Q2;29;19;88;1081;132;86;1,26;56,89;57,69;0;9;Singapore;Asiatic Region;"Department of Sociology, National University of Singapore";"1973-1995, 2000-2025";"Social Sciences (miscellaneous) (Q2)";"Social Sciences"
360;20500195024;"Journal of Quantitative Analysis in Sports";journal;"21946388, 15590410";"Walter de Gruyter GmbH";No;No;0,343;Q2;26;31;61;914;107;61;1,53;29,48;14,10;0;2;Germany;Western Europe;"Walter de Gruyter GmbH";"2011-2025";"Social Sciences (miscellaneous) (Q2); Decision Sciences (miscellaneous) (Q3)";"Decision Sciences; Social Sciences"
361;12000154348;"International Journal of Electronic Government Research";journal;"15483894, 15483886";"IGI Publishing";No;No;0,341;Q2;36;7;73;588;201;73;2,69;84,00;36,36;0;6;United States;Northern America;"IGI Publishing";"2005-2025";"Social Sciences (miscellaneous) (Q2); Computer Networks and Communications (Q3); E-learning (Q3); Hardware and Architecture (Q3); Software (Q3)";"Computer Science; Social Sciences"
362;21101064806;"Mongolian Studies";journal;"25001523, 27128059";"Kalmyk Scientific Centre of Russian Academy of Sciences";Yes;Yes;0,341;Q2;4;55;152;2367;19;152;0,13;43,04;46,38;0;9;Russian Federation;Eastern Europe;"Kalmyk Scientific Centre of Russian Academy of Sciences";"2016-2024";"Cultural Studies (Q1); History (Q1); Literature and Literary Theory (Q1); Anthropology (Q2); Arts and Humanities (miscellaneous) (Q2); Linguistics and Language (Q2); Social Sciences (miscellaneous) (Q2)";"Arts and Humanities; Social Sciences"
363;21100199128;"REVESCO Revista de Estudios Cooperativos";journal;"18858031, 11356618";"Universidad Complutense Madrid";Yes;Yes;0,340;Q2;17;18;81;1375;106;81;1,00;76,39;47,06;0;11;Spain;Western Europe;"Universidad Complutense Madrid";"2011-2024";"Social Sciences (miscellaneous) (Q2); Economics and Econometrics (Q3)";"Economics, Econometrics and Finance; Social Sciences"
364;21101073716;"Revista de Artes Marciales Asiaticas";journal;"21740747";"Universidad de Leon";Yes;Yes;0,340;Q2;8;13;45;554;46;42;1,25;42,62;18,18;0;0;Spain;Western Europe;"Universidad de Leon";"2019-2025";"Anthropology (Q2); Social Sciences (miscellaneous) (Q2); Physical Therapy, Sports Therapy and Rehabilitation (Q3); Tourism, Leisure and Hospitality Management (Q3)";"Business, Management and Accounting; Health Professions; Social Sciences"
365;14730;"Revista Latinoamericana de Psicologia";journal;"01200534";"Konrad Lorenz Editores";Yes;Yes;0,340;Q2;36;22;78;1202;98;78;1,15;54,64;50,00;0;5;Colombia;Latin America;"Konrad Lorenz Editores";"1980, 1984, 1992, 1996-2024";"Social Sciences (miscellaneous) (Q2); Psychology (miscellaneous) (Q3)";"Psychology; Social Sciences"
366;12679;"IEEE Technology and Society Magazine";journal;"02780097";"Institute of Electrical and Electronics Engineers Inc.";No;No;0,337;Q2;43;48;165;1088;310;133;1,20;22,67;40,00;0;20;United States;Northern America;"Institute of Electrical and Electronics Engineers Inc.";"1982-2025";"Engineering (miscellaneous) (Q2); Social Sciences (miscellaneous) (Q2)";"Engineering; Social Sciences"
367;23241;"International Journal of Game Theory";journal;"14321270, 00207276";"Springer Verlag";No;No;0,337;Q2;49;57;122;1322;64;122;0,44;23,19;18,10;0;0;Germany;Western Europe;"Springer Verlag";"1971, 1973-2025";"Social Sciences (miscellaneous) (Q2); Economics and Econometrics (Q3); Mathematics (miscellaneous) (Q3); Statistics and Probability (Q3); Statistics, Probability and Uncertainty (Q3)";"Decision Sciences; Economics, Econometrics and Finance; Mathematics; Social Sciences"
368;17600155208;"Journal of South Asian Development";journal;"09731741, 09731733";"Sage Publications India Pvt. Ltd";No;No;0,336;Q2;20;18;52;961;82;51;1,47;53,39;41,18;0;14;India;Asiatic Region;"Sage Publications India Pvt. Ltd";"2006-2007, 2009-2025";"History (Q1); Economics, Econometrics and Finance (miscellaneous) (Q2); Social Sciences (miscellaneous) (Q2); Business and International Management (Q3); Development (Q3)";"Arts and Humanities; Business, Management and Accounting; Economics, Econometrics and Finance; Social Sciences"
369;26918;"Negotiation Journal";journal;"15719979, 07484526";"";No;No;0,336;Q2;40;4;77;236;79;58;0,62;59,00;0,00;0;0;United Kingdom;Western Europe;"";"1985-2024";"Social Sciences (miscellaneous) (Q2); Management of Technology and Innovation (Q3); Strategy and Management (Q3)";"Business, Management and Accounting; Social Sciences"
370;22830;"Canadian Journal of Criminology and Criminal Justice";journal;"17077753, 19110219";"University of Toronto Press";No;No;0,333;Q2;47;9;54;587;61;53;0,95;65,22;36,00;0;4;Canada;Northern America;"University of Toronto Press";"2003-2024";"Law (Q2); Social Sciences (miscellaneous) (Q2)";"Social Sciences"
371;7000153207;"NanoEthics";journal;"18714765, 18714757";"Springer Netherlands";Yes;No;0,332;Q2;36;12;65;853;108;56;1,50;71,08;22,73;1;2;Netherlands;Western Europe;"Springer Netherlands";"2007-2025";"Philosophy (Q1); History and Philosophy of Science (Q2); Social Sciences (miscellaneous) (Q2); Sociology and Political Science (Q2); Management of Technology and Innovation (Q3); Nanoscience and Nanotechnology (Q3)";"Arts and Humanities; Business, Management and Accounting; Materials Science; Social Sciences"
372;12691;"Merrill-Palmer Quarterly";journal;"0272930X, 15350266";"Wayne State University Press";No;No;0,331;Q2;80;4;53;373;49;53;0,25;93,25;68,18;0;0;United States;Northern America;"Wayne State University Press";"1973, 1996-2024";"Social Sciences (miscellaneous) (Q2); Developmental and Educational Psychology (Q3); Education (Q3)";"Psychology; Social Sciences"
373;21101056926;"Central and Eastern European Migration Review";journal;"23001682";"Polska Akademia Nauk";Yes;Yes;0,330;Q2;12;20;60;1359;89;59;1,32;67,95;50,00;0;11;Poland;Eastern Europe;"Polska Akademia Nauk";"2019-2024";"Demography (Q2); Social Sciences (miscellaneous) (Q2); Sociology and Political Science (Q2)";"Social Sciences"
374;26731;"History of the Family";journal;"1081602X";"Taylor and Francis Ltd.";No;No;0,330;Q2;31;42;97;2643;69;89;0,59;62,93;52,83;0;9;United Kingdom;Western Europe;"Taylor and Francis Ltd.";"1996-2025";"History (Q1); Social Sciences (miscellaneous) (Q2); Sociology and Political Science (Q2)";"Arts and Humanities; Social Sciences"
375;21101044834;"Iconos";journal;"13901249, 13908065";"FLACSO Ecuador";Yes;Yes;0,329;Q2;8;33;99;1282;97;93;0,98;38,85;68,00;0;28;Ecuador;Latin America;"FLACSO Ecuador";"2019-2025";"Anthropology (Q2); Gender Studies (Q2); Social Sciences (miscellaneous) (Q2); Sociology and Political Science (Q2)";"Social Sciences"
376;5600153391;"Historical Materialism";journal;"14654466, 1569206X";"Brill Academic Publishers";No;No;0,327;Q2;39;39;121;2545;94;120;0,69;65,26;24,39;0;6;Netherlands;Western Europe;"Brill Academic Publishers";"1997-1998, 2002-2024";"History (Q1); Economics, Econometrics and Finance (miscellaneous) (Q2); Political Science and International Relations (Q2); Social Sciences (miscellaneous) (Q2); Sociology and Political Science (Q2)";"Arts and Humanities; Economics, Econometrics and Finance; Social Sciences"
377;21101039805;"Sriwijaya Law Review";journal;"25416464, 25415298";"Sriwijaya University";Yes;Yes;0,325;Q2;9;23;66;1013;83;66;1,41;44,04;44,23;0;15;Indonesia;Asiatic Region;"Sriwijaya University";"2017-2024";"Law (Q2); Social Sciences (miscellaneous) (Q2); Sociology and Political Science (Q2)";"Social Sciences"
378;21101037909;"Contemporary Trends and Issues in Science Education";book series;"18780482, 18780784";"Springer Science and Business Media Deutschland GmbH";No;No;0,322;Q2;15;76;84;3686;48;1;0,57;48,50;0,00;0;26;Netherlands;Western Europe;"Springer Science and Business Media Deutschland GmbH";"2010, 2012, 2014, 2016-2020, 2022-2024";"Social Sciences (miscellaneous) (Q2); Education (Q3)";"Social Sciences"
379;26481;"Society";journal;"01472011, 19364725";"Springer New York";No;No;0,320;Q2;34;44;176;1450;248;155;1,17;32,95;38,46;0;9;United States;Northern America;"Springer New York";"1968, 1971-1999, 2002-2025";"Social Sciences (miscellaneous) (Q2); Sociology and Political Science (Q2)";"Social Sciences"
380;21100793178;"Psicoperspectivas";journal;"07186924";"Pontificia Universidad Catolica de Valparaiso";Yes;Yes;0,319;Q2;24;29;113;1164;104;102;0,93;40,14;48,15;0;16;Chile;Latin America;"Pontificia Universidad Catolica de Valparaiso";"2006-2024";"Social Sciences (miscellaneous) (Q2); Psychology (miscellaneous) (Q3)";"Psychology; Social Sciences"
381;144730;"Studies in Nonlinear Dynamics and Econometrics";journal;"15583708, 10811826";"Walter de Gruyter GmbH";No;No;0,319;Q2;37;62;96;2840;87;96;0,87;45,81;21,09;3;17;Germany;Western Europe;"Walter de Gruyter GmbH";"2002-2025";"Social Sciences (miscellaneous) (Q2); Analysis (Q3); Economics and Econometrics (Q3)";"Economics, Econometrics and Finance; Mathematics; Social Sciences"
382;21101039227;"Arktika: Ekologia i Ekonomika";journal;"22234594";"Nuclear Safety Institute of the Russian Academy of Sciences";Yes;Yes;0,313;Q2;11;52;146;1403;143;146;0,88;26,98;36,18;0;29;Russian Federation;Eastern Europe;"Nuclear Safety Institute of the Russian Academy of Sciences";"2020-2024";"Social Sciences (miscellaneous) (Q2); Earth and Planetary Sciences (miscellaneous) (Q3); Earth-Surface Processes (Q3); Ecology (Q3); Environmental Science (miscellaneous) (Q3); Geography, Planning and Development (Q3)";"Earth and Planetary Sciences; Environmental Science; Social Sciences"
383;21101155951;"Journal of Curriculum Studies Research";journal;"26902788";"OpenED Network";Yes;No;0,313;Q2;13;21;63;1068;122;62;2,09;50,86;60,34;0;9;Turkey;Middle East;"OpenED Network";"2019-2024";"Social Sciences (miscellaneous) (Q2); Education (Q3)";"Social Sciences"
384;21100855500;"Journal of Population and Social Studies";journal;"24654418";"Mahidol University, Institute for Population and Social Research";No;No;0,313;Q2;12;45;146;2298;150;146;0,73;51,07;46,67;0;29;Thailand;Asiatic Region;"Mahidol University, Institute for Population and Social Research";"2017-2025";"Anthropology (Q2); Demography (Q2); Social Sciences (miscellaneous) (Q2); Sociology and Political Science (Q2); Geography, Planning and Development (Q3); Health (social science) (Q3)";"Social Sciences"
385;21100935076;"International and Multidisciplinary Journal of Social Sciences";journal;"20143680";"Hipatia Editorial";Yes;No;0,310;Q2;10;14;35;618;61;35;1,74;44,14;62,07;0;6;Spain;Western Europe;"Hipatia Editorial";"2014, 2019-2024";"History (Q1); Philosophy (Q1); Social Sciences (miscellaneous) (Q2); Economics and Econometrics (Q3)";"Arts and Humanities; Economics, Econometrics and Finance; Social Sciences"
386;4900152713;"Revista de Economia e Sociologia Rural";journal;"01032003";"Sociedade Brasileira de Economia e Sociologia Rural";Yes;No;0,310;Q2;24;56;213;2734;165;213;0,79;48,82;40,56;1;38;Brazil;Latin America;"Sociedade Brasileira de Economia e Sociologia Rural";"2006-2025";"Forestry (Q2); Social Sciences (miscellaneous) (Q2); Agronomy and Crop Science (Q3); Economics and Econometrics (Q3)";"Agricultural and Biological Sciences; Economics, Econometrics and Finance; Social Sciences"
387;4700153602;"Sociologias";journal;"15174522";"Instituto de Filosofia e Ciencias Humanas-UFRGS";Yes;Yes;0,310;Q2;23;23;116;803;94;112;0,46;34,91;40,00;0;10;Brazil;Latin America;"Instituto de Filosofia e Ciencias Humanas-UFRGS";"2000-2024";"Social Sciences (miscellaneous) (Q2)";"Social Sciences"
388;21101123948;"Nordic Welfare Research";journal;"24644161";"Scandinavian University Press";Yes;Yes;0,308;Q2;8;29;43;1215;44;41;0,75;41,90;55,81;0;13;Norway;Western Europe;"Scandinavian University Press";"2019-2024";"Demography (Q2); Social Sciences (miscellaneous) (Q2); Health (social science) (Q3); Life-span and Life-course Studies (Q4)";"Social Sciences"
389;21101168855;"Journal of the British Academy";journal;"20527217";"British Academy";Yes;Yes;0,306;Q2;14;38;208;1306;245;195;0,91;34,37;46,51;1;16;United Kingdom;Western Europe;"British Academy";"2019-2024";"Arts and Humanities (miscellaneous) (Q2); Social Sciences (miscellaneous) (Q2)";"Arts and Humanities; Social Sciences"
390;5600152899;"Revista de Ciencias Sociales";journal;"13159518";"Universidad del Zulia";Yes;Yes;0,306;Q2;24;226;568;9844;957;552;1,74;43,56;48,52;0;123;Venezuela;Latin America;"Universidad del Zulia";"2007-2024";"Social Sciences (miscellaneous) (Q2); Public Administration (Q3)";"Social Sciences"
391;21100440523;"Interaction Design and Architecture(s)";journal;"18269745, 22832998";"ASLERD";Yes;Yes;0,303;Q2;21;30;118;1122;180;118;1,13;37,40;46,75;0;16;Italy;Western Europe;"ASLERD";"2007, 2011-2024";"Architecture (Q2); Media Technology (Q2); Multidisciplinary (Q2); Social Sciences (miscellaneous) (Q2); Computer Science Applications (Q3); Education (Q3); Pharmacology (Q3); Human-Computer Interaction (Q4)";"Computer Science; Engineering; Multidisciplinary; Pharmacology, Toxicology and Pharmaceutics; Social Sciences"
392;21101046171;"Agraris";journal;"25279238, 2407814X";"Department of Agribusiness, Universitas Muhammadiyah Yogyakarta";Yes;No;0,302;Q2;9;9;54;482;89;53;1,14;53,56;50,00;0;8;Indonesia;Asiatic Region;"Department of Agribusiness, Universitas Muhammadiyah Yogyakarta";"2019-2024";"Agricultural and Biological Sciences (miscellaneous) (Q2); Social Sciences (miscellaneous) (Q2); Economics and Econometrics (Q3)";"Agricultural and Biological Sciences; Economics, Econometrics and Finance; Social Sciences"
393;21100897202;"FWU Journal of Social Sciences";journal;"19951272";"Shaheed Benazir Bhutto Women University";No;No;0,302;Q2;8;44;128;2317;205;128;1,78;52,66;32,65;0;24;Pakistan;Asiatic Region;"Shaheed Benazir Bhutto Women University";"2018-2024";"History (Q1); Social Sciences (miscellaneous) (Q2); Sociology and Political Science (Q2); Education (Q3); Psychology (miscellaneous) (Q3)";"Arts and Humanities; Psychology; Social Sciences"
394;21101089566;"Sexuality, Gender and Policy";journal;"26395355";"John Wiley and Sons Inc";No;No;0,302;Q2;5;25;41;996;39;34;0,84;39,84;53,97;0;17;United States;Northern America;"John Wiley and Sons Inc";"2017, 2019-2025";"Cultural Studies (Q1); Gender Studies (Q2); Political Science and International Relations (Q2); Social Sciences (miscellaneous) (Q2)";"Social Sciences"
395;4700152250;"Revista Brasileira de Ciencias Sociais";journal;"01026909, 18069053";"Associacao Nacional de Pos-Graduacao e Pesquisa em Ciencias Sociais - ANPOCS";Yes;No;0,301;Q2;22;27;97;1594;53;96;0,56;59,04;35,00;0;13;Brazil;Latin America;"Associacao Nacional de Pos-Graduacao e Pesquisa em Ciencias Sociais - ANPOCS";"2006-2024";"Social Sciences (miscellaneous) (Q2)";"Social Sciences"
396;5600153108;"Papers";journal;"02102862, 20139004";"Universitat Autonoma de Barcelona";Yes;Yes;0,299;Q2;18;26;79;1484;72;79;0,91;57,08;58,33;0;21;Spain;Western Europe;"Universitat Autonoma de Barcelona";"2011-2025";"Social Sciences (miscellaneous) (Q2); Sociology and Political Science (Q2)";"Social Sciences"
397;21100429296;"Journal of Social Studies Education Research";journal;"13099108";"Association for Social Studies Educa";Yes;No;0,298;Q2;23;62;166;4014;261;166;1,37;64,74;57,71;0;29;Turkey;Middle East;"Association for Social Studies Educa";"2015-2024";"Social Sciences (miscellaneous) (Q2); Education (Q3)";"Social Sciences"
398;21101022444;"Aerospace Systems";journal;"25233955";"Springer Nature";No;No;0,297;Q2;12;105;155;3133;281;154;2,01;29,84;22,93;0;3;Singapore;Asiatic Region;"Springer Nature";"2018-2025";"Social Sciences (miscellaneous) (Q2); Aerospace Engineering (Q3); Computers in Earth Sciences (Q3); Control and Systems Engineering (Q3); Mechanical Engineering (Q3); Space and Planetary Science (Q3)";"Earth and Planetary Sciences; Engineering; Social Sciences"
399;21101218126;"International Journal of Disability and Social Justice";journal;"27324044, 27324036";"Pluto Journals";Yes;Yes;0,297;Q2;4;16;38;907;61;35;1,27;56,69;58,06;0;12;United Kingdom;Western Europe;"Pluto Journals";"2021-2024";"Social Sciences (miscellaneous) (Q2); Sociology and Political Science (Q2); Education (Q3)";"Social Sciences"
400;5600152919;"Revista Internacional de Sociologia";journal;"1988429X, 00349712";"CSIC Consejo Superior de Investigaciones Cientificas";Yes;Yes;0,296;Q2;23;21;66;1155;64;66;0,90;55,00;32,56;9;7;Spain;Western Europe;"CSIC Consejo Superior de Investigaciones Cientificas";"1976-1981, 1983, 1985-1988, 1992-1993, 1995, 1997, 1999, 2008-2024";"Social Sciences (miscellaneous) (Q2)";"Social Sciences"
401;21101148008;"Australian and International Journal of Rural Education";journal;"18397387, 10360026";"Society for the Provision of Education in Rural Education";Yes;Yes;0,295;Q2;8;30;81;1085;69;78;0,85;36,17;74,63;0;15;Australia;Pacific Region;"Society for the Provision of Education in Rural Education";"2019-2024";"Social Sciences (miscellaneous) (Q2); Education (Q3)";"Social Sciences"
402;21101122746;"Journal of Labor and Society";journal;"24714607";"Brill Academic Publishers";No;No;0,292;Q2;13;17;83;949;94;81;0,84;55,82;15,38;0;6;Netherlands;Western Europe;"Brill Academic Publishers";"2017-2024";"Cultural Studies (Q1); History (Q1); Political Science and International Relations (Q2); Social Sciences (miscellaneous) (Q2); Sociology and Political Science (Q2); Economics and Econometrics (Q3)";"Arts and Humanities; Economics, Econometrics and Finance; Social Sciences"
403;21101179113;"Jurnal Media Hukum";journal;"25031023, 08548919";"Faculty of Law, Universitas Muhammadiyah Yogyakarta";Yes;No;0,291;Q2;5;20;34;958;50;34;2,20;47,90;26,79;0;11;Indonesia;Asiatic Region;"Faculty of Law, Universitas Muhammadiyah Yogyakarta";"2019-2024";"Law (Q2); Political Science and International Relations (Q2); Social Sciences (miscellaneous) (Q2)";"Social Sciences"
404;19700170105;"Problems and Perspectives in Management";journal;"17277051, 18105467";"LLC CPC Business Perspectives";Yes;No;0,291;Q2;34;216;589;10726;1251;589;2,06;49,66;50,26;0;126;Ukraine;Eastern Europe;"LLC CPC Business Perspectives";"2003-2025";"Law (Q2); Social Sciences (miscellaneous) (Q2); Sociology and Political Science (Q2); Business and International Management (Q3); Business, Management and Accounting (miscellaneous) (Q3); Information Systems and Management (Q3); Public Administration (Q3); Strategy and Management (Q3)";"Business, Management and Accounting; Decision Sciences; Social Sciences"
405;21101037316;"European Journal of Human Movement";journal;"23864095";"Miguel Hernandez University";Yes;Yes;0,289;Q2;8;21;63;886;60;58;0,69;42,19;27,63;0;4;Spain;Western Europe;"Miguel Hernandez University";"2019-2024";"Social Sciences (miscellaneous) (Q2); Health (social science) (Q3); Physical Therapy, Sports Therapy and Rehabilitation (Q3)";"Health Professions; Social Sciences"
406;78505;"Italian Review of Agricultural Economics";journal;"22811559, 00356190";"Firenze University Press";No;No;0,289;Q2;7;24;66;1167;84;60;1,36;48,63;48,00;1;16;Italy;Western Europe;"Firenze University Press";"1978-1979, 2019-2024";"Economics, Econometrics and Finance (miscellaneous) (Q2); Social Sciences (miscellaneous) (Q2); Agronomy and Crop Science (Q3); Animal Science and Zoology (Q3); Development (Q3); Food Science (Q3); Geography, Planning and Development (Q3)";"Agricultural and Biological Sciences; Economics, Econometrics and Finance; Social Sciences"
407;23067;"Media Asia";journal;"01296612";"Taylor and Francis Ltd.";No;No;0,288;Q2;16;73;140;2882;146;97;0,65;39,48;47,00;0;19;United Kingdom;Western Europe;"Taylor and Francis Ltd.";"1974-2025";"Communication (Q2); Linguistics and Language (Q2); Social Sciences (miscellaneous) (Q2)";"Social Sciences"
408;21100774309;"Religion and Theology";journal;"15743012, 10230807";"Brill Academic Publishers";No;No;0,288;Q2;12;15;49;510;16;46;0,43;34,00;16,67;0;2;Netherlands;Western Europe;"Brill Academic Publishers";"1996-2024";"Religious Studies (Q1); Social Sciences (miscellaneous) (Q2)";"Arts and Humanities; Social Sciences"
409;21101052353;"Research Data Journal for the Humanities and Social Sciences";journal;"24523666";"Brill Academic Publishers";Yes;Yes;0,288;Q2;4;20;21;458;20;21;0,46;22,90;49,21;0;5;Netherlands;Western Europe;"Brill Academic Publishers";"2016, 2020-2024";"Arts and Humanities (miscellaneous) (Q2); Social Sciences (miscellaneous) (Q2); Computer Science Applications (Q3)";"Arts and Humanities; Computer Science; Social Sciences"
410;21101142547;"Japanese Journal of Sociology";journal;"27691357, 27691365";"John Wiley and Sons Inc";No;No;0,287;Q2;19;11;27;431;29;24;0,76;39,18;58,82;0;7;United States;Northern America;"John Wiley and Sons Inc";"2023-2024";"Social Sciences (miscellaneous) (Q2)";"Social Sciences"
411;21101058223;"Society and Culture in South Asia";journal;"23938617, 23949872";"Sage Publications India Pvt. Ltd";No;No;0,287;Q2;7;15;54;483;33;40;0,64;32,20;50,00;0;7;India;Asiatic Region;"Sage Publications India Pvt. Ltd";"2015-2025";"Cultural Studies (Q1); Anthropology (Q2); Social Sciences (miscellaneous) (Q2)";"Social Sciences"
412;24834;"Journal of Value Inquiry";journal;"15730492, 00225363";"Springer Netherlands";No;No;0,284;Q2;23;74;157;2265;86;154;0,54;30,61;19,75;0;3;Netherlands;Western Europe;"Springer Netherlands";"1967-2025";"Law (Q2); Philosophy (Q2); Social Sciences (miscellaneous) (Q2)";"Arts and Humanities; Social Sciences"
413;21101039844;"International Journal of Men's Social and Community Health";journal;"25619179";"University of Toronto Press";Yes;No;0,283;Q2;8;5;24;203;24;23;1,00;40,60;72,73;0;1;Canada;Northern America;"University of Toronto Press";"2018-2024";"Gender Studies (Q2); Social Sciences (miscellaneous) (Q2); Health (social science) (Q3)";"Social Sciences"
414;25953;"Dados";journal;"16784588, 00115258";"Inst. Univ. de Pesquisas do Rio de Janeiro";Yes;Yes;0,282;Q2;32;35;83;2152;49;82;0,58;61,49;32,76;9;21;Brazil;Latin America;"Inst. Univ. de Pesquisas do Rio de Janeiro";"1996-2025";"Social Sciences (miscellaneous) (Q2)";"Social Sciences"
415;21101174182;"Critical Gambling Studies";journal;"2563190X";"University of Alberta Library";Yes;Yes;0,281;Q2;5;10;53;340;31;42;0,67;34,00;54,55;0;1;Canada;Northern America;"University of Alberta Library";"2020-2024";"Arts and Humanities (miscellaneous) (Q2); Social Sciences (miscellaneous) (Q2)";"Arts and Humanities; Social Sciences"
416;25049;"American Journal of Comparative Law";journal;"0002919X";"American Society of Comparative Law";No;No;0,280;Q2;53;9;84;2345;84;80;0,75;260,56;30,77;0;5;United States;Northern America;"American Society of Comparative Law";"1974, 1977, 1985-1988, 1990, 1995-2024";"Law (Q2); Social Sciences (miscellaneous) (Q2)";"Social Sciences"
417;21100843015;"RUDN Journal of Sociology";journal;"23132272, 24088897";"RUDN University";Yes;Yes;0,280;Q2;9;78;196;2170;91;196;0,37;27,82;63,64;0;37;Russian Federation;Eastern Europe;"RUDN University";"2017-2024";"Social Sciences (miscellaneous) (Q2)";"Social Sciences"
418;25698;"World Affairs";journal;"19401582, 00438200";"John Wiley and Sons Inc";No;No;0,280;Q2;20;43;99;2644;121;81;1,15;61,49;18,00;0;21;United States;Northern America;"John Wiley and Sons Inc";"1988-1990, 1992-2025";"Social Sciences (miscellaneous) (Q2)";"Social Sciences"
419;21100226416;"Cauriensia";journal;"18864945";"Universidad de Extremadura";Yes;Yes;0,279;Q2;9;56;139;2292;49;138;0,39;40,93;36,25;0;8;Spain;Western Europe;"Universidad de Extremadura";"2012-2024";"Religious Studies (Q1); Arts and Humanities (miscellaneous) (Q2); Philosophy (Q2); Social Sciences (miscellaneous) (Q2)";"Arts and Humanities; Social Sciences"
420;21100827151;"Foundation Review";journal;"19445660, 19445679";"Dorothy A. Johnson Center for Philanthropy, Grand Valley State University";No;No;0,279;Q2;16;23;95;651;46;85;0,28;28,30;62,50;0;3;United States;Northern America;"Dorothy A. Johnson Center for Philanthropy, Grand Valley State University";"2009-2013, 2015-2024";"Social Sciences (miscellaneous) (Q2); Sociology and Political Science (Q2)";"Social Sciences"
421;12840;"Child and Family Behavior Therapy";journal;"1545228X, 07317107";"Taylor and Francis Ltd.";No;No;0,278;Q2;36;25;48;1751;45;48;1,11;70,04;60,92;0;3;United States;Northern America;"Taylor and Francis Ltd.";"1983-2025";"Social Sciences (miscellaneous) (Q2); Clinical Psychology (Q3)";"Psychology; Social Sciences"
422;4700152636;"Mind and Society";journal;"15937879";"Springer Verlag";No;No;0,278;Q2;24;13;50;875;78;47;1,16;67,31;18,18;0;2;Germany;Western Europe;"Springer Verlag";"2005-2025";"Cultural Studies (Q1); History (Q1); Philosophy (Q2); Social Sciences (miscellaneous) (Q2); Sociology and Political Science (Q2); Economics, Econometrics and Finance (miscellaneous) (Q3); Experimental and Cognitive Psychology (Q4); Social Psychology (Q4)";"Arts and Humanities; Economics, Econometrics and Finance; Psychology; Social Sciences"
423;21101257960;"Mobility Humanities";journal;"27998118, 27998509";"The Academy of Mobility Humanities, Konkuk University";No;No;0,276;Q2;5;21;37;907;42;29;1,14;43,19;61,90;0;7;South Korea;Asiatic Region;"The Academy of Mobility Humanities, Konkuk University";"2022-2024";"Arts and Humanities (miscellaneous) (Q2); Social Sciences (miscellaneous) (Q2); Geography, Planning and Development (Q3)";"Arts and Humanities; Social Sciences"
424;21101016919;"Onati Socio-Legal Series";journal;"20795971";"Onati International Institute for the Sociology of Law";Yes;Yes;0,276;Q2;10;83;257;4208;205;242;0,50;50,70;46,67;1;49;Spain;Western Europe;"Onati International Institute for the Sociology of Law";"2019-2025";"Law (Q2); Social Sciences (miscellaneous) (Q2)";"Social Sciences"
425;21100800034;"OBETS";journal;"19891385, 25299727";"Universidad de Alicante";Yes;Yes;0,275;Q2;13;11;76;656;72;76;0,92;59,64;50,00;2;7;Spain;Western Europe;"Universidad de Alicante";"2014-2025";"Arts and Humanities (miscellaneous) (Q2); Social Sciences (miscellaneous) (Q2)";"Arts and Humanities; Social Sciences"
426;21101149930;"Bialostockie Studia Prawnicze";journal;"16897404, 27199452";"Sciendo";Yes;Yes;0,274;Q2;3;63;61;2800;52;61;0,85;44,44;45,76;0;45;Poland;Eastern Europe;"Sciendo";"2023-2024";"Law (Q2); Political Science and International Relations (Q2); Social Sciences (miscellaneous) (Q2); Public Administration (Q3)";"Social Sciences"
427;21100220409;"Proceedings of IEEE Workshop on Advanced Robotics and its Social Impacts, ARSO";conference and proceedings;"21627576, 21627568";"IEEE Computer Society";No;No;0,274;-;21;48;77;1124;94;74;1,33;23,42;33,53;0;9;United States;Northern America;"IEEE Computer Society";"2007-2013, 2015-2019, 2021-2024";"Artificial Intelligence; Computer Science Applications; Computer Vision and Pattern Recognition; Electrical and Electronic Engineering; Human-Computer Interaction; Social Sciences (miscellaneous)";"Computer Science; Engineering; Social Sciences"
428;5600155441;"Ambiente e Sociedade";journal;"1414753X";"Universidade Estadual de Campinas";Yes;No;0,273;Q2;27;48;148;2090;127;141;0,81;43,54;55,45;0;30;Brazil;Latin America;"Universidade Estadual de Campinas";"2006-2024";"Social Sciences (miscellaneous) (Q2); Environmental Science (miscellaneous) (Q3)";"Environmental Science; Social Sciences"
429;14000156195;"Journal of Applied Social Science";journal;"19370245, 19367244";"SAGE Publications Inc.";No;No;0,273;Q2;16;32;78;1820;79;78;0,98;56,88;55,56;0;14;United States;Northern America;"SAGE Publications Inc.";"2003-2025";"Social Sciences (miscellaneous) (Q2)";"Social Sciences"
430;21101055930;"Open Education Studies";journal;"25447831";"Walter de Gruyter GmbH";Yes;No;0,273;Q2;11;70;75;4456;104;75;1,16;63,66;53,95;0;38;Poland;Eastern Europe;"Walter de Gruyter GmbH";"2019-2025";"Social Sciences (miscellaneous) (Q2); Education (Q3); Developmental and Educational Psychology (Q4)";"Psychology; Social Sciences"
431;19600162021;"Pertanika Journal of Social Sciences and Humanities";journal;"01287702, 22318534";"Universiti Putra Malaysia";Yes;No;0,273;Q2;21;104;404;5465;499;404;1,06;52,55;50,59;0;43;Malaysia;Asiatic Region;"Universiti Putra Malaysia";"2009-2024";"Arts and Humanities (miscellaneous) (Q2); Social Sciences (miscellaneous) (Q2); Business, Management and Accounting (miscellaneous) (Q3); Economics, Econometrics and Finance (miscellaneous) (Q3)";"Arts and Humanities; Business, Management and Accounting; Economics, Econometrics and Finance; Social Sciences"
432;21100464775;"Hospitality and Society";journal;"20427921, 20427913";"Intellect Ltd.";No;No;0,271;Q2;23;14;45;1205;62;41;1,00;86,07;50,00;0;6;United Kingdom;Western Europe;"Intellect Ltd.";"2011-2024";"Social Sciences (miscellaneous) (Q2); Tourism, Leisure and Hospitality Management (Q3)";"Business, Management and Accounting; Social Sciences"
433;21101046174;"International Journal of Educational Reform";journal;"10567879, 26319675";"SAGE Publications Inc.";No;No;0,271;Q2;17;79;139;4065;161;139;1,11;51,46;45,64;0;35;United States;Northern America;"SAGE Publications Inc.";"1992-2025";"Social Sciences (miscellaneous) (Q2); Education (Q3)";"Social Sciences"
434;21101041537;"Indian Journal of Human Development";journal;"09737030, 2456480X";"Sage Publications India Pvt. Ltd";No;No;0,270;Q2;16;20;97;878;110;84;0,76;43,90;53,33;0;15;India;Asiatic Region;"Sage Publications India Pvt. Ltd";"2007-2024";"Social Sciences (miscellaneous) (Q2); Economics and Econometrics (Q3); Human Factors and Ergonomics (Q3)";"Economics, Econometrics and Finance; Social Sciences"
435;40126;"Journal of Social Distress and the Homeless";journal;"1573658X, 10530789";"Taylor and Francis Ltd.";No;No;0,269;Q2;27;0;5;0;9;5;0,00;0,00;0,00;0;0;United Kingdom;Western Europe;"Taylor and Francis Ltd.";"1992-2002, 2015-2021";"Health Professions (miscellaneous) (Q2); Social Sciences (miscellaneous) (Q2); Psychology (miscellaneous) (Q3)";"Health Professions; Psychology; Social Sciences"
436;25990;"Social Science History";journal;"01455532, 15278034";"Cambridge University Press";No;No;0,269;Q2;35;52;105;2999;88;105;0,63;57,67;25,00;0;11;United Kingdom;Western Europe;"Cambridge University Press";"1977-1978, 1980-1984, 1986, 1988-1989, 1996-2013, 2015-2025";"History (Q1); Social Sciences (miscellaneous) (Q2)";"Arts and Humanities; Social Sciences"
437;21100200415;"Revista Colombiana de Psicologia";journal;"23448644, 01215469";"Universidad Nacional de Colombia";Yes;Yes;0,268;Q2;14;12;41;717;39;41;0,88;59,75;32,14;0;2;Colombia;Latin America;"Universidad Nacional de Colombia";"2011-2024";"Social Sciences (miscellaneous) (Q2); Psychology (miscellaneous) (Q3)";"Psychology; Social Sciences"
438;25988;"Social Research";journal;"0037783X";"Johns Hopkins University Press";No;No;0,268;Q2;58;60;153;1713;113;133;0,63;28,55;35,59;0;15;United States;Northern America;"Johns Hopkins University Press";"1946-1947, 1972-1974, 1976, 1979-1980, 1982-1986, 1988, 1995-2024";"Cultural Studies (Q1); History (Q1); Philosophy (Q2); Political Science and International Relations (Q2); Social Sciences (miscellaneous) (Q2); Sociology and Political Science (Q3)";"Arts and Humanities; Social Sciences"
439;21100889415;"African Journal of Social Work";journal;"24095605";"National Association of Social Workers Zimbabwe";Yes;Yes;0,267;Q3;12;25;117;519;94;117;0,64;20,76;55,00;0;14;Zimbabwe;Africa;"National Association of Social Workers Zimbabwe";"2018-2024";"Education (Q3); Health (social science) (Q3); Social Sciences (miscellaneous) (Q3); Sociology and Political Science (Q3)";"Social Sciences"
440;21101051701;"Transitions: Journal of Transient Migration";journal;"23977159, 23977140";"Intellect Ltd.";No;No;0,267;Q3;7;6;17;413;22;16;0,50;68,83;55,56;0;6;United Kingdom;Western Europe;"Intellect Ltd.";"2019-2024";"Cultural Studies (Q1); Gender Studies (Q2); Demography (Q3); Social Sciences (miscellaneous) (Q3); Sociology and Political Science (Q3)";"Social Sciences"
441;25973;"Social Dynamics";journal;"02533952";"Taylor and Francis Ltd.";No;No;0,266;Q3;31;17;101;617;81;94;0,71;36,29;36,84;0;2;United Kingdom;Western Europe;"Taylor and Francis Ltd.";"1975-2025";"Social Sciences (miscellaneous) (Q3)";"Social Sciences"
442;21100889434;"Investigaciones Turisticas";journal;"21745609";"Instituto Universitario de Investigaciones Turisticas";Yes;Yes;0,265;Q3;10;24;98;1447;120;98;1,26;60,29;61,11;0;18;Spain;Western Europe;"Instituto Universitario de Investigaciones Turisticas";"2018-2025";"Social Sciences (miscellaneous) (Q3); Tourism, Leisure and Hospitality Management (Q3)";"Business, Management and Accounting; Social Sciences"
443;21101170719;"Journal of Posthumanism";journal;"26343584, 26343576";"Transnational Press London Ltd";No;No;0,265;Q3;6;23;69;634;46;60;0,58;27,57;54,17;0;1;United Kingdom;Western Europe;"Transnational Press London Ltd";"2021-2025";"Cultural Studies (Q1); Social Sciences (miscellaneous) (Q3)";"Social Sciences"
444;16835;"Social Security Bulletin";journal;"00377910";"US Social Security Administration";No;No;0,265;Q3;30;7;17;190;10;17;0,69;27,14;31,58;0;4;United States;Northern America;"US Social Security Administration";"1946-1947, 1971, 1973-2024";"Public Administration (Q3); Social Sciences (miscellaneous) (Q3)";"Social Sciences"
445;21100996939;"Revista Cientifica General Jose Maria Cordova";journal;"19006586, 25007645";"Escuela Militar de Cadetes";Yes;Yes;0,264;Q3;9;56;162;2603;127;149;0,78;46,48;31,51;0;25;Colombia;Latin America;"Escuela Militar de Cadetes";"2011-2013, 2015-2024";"Law (Q2); Political Science and International Relations (Q2); Public Administration (Q3); Safety Research (Q3); Safety, Risk, Reliability and Quality (Q3); Social Sciences (miscellaneous) (Q3); Sociology and Political Science (Q3)";"Engineering; Social Sciences"
446;26436;"Social Science Japan Journal";journal;"13691465, 14682680";"Oxford University Press";No;No;0,264;Q3;26;15;41;711;49;40;1,13;47,40;29,17;1;10;United Kingdom;Western Europe;"Oxford University Press";"1998-2025";"Social Sciences (miscellaneous) (Q3)";"Social Sciences"
447;21101090700;"Journal of Higher Education Policy and Leadership Studies";journal;"27171426";"Ali Khorsandi Taskoh";Yes;Yes;0,263;Q3;6;41;137;1463;112;109;0,86;35,68;46,15;0;16;Iran;Middle East;"Ali Khorsandi Taskoh";"2020-2024";"Education (Q3); Public Administration (Q3); Social Sciences (miscellaneous) (Q3); Strategy and Management (Q3)";"Business, Management and Accounting; Social Sciences"
448;5600153242;"Polish Sociological Review";trade journal;"12311413";"Polish Sociological Association";Yes;Yes;0,263;Q3;15;20;82;1177;62;82;0,64;58,85;43,90;0;10;Poland;Eastern Europe;"Polish Sociological Association";"2006-2024";"Social Sciences (miscellaneous) (Q3)";"Social Sciences"
449;5600153115;"Tempo Social";journal;"01032070";"University of Sao Paolo";Yes;Yes;0,263;Q3;18;46;93;1556;44;92;0,52;33,83;49,15;0;12;Brazil;Latin America;"University of Sao Paolo";"2007-2024";"Social Sciences (miscellaneous) (Q3)";"Social Sciences"
450;26800;"Pomorstvo";journal;"13320718";"University of Rijeka, Faculty of Maritime Studies Rijeka";Yes;Yes;0,262;Q3;15;23;108;890;149;108;1,40;38,70;30,30;0;9;Croatia;Eastern Europe;"University of Rijeka, Faculty of Maritime Studies Rijeka";"2001-2024";"Engineering (miscellaneous) (Q3); Geography, Planning and Development (Q3); Ocean Engineering (Q3); Social Sciences (miscellaneous) (Q3)";"Engineering; Social Sciences"
451;5600152989;"Sotsiologicheskiy Zhurnal";journal;"15622495, 16841581";"Institut Sociologii RAN";Yes;Yes;0,262;Q3;8;32;101;1173;48;100;0,67;36,66;54,55;0;13;Russian Federation;Eastern Europe;"Institut Sociologii RAN";"2017-2024";"Social Sciences (miscellaneous) (Q3); Sociology and Political Science (Q3)";"Social Sciences"
452;7100153137;"Transformations in Business and Economics";journal;"16484460";"Vilnius University Press";Yes;No;0,262;Q3;30;105;291;6247;419;276;1,58;59,50;49,52;0;66;Lithuania;Eastern Europe;"Vilnius University Press";"2006-2024";"Political Science and International Relations (Q2); Business and International Management (Q3); Economics and Econometrics (Q3); Marketing (Q3); Social Sciences (miscellaneous) (Q3)";"Business, Management and Accounting; Economics, Econometrics and Finance; Social Sciences"
453;17505;"Social Change";journal;"00490857";"Council for Social Development";No;No;0,260;Q3;18;28;103;855;80;87;0,87;30,54;40,63;0;16;India;Asiatic Region;"Council for Social Development";"1971, 1973-1979, 1981-2025";"Development (Q3); Geography, Planning and Development (Q3); Social Sciences (miscellaneous) (Q3); Sociology and Political Science (Q3)";"Social Sciences"
454;19700171003;"China: An International Journal";journal;"02197472";"National University of Singapore";No;No;0,259;Q3;20;35;127;461;87;113;0,65;13,17;41,67;0;20;Singapore;Asiatic Region;"National University of Singapore";"2008-2024";"Business and International Management (Q3); Economics and Econometrics (Q3); Social Sciences (miscellaneous) (Q3)";"Business, Management and Accounting; Economics, Econometrics and Finance; Social Sciences"
455;15341;"International Journal of the History of Sport";journal;"09523367, 17439035";"Routledge";No;No;0,259;Q3;29;66;281;1188;250;272;0,54;18,00;27,17;0;18;United Kingdom;Western Europe;"Routledge";"1984-1995, 2000-2002, 2010-2024";"History (Q1); Social Sciences (miscellaneous) (Q3); Sports Science (Q4)";"Arts and Humanities; Health Professions; Social Sciences"
456;21101045770;"Nordic Journal of Studies in Policing";journal;"27037045";"Scandinavian University Press";Yes;Yes;0,259;Q3;5;7;28;451;23;27;0,57;64,43;43,75;0;2;Norway;Western Europe;"Scandinavian University Press";"2020-2024";"Law (Q2); Education (Q3); Social Sciences (miscellaneous) (Q3); Sociology and Political Science (Q3)";"Social Sciences"
457;21100211326;"Araucaria";journal;"15756823";"Universidad de Sevilla";Yes;Yes;0,258;Q3;9;90;273;3543;74;267;0,26;39,37;31,91;0;30;Spain;Western Europe;"Universidad de Sevilla";"2012-2025";"History (Q1); Arts and Humanities (miscellaneous) (Q2); Philosophy (Q2); Social Sciences (miscellaneous) (Q3); Sociology and Political Science (Q3)";"Arts and Humanities; Social Sciences"
458;21101089371;"Law, Technology and Humans";journal;"26524074";"Queensland University of Technology";Yes;Yes;0,258;Q3;9;22;73;2245;123;71;1,88;102,05;36,11;0;9;Australia;Pacific Region;"Queensland University of Technology";"2019-2024";"Law (Q2); Biotechnology (Q3); Computer Networks and Communications (Q3); Computer Science (miscellaneous) (Q3); Information Systems and Management (Q3); Social Sciences (miscellaneous) (Q3); Artificial Intelligence (Q4)";"Biochemistry, Genetics and Molecular Biology; Computer Science; Decision Sciences; Social Sciences"
459;17600155045;"Staps";journal;"17821568, 0247106X";"Boeck Universite";No;No;0,258;Q3;12;49;54;1699;37;53;0,24;34,67;38,96;1;11;Belgium;Western Europe;"Boeck Universite";"2001-2022, 2024-2025";"Cultural Studies (Q1); History (Q1); Anthropology (Q2); Multidisciplinary (Q2); Education (Q3); Psychology (miscellaneous) (Q3); Social Sciences (miscellaneous) (Q3); Sociology and Political Science (Q3)";"Arts and Humanities; Multidisciplinary; Psychology; Social Sciences"
460;21101022737;"Doxa Comunicacion";journal;"1696019X, 23863978";"CEU Ediciones";Yes;Yes;0,257;Q3;10;43;131;1858;113;129;0,84;43,21;42,50;2;11;Spain;Western Europe;"CEU Ediciones";"2019-2025";"Communication (Q3); Social Sciences (miscellaneous) (Q3)";"Social Sciences"
461;21101044732;"E-Balonmano.com: Revista de Ciencias del Deporte";journal;"18857019";"Federacion Extremena de Balonmano, University of Extremadura";Yes;Yes;0,257;Q3;8;30;68;1437;67;68;0,81;47,90;20,21;0;5;Spain;Western Europe;"Federacion Extremena de Balonmano, University of Extremadura";"2019-2025";"Education (Q3); Physical Therapy, Sports Therapy and Rehabilitation (Q3); Social Sciences (miscellaneous) (Q3); Tourism, Leisure and Hospitality Management (Q4)";"Business, Management and Accounting; Health Professions; Social Sciences"
462;21100264820;"Prisma Social";journal;"19893469";"Fundacion de Investigacion Social Avanzada";Yes;No;0,256;Q3;15;58;168;2844;188;158;1,23;49,03;66,92;0;45;Spain;Western Europe;"Fundacion de Investigacion Social Avanzada";"2013-2024";"Communication (Q3); Education (Q3); Social Sciences (miscellaneous) (Q3)";"Social Sciences"
463;21101039230;"International Journal of Information, Diversity and Inclusion";journal;"25743430";"University of Hawaii at Manoa";Yes;Yes;0,255;Q3;9;17;69;922;73;66;0,83;54,24;70,59;0;11;United States;Northern America;"University of Hawaii at Manoa";"2019-2024";"Library and Information Sciences (Q2); Social Sciences (miscellaneous) (Q3)";"Social Sciences"
464;21101162892;"Petita: Jurnal Kajian Ilmu Hukum dan Syariah";journal;"25028006, 25498274";"Lembaga Kajian Konstitusi Indonesia (LKKI), Fakultas Syariah dan Hukum, Universitas Islam Negeri Ar-Raniry";No;No;0,255;Q3;5;49;21;2558;84;19;4,00;52,20;30,56;0;23;Indonesia;Asiatic Region;"Lembaga Kajian Konstitusi Indonesia (LKKI), Fakultas Syariah dan Hukum, Universitas Islam Negeri Ar-Raniry";"2023-2024";"Religious Studies (Q1); Arts and Humanities (miscellaneous) (Q2); Law (Q2); Social Sciences (miscellaneous) (Q3)";"Arts and Humanities; Social Sciences"
465;21101071123;"Knowledge and Performance Management";journal;"26163829, 25435507";"LLC CPC Business Perspectives";Yes;No;0,254;Q3;9;17;31;863;65;31;2,50;50,76;58,06;0;13;Ukraine;Eastern Europe;"LLC CPC Business Perspectives";"2019-2025";"Law (Q2); Business, Management and Accounting (miscellaneous) (Q3); Economics and Econometrics (Q3); Information Systems and Management (Q3); Management of Technology and Innovation (Q3); Marketing (Q3); Organizational Behavior and Human Resource Management (Q3); Social Sciences (miscellaneous) (Q3); Strategy and Management (Q3)";"Business, Management and Accounting; Decision Sciences; Economics, Econometrics and Finance; Social Sciences"
466;21101090838;"Revista Interdisciplinar da Mobilidade Humana";journal;"19808585, 22379843";"Scalabrini Migration Study Centers";Yes;Yes;0,254;Q3;8;51;137;2166;73;122;0,47;42,47;55,84;1;33;Italy;Western Europe;"Scalabrini Migration Study Centers";"2019-2024";"Demography (Q3); Geography, Planning and Development (Q3); Social Sciences (miscellaneous) (Q3); Sociology and Political Science (Q3)";"Social Sciences"
467;21101045282;"Acta Innovations";journal;"23005599";"Rotherham Academic Press Ltd";Yes;No;0,254;-;15;18;82;570;147;82;1,88;31,67;28,07;0;15;United Kingdom;Western Europe;"Rotherham Academic Press Ltd";"2013-2025";"Education (Q3); Energy (miscellaneous) (Q3); Environmental Engineering (Q3); Management of Technology and Innovation (Q3); Public Health, Environmental and Occupational Health (Q3); Renewable Energy, Sustainability and the Environment (Q4)";"Business, Management and Accounting; Energy; Environmental Science; Medicine; Social Sciences"
468;15690;"Journal of Sociology and Social Welfare";journal;"01915096";"Western Michigan University";No;No;0,252;Q3;36;26;68;1487;48;67;0,73;57,19;66,67;0;14;United States;Northern America;"Western Michigan University";"1977, 1995, 2005-2024";"Social Sciences (miscellaneous) (Q3); Sociology and Political Science (Q3)";"Social Sciences"
469;21101116672;"International Critical Thought";journal;"21598312";"Taylor and Francis Ltd.";No;No;0,249;Q3;15;36;105;1696;72;104;0,74;47,11;12,00;0;12;United Kingdom;Western Europe;"Taylor and Francis Ltd.";"2011-2025";"Cultural Studies (Q2); Political Science and International Relations (Q3); Social Sciences (miscellaneous) (Q3); Sociology and Political Science (Q3)";"Social Sciences"
470;21101146384;"Health in Emergencies and Disasters Quarterly";journal;"23454210";"Negah Institute for Social Research and Scientific Communication";Yes;Yes;0,248;Q3;7;32;103;1120;85;87;0,77;35,00;41,73;0;18;Iran;Middle East;"Negah Institute for Social Research and Scientific Communication";"2019-2025";"Emergency Medical Services (Q2); Building and Construction (Q3); Civil and Structural Engineering (Q3); Emergency Medicine (Q3); Social Sciences (miscellaneous) (Q3)";"Engineering; Health Professions; Medicine; Social Sciences"
471;22016;"Teorija in Praksa";journal;"00403598";"Ljubljana University, Faculty of Social Sciences";No;No;0,247;Q3;12;46;141;2288;80;131;0,56;49,74;45,00;0;16;Slovenia;Eastern Europe;"Ljubljana University, Faculty of Social Sciences";"1981-1983, 1985, 2011-2024";"Social Sciences (miscellaneous) (Q3)";"Social Sciences"
472;21100931880;"Uniciencia";journal;"22153470";"Universidad Nacional";Yes;Yes;0,247;Q3;9;34;126;1461;105;125;0,73;42,97;58,16;0;14;Costa Rica;Latin America;"Universidad Nacional";"2019-2024";"Agricultural and Biological Sciences (miscellaneous) (Q3); Biochemistry, Genetics and Molecular Biology (miscellaneous) (Q3); Chemistry (miscellaneous) (Q3); Computer Science (miscellaneous) (Q3); Earth and Planetary Sciences (miscellaneous) (Q3); Mathematics (miscellaneous) (Q3); Physics and Astronomy (miscellaneous) (Q3); Social Sciences (miscellaneous) (Q3)";"Agricultural and Biological Sciences; Biochemistry, Genetics and Molecular Biology; Chemistry; Computer Science; Earth and Planetary Sciences; Mathematics; Physics and Astronomy; Social Sciences"
473;21100901172;"Military Behavioral Health";journal;"21635781, 21635803";"Taylor and Francis Ltd.";No;No;0,246;Q3;18;6;122;262;74;122;0,50;43,67;68,00;0;2;United Kingdom;Western Europe;"Taylor and Francis Ltd.";"2015-2024";"Psychology (miscellaneous) (Q3); Social Sciences (miscellaneous) (Q3)";"Psychology; Social Sciences"
474;21101121576;"South African Journal of Agricultural Extension";journal;"24133221, 0301603X";"";Yes;No;0,246;Q3;17;49;94;2042;110;94;0,85;41,67;30,77;0;40;South Africa;Africa;"";"1998-2009, 2011-2025";"Agricultural and Biological Sciences (miscellaneous) (Q3); Social Sciences (miscellaneous) (Q3)";"Agricultural and Biological Sciences; Social Sciences"
475;21101274044;"Asian Journal for Mathematics Education";journal;"27527271, 27527263";"SAGE Publications Ltd";Yes;Yes;0,244;Q3;3;23;21;1107;23;21;1,10;48,13;46,94;0;8;United Kingdom;Western Europe;"SAGE Publications Ltd";"2023-2025";"Education (Q3); Social Sciences (miscellaneous) (Q3)";"Social Sciences"
476;21101196453;"Eludamos";journal;"18666124";"Septentrio Academic Publishing";Yes;Yes;0,244;Q3;3;12;25;642;27;21;0,60;53,50;23,53;0;2;Norway;Western Europe;"Septentrio Academic Publishing";"2020-2024";"Arts and Humanities (miscellaneous) (Q2); Cultural Studies (Q2); Communication (Q3); Social Sciences (miscellaneous) (Q3)";"Arts and Humanities; Social Sciences"
477;21101050346;"Language, Discourse and Society";journal;"22394192";"International Sociological Association";Yes;Yes;0,244;Q3;5;20;53;585;28;53;0,52;29,25;53,57;0;8;United States;Northern America;"International Sociological Association";"2019-2024";"Anthropology (Q2); Communication (Q3); Social Sciences (miscellaneous) (Q3); Sociology and Political Science (Q3)";"Social Sciences"
478;36664;"Human Organization";journal;"19383525, 00187259";"Taylor and Francis Ltd.";No;No;0,243;Q3;64;44;107;2197;88;102;0,93;49,93;58,51;0;25;United Kingdom;Western Europe;"Taylor and Francis Ltd.";"1975-1989, 1993-2025";"Anthropology (Q2); Arts and Humanities (miscellaneous) (Q2); Social Sciences (miscellaneous) (Q3)";"Arts and Humanities; Social Sciences"
479;21101036620;"Sport und Gesellschaft";journal;"23660465, 16103181";"De Gruyter Oldenbourg";No;No;0,243;Q3;12;17;56;813;17;46;0,26;47,82;19,23;0;2;Germany;Western Europe;"De Gruyter Oldenbourg";"2004-2025";"History (Q1); Philosophy (Q2); Social Sciences (miscellaneous) (Q3)";"Arts and Humanities; Social Sciences"
480;21100870382;"ABAC Journal";journal;"08580855";"Assumption University";No;No;0,242;Q3;12;60;178;3607;316;178;1,93;60,12;51,06;0;21;Thailand;Asiatic Region;"Assumption University";"2018-2024";"Literature and Literary Theory (Q1); Business, Management and Accounting (miscellaneous) (Q3); Economics, Econometrics and Finance (miscellaneous) (Q3); Education (Q3); Social Sciences (miscellaneous) (Q3)";"Arts and Humanities; Business, Management and Accounting; Economics, Econometrics and Finance; Social Sciences"
481;145411;"Centro Journal";journal;"21632960, 15386279";"Hunter College Center for Puerto Rican Studies";No;Yes;0,241;Q3;17;22;77;940;50;75;0,67;42,73;52,63;0;5;United States;Northern America;"Hunter College Center for Puerto Rican Studies";"2005-2024";"Arts and Humanities (miscellaneous) (Q2); Social Sciences (miscellaneous) (Q3)";"Arts and Humanities; Social Sciences"
482;6500153227;"Nature and Culture";journal;"15585468, 15586073";"Berghahn Journals";No;No;0,241;Q3;27;10;44;589;40;44;1,00;58,90;52,38;0;7;United States;Northern America;"Berghahn Journals";"2008-2024";"Social Sciences (miscellaneous) (Q3)";"Social Sciences"
483;21100870922;"Journal of Behavioral Science";journal;"19064675";"Srinakharinwirot University-Behavioral Science Research Institute";No;No;0,241;-;11;27;78;1205;100;78;1,22;44,63;59,52;0;13;Thailand;Asiatic Region;"Srinakharinwirot University-Behavioral Science Research Institute";"2018-2024";"Applied Psychology (Q4); Social Psychology (Q4)";"Psychology"
484;21100899301;"International Journal of Sociology of Education";journal;"20143575";"Hipatia Editorial";Yes;No;0,240;Q3;10;11;36;539;30;36;0,67;49,00;72,41;0;6;Spain;Western Europe;"Hipatia Editorial";"2018-2024";"Education (Q3); Social Sciences (miscellaneous) (Q3)";"Social Sciences"
485;21100395158;"Italian Sociological Review";journal;"22398589";"QuiEdit";Yes;Yes;0,240;Q3;11;57;125;2789;94;125;0,70;48,93;51,02;0;24;Italy;Western Europe;"QuiEdit";"2011-2025";"Social Sciences (miscellaneous) (Q3)";"Social Sciences"
486;21101037907;"African Human Rights Law Journal";journal;"19962096, 1609073X";"Pretoria University Law Press";Yes;Yes;0,239;Q3;7;39;95;2578;42;86;0,40;66,10;52,94;0;31;South Africa;Africa;"Pretoria University Law Press";"2019-2024";"Law (Q2); Social Sciences (miscellaneous) (Q3)";"Social Sciences"
487;21101047719;"Fonseca Journal of Communication";journal;"21729077";"Ediciones Universidad de Salamanca";Yes;Yes;0,239;Q3;7;40;101;1659;87;99;0,80;41,48;34,12;0;11;Spain;Western Europe;"Ediciones Universidad de Salamanca";"2015, 2019-2025";"Linguistics and Language (Q2); Communication (Q3); Social Sciences (miscellaneous) (Q3)";"Social Sciences"
488;21101078229;"Revista de Estudios Latinoamericanos sobre Reduccion del Riesgo de Desastres";journal;"07198477";"Corporation for the Management and Reduction of Disaster Risk in Chile (GRID-Chile)";Yes;Yes;0,239;Q3;7;34;77;1458;60;74;0,75;42,88;56,47;0;24;Chile;Latin America;"Corporation for the Management and Reduction of Disaster Risk in Chile (GRID-Chile)";"2017-2025";"Development (Q3); Earth and Planetary Sciences (miscellaneous) (Q3); Ecology (Q3); Social Sciences (miscellaneous) (Q3)";"Earth and Planetary Sciences; Environmental Science; Social Sciences"
489;21100790345;"Revista Mad";journal;"07180527";"Universidad de Chile";Yes;Yes;0,239;Q3;5;15;32;804;7;30;0,23;53,60;33,33;0;3;Chile;Latin America;"Universidad de Chile";"2016-2024";"Social Sciences (miscellaneous) (Q3)";"Social Sciences"
490;21101162627;"Infinity Journal";journal;"20896867, 24609285";"STKIP Siliwangi Bandung (IKIP Siliwangi)";Yes;No;0,238;Q3;11;30;74;1624;112;74;1,32;54,13;38,37;0;8;Indonesia;Asiatic Region;"STKIP Siliwangi Bandung (IKIP Siliwangi)";"2019-2025";"Development (Q3); Education (Q3); Mathematics (miscellaneous) (Q3); Social Sciences (miscellaneous) (Q3)";"Mathematics; Social Sciences"
491;21101043445;"Interdisciplinary Journal for Religion and Transformation in Contemporary Society";journal;"23642807, 23653140";"Brill Academic Publishers";Yes;Yes;0,238;Q3;7;34;81;1648;40;80;0,40;48,47;44,44;0;3;Netherlands;Western Europe;"Brill Academic Publishers";"2015-2025";"Religious Studies (Q1); Social Sciences (miscellaneous) (Q3)";"Arts and Humanities; Social Sciences"
492;21101232819;"World Food Policy";journal;"23728639";"John Wiley and Sons Inc";No;No;0,238;Q3;7;12;36;749;41;36;1,23;62,42;20,69;0;9;United States;Northern America;"John Wiley and Sons Inc";"2014-2024";"Agricultural and Biological Sciences (miscellaneous) (Q3); Food Science (Q3); Political Science and International Relations (Q3); Social Sciences (miscellaneous) (Q3)";"Agricultural and Biological Sciences; Social Sciences"
493;5700167148;"International Journal of Asian Studies";journal;"14795914";"Cambridge University Press";No;No;0,237;Q3;15;33;89;1978;73;89;0,55;59,94;33,33;0;10;United Kingdom;Western Europe;"Cambridge University Press";"1996, 2004-2005, 2007, 2009-2025";"Arts and Humanities (miscellaneous) (Q2); Social Sciences (miscellaneous) (Q3)";"Arts and Humanities; Social Sciences"
494;144824;"Standort";journal;"01743635";"Springer Verlag";No;No;0,237;Q3;7;55;98;812;38;69;0,44;14,76;36,23;2;23;Germany;Western Europe;"Springer Verlag";"2005-2024";"Development (Q3); Earth and Planetary Sciences (miscellaneous) (Q3); Environmental Science (miscellaneous) (Q3); Geography, Planning and Development (Q3); Management, Monitoring, Policy and Law (Q3); Social Sciences (miscellaneous) (Q3); Urban Studies (Q3)";"Earth and Planetary Sciences; Environmental Science; Social Sciences"
495;5600155299;"Annales-Anali za Istrske in Mediteranske Studije - Series Historia et Sociologia";journal;"13189425, 14085348";"The Historical Society of Southern Primorska of Koper, Institute IRRIS for Research, Development and Strategies of Society, Culture and Environment";Yes;Yes;0,236;Q3;13;35;138;2031;58;138;0,33;58,03;55,93;0;17;Slovenia;Eastern Europe;"The Historical Society of Southern Primorska of Koper, Institute IRRIS for Research, Development and Strategies of Society, Culture and Environment";"2011-2024";"History (Q1); Social Sciences (miscellaneous) (Q3)";"Arts and Humanities; Social Sciences"
496;24762;"Human Rights Quarterly";journal;"1085794X, 02750392";"Johns Hopkins University Press";No;No;0,236;Q3;80;19;81;174;71;80;0,82;9,16;60,61;0;16;United States;Northern America;"Johns Hopkins University Press";"1981, 1990, 1992, 1994-2024";"Social Sciences (miscellaneous) (Q3); Sociology and Political Science (Q3)";"Social Sciences"
497;21101254987;"Jurnal Ilmiah Al-Syir'ah";journal;"16934202, 25280368";"Institut Agama Islam Negeri Manado";No;No;0,236;Q3;4;20;52;919;40;52;0,94;45,95;33,90;0;11;Indonesia;Asiatic Region;"Institut Agama Islam Negeri Manado";"2020-2024";"Religious Studies (Q1); Cultural Studies (Q2); Law (Q2); Social Sciences (miscellaneous) (Q3)";"Arts and Humanities; Social Sciences"
498;21101053558;"Revista de Educacion y Derecho";journal;"23864885, 2013584X";"Universitat de Barcelona";Yes;Yes;0,236;Q3;6;36;86;1345;66;85;0,83;37,36;50,00;0;14;Spain;Western Europe;"Universitat de Barcelona";"2019-2024";"Law (Q2); Education (Q3); Social Sciences (miscellaneous) (Q3)";"Social Sciences"
499;21100927210;"Balkan Social Science Review";journal;"18578772, 18578799";"Goce Delchev University of Shtip";No;No;0,235;Q3;7;41;88;2011;59;88;0,82;49,05;48,53;0;27;Macedonia;Eastern Europe;"Goce Delchev University of Shtip";"2013-2024";"Law (Q2); Political Science and International Relations (Q3); Public Administration (Q3); Social Sciences (miscellaneous) (Q3); Sociology and Political Science (Q3)";"Social Sciences"
500;21101182773;"Economics and Culture";journal;"22557563, 22560173";"Walter de Gruyter";Yes;Yes;0,234;Q3;4;29;36;1311;43;36;1,19;45,21;70,13;0;20;Germany;Western Europe;"Walter de Gruyter";"2022-2024";"Law (Q2); Business, Management and Accounting (miscellaneous) (Q3); Demography (Q3); Economics, Econometrics and Finance (miscellaneous) (Q3); Social Sciences (miscellaneous) (Q3); Sociology and Political Science (Q3)";"Business, Management and Accounting; Economics, Econometrics and Finance; Social Sciences"
501;21100846015;"Indian Journal of Extension Education";journal;"05371996, 2454552X";"Indian Society of Extension Education";No;No;0,234;Q3;5;102;136;2239;150;128;1,10;21,95;36,46;0;61;India;Asiatic Region;"Indian Society of Extension Education";"1981-1982, 2023-2025";"Communication (Q3); Development (Q3); Social Sciences (miscellaneous) (Q3)";"Social Sciences"
502;21101152867;"International Journal of Environmental Impacts";journal;"23982640, 23982659";"International Information and Engineering Technology Association";Yes;No;0,233;Q3;8;77;81;3622;128;81;1,87;47,04;42,93;0;68;Canada;Northern America;"International Information and Engineering Technology Association";"2019-2024";"Environmental Science (miscellaneous) (Q3); Geography, Planning and Development (Q3); Materials Science (miscellaneous) (Q3); Social Sciences (miscellaneous) (Q3)";"Environmental Science; Materials Science; Social Sciences"
503;5600153364;"Sociologia, Problemas e Praticas";journal;"08736529";"Instituto Superior de Ciencias do Trabalho e da Empresa";Yes;Yes;0,233;Q3;20;14;61;575;40;61;0,62;41,07;48,15;0;7;Portugal;Western Europe;"Instituto Superior de Ciencias do Trabalho e da Empresa";"1996-2024";"Social Sciences (miscellaneous) (Q3); Sociology and Political Science (Q3)";"Social Sciences"
504;21101185486;"Documentation, Information and Knowledge";journal;"10032797";"Editorial Office of Documentation, Information and Knowledge";No;No;0,232;Q3;7;86;255;3618;191;250;0,79;42,07;46,15;0;24;China;Asiatic Region;"Editorial Office of Documentation, Information and Knowledge";"2019-2024";"Communication (Q3); Library and Information Sciences (Q3); Social Sciences (miscellaneous) (Q3)";"Social Sciences"
505;21101247620;"International Journal of Anthropology and Ethnology";journal;"23661003";"Springer Nature";Yes;Yes;0,232;Q3;7;22;59;933;63;59;0,85;42,41;25,00;0;9;Netherlands;Western Europe;"Springer Nature";"2019-2025";"Anthropology (Q2); Cultural Studies (Q2); Social Sciences (miscellaneous) (Q3)";"Social Sciences"
506;21101086731;"Global Perspectives";journal;"25757350";"University of California Press";No;No;0,231;Q3;10;52;90;2516;79;88;0,86;48,38;43,24;0;16;United States;Northern America;"University of California Press";"2020-2025";"Communication (Q3); Social Sciences (miscellaneous) (Q3); Sociology and Political Science (Q3)";"Social Sciences"
507;12100155324;"Qualitative Sociology Review";journal;"17338077";"Lodz University";Yes;Yes;0,231;Q3;20;20;77;1011;56;76;0,53;50,55;70,73;0;6;Poland;Eastern Europe;"Lodz University";"2008-2025";"Social Sciences (miscellaneous) (Q3)";"Social Sciences"
508;21101162635;"Review of Behavioral Economics";journal;"23266201, 23266198";"Now Publishers Inc";No;No;0,231;Q3;6;21;47;1400;30;45;0,67;66,67;20,59;0;5;United States;Northern America;"Now Publishers Inc";"2019-2024";"Economics, Econometrics and Finance (miscellaneous) (Q3); Social Sciences (miscellaneous) (Q3); Social Psychology (Q4)";"Economics, Econometrics and Finance; Psychology; Social Sciences"
509;26962;"Tidsskrift for Samfunnsforskning";journal;"0040716X";"Scandinavian University Press";Yes;Yes;0,230;Q3;11;16;66;773;39;64;0,36;48,31;67,74;1;6;Norway;Western Europe;"Scandinavian University Press";"1970, 1976, 1980-1982, 1985, 1987, 1998-1999, 2001-2024";"Social Sciences (miscellaneous) (Q3); Sociology and Political Science (Q3)";"Social Sciences"
510;21100456164;"Kontakt";journal;"18047122, 12124117";"University of South Bohemia";Yes;No;0,229;Q3;13;58;147;1890;101;135;0,60;32,59;68,40;0;23;Czech Republic;Eastern Europe;"University of South Bohemia";"2014-2024";"Health (social science) (Q3); Nursing (miscellaneous) (Q3); Public Administration (Q3); Public Health, Environmental and Occupational Health (Q3); Social Sciences (miscellaneous) (Q3)";"Medicine; Nursing; Social Sciences"
511;5700164001;"Athenea Digital";journal;"15788946, 20144539";"Universitat Autonoma de Barcelona";Yes;Yes;0,227;Q3;19;32;107;1187;58;107;0,53;37,09;54,35;0;8;Spain;Western Europe;"Universitat Autonoma de Barcelona";"2007-2025";"Social Sciences (miscellaneous) (Q3)";"Social Sciences"
512;21101123123;"Autoctonia";journal;"07198213";"Universidad Bernardo O'Higgins";Yes;Yes;0,227;Q3;3;66;120;3003;21;113;0,19;45,50;39,77;1;21;Chile;Latin America;"Universidad Bernardo O'Higgins";"2019-2025";"History (Q1); Arts and Humanities (miscellaneous) (Q2); Social Sciences (miscellaneous) (Q3)";"Arts and Humanities; Social Sciences"
513;21101111520;"Journal of Road Safety";journal;"26524260, 26524252";"Australasian College of Road Safety";Yes;Yes;0,227;Q3;7;25;73;856;48;68;0,82;34,24;47,13;0;22;Australia;Pacific Region;"Australasian College of Road Safety";"2019-2024";"Safety Research (Q3); Safety, Risk, Reliability and Quality (Q3); Social Sciences (miscellaneous) (Q3); Transportation (Q4)";"Engineering; Social Sciences"
514;17400154822;"East Asian Science, Technology and Society";journal;"18752152, 18752160";"Routledge";No;No;0,226;Q3;21;38;100;2146;47;67;0,45;56,47;44,83;0;8;United States;Northern America;"Routledge";"2008-2025";"Social Sciences (miscellaneous) (Q3)";"Social Sciences"
515;21100838563;"Annals of Applied Sport Science";journal;"24764981, 23224479";"";Yes;No;0,225;Q3;12;56;154;2059;155;153;1,03;36,77;31,14;0;17;Iran;Middle East;"";"2017-2024";"Physical Therapy, Sports Therapy and Rehabilitation (Q3); Social Sciences (miscellaneous) (Q3); Applied Psychology (Q4); Orthopedics and Sports Medicine (Q4); Tourism, Leisure and Hospitality Management (Q4)";"Business, Management and Accounting; Health Professions; Medicine; Psychology; Social Sciences"
516;21100900365;"Cogito";journal;"20686706, 22479384";"PROUniversitaria Publishing House";Yes;Yes;0,225;Q3;7;26;134;899;68;134;0,62;34,58;33,33;0;7;Romania;Eastern Europe;"PROUniversitaria Publishing House";"2018-2024";"Arts and Humanities (miscellaneous) (Q2); Social Sciences (miscellaneous) (Q3)";"Arts and Humanities; Social Sciences"
517;21101056927;"Spatial Economics";journal;"25875957, 18159834";"Economic Research Institute, Far Eastern Branch, Russian Academy of Sciences";Yes;Yes;0,224;Q3;7;31;107;1026;52;107;0,51;33,10;40,00;0;17;Russian Federation;Eastern Europe;"Economic Research Institute, Far Eastern Branch, Russian Academy of Sciences";"2019-2024";"Economics, Econometrics and Finance (miscellaneous) (Q3); Social Sciences (miscellaneous) (Q3); Business and International Management (Q4)";"Business, Management and Accounting; Economics, Econometrics and Finance; Social Sciences"
518;21100244867;"Empiria";journal;"21740682, 11395737";"Universidad Nacional de Educacion a Distancia (UNED)";Yes;Yes;0,223;Q3;14;23;86;1278;70;86;0,67;55,57;51,43;0;11;Spain;Western Europe;"Universidad Nacional de Educacion a Distancia (UNED)";"2013-2024";"Social Sciences (miscellaneous) (Q3)";"Social Sciences"
519;19700183093;"Revista Austral de Ciencias Sociales";journal;"07173202, 07181795";"Facultad de Filosofia y Humanidades, Intituto de Ciencias Sociales, Universidad Austral de Chile";Yes;Yes;0,222;Q3;12;34;86;1808;36;86;0,37;53,18;48,48;0;19;Chile;Latin America;"Facultad de Filosofia y Humanidades, Intituto de Ciencias Sociales, Universidad Austral de Chile";"2008-2010, 2012-2024";"Social Sciences (miscellaneous) (Q3)";"Social Sciences"
520;21101124070;"Nordic Journal of Social Research";journal;"18922783";"Scandinavian University Press";Yes;Yes;0,221;Q3;5;7;31;356;30;30;0,95;50,86;66,67;0;5;Norway;Western Europe;"Scandinavian University Press";"2019-2024";"Anthropology (Q2); Social Sciences (miscellaneous) (Q3); Sociology and Political Science (Q3); Health (social science) (Q4)";"Social Sciences"
521;25369;"Revista Critica de Ciencias Sociais";journal;"02541106";"Centro de estudos sociais";Yes;Yes;0,221;Q3;10;16;96;602;27;89;0,32;37,63;61,90;0;6;Portugal;Western Europe;"Centro de estudos sociais";"2001, 2015-2024";"Social Sciences (miscellaneous) (Q3); Psychology (miscellaneous) (Q4)";"Psychology; Social Sciences"
522;21101062494;"Studies in Media and Communication";journal;"2325808X, 23258071";"Redfame Publishing Inc.";No;No;0,221;Q3;11;135;235;5954;289;232;1,25;44,10;49,35;0;46;United States;Northern America;"Redfame Publishing Inc.";"2019-2025";"Communication (Q3); Political Science and International Relations (Q3); Social Sciences (miscellaneous) (Q3); Sociology and Political Science (Q3)";"Social Sciences"
523;5000154001;"Bijdragen tot de Taal-, Land- en Volkenkunde";journal;"00062294";"Brill Academic Publishers";Yes;Yes;0,220;Q3;19;10;45;688;36;42;1,15;68,80;9,09;0;1;Netherlands;Western Europe;"Brill Academic Publishers";"1993, 2005-2024";"Anthropology (Q2); Cultural Studies (Q2); Linguistics and Language (Q2); Social Sciences (miscellaneous) (Q3)";"Social Sciences"
524;21100780549;"Russian Sociological Review";journal;"1728192X, 17281938";"National Research University Higher School of Economics";Yes;Yes;0,219;Q3;11;53;142;4495;47;139;0,39;84,81;38,89;0;20;Russian Federation;Eastern Europe;"National Research University Higher School of Economics";"2001-2003, 2016-2024";"Cultural Studies (Q2); Philosophy (Q2); Social Sciences (miscellaneous) (Q3); Sociology and Political Science (Q3)";"Arts and Humanities; Social Sciences"
525;18083;"Sociological Focus";journal;"00380237, 21621128";"Taylor and Francis Inc.";No;No;0,219;Q3;33;38;73;2547;54;72;0,75;67,03;53,42;0;23;United States;Northern America;"Taylor and Francis Inc.";"1970-1984, 1987-2013, 2015-2025";"Social Sciences (miscellaneous) (Q3); Psychology (miscellaneous) (Q4)";"Psychology; Social Sciences"
526;4800156303;"CyberGeo";journal;"12783366";"Geographie-Cites";Yes;Yes;0,218;Q3;20;15;102;1074;57;96;0,47;71,60;41,03;0;10;France;Western Europe;"Geographie-Cites";"1997-1998, 2000-2024";"Social Sciences (miscellaneous) (Q3)";"Social Sciences"
527;21101142418;"Disena";journal;"07188447, 24524298";"Pontificia Universidad Catolica de Chile";Yes;Yes;0,218;Q3;5;19;56;592;46;47;0,97;31,16;70,37;0;3;Chile;Latin America;"Pontificia Universidad Catolica de Chile";"2019-2025";"Arts and Humanities (miscellaneous) (Q2); Engineering (miscellaneous) (Q3); Human Factors and Ergonomics (Q3); Social Sciences (miscellaneous) (Q3)";"Arts and Humanities; Engineering; Social Sciences"
528;21101077475;"International Journal of Community and Social Development";journal;"25166034, 25166026";"Sage Publications India Pvt. Ltd";No;No;0,218;Q3;14;25;78;1025;65;64;0,71;41,00;43,18;0;16;Singapore;Asiatic Region;"Sage Publications India Pvt. Ltd";"2019-2025";"Development (Q3); Social Sciences (miscellaneous) (Q3)";"Social Sciences"
529;5600155285;"Parameters";journal;"00311723";"U.S. Army War College";No;No;0,218;Q3;6;46;128;1189;88;113;0,79;25,85;15,09;0;7;United States;Northern America;"U.S. Army War College";"1982, 2019-2024";"History (Q1); Cultural Studies (Q2); Political Science and International Relations (Q3); Safety Research (Q3); Social Sciences (miscellaneous) (Q3); Sociology and Political Science (Q3)";"Arts and Humanities; Social Sciences"
530;5600152962;"Trames";journal;"14060922";"Estonian Academy of Sciences";Yes;No;0,218;Q3;19;23;65;987;51;65;0,74;42,91;43,90;0;8;Estonia;Eastern Europe;"Estonian Academy of Sciences";"2008-2024";"Arts and Humanities (miscellaneous) (Q2); Social Sciences (miscellaneous) (Q3)";"Arts and Humanities; Social Sciences"
531;21100865012;"Economia Agro-Alimentare";journal;"19724802, 11261668";"FrancoAngeli";Yes;No;0,217;Q3;13;25;83;1315;79;72;0,73;52,60;60,00;0;17;Italy;Western Europe;"FrancoAngeli";"2012-2024";"Cultural Studies (Q2); Agricultural and Biological Sciences (miscellaneous) (Q3); Agronomy and Crop Science (Q3); Food Animals (Q3); Food Science (Q3); Geography, Planning and Development (Q3); Social Sciences (miscellaneous) (Q3); Business, Management and Accounting (miscellaneous) (Q4); Economics and Econometrics (Q4); Management, Monitoring, Policy and Law (Q4)";"Agricultural and Biological Sciences; Business, Management and Accounting; Economics, Econometrics and Finance; Environmental Science; Social Sciences; Veterinary"
532;21101146538;"Revista Electronica de Linguistica Aplicada";journal;"18859089";"Asociacion Espanola de Linguistica Aplicada";Yes;Yes;0,217;Q3;12;21;29;1150;18;29;0,50;54,76;71,43;0;2;Spain;Western Europe;"Asociacion Espanola de Linguistica Aplicada";"2008-2016, 2018-2025";"Linguistics and Language (Q2); Education (Q3); Social Sciences (miscellaneous) (Q3)";"Social Sciences"
533;21100896480;"Education et Didactique";journal;"21114838, 19563485";"Presses Universitaires de Rennes";No;No;0,216;Q3;5;43;64;1335;15;58;0,32;31,05;52,31;1;3;France;Western Europe;"Presses Universitaires de Rennes";"2018-2024";"Education (Q3); Social Sciences (miscellaneous) (Q3); Developmental and Educational Psychology (Q4)";"Psychology; Social Sciences"
534;21101039834;"Eidos: A Journal for Philosophy of Culture";journal;"2544302X";"University of Warsaw";Yes;Yes;0,216;Q3;5;28;113;874;37;88;0,13;31,21;25,00;0;1;Poland;Eastern Europe;"University of Warsaw";"2017-2024";"Cultural Studies (Q2); Philosophy (Q2); Social Sciences (miscellaneous) (Q3)";"Arts and Humanities; Social Sciences"
535;21100940999;"Revista Latinoamericana de Ciencias Sociales, Ninez y Juventud";journal;"20277679, 1692715X";"Revista Latinoamericana de Ciencias Sociales";Yes;Yes;0,216;Q3;9;40;183;1852;122;179;0,54;46,30;63,73;1;21;Colombia;Latin America;"Revista Latinoamericana de Ciencias Sociales";"2019-2025";"Social Sciences (miscellaneous) (Q3); Developmental and Educational Psychology (Q4)";"Psychology; Social Sciences"
536;21101040605;"Turyzm/Tourism";journal;"08675856, 20806922";"Lodz University Press";Yes;Yes;0,216;Q3;12;28;74;1729;94;74;1,33;61,75;47,22;0;16;Poland;Eastern Europe;"Lodz University Press";"2001-2024";"Economics, Econometrics and Finance (miscellaneous) (Q3); Geography, Planning and Development (Q3); Social Sciences (miscellaneous) (Q3); Sociology and Political Science (Q3); Tourism, Leisure and Hospitality Management (Q4)";"Business, Management and Accounting; Economics, Econometrics and Finance; Social Sciences"
537;21100894549;"New Labor Forum";journal;"15572978, 10957960";"SAGE Publications Inc.";No;No;0,215;Q3;13;41;128;0;63;88;0,47;0,00;33,33;0;21;United States;Northern America;"SAGE Publications Inc.";"2015-2024";"Economics, Econometrics and Finance (miscellaneous) (Q3); Social Sciences (miscellaneous) (Q3); Urban Studies (Q3); Industrial Relations (Q4)";"Business, Management and Accounting; Economics, Econometrics and Finance; Social Sciences"
538;21101134692;"Studia Warminskie";journal;"01376624";"University of Warmia and Mazury in Olsztyn";Yes;Yes;0,215;Q3;5;35;92;1039;45;92;0,58;29,69;45,24;0;4;Poland;Eastern Europe;"University of Warmia and Mazury in Olsztyn";"2019-2024";"History (Q1); Religious Studies (Q1); Philosophy (Q2); Law (Q3); Social Sciences (miscellaneous) (Q3); Developmental and Educational Psychology (Q4); Social Psychology (Q4)";"Arts and Humanities; Psychology; Social Sciences"
539;5600152906;"Szociologiai Szemle";journal;"12162051";"Hungarian Sociological Association";No;No;0,215;Q3;9;22;54;1028;35;50;0,36;46,73;28,57;0;11;Hungary;Eastern Europe;"Hungarian Sociological Association";"2009-2024";"Social Sciences (miscellaneous) (Q3)";"Social Sciences"
540;21100889435;"Academica Turistica";journal;"23354194, 18553303";"University of Primorska";No;No;0,213;Q3;8;12;62;684;66;61;1,07;57,00;45,16;0;4;Slovenia;Eastern Europe;"University of Primorska";"2018-2024";"Social Sciences (miscellaneous) (Q3); Management of Technology and Innovation (Q4); Tourism, Leisure and Hospitality Management (Q4)";"Business, Management and Accounting; Social Sciences"
541;21100897945;"Educacao and Realidade";journal;"01003143, 21756236";"Universidade Federal do Rio Grande do Sul,Faculdade de Educacao";Yes;Yes;0,213;Q3;8;55;177;2119;49;176;0,28;38,53;53,06;0;25;Brazil;Latin America;"Universidade Federal do Rio Grande do Sul,Faculdade de Educacao";"2018-2024";"Arts and Humanities (miscellaneous) (Q2); Education (Q3); Social Sciences (miscellaneous) (Q3)";"Arts and Humanities; Social Sciences"
542;5700165171;"Korea Observer";journal;"00233919";"Institute of Korean Studies";No;No;0,213;Q3;17;24;72;1380;29;72;0,35;57,50;32,50;0;9;South Korea;Asiatic Region;"Institute of Korean Studies";"2007-2024";"Arts and Humanities (miscellaneous) (Q2); Social Sciences (miscellaneous) (Q3)";"Arts and Humanities; Social Sciences"
543;21101230594;"Human-Animal Interactions";journal;"29579538";"CABI International";Yes;No;0,212;Q3;5;0;73;0;85;61;1,16;0,00;0,00;0;0;United Kingdom;Western Europe;"CABI International";"2022-2023";"Social Sciences (miscellaneous) (Q3); Veterinary (miscellaneous) (Q3); Applied Psychology (Q4); Psychology (miscellaneous) (Q4)";"Psychology; Social Sciences; Veterinary"
544;21100256950;"Movement and Sports Sciences - Science et Motricite";journal;"21185735, 21185743";"EDP Sciences";No;No;0,212;Q3;17;32;83;1931;42;78;0,44;60,34;29,00;0;3;France;Western Europe;"EDP Sciences";"2010-2025";"Multidisciplinary (Q3); Physical Therapy, Sports Therapy and Rehabilitation (Q3); Social Sciences (miscellaneous) (Q3); Neuropsychology and Physiological Psychology (Q4); Orthopedics and Sports Medicine (Q4); Physiology (Q4); Physiology (medical) (Q4); Psychology (miscellaneous) (Q4)";"Biochemistry, Genetics and Molecular Biology; Health Professions; Medicine; Multidisciplinary; Psychology; Social Sciences"
545;21100942816;"Shagi/ Steps";journal;"27821765, 24129410";"Russian Presidential Academy of National Economy and Public Administration";Yes;Yes;0,212;Q3;3;77;204;2198;20;197;0,09;28,55;69,05;0;2;Russian Federation;Eastern Europe;"Russian Presidential Academy of National Economy and Public Administration";"2019-2024";"Arts and Humanities (miscellaneous) (Q2); Social Sciences (miscellaneous) (Q3); Psychology (miscellaneous) (Q4)";"Arts and Humanities; Psychology; Social Sciences"
546;21101032633;"Social Psychology and Society";journal;"22211527, 23117052";"Moscow State University of Psychology and Education";Yes;Yes;0,212;Q3;9;55;169;1977;109;166;0,71;35,95;74,55;0;12;Russian Federation;Eastern Europe;"Moscow State University of Psychology and Education";"2016-2024";"Social Sciences (miscellaneous) (Q3); Applied Psychology (Q4); Social Psychology (Q4)";"Psychology; Social Sciences"
547;21600;"Studies in East European Thought";journal;"15730948, 09259392";"Springer Netherlands";No;No;0,212;Q3;13;97;129;3344;59;114;0,43;34,47;28,43;0;4;Netherlands;Western Europe;"Springer Netherlands";"1993-2025";"Literature and Literary Theory (Q1); Cultural Studies (Q2); Philosophy (Q2); Law (Q3); Social Sciences (miscellaneous) (Q3)";"Arts and Humanities; Social Sciences"
548;5000154506;"Neohelicon";journal;"15882810, 03244652";"Springer Science and Business Media B.V.";No;No;0,211;Q3;13;57;154;1583;45;148;0,34;27,77;51,85;0;1;Netherlands;Western Europe;"Springer Science and Business Media B.V.";"1973-2002, 2005-2025";"Literature and Literary Theory (Q1); Arts and Humanities (miscellaneous) (Q2); Law (Q3); Social Sciences (miscellaneous) (Q3)";"Arts and Humanities; Social Sciences"
549;25234;"Perspectives on Global Development and Technology";journal;"15691497, 15691500";"Brill Academic Publishers";No;No;0,211;Q3;22;22;84;1076;50;81;0,57;48,91;31,25;0;10;Netherlands;Western Europe;"Brill Academic Publishers";"2002-2024";"Development (Q3); Education (Q3); Geography, Planning and Development (Q3); Political Science and International Relations (Q3); Social Sciences (miscellaneous) (Q3); Health (social science) (Q4)";"Social Sciences"
550;21100881506;"Przestrzen Spoleczna";journal;"20841558, 20847696";"";Yes;No;0,210;Q3;7;0;64;0;84;59;1,44;0,00;0,00;0;0;Poland;Eastern Europe;"";"2018-2022";"Cultural Studies (Q2); Demography (Q3); Economics, Econometrics and Finance (miscellaneous) (Q3); Education (Q3); Geography, Planning and Development (Q3); Social Sciences (miscellaneous) (Q3); Sociology and Political Science (Q3); Urban Studies (Q3); Social Psychology (Q4)";"Economics, Econometrics and Finance; Psychology; Social Sciences"
551;21101136847;"International Tax Studies";journal;"25901117";"International Bureau of Fiscal Documentation (IBFD)";No;No;0,209;Q3;3;9;29;134;8;29;0,33;14,89;26,67;0;9;Netherlands;Western Europe;"International Bureau of Fiscal Documentation (IBFD)";"2019-2024";"Economics, Econometrics and Finance (miscellaneous) (Q3); Law (Q3); Social Sciences (miscellaneous) (Q3); Sociology and Political Science (Q3)";"Economics, Econometrics and Finance; Social Sciences"
552;21101267701;"Journal of Sistan and Baluchistan Studies";journal;"28210808";"University of Zabol";No;No;0,209;Q3;4;11;30;378;21;30;0,46;34,36;54,17;0;3;Iran;Middle East;"University of Zabol";"2021-2024";"History (Q1); Cultural Studies (Q2); Linguistics and Language (Q2); Social Sciences (miscellaneous) (Q3)";"Arts and Humanities; Social Sciences"
553;22363;"Periodica Polytechnica Social and Management Sciences";journal;"14163837, 15873803";"Budapest University of Technology and Economics";Yes;No;0,209;Q3;16;18;54;901;61;54;0,97;50,06;64,10;0;7;Hungary;Eastern Europe;"Budapest University of Technology and Economics";"1999-2025";"Engineering (miscellaneous) (Q3); Social Sciences (miscellaneous) (Q3); Decision Sciences (miscellaneous) (Q4); Strategy and Management (Q4)";"Business, Management and Accounting; Decision Sciences; Engineering; Social Sciences"
554;21100373810;"Industrial Engineering and Management Systems";journal;"15987248, 22346473";"Korean Institute of Industrial Engineers";Yes;No;0,208;Q3;21;40;181;1613;265;181;1,93;40,33;32,97;0;13;South Korea;Asiatic Region;"Korean Institute of Industrial Engineers";"2014-2024";"Economics, Econometrics and Finance (miscellaneous) (Q3); Social Sciences (miscellaneous) (Q3)";"Economics, Econometrics and Finance; Social Sciences"
555;26270;"Journal of American Studies";journal;"14695154, 00218758";"Cambridge University Press";No;No;0,208;Q3;21;18;115;2660;47;111;0,33;147,78;33,33;0;6;United Kingdom;Western Europe;"Cambridge University Press";"1967-2025";"Arts and Humanities (miscellaneous) (Q2); Social Sciences (miscellaneous) (Q3)";"Arts and Humanities; Social Sciences"
556;23285;"Natures Sciences Societes";journal;"12401307, 17652979";"EDP Sciences";Yes;Yes;0,208;Q3;23;22;133;744;49;115;0,23;33,82;55,71;0;12;France;Western Europe;"EDP Sciences";"1995-2025";"Agricultural and Biological Sciences (miscellaneous) (Q3); Multidisciplinary (Q3); Social Sciences (miscellaneous) (Q3); Biochemistry, Genetics and Molecular Biology (miscellaneous) (Q4); Earth and Planetary Sciences (miscellaneous) (Q4); Environmental Science (miscellaneous) (Q4)";"Agricultural and Biological Sciences; Biochemistry, Genetics and Molecular Biology; Earth and Planetary Sciences; Environmental Science; Multidisciplinary; Social Sciences"
557;21100874136;"Sozialer Fortschritt";journal;"18655386, 0038609X";"Duncker und Humblot GmbH";No;No;0,208;Q3;9;63;163;1563;43;145;0,20;24,81;44,00;1;32;Germany;Western Europe;"Duncker und Humblot GmbH";"2008-2025";"Social Sciences (miscellaneous) (Q3); Sociology and Political Science (Q3)";"Social Sciences"
558;21100868416;"Laboratorium: Russian Review of Social Research";journal;"20781938, 20768214";"Institute for European Russian and Eurasian Studies, The George Washington University";No;No;0,207;Q3;8;10;59;473;32;59;0,47;47,30;53,85;0;1;United States;Northern America;"Institute for European Russian and Eurasian Studies, The George Washington University";"2018-2024";"History (Q1); Cultural Studies (Q2); Anthropology (Q3); Gender Studies (Q3); Political Science and International Relations (Q3); Social Sciences (miscellaneous) (Q3); Sociology and Political Science (Q3)";"Arts and Humanities; Social Sciences"
559;21101175744;"Iberoamerican Journal of Science Measurement and Communication";journal;"27097595, 27093158";"Pro-Metrics";No;No;0,205;Q3;10;30;58;1312;84;54;1,42;43,73;33,33;0;14;Estonia;Eastern Europe;"Pro-Metrics";"2021-2025";"Communication (Q3); Library and Information Sciences (Q3); Media Technology (Q3); Social Sciences (miscellaneous) (Q3)";"Engineering; Social Sciences"
560;22339;"Nigerian Journal of Economic and Social Studies";journal;"00290092";"Nigerian Economic Society";No;No;0,203;Q3;6;6;53;289;19;53;0,31;48,17;16,67;0;4;Nigeria;Africa;"Nigerian Economic Society";"1967, 1974-1977, 1982, 1984-1988, 1992, 1996-2009, 2016-2024";"Finance (Q3); Social Sciences (miscellaneous) (Q3); Sociology and Political Science (Q3); Economics and Econometrics (Q4)";"Economics, Econometrics and Finance; Social Sciences"
561;27986;"Juvenile and Family Court Journal";journal;"01617109";"Wiley-Blackwell";No;No;0,202;Q3;24;16;49;745;33;48;0,65;46,56;81,25;0;10;United States;Northern America;"Wiley-Blackwell";"1953-1954, 1961-1969, 1971, 1977-2024";"Law (Q3); Social Sciences (miscellaneous) (Q3)";"Social Sciences"
562;19700175735;"Philippine Journal of Science";journal;"00317683";"Department of Science and Technology";No;No;0,202;Q3;24;201;678;7635;528;647;0,74;37,99;47,62;0;105;Philippines;Asiatic Region;"Department of Science and Technology";"1979, 1982, 1986-1988, 2009-2024";"Multidisciplinary (Q3); Social Sciences (miscellaneous) (Q3)";"Multidisciplinary; Social Sciences"
563;21101123075;"Revista Brasileira de Alternative Dispute Resolution";journal;"25963201, 26748835";"EDITORA FORUM LTDA";No;No;0,202;Q3;8;33;83;961;80;75;1,25;29,12;52,73;0;8;Brazil;Latin America;"EDITORA FORUM LTDA";"2019-2024";"Law (Q3); Social Sciences (miscellaneous) (Q3)";"Social Sciences"
564;17356;"Revista Mexicana de Sociologia";journal;"25940651, 01882503";"Universidad Nacional Autonoma de Mexico";Yes;Yes;0,202;Q3;18;37;124;1727;58;124;0,41;46,68;50,00;0;14;Mexico;Latin America;"Universidad Nacional Autonoma de Mexico";"1976, 1978-1979, 1981, 1983, 1985, 1988, 1990, 1993, 1995-1996, 2011-2025";"Social Sciences (miscellaneous) (Q3); Sociology and Political Science (Q3)";"Social Sciences"
565;21101055967;"Journal of Language and Discrimination";journal;"23972645, 23972637";"Equinox Publishing Ltd";No;No;0,201;Q3;7;5;40;243;37;36;1,22;48,60;85,71;0;2;United Kingdom;Western Europe;"Equinox Publishing Ltd";"2019-2024";"Linguistics and Language (Q2); Social Sciences (miscellaneous) (Q3); Sociology and Political Science (Q3)";"Social Sciences"
566;21101102056;"J-Reading";journal;"22814310, 22815694";"Edizioni Nuova Cultura";No;No;0,201;Q3;6;20;42;877;20;42;0,50;43,85;47,50;0;8;Italy;Western Europe;"Edizioni Nuova Cultura";"2020-2024";"Demography (Q3); Geography, Planning and Development (Q3); Social Sciences (miscellaneous) (Q3); Urban Studies (Q3); Computers in Earth Sciences (Q4); Education (Q4)";"Earth and Planetary Sciences; Social Sciences"
567;21100812388;"Revista Criminalidad";journal;"17943108, 22565531";"Policia Nacional de Colombia";Yes;Yes;0,201;Q3;8;10;104;421;49;97;0,51;42,10;52,00;0;5;Colombia;Latin America;"Policia Nacional de Colombia";"2015-2024";"Arts and Humanities (miscellaneous) (Q2); Law (Q3); Social Sciences (miscellaneous) (Q3); Sociology and Political Science (Q3); Social Psychology (Q4)";"Arts and Humanities; Psychology; Social Sciences"
568;21101225725;"Collected Papers of the Faculty of Law of the University of Rijeka";journal;"18468314, 1330349X";"University of Rijeka Faculty of Law";Yes;Yes;0,199;Q3;3;28;117;1180;19;117;0,15;42,14;47,22;0;10;Croatia;Eastern Europe;"University of Rijeka Faculty of Law";"2013, 2020-2024";"Law (Q3); Social Sciences (miscellaneous) (Q3)";"Social Sciences"
569;21101133629;"Eunomia. Revista en Cultura de la Legalidad";journal;"22536655";"University Carlos III of Madrid";Yes;Yes;0,199;Q3;7;44;183;2059;59;177;0,25;46,80;39,02;0;22;Spain;Western Europe;"University Carlos III of Madrid";"2019-2024";"Gender Studies (Q3); Law (Q3); Social Sciences (miscellaneous) (Q3); Public Administration (Q4)";"Social Sciences"
570;8300153102;"Religion and Human Rights";journal;"18710328, 1871031X";"Martinus Nijhoff Publishers";No;No;0,199;Q3;11;8;23;676;14;21;0,42;84,50;50,00;0;8;Netherlands;Western Europe;"Martinus Nijhoff Publishers";"2006-2024";"Religious Studies (Q2); Political Science and International Relations (Q3); Social Sciences (miscellaneous) (Q3); Sociology and Political Science (Q3)";"Arts and Humanities; Social Sciences"
571;12100154831;"Universum";journal;"0716498X, 07182376";"Universidad de Talca";Yes;Yes;0,198;Q3;15;37;118;1303;37;110;0,22;35,22;36,17;0;4;Chile;Latin America;"Universidad de Talca";"2008-2024";"Arts and Humanities (miscellaneous) (Q2); Social Sciences (miscellaneous) (Q3)";"Arts and Humanities; Social Sciences"
572;5700161383;"Portuguese Journal of Social Science";journal;"17589509, 1476413X";"Intellect Ltd.";No;No;0,197;Q3;15;0;18;0;14;16;0,00;0,00;0,00;0;0;United Kingdom;Western Europe;"Intellect Ltd.";"2002-2022";"Social Sciences (miscellaneous) (Q3)";"Social Sciences"
573;18239;"Relations Industrielles";journal;"0034379X, 17038138";"";No;No;0,197;Q3;33;11;76;587;37;71;0,49;53,36;50,00;0;2;Canada;Northern America;"";"1996-2011, 2016-2017, 2020, 2022-2024";"Social Sciences (miscellaneous) (Q3); Management of Technology and Innovation (Q4); Organizational Behavior and Human Resource Management (Q4); Strategy and Management (Q4)";"Business, Management and Accounting; Social Sciences"
574;21101121575;"American Journal of Islam and Society";journal;"26903733, 26903741";"International Institute of Islamic Thought";Yes;Yes;0,196;Q3;3;21;37;863;22;30;0,67;41,10;10,53;0;1;United States;Northern America;"International Institute of Islamic Thought";"2020-2024";"Cultural Studies (Q2); History (Q2); Philosophy (Q2); Religious Studies (Q2); Law (Q3); Social Sciences (miscellaneous) (Q3); Sociology and Political Science (Q3)";"Arts and Humanities; Social Sciences"
575;21101050073;"Revista Espanola de Investigacion Criminologica";journal;"16969219";"Sociedad Espanola de Investigacion Criminologica";Yes;Yes;0,196;Q3;6;12;63;597;35;58;0,50;49,75;58,82;0;9;Spain;Western Europe;"Sociedad Espanola de Investigacion Criminologica";"2019-2024";"Law (Q3); Social Sciences (miscellaneous) (Q3)";"Social Sciences"
576;21101160596;"Journal of Asian American Studies";journal;"10968598";"Johns Hopkins University Press";No;No;0,195;Q3;7;10;88;712;40;56;0,37;71,20;83,33;0;2;United States;Northern America;"Johns Hopkins University Press";"2019-2024";"Arts and Humanities (miscellaneous) (Q2); History (Q2); Gender Studies (Q3); Social Sciences (miscellaneous) (Q3)";"Arts and Humanities; Social Sciences"
577;21100199124;"International Journal of Sustainable Manufacturing";journal;"17427223, 17427231";"Inderscience";No;No;0,194;Q3;19;0;9;0;9;9;0,83;0,00;0,00;0;0;Switzerland;Western Europe;"Inderscience";"2008-2015, 2018, 2020-2022";"Industrial and Manufacturing Engineering (Q3); Social Sciences (miscellaneous) (Q3); Decision Sciences (miscellaneous) (Q4); Management of Technology and Innovation (Q4)";"Business, Management and Accounting; Decision Sciences; Engineering; Social Sciences"
578;21100831449;"Italian Journal of Sociology of Education";journal;"20354983";"Padova University Press";Yes;Yes;0,194;Q3;9;23;79;1272;55;76;0,69;55,30;67,57;0;10;Italy;Western Europe;"Padova University Press";"2017-2024";"Social Sciences (miscellaneous) (Q3); Education (Q4)";"Social Sciences"
579;21101211361;"Onomastica desde America Latina";journal;"26752719";"Universidade Estadual do Oeste do Parana";Yes;Yes;0,194;Q3;4;18;54;477;13;54;0,27;26,50;35,00;0;1;Brazil;Latin America;"Universidade Estadual do Oeste do Parana";"2020-2025";"Linguistics and Language (Q2); Anthropology (Q3); Social Sciences (miscellaneous) (Q3)";"Social Sciences"
580;27456;"Peace Review";journal;"14699982, 10402659";"Taylor and Francis Ltd.";Yes;No;0,194;Q3;22;80;186;2158;111;169;0,68;26,98;29,49;0;19;United Kingdom;Western Europe;"Taylor and Francis Ltd.";"1989-1996, 2005-2025";"Arts and Humanities (miscellaneous) (Q2); Social Sciences (miscellaneous) (Q3); Sociology and Political Science (Q3); Safety Research (Q4); Safety, Risk, Reliability and Quality (Q4); Transportation (Q4)";"Arts and Humanities; Engineering; Social Sciences"
581;5600153211;"South African Review of Sociology";journal;"21528586, 20721978";"Taylor and Francis Ltd.";No;No;0,194;Q3;24;30;55;1347;30;46;0,51;44,90;42,86;0;14;United Kingdom;Western Europe;"Taylor and Francis Ltd.";"2006-2025";"Social Sciences (miscellaneous) (Q3)";"Social Sciences"
582;21100896882;"Journal of Educational and Social Research";journal;"2239978X, 22400524";"Richtmann Publishing Ltd";No;No;0,192;Q3;15;197;482;7631;385;482;0,82;38,74;49,20;0;92;Poland;Eastern Europe;"Richtmann Publishing Ltd";"2018-2025";"Social Sciences (miscellaneous) (Q3); Education (Q4)";"Social Sciences"
583;17445;"Swiss Journal of Sociology";journal;"03793664, 22978348";"Schweizerische Gesellschaft fur Soziologie";Yes;Yes;0,192;Q3;11;0;80;0;59;75;0,58;0,00;0,00;0;0;Switzerland;Western Europe;"Schweizerische Gesellschaft fur Soziologie";"1982, 1986, 1993, 2016-2023";"Social Sciences (miscellaneous) (Q3)";"Social Sciences"
584;5600156255;"Tydskrif vir Geesteswetenskappe";journal;"00414751, 22247912";"South African Academy for Science and the Arts";Yes;No;0,192;Q3;8;47;189;1961;44;170;0,29;41,72;27,27;0;18;South Africa;Africa;"South African Academy for Science and the Arts";"2009-2024";"Arts and Humanities (miscellaneous) (Q2); Social Sciences (miscellaneous) (Q3)";"Arts and Humanities; Social Sciences"
585;21100945768;"Journal of Contemporary Iraq and the Arab World";journal;"25158546, 25158538";"Intellect Ltd.";No;No;0,191;Q3;3;13;51;539;14;44;0,32;41,46;41,67;0;5;United Kingdom;Western Europe;"Intellect Ltd.";"2019-2024";"Arts and Humanities (miscellaneous) (Q2); Economics, Econometrics and Finance (miscellaneous) (Q3); Social Sciences (miscellaneous) (Q3)";"Arts and Humanities; Economics, Econometrics and Finance; Social Sciences"
586;21100325441;"Przeglad Wschodnioeuropejski";journal;"20811128";"University of Warmia and Mazury in Olsztyn";Yes;No;0,191;Q3;5;43;156;1243;19;155;0,06;28,91;60,00;0;5;Poland;Eastern Europe;"University of Warmia and Mazury in Olsztyn";"2014-2024";"Arts and Humanities (miscellaneous) (Q2); Social Sciences (miscellaneous) (Q3); Economics and Econometrics (Q4)";"Arts and Humanities; Economics, Econometrics and Finance; Social Sciences"
587;21101214489;"Modern Economic Science";journal;"10022848";"Editorial Board of Modern Economic Science";No;No;0,190;Q3;8;60;183;774;110;183;0,69;12,90;41,32;0;59;China;Asiatic Region;"Editorial Board of Modern Economic Science";"2020-2024";"Economics, Econometrics and Finance (miscellaneous) (Q3); Social Sciences (miscellaneous) (Q3)";"Economics, Econometrics and Finance; Social Sciences"
588;21101079126;"Tecnoscienza";journal;"20383460";"STS Italia";Yes;Yes;0,190;Q3;6;5;50;292;43;45;0,93;58,40;42,86;0;0;Italy;Western Europe;"STS Italia";"2019-2024";"Communication (Q3); Social Sciences (miscellaneous) (Q3); Sociology and Political Science (Q3); Human Factors and Ergonomics (Q4)";"Social Sciences"
589;21101072213;"Diplomatica";journal;"25891774, 25891766";"Brill Academic Publishers";No;No;0,188;Q3;8;14;47;1265;28;44;0,54;90,36;33,33;0;2;Netherlands;Western Europe;"Brill Academic Publishers";"2019-2024";"History (Q2); Political Science and International Relations (Q3); Social Sciences (miscellaneous) (Q3)";"Arts and Humanities; Social Sciences"
590;21101073713;"Letras (Peru)";journal;"20715072, 03784878";"National University of San Marcos. Faculty of Letters and Human Sciences";Yes;Yes;0,188;Q3;5;33;86;1747;18;80;0,19;52,94;33,33;0;7;Peru;Latin America;"National University of San Marcos. Faculty of Letters and Human Sciences";"2018-2024";"Literature and Literary Theory (Q1); Arts and Humanities (miscellaneous) (Q2); Cultural Studies (Q2); Linguistics and Language (Q2); Social Sciences (miscellaneous) (Q3)";"Arts and Humanities; Social Sciences"
591;21101081508;"Przeglad Socjologii Jakosciowej";journal;"17338069";"Lodz University Press";Yes;Yes;0,188;Q3;5;41;95;2019;32;91;0,37;49,24;48,00;0;7;Poland;Eastern Europe;"Lodz University Press";"2019-2024";"Social Sciences (miscellaneous) (Q3)";"Social Sciences"
592;21101158606;"Liquid Blackness";journal;"26923874";"Duke University Press";Yes;Yes;0,187;Q3;5;18;56;404;27;50;0,23;22,44;61,54;0;2;United States;Northern America;"Duke University Press";"2021-2024";"Cultural Studies (Q2); Social Sciences (miscellaneous) (Q3)";"Social Sciences"
593;21101044720;"REDES";journal;"15790185";"Universidad Autonoma de Barcelona, Departamento de Antropologia Social y Cultural";Yes;Yes;0,187;Q3;5;16;42;823;16;42;0,37;51,44;38,89;1;6;Spain;Western Europe;"Universidad Autonoma de Barcelona, Departamento de Antropologia Social y Cultural";"2019-2025";"Communication (Q3); Social Sciences (miscellaneous) (Q3)";"Social Sciences"
594;21101267547;"Revista General de Derecho Constitucional";journal;"18867650, 18866212";"Iustel";No;No;0,187;Q3;3;18;54;741;10;53;0,23;41,17;50,00;0;12;Spain;Western Europe;"Iustel";"2020-2024";"Law (Q3); Social Sciences (miscellaneous) (Q3)";"Social Sciences"
595;21101038677;"Vestnik Moskovskogo Universiteta. Seriya 10. Zhurnalistika";journal;"03208079, 26583526";"MSU Publishing House";No;No;0,187;Q3;5;40;135;1029;57;134;0,40;25,73;69,49;0;1;Russian Federation;Eastern Europe;"MSU Publishing House";"2019-2024";"Communication (Q3); Social Sciences (miscellaneous) (Q3)";"Social Sciences"
596;21101238418;"InfoDesign";journal;"18085377";"Sociedade Brasileira de Design da Informacao";Yes;Yes;0,186;Q3;2;28;86;669;12;77;0,16;23,89;60,00;0;12;Brazil;Latin America;"Sociedade Brasileira de Design da Informacao";"2021-2024";"Arts and Humanities (miscellaneous) (Q2); Communication (Q3); Computer Graphics and Computer-Aided Design (Q3); Social Sciences (miscellaneous) (Q3)";"Arts and Humanities; Computer Science; Social Sciences"
597;21101151616;"International Journal of Health, Wellness, and Society";journal;"21569053, 21568960";"Common Ground Research Networks";No;No;0,186;Q3;3;24;65;1053;25;63;0,47;43,88;67,65;0;12;United States;Northern America;"Common Ground Research Networks";"2019-2025";"Social Sciences (miscellaneous) (Q3); Health (social science) (Q4); Physiology (medical) (Q4)";"Medicine; Social Sciences"
598;19700202712;"Acta Academica";journal;"05872405";"Sun Media Corporation";Yes;Yes;0,185;Q3;14;0;67;0;36;59;0,45;0,00;0,00;0;0;Canada;Northern America;"Sun Media Corporation";"2009-2023";"Arts and Humanities (miscellaneous) (Q2); Social Sciences (miscellaneous) (Q3)";"Arts and Humanities; Social Sciences"
599;21101154265;"African Human Mobility Review";journal;"24107972, 24116955";"University of the Western Cape";Yes;Yes;0,185;Q3;5;21;51;1120;31;47;0,66;53,33;34,48;0;18;South Africa;Africa;"University of the Western Cape";"2019-2024";"Law (Q3); Social Sciences (miscellaneous) (Q3); Sociology and Political Science (Q3); Development (Q4)";"Social Sciences"
600;21100945164;"Alternativas";journal;"19899971, 11330473";"University of Alicante - Department of Social Work and Social Services";Yes;Yes;0,185;Q3;5;17;51;943;37;51;0,50;55,47;72,50;0;12;Spain;Western Europe;"University of Alicante - Department of Social Work and Social Services";"2019-2025";"Social Sciences (miscellaneous) (Q3); Sociology and Political Science (Q3); Health (social science) (Q4)";"Social Sciences"
601;21101168863;"Malaysian Journal of Syariah and Law";journal;"19857454, 25904396";"Faculty of Syariah and Law, Islamic Science University of Malaysia (USIM)";Yes;No;0,185;Q3;5;56;77;2536;45;72;0,58;45,29;31,30;0;21;Malaysia;Asiatic Region;"Faculty of Syariah and Law, Islamic Science University of Malaysia (USIM)";"2019-2024";"Religious Studies (Q2); Law (Q3); Political Science and International Relations (Q3); Social Sciences (miscellaneous) (Q3)";"Arts and Humanities; Social Sciences"
602;21100938281;"Open Cultural Studies";journal;"24513474";"Walter de Gruyter GmbH";Yes;No;0,185;Q3;11;48;84;2001;63;82;0,89;41,69;50,85;0;10;Germany;Western Europe;"Walter de Gruyter GmbH";"2017-2025";"Arts and Humanities (miscellaneous) (Q2); Social Sciences (miscellaneous) (Q3)";"Arts and Humanities; Social Sciences"
603;21100927369;"Apuntes";journal;"22231757, 02521865";"Universidad del Pacifico Press";Yes;Yes;0,184;Q3;5;6;61;218;39;59;0,65;36,33;42,86;0;2;Peru;Latin America;"Universidad del Pacifico Press";"2019-2025";"Economics, Econometrics and Finance (miscellaneous) (Q3); Social Sciences (miscellaneous) (Q3)";"Economics, Econometrics and Finance; Social Sciences"
604;21100829925;"HiSTOReLo";journal;"2145132X";"Universidad Nacional de Colombia";Yes;Yes;0,184;Q3;5;24;72;973;18;63;0,35;40,54;25,00;0;7;Colombia;Latin America;"Universidad Nacional de Colombia";"2013-2025";"Cultural Studies (Q2); History (Q2); Pharmacology, Toxicology and Pharmaceutics (miscellaneous) (Q3); Social Sciences (miscellaneous) (Q3)";"Arts and Humanities; Pharmacology, Toxicology and Pharmaceutics; Social Sciences"
605;21100920650;"New Global Studies";journal;"19400004";"Walter de Gruyter GmbH";No;No;0,183;Q3;12;21;62;1367;45;61;0,51;65,10;29,63;0;7;Germany;Western Europe;"Walter de Gruyter GmbH";"2007-2025";"Arts and Humanities (miscellaneous) (Q2); Economics, Econometrics and Finance (miscellaneous) (Q3); Social Sciences (miscellaneous) (Q3)";"Arts and Humanities; Economics, Econometrics and Finance; Social Sciences"
606;27208;"Social Philosophy and Policy";journal;"02650525, 14716437";"Cambridge University Press";No;No;0,183;Q3;41;28;77;1941;42;77;0,22;69,32;25,93;0;7;United Kingdom;Western Europe;"Cambridge University Press";"1970, 1983-2024";"Philosophy (Q2); Social Sciences (miscellaneous) (Q3)";"Arts and Humanities; Social Sciences"
607;21100827186;"Socialni Prace";journal;"1805885X, 12136204";"Association of Educators in Social Work";No;No;0,183;Q3;8;34;168;1251;44;130;0,18;36,79;69,57;0;13;Czech Republic;Eastern Europe;"Association of Educators in Social Work";"2017-2024";"Social Sciences (miscellaneous) (Q3); Sociology and Political Science (Q3); Applied Psychology (Q4); Health (social science) (Q4)";"Psychology; Social Sciences"
608;26001;"Drustvena Istrazivanja";journal;"18486096, 13300288";"Institute of Social Sciences Ivo Pilar";Yes;Yes;0,182;Q3;21;27;108;1327;66;105;0,54;49,15;59,68;0;11;Croatia;Eastern Europe;"Institute of Social Sciences Ivo Pilar";"1996-2024";"Social Sciences (miscellaneous) (Q3); Sociology and Political Science (Q3)";"Social Sciences"
609;21101048550;"Ikenga";journal;"20064241, 27144321";"University of Nigeria, Institute of African Studies";No;No;0,182;Q3;3;37;87;1780;30;86;0,31;48,11;28,09;0;24;Nigeria;Africa;"University of Nigeria, Institute of African Studies";"2019-2024";"Literature and Literary Theory (Q1); Archeology (arts and humanities) (Q2); Arts and Humanities (miscellaneous) (Q2); Cultural Studies (Q2); History (Q2); Religious Studies (Q2); Gender Studies (Q3); Social Sciences (miscellaneous) (Q3)";"Arts and Humanities; Social Sciences"
610;21101152604;"International Journal of Population Studies";journal;"24248606, 24248150";"AccScience Publishing";No;No;0,182;Q3;4;38;58;1879;28;57;0,43;49,45;42,86;0;32;Singapore;Asiatic Region;"AccScience Publishing";"2019-2025";"Demography (Q3); Social Sciences (miscellaneous) (Q3); Sociology and Political Science (Q3)";"Social Sciences"
611;21101102055;"International Journal of Sport and Society";journal;"21527865, 21527857";"Common Ground Research Networks";No;No;0,182;Q3;4;27;71;1517;32;71;0,30;56,19;47,27;0;11;United States;Northern America;"Common Ground Research Networks";"2019-2025";"Health Professions (miscellaneous) (Q3); Social Sciences (miscellaneous) (Q3); Urology (Q3); Education (Q4); Medicine (miscellaneous) (Q4); Psychology (miscellaneous) (Q4)";"Health Professions; Medicine; Psychology; Social Sciences"
612;21101100272;"PASOS Revista de Turismo y Patrimonio Cultural";journal;"16957121, 2529959X";"University of La Laguna";Yes;Yes;0,182;Q3;10;55;194;2690;127;193;0,72;48,91;41,38;0;37;Spain;Western Europe;"University of La Laguna";"2019-2024";"Cultural Studies (Q2); Anthropology (Q3); Social Sciences (miscellaneous) (Q3); Geography, Planning and Development (Q4); Tourism, Leisure and Hospitality Management (Q4)";"Business, Management and Accounting; Social Sciences"
613;21100981170;"Digital Studies/ Le Champ Numerique";journal;"19183666";"Open Library of Humanities";Yes;Yes;0,181;Q3;6;15;43;629;22;42;0,33;41,93;63,64;0;2;United Kingdom;Western Europe;"Open Library of Humanities";"2019-2025";"Arts and Humanities (miscellaneous) (Q2); Social Sciences (miscellaneous) (Q3); Computer Science Applications (Q4)";"Arts and Humanities; Computer Science; Social Sciences"
614;21100925894;"Humanities and Social Sciences Letters";journal;"23125659, 23124318";"Conscientia Beam";No;No;0,181;Q3;10;76;132;3932;123;132;0,93;51,74;42,46;0;31;Pakistan;Asiatic Region;"Conscientia Beam";"2019-2025";"Economics, Econometrics and Finance (miscellaneous) (Q3); Social Sciences (miscellaneous) (Q3); Business, Management and Accounting (miscellaneous) (Q4)";"Business, Management and Accounting; Economics, Econometrics and Finance; Social Sciences"
615;5600152954;"Convergencia";journal;"14051435";"Universidad Autonoma del Estado de Mexico";Yes;Yes;0,180;Q3;18;16;33;938;26;33;0,68;58,63;60,61;0;7;Mexico;Latin America;"Universidad Autonoma del Estado de Mexico";"2008-2025";"Social Sciences (miscellaneous) (Q3)";"Social Sciences"
616;14008;"Hrvatska Revija Za Rehabilitacijska Istrazivanja";journal;"13313010";"University of Zagreb, Faculty of Education and Rehabilitation Sciences";Yes;Yes;0,180;Q3;13;16;66;1027;36;64;0,56;64,19;79,41;0;2;Croatia;Eastern Europe;"University of Zagreb, Faculty of Education and Rehabilitation Sciences";"1999-2006, 2008-2024";"Social Sciences (miscellaneous) (Q3); Education (Q4); Health (social science) (Q4); Rehabilitation (Q4)";"Medicine; Social Sciences"
617;21101120346;"International Journal of Human Capital in Urban Management";journal;"24764701, 24764698";"Tehran Urban Research and Planning Center";Yes;Yes;0,180;Q3;8;49;115;2653;100;115;0,86;54,14;33,33;0;37;Iran;Middle East;"Tehran Urban Research and Planning Center";"2019-2025";"Social Sciences (miscellaneous) (Q3); Urban Studies (Q3); Management, Monitoring, Policy and Law (Q4); Pollution (Q4); Public Administration (Q4); Waste Management and Disposal (Q4); Water Science and Technology (Q4)";"Environmental Science; Social Sciences"
618;12100155723;"Andamios";journal;"18700063";"Universidad Autonoma de la Ciudad de Mexico";Yes;No;0,179;Q3;16;52;175;2383;45;149;0,21;45,83;36,36;0;10;Mexico;Latin America;"Universidad Autonoma de la Ciudad de Mexico";"2008-2024";"Arts and Humanities (miscellaneous) (Q2); Social Sciences (miscellaneous) (Q3)";"Arts and Humanities; Social Sciences"
619;12007;"Statisztikai Szemle";journal;"00390690";"Kozponti Statisztikai Hivatal";No;No;0,179;Q3;5;48;125;1947;61;125;0,48;40,56;40,28;0;19;Hungary;Eastern Europe;"Kozponti Statisztikai Hivatal";"1946, 1948, 1977-1999, 2019-2025";"Demography (Q3); Social Sciences (miscellaneous) (Q3); Applied Mathematics (Q4); Economics and Econometrics (Q4); Statistics and Probability (Q4)";"Economics, Econometrics and Finance; Mathematics; Social Sciences"
620;99334;"Zeitschrift fur Ethnologie";journal;"00442666";"Reimer Verlag";No;No;0,179;Q3;11;9;52;398;29;39;0,37;44,22;87,50;0;1;Germany;Western Europe;"Reimer Verlag";"1981, 2005-2015, 2017-2024";"Cultural Studies (Q2); Social Sciences (miscellaneous) (Q3)";"Social Sciences"
621;21100463861;"HSE Social and Education History";journal;"20143567";"Hipatia Editorial";Yes;No;0,178;Q3;9;10;47;520;34;47;0,96;52,00;60,87;0;3;Spain;Western Europe;"Hipatia Editorial";"2016-2024";"History (Q2); Social Sciences (miscellaneous) (Q3); Education (Q4)";"Arts and Humanities; Social Sciences"
622;21100395923;"Citizenship Teaching and Learning";journal;"17511917, 17511925";"Intellect Ltd.";No;No;0,177;Q3;11;19;74;925;76;69;1,30;48,68;61,54;0;15;United Kingdom;Western Europe;"Intellect Ltd.";"2013-2024";"Social Sciences (miscellaneous) (Q3)";"Social Sciences"
623;21100886225;"Journal of Literary and Cultural Disability Studies";journal;"17576458, 17576466";"Liverpool University Press";No;No;0,177;Q3;9;30;94;883;55;74;0,46;29,43;77,78;0;7;United Kingdom;Western Europe;"Liverpool University Press";"2018-2025";"Health Professions (miscellaneous) (Q3); Social Sciences (miscellaneous) (Q3); Health (social science) (Q4)";"Health Professions; Social Sciences"
624;27739;"Atenea";journal;"07161840, 07180462";"Universidad de Concepcion";Yes;Yes;0,176;Q3;10;16;113;388;35;107;0,21;24,25;53,33;0;3;Chile;Latin America;"Universidad de Concepcion";"1979, 1984, 2000-2001, 2007-2024";"Arts and Humanities (miscellaneous) (Q2); Social Sciences (miscellaneous) (Q3)";"Arts and Humanities; Social Sciences"
625;21100828754;"Journal of Comparative Social Work";journal;"08099936";"University of Stavanger, Department of Social Studies";Yes;Yes;0,176;Q3;7;7;38;289;22;32;0,13;41,29;33,33;0;4;Norway;Western Europe;"University of Stavanger, Department of Social Studies";"2017-2024";"Social Sciences (miscellaneous) (Q3); Sociology and Political Science (Q3)";"Social Sciences"
626;21101222862;"Journal of Nonprofit Education and Leadership";journal;"23747838, 21570604";"Sagamore Publishing LLC";No;No;0,175;Q3;5;21;77;523;27;61;0,24;24,90;71,88;0;7;United States;Northern America;"Sagamore Publishing LLC";"2020-2024";"Arts and Humanities (miscellaneous) (Q2); Social Sciences (miscellaneous) (Q3); Business, Management and Accounting (miscellaneous) (Q4)";"Arts and Humanities; Business, Management and Accounting; Social Sciences"
627;21100244940;"Studia Regionalne i Lokalne";journal;"15094995, 27198049";"University of Warsaw";Yes;Yes;0,175;Q3;9;28;90;1366;48;88;0,54;48,79;67,65;0;19;Poland;Eastern Europe;"University of Warsaw";"2013-2024";"Social Sciences (miscellaneous) (Q3)";"Social Sciences"
628;21100198239;"Enfances, Familles, Generations";journal;"17086310";"Centre - Urbanisation Culture Societe de l'INRS";Yes;Yes;0,174;Q3;9;10;91;628;16;91;0,12;62,80;79,31;0;4;Canada;Northern America;"Centre - Urbanisation Culture Societe de l'INRS";"2011-2024";"Anthropology (Q3); Social Sciences (miscellaneous) (Q3); Social Psychology (Q4)";"Psychology; Social Sciences"
629;21100206221;"International Journal of Technoethics";journal;"19473451, 1947346X";"IGI Global Publishing";No;No;0,174;Q3;15;4;23;187;22;23;0,78;46,75;37,50;0;1;United States;Northern America;"IGI Global Publishing";"2010-2025";"Social Sciences (miscellaneous) (Q3); Engineering (miscellaneous) (Q4)";"Engineering; Social Sciences"
630;21101059785;"Kasetsart Journal of Social Sciences";journal;"24523151";"Kasetsart University";Yes;No;0,174;Q3;31;140;420;5041;220;420;0,56;36,01;51,35;0;62;Thailand;Asiatic Region;"Kasetsart University";"2015-2024";"Social Sciences (miscellaneous) (Q3)";"Social Sciences"
631;21101098754;"Isonomia";journal;"14050218, 26832593";"Instituto Tecnologico Autonomo de Mexico";No;Yes;0,172;Q3;3;23;45;940;6;42;0,18;40,87;40,00;0;8;Mexico;Latin America;"Instituto Tecnologico Autonomo de Mexico";"2019-2024";"Philosophy (Q2); Law (Q3); Social Sciences (miscellaneous) (Q3); Sociology and Political Science (Q3)";"Arts and Humanities; Social Sciences"
632;21100915395;"Journal of Asian Sociology";journal;"26718200, 26714574";"Institute of Social Development and Policy Research, Seoul National University";No;No;0,172;Q3;11;17;49;935;28;49;0,33;55,00;45,83;0;7;South Korea;Asiatic Region;"Institute of Social Development and Policy Research, Seoul National University";"2019-2024";"Social Sciences (miscellaneous) (Q3)";"Social Sciences"
633;21101176852;"Journal of Statistical Research";journal;"0256422X";"Institute of Statistical Research and Training (ISRT), University of Dhaka";No;No;0,172;Q3;2;13;36;363;13;36;0,27;27,92;40,63;0;3;Bangladesh;Asiatic Region;"Institute of Statistical Research and Training (ISRT), University of Dhaka";"2019-2024";"Social Sciences (miscellaneous) (Q3); Demography (Q4); Modeling and Simulation (Q4); Statistics and Probability (Q4)";"Mathematics; Social Sciences"
634;21100833806;"Journal of the Korean Society of Clothing and Textiles";journal;"22340793, 12251151";"Korean Society of Clothing and Textiles";No;No;0,172;Q3;9;80;214;3887;98;214;0,45;48,59;68,22;0;11;South Korea;Asiatic Region;"Korean Society of Clothing and Textiles";"2016-2024";"Arts and Humanities (miscellaneous) (Q2); Industrial and Manufacturing Engineering (Q3); Social Sciences (miscellaneous) (Q3); Human Factors and Ergonomics (Q4); Materials Science (miscellaneous) (Q4); Polymers and Plastics (Q4)";"Arts and Humanities; Engineering; Materials Science; Social Sciences"
635;21101234844;"Revista Pesquisa Qualitativa";journal;"25258222";"Sociedade de Estudos e Pesquisa Qualitativos";No;Yes;0,172;Q3;4;46;108;1616;29;102;0,30;35,13;64,23;0;13;Brazil;Latin America;"Sociedade de Estudos e Pesquisa Qualitativos";"2020-2025";"History and Philosophy of Science (Q3); Social Sciences (miscellaneous) (Q3); Education (Q4); Health (social science) (Q4)";"Arts and Humanities; Social Sciences"
636;12100155925;"Socialni Studia/Social Studies";journal;"1214813X, 18036104";"Masaryk University";Yes;Yes;0,172;Q3;9;14;50;215;23;47;0,47;15,36;54,55;0;2;Czech Republic;Eastern Europe;"Masaryk University";"2009-2024";"Social Sciences (miscellaneous) (Q3)";"Social Sciences"
637;4000152126;"Research in the Sociology of Organizations";book series;"0733558X";"Emerald Group Publishing Ltd.";No;No;0,171;Q3;51;46;133;2112;259;14;2,91;45,91;0,00;0;7;United Kingdom;Western Europe;"Emerald Group Publishing Ltd.";"2000-2007, 2009-2011, 2013-2024";"Social Sciences (miscellaneous) (Q3); Sociology and Political Science (Q3); Organizational Behavior and Human Resource Management (Q4)";"Business, Management and Accounting; Social Sciences"
638;5700166475;"European Journal of East Asian Studies";journal;"15700615, 15680584";"Brill Academic Publishers";No;No;0,170;Q3;15;14;42;835;17;38;0,21;59,64;68,42;0;4;Netherlands;Western Europe;"Brill Academic Publishers";"2001, 2003, 2007-2024";"Cultural Studies (Q2); History (Q2); Political Science and International Relations (Q3); Social Sciences (miscellaneous) (Q3); Sociology and Political Science (Q3); Development (Q4); Geography, Planning and Development (Q4)";"Arts and Humanities; Social Sciences"
639;21101093350;"Kriminologie";journal;"26986779";"Universitat zu Koln";Yes;Yes;0,170;Q3;5;13;67;549;19;61;0,20;42,23;43,48;0;4;Germany;Western Europe;"Universitat zu Koln";"2019-2024";"Cultural Studies (Q2); Law (Q3); Social Sciences (miscellaneous) (Q3); Sociology and Political Science (Q3)";"Social Sciences"
640;4700152401;"Psychoanalytic Social Work";journal;"15228878";"Routledge";No;No;0,169;Q3;14;21;31;870;16;30;0,46;41,43;64,00;0;4;United States;Northern America;"Routledge";"1999-2024";"Social Sciences (miscellaneous) (Q3); Social Psychology (Q4); Social Work (Q4)";"Psychology; Social Sciences"
641;21101272842;"Scientometrics Research Journal";journal;"24235563, 24233773";"Shahed University";Yes;Yes;0,169;Q3;4;26;95;1144;35;92;0,41;44,00;45,45;0;18;Iran;Middle East;"Shahed University";"2021-2024";"Library and Information Sciences (Q3); Social Sciences (miscellaneous) (Q3)";"Social Sciences"
642;21101158583;"International Journal of Religion";journal;"26333538, 2633352X";"Transnational Press London Ltd";No;No;0,168;Q3;4;0;32;0;12;27;0,32;0,00;0,00;0;0;United Kingdom;Western Europe;"Transnational Press London Ltd";"2020-2023";"Political Science and International Relations (Q3); Social Sciences (miscellaneous) (Q3); Sociology and Political Science (Q3)";"Social Sciences"
643;21101209808;"Economic Thought and Practice";journal;"13301039, 1848963X";"University of Dubronvnik";Yes;Yes;0,167;Q3;5;30;90;1544;62;90;0,67;51,47;67,16;0;15;Croatia;Eastern Europe;"University of Dubronvnik";"2020-2024";"Social Sciences (miscellaneous) (Q3); Economics and Econometrics (Q4); Economics, Econometrics and Finance (miscellaneous) (Q4); Finance (Q4)";"Economics, Econometrics and Finance; Social Sciences"
644;21101185538;"Hesperis-Tamuda";journal;"00181005";"Universite Mohammed V de Rabat - Institut Scientifique";Yes;Yes;0,167;Q3;5;31;128;1428;16;121;0,15;46,06;39,22;0;8;Morocco;Africa;"Universite Mohammed V de Rabat - Institut Scientifique";"1973-1974, 1982, 1984-1985, 2019-2024";"Archeology (arts and humanities) (Q3); Social Sciences (miscellaneous) (Q3)";"Arts and Humanities; Social Sciences"
645;21101152743;"Indonesia Law Review";journal;"20888430, 23562129";"University of Indonesia Faculty of Law";Yes;Yes;0,167;Q3;4;9;37;255;21;37;0,45;28,33;31,25;0;5;Indonesia;Asiatic Region;"University of Indonesia Faculty of Law";"2019-2024";"Law (Q3); Social Sciences (miscellaneous) (Q3); Education (Q4)";"Social Sciences"
646;21101183722;"Journal of Risk Analysis and Crisis Response";journal;"22108505";"Huaxi University Town, Editorial Department of JRACR";Yes;Yes;0,167;Q3;5;33;62;1601;44;62;0,64;48,52;39,06;0;18;China;Asiatic Region;"Huaxi University Town, Editorial Department of JRACR";"2019-2024";"Social Sciences (miscellaneous) (Q3); Decision Sciences (miscellaneous) (Q4); Economics, Econometrics and Finance (miscellaneous) (Q4); Environmental Science (miscellaneous) (Q4); Information Systems and Management (Q4); Management Science and Operations Research (Q4); Safety Research (Q4); Statistics, Probability and Uncertainty (Q4)";"Decision Sciences; Economics, Econometrics and Finance; Environmental Science; Social Sciences"
647;21101039842;"Interreligious Studies and Intercultural Theology";journal;"23973471, 2397348X";"Equinox Publishing Ltd";No;No;0,166;Q3;4;7;37;209;12;34;0,57;29,86;25,00;0;0;United Kingdom;Western Europe;"Equinox Publishing Ltd";"2017-2024";"Religious Studies (Q2); Social Sciences (miscellaneous) (Q3)";"Arts and Humanities; Social Sciences"
648;21100898955;"Praxis Educativa";journal;"18094031, 18094309";"Universidade Estadual de Ponta Grossa, Editora";Yes;Yes;0,166;Q3;9;119;257;4416;68;252;0,26;37,11;61,90;0;47;Brazil;Latin America;"Universidade Estadual de Ponta Grossa, Editora";"2017-2025";"Social Sciences (miscellaneous) (Q3); Education (Q4)";"Social Sciences"
649;5800169741;"Social Work and Society";journal;"16138953";"University of Duisburg";Yes;Yes;0,166;Q3;15;19;70;814;30;70;0,22;42,84;61,54;0;16;Germany;Western Europe;"University of Duisburg";"2012-2024";"Social Sciences (miscellaneous) (Q3); Sociology and Political Science (Q3)";"Social Sciences"
650;21101088439;"Canadian Journal of Nonprofit and Social Economy Research";journal;"19209355";"University of Alberta Library";Yes;Yes;0,165;Q3;13;24;79;952;37;69;0,41;39,67;59,42;0;12;Canada;Northern America;"University of Alberta Library";"2010-2024";"Social Sciences (miscellaneous) (Q3); Sociology and Political Science (Q3)";"Social Sciences"
651;21101061934;"Proceedings of the International Conference on Tourism Research";conference and proceedings;"25163612";"Academic Conferences and Publishing International Limited";No;No;0,165;-;6;59;220;2053;135;214;0,83;34,80;58,25;0;43;United Kingdom;Western Europe;"Academic Conferences and Publishing International Limited";"2018-2024";"Cultural Studies; Geography, Planning and Development; Management, Monitoring, Policy and Law; Social Sciences (miscellaneous); Tourism, Leisure and Hospitality Management";"Business, Management and Accounting; Environmental Science; Social Sciences"
652;21101045759;"Encuentros (Maracaibo)";journal;"26108046, 23436131";"Rafael Maria Baralt National Experimental University";Yes;Yes;0,163;Q3;4;88;181;3050;61;175;0,39;34,66;48,21;0;46;Venezuela;Latin America;"Rafael Maria Baralt National Experimental University";"2019-2025";"History (Q2); Philosophy (Q2); Anthropology (Q3); Social Sciences (miscellaneous) (Q3); Sociology and Political Science (Q3); Education (Q4)";"Arts and Humanities; Social Sciences"
653;21100200022;"Journal of Korean Studies";journal;"07311613";"Center for Korea Studies, University of Washington";No;No;0,163;Q3;12;12;52;950;26;44;0,38;79,17;44,44;0;0;United States;Northern America;"Center for Korea Studies, University of Washington";"2011-2024";"Social Sciences (miscellaneous) (Q3)";"Social Sciences"
654;5800207553;"Linguistics in the Netherlands";journal;"09297332";"John Benjamins Publishing Company";No;No;0,163;Q3;18;0;49;0;11;46;0,21;0,00;0,00;0;0;Netherlands;Western Europe;"John Benjamins Publishing Company";"1996-2023";"Health Professions (miscellaneous) (Q3); Linguistics and Language (Q3); Multidisciplinary (Q3); Social Sciences (miscellaneous) (Q3); Psychology (miscellaneous) (Q4)";"Health Professions; Multidisciplinary; Psychology; Social Sciences"
655;7200153128;"Zeitschrift fur Evaluation";journal;"16195515";"Waxmann Verlag GmbH";No;No;0,163;Q3;8;20;72;486;14;44;0,15;24,30;65,63;0;3;Germany;Western Europe;"Waxmann Verlag GmbH";"2006-2013, 2015-2024";"Communication (Q3); Social Sciences (miscellaneous) (Q3); Applied Psychology (Q4); Education (Q4); Statistics and Probability (Q4); Strategy and Management (Q4)";"Business, Management and Accounting; Mathematics; Psychology; Social Sciences"
656;21101045043;"Disegno";journal;"25332899";"UID Unione Italiana Disegno";Yes;Yes;0,162;Q3;5;51;140;1151;21;116;0,22;22,57;49,23;0;12;Italy;Western Europe;"UID Unione Italiana Disegno";"2017-2024";"Arts and Humanities (miscellaneous) (Q2); Visual Arts and Performing Arts (Q2); Architecture (Q3); Social Sciences (miscellaneous) (Q3)";"Arts and Humanities; Engineering; Social Sciences"
657;21101053580;"Journal of Psychosocial Studies";journal;"14786737";"Policy Press";No;No;0,162;Q3;6;27;60;1189;27;55;0,34;44,04;39,39;0;6;United Kingdom;Western Europe;"Policy Press";"2019-2024";"Cultural Studies (Q2); Social Sciences (miscellaneous) (Q3); Sociology and Political Science (Q3); Social Psychology (Q4)";"Psychology; Social Sciences"
658;5600152869;"Novos Estudos CEBRAP";journal;"01013300, 19805403";"Centro Brasileiro de Analise e Planejamento";Yes;Yes;0,161;Q3;24;24;79;1167;25;79;0,35;48,63;30,95;0;12;Brazil;Latin America;"Centro Brasileiro de Analise e Planejamento";"2007-2024";"Social Sciences (miscellaneous) (Q3)";"Social Sciences"
659;21101090412;"Historia Scholastica";journal;"2336680X, 18044913";"Comenius National Pedagogical Library";Yes;Yes;0,161;Q4;2;26;59;1168;13;57;0,16;44,92;61,54;0;4;Czech Republic;Eastern Europe;"Comenius National Pedagogical Library";"2019-2024";"History (Q2); Education (Q4); Social Sciences (miscellaneous) (Q4)";"Arts and Humanities; Social Sciences"
660;21100239661;"Journal Globalization, Competitiveness and Governability";journal;"19887116";"Georgetown University";Yes;Yes;0,161;Q4;8;18;54;715;39;54;0,81;39,72;31,25;0;3;United States;Northern America;"Georgetown University";"2013-2025";"Business, Management and Accounting (miscellaneous) (Q4); Economics, Econometrics and Finance (miscellaneous) (Q4); Social Sciences (miscellaneous) (Q4)";"Business, Management and Accounting; Economics, Econometrics and Finance; Social Sciences"
661;5600154056;"Futuribles: Analyse et Prospective";journal;"0337307X";"Futuribles";No;No;0,160;Q4;7;43;160;746;14;129;0,08;17,35;21,05;0;4;France;Western Europe;"Futuribles";"1977, 1979, 1983-1987, 1989-1997, 1999, 2005-2025";"Business, Management and Accounting (miscellaneous) (Q4); Social Sciences (miscellaneous) (Q4)";"Business, Management and Accounting; Social Sciences"
662;21100887621;"Contemporary Japan";journal;"18692737, 18692729";"Taylor and Francis Ltd.";No;No;0,159;Q4;13;23;50;986;38;40;0,75;42,87;58,33;0;11;United Kingdom;Western Europe;"Taylor and Francis Ltd.";"2012-2025";"Cultural Studies (Q2); History (Q2); Sociology and Political Science (Q3); Social Sciences (miscellaneous) (Q4)";"Arts and Humanities; Social Sciences"
663;27142;"Indian Economic and Social History Review";journal;"09730893, 00194646";"SAGE Publications Ltd";No;No;0,159;Q4;30;17;47;1042;23;47;0,25;61,29;33,33;0;5;United Kingdom;Western Europe;"SAGE Publications Ltd";"1963-2025";"History (Q2); Economics and Econometrics (Q4); Social Sciences (miscellaneous) (Q4)";"Arts and Humanities; Economics, Econometrics and Finance; Social Sciences"
664;21101260458;"International Journal of Agricultural Science, Research and Technology in Extension and Education Systems";journal;"22517588, 22517596";"Agricultural Extension Department, Islamic Azad University Shushtar";No;No;0,159;Q4;3;18;67;693;34;67;0,42;38,50;33,33;0;14;Iran;Middle East;"Agricultural Extension Department, Islamic Azad University Shushtar";"2020-2024";"Cultural Studies (Q2); Agricultural and Biological Sciences (miscellaneous) (Q4); Development (Q4); Social Sciences (miscellaneous) (Q4)";"Agricultural and Biological Sciences; Social Sciences"
665;26462;"Social Sciences in China";journal;"19405952, 02529203";"Taylor and Francis Ltd.";No;No;0,159;Q4;19;33;140;899;55;133;0,24;27,24;36,36;0;12;United Kingdom;Western Europe;"Taylor and Francis Ltd.";"1980-1981, 1983-1989, 1991-1997, 2008-2024";"Social Sciences (miscellaneous) (Q4)";"Social Sciences"
666;21101164610;"Verge: Studies in Global Asias";journal;"23735058, 23735066";"University of Minnesota Press";No;No;0,159;Q4;6;19;69;826;30;56;0,20;43,47;23,08;0;0;United States;Northern America;"University of Minnesota Press";"2019-2024";"Arts and Humanities (miscellaneous) (Q3); Political Science and International Relations (Q3); Social Sciences (miscellaneous) (Q4)";"Arts and Humanities; Social Sciences"
667;5600154145;"Bilig";journal;"13010549";"Ahmet Yesevi University";No;No;0,158;Q4;10;28;94;1241;26;93;0,33;44,32;25,00;0;6;Turkey;Middle East;"Ahmet Yesevi University";"2008-2025";"Arts and Humanities (miscellaneous) (Q3); Social Sciences (miscellaneous) (Q4)";"Arts and Humanities; Social Sciences"
668;21101141651;"Revista Guillermo de Ockham";journal;"1794192X, 22563202";"University of San Buenaventura - Cali";Yes;Yes;0,158;Q4;5;36;94;1350;36;85;0,31;37,50;30,43;0;6;Colombia;Latin America;"University of San Buenaventura - Cali";"2019-2025";"Arts and Humanities (miscellaneous) (Q3); Psychology (miscellaneous) (Q4); Social Sciences (miscellaneous) (Q4)";"Arts and Humanities; Psychology; Social Sciences"
669;23662;"Science in Context";journal;"02698897, 14740664";"Cambridge University Press";No;No;0,158;Q4;35;0;54;0;22;51;0,16;0,00;0,00;0;0;United Kingdom;Western Europe;"Cambridge University Press";"1987-1989, 1991-2022";"History and Philosophy of Science (Q3); Social Sciences (miscellaneous) (Q4)";"Arts and Humanities; Social Sciences"
670;5600152992;"Sociologija";journal;"00380318";"Sociological Association of Serbia";Yes;Yes;0,158;Q4;11;29;86;1596;31;86;0,31;55,03;50,00;0;7;Serbia;Eastern Europe;"Sociological Association of Serbia";"2007-2024";"Social Sciences (miscellaneous) (Q4)";"Social Sciences"
671;21101219658;"Sosyoekonomi";journal;"13055577";"Sosyoekonomi Society";No;No;0,158;Q4;6;87;282;5201;134;282;0,51;59,78;34,94;0;48;Turkey;Middle East;"Sosyoekonomi Society";"2020-2025";"Economics, Econometrics and Finance (miscellaneous) (Q4); Social Sciences (miscellaneous) (Q4)";"Economics, Econometrics and Finance; Social Sciences"
672;21101060495;"Journal of Entrepreneurial and Organizational Diversity";journal;"22818642";"EURICSE";No;No;0,157;Q4;5;10;24;598;10;22;0,20;59,80;40,00;0;9;Italy;Western Europe;"EURICSE";"2019-2024";"Economics, Econometrics and Finance (miscellaneous) (Q4); Organizational Behavior and Human Resource Management (Q4); Social Sciences (miscellaneous) (Q4); Strategy and Management (Q4)";"Business, Management and Accounting; Economics, Econometrics and Finance; Social Sciences"
673;15640;"Journal of Family History";journal;"15525473, 03631990";"SAGE Publications Inc.";No;No;0,157;Q4;28;23;76;1;47;75;0,46;0,04;64,52;0;7;United States;Northern America;"SAGE Publications Inc.";"1976-2025";"Anthropology (Q3); Arts and Humanities (miscellaneous) (Q3); Social Sciences (miscellaneous) (Q4)";"Arts and Humanities; Social Sciences"
674;21100893272;"Lecturas de Economia";journal;"23230622, 01202596";"Universidad de Antioquia";Yes;Yes;0,156;Q4;9;18;69;886;32;66;0,29;49,22;36,67;0;12;Colombia;Latin America;"Universidad de Antioquia";"2005-2024";"Sociology and Political Science (Q3); Business, Management and Accounting (miscellaneous) (Q4); Economics and Econometrics (Q4); Finance (Q4); Social Sciences (miscellaneous) (Q4); Statistics, Probability and Uncertainty (Q4)";"Business, Management and Accounting; Decision Sciences; Economics, Econometrics and Finance; Social Sciences"
675;21101007249;"Humanities, Arts and Social Sciences Studies";journal;"26300079";"Silpakorn University";No;No;0,155;Q4;4;65;176;2503;76;176;0,39;38,51;48,84;0;31;Thailand;Asiatic Region;"Silpakorn University";"2019-2024";"Arts and Humanities (miscellaneous) (Q3); Social Sciences (miscellaneous) (Q4)";"Arts and Humanities; Social Sciences"
676;21100836285;"Sociologia e Antropologia";journal;"22383875";"Universidade Federal do Rio de Janeiro";Yes;Yes;0,155;Q4;8;34;141;1090;34;141;0,22;32,06;43,24;0;6;Brazil;Latin America;"Universidade Federal do Rio de Janeiro";"2017-2024";"Cultural Studies (Q2); Anthropology (Q3); Social Sciences (miscellaneous) (Q4)";"Social Sciences"
677;21100823440;"Corvinus Journal of Sociology and Social Policy";journal;"2062087X, 20615558";"Corvinus University of Budapest";Yes;Yes;0,154;Q4;9;8;57;403;16;54;0,28;50,38;60,00;0;6;Hungary;Eastern Europe;"Corvinus University of Budapest";"2016-2024";"Economics, Econometrics and Finance (miscellaneous) (Q4); Social Sciences (miscellaneous) (Q4); Sociology and Political Science (Q4)";"Economics, Econometrics and Finance; Social Sciences"
678;21101061450;"Population and Economics";journal;"26583798";"Pensoft Publishers";Yes;Yes;0,153;Q4;12;41;85;1775;35;84;0,44;43,29;56,47;0;24;Bulgaria;Eastern Europe;"Pensoft Publishers";"2019-2024";"Gender Studies (Q3); Demography (Q4); Economics and Econometrics (Q4); Social Sciences (miscellaneous) (Q4)";"Economics, Econometrics and Finance; Social Sciences"
679;21101210852;"Revista Brasileira de Pesquisa em Turismo";journal;"19826125";"Associacao Nacional de Pesquisa e Pos-Graduacao em Turismo - ANPTUR";Yes;Yes;0,153;Q4;5;18;115;972;50;113;0,40;54,00;40,54;0;9;Brazil;Latin America;"Associacao Nacional de Pesquisa e Pos-Graduacao em Turismo - ANPTUR";"2021-2024";"Geography, Planning and Development (Q4); Social Sciences (miscellaneous) (Q4); Tourism, Leisure and Hospitality Management (Q4)";"Business, Management and Accounting; Social Sciences"
680;21100901477;"Historia Regional";journal;"03298213, 24690732";"Seccion Historia. Instituto Superior del Profesorado 'Eduardo Lafferriere'";Yes;Yes;0,152;Q4;3;57;149;2062;19;144;0,15;36,18;49,21;0;12;Argentina;Latin America;"Seccion Historia. Instituto Superior del Profesorado 'Eduardo Lafferriere'";"2018-2025";"History (Q2); Social Sciences (miscellaneous) (Q4)";"Arts and Humanities; Social Sciences"
681;27889;"Stanovnistvo";journal;"0038982X, 22173986";"Demographic Research Centre";Yes;Yes;0,152;Q4;9;26;60;1025;20;56;0,14;39,42;57,69;0;17;Serbia;Eastern Europe;"Demographic Research Centre";"1978, 2007-2024";"Social Sciences (miscellaneous) (Q4)";"Social Sciences"
682;21100464746;"Fronteiras";journal;"22388869";"Centro Universitario de Anapolis";Yes;Yes;0,151;Q4;9;80;190;3199;65;182;0,29;39,99;36,96;0;49;Brazil;Latin America;"Centro Universitario de Anapolis";"2015-2024";"Environmental Science (miscellaneous) (Q4); Social Sciences (miscellaneous) (Q4)";"Environmental Science; Social Sciences"
683;21101246928;"Udayana Journal of Law and Culture";journal;"25490680";"Udayana University";Yes;Yes;0,151;Q4;3;11;35;536;14;35;0,42;48,73;16,67;0;9;Indonesia;Asiatic Region;"Udayana University";"2020-2025";"Cultural Studies (Q2); Gender Studies (Q3); Law (Q3); Social Sciences (miscellaneous) (Q4)";"Social Sciences"
684;16023;"Dissent";journal;"00123846";"Foundation for the Study of Independent Social Ideas";No;No;0,150;Q4;25;54;204;0;58;195;0,36;0,00;24,14;0;2;United States;Northern America;"Foundation for the Study of Independent Social Ideas";"1976-1977, 1979, 1981, 1983, 1986-1988, 1994, 1996-2025";"Social Sciences (miscellaneous) (Q4); Sociology and Political Science (Q4)";"Social Sciences"
685;21101095657;"Economia, Sociedad y Territorio";journal;"14058421, 24486183";"El Colegio Mexiquense AC";Yes;Yes;0,150;Q4;6;35;102;1583;44;102;0,25;45,23;35,96;0;18;Mexico;Latin America;"El Colegio Mexiquense AC";"2019-2024";"Demography (Q4); Geography, Planning and Development (Q4); Social Sciences (miscellaneous) (Q4); Urban Studies (Q4)";"Social Sciences"
686;21101215786;"Revista de Derecho (Chile)";journal;"07161883, 07186851";"Pontificia Universidad Catolica de Valparaiso";No;Yes;0,150;Q4;3;12;37;522;7;33;0,18;43,50;27,27;1;2;Chile;Latin America;"Pontificia Universidad Catolica de Valparaiso";"2020-2024";"Law (Q3); Social Sciences (miscellaneous) (Q4)";"Social Sciences"
687;19400157109;"China Nonprofit Review";journal;"18765149, 18765092";"Tsinghua University Press";No;No;0,149;Q4;6;0;10;0;7;10;0,40;0,00;0,00;0;0;Netherlands;Western Europe;"Tsinghua University Press";"2009-2022";"Economics and Econometrics (Q4); Social Sciences (miscellaneous) (Q4); Sociology and Political Science (Q4)";"Economics, Econometrics and Finance; Social Sciences"
688;21101039807;"Revue de Philosophie Economique";journal;"21184852, 13760971";"Vrin";No;No;0,149;Q4;3;0;53;0;16;51;0,28;0,00;0,00;0;0;France;Western Europe;"Vrin";"2019-2023";"Philosophy (Q2); Economics and Econometrics (Q4); Social Sciences (miscellaneous) (Q4); Sociology and Political Science (Q4)";"Arts and Humanities; Economics, Econometrics and Finance; Social Sciences"
689;21101093362;"Archiwum Filozofii Prawa i Filozofii Spolecznej";journal;"20823304";"Polish Section of the International Association for Philosophy of Law and Social Philosophy (IVR)";Yes;Yes;0,148;Q4;4;30;92;926;16;91;0,14;30,87;29,41;0;7;Poland;Eastern Europe;"Polish Section of the International Association for Philosophy of Law and Social Philosophy (IVR)";"2019-2024";"Law (Q3); Social Sciences (miscellaneous) (Q4)";"Social Sciences"
690;21101119728;"Asian Journal of Human Services";journal;"2188059X";"Asian Society of Human Services";No;No;0,148;Q4;3;28;52;825;13;52;0,28;29,46;61,67;0;11;Japan;Asiatic Region;"Asian Society of Human Services";"2019-2024";"Health (social science) (Q4); Social Sciences (miscellaneous) (Q4)";"Social Sciences"
691;12100157018;"Cuadernos de Economia (Colombia)";journal;"22484337, 01214772";"Universidad Nacional de Colombia";Yes;Yes;0,148;Q4;13;27;99;1021;39;98;0,29;37,81;26,53;0;19;Colombia;Latin America;"Universidad Nacional de Colombia";"2007-2024";"Arts and Humanities (miscellaneous) (Q3); Economics, Econometrics and Finance (miscellaneous) (Q4); Social Sciences (miscellaneous) (Q4)";"Arts and Humanities; Economics, Econometrics and Finance; Social Sciences"
692;21100218072;"Metodoloski Zvezki";journal;"18540031, 18540023";"Univerza v Ljubljani";No;No;0,148;Q4;10;0;16;0;12;16;0,20;0,00;0,00;0;0;Slovenia;Eastern Europe;"Univerza v Ljubljani";"2011-2023";"Social Sciences (miscellaneous) (Q4); Statistics and Probability (Q4)";"Mathematics; Social Sciences"
693;5600153193;"Social Science Forum";journal;"03523608";"Univerza v Ljubljani";Yes;Yes;0,148;Q4;5;17;53;731;36;45;0,33;43,00;47,37;0;8;Slovenia;Eastern Europe;"Univerza v Ljubljani";"2017-2024";"Cultural Studies (Q2); Communication (Q4); Social Sciences (miscellaneous) (Q4); Sociology and Political Science (Q4)";"Social Sciences"
694;24698;"African Studies Quarterly";journal;"21522448";"University of Florida";No;No;0,145;Q4;26;4;80;106;29;80;0,90;26,50;40,00;0;4;United States;Northern America;"University of Florida";"2002-2024";"Social Sciences (miscellaneous) (Q4)";"Social Sciences"
695;21101233960;"Ethnologia Polona";journal;"27196976, 01374079";"Institute of Archaeology and Ethnology, Polish Academy of Sciences";Yes;Yes;0,145;Q4;2;10;19;366;10;18;0,53;36,60;62,50;0;0;Poland;Eastern Europe;"Institute of Archaeology and Ethnology, Polish Academy of Sciences";"2022-2024";"Anthropology (Q3); Arts and Humanities (miscellaneous) (Q3); Cultural Studies (Q3); Social Sciences (miscellaneous) (Q4)";"Arts and Humanities; Social Sciences"
696;21101037169;"Journal of Community Positive Practices";journal;"22476571, 15828344";"Catalactica Association";No;No;0,144;Q4;4;25;100;1110;30;100;0,33;44,40;45,71;0;19;Romania;Eastern Europe;"Catalactica Association";"2019-2024";"Social Sciences (miscellaneous) (Q4); Sociology and Political Science (Q4)";"Social Sciences"
697;21101028164;"Scientia Paedagogica Experimentalis";journal;"05822351";"ICIWO vzw";No;No;0,144;Q4;3;9;28;238;8;26;0,17;26,44;73,68;0;4;Belgium;Western Europe;"ICIWO vzw";"2018-2024";"Education (Q4); Social Sciences (miscellaneous) (Q4)";"Social Sciences"
698;21101033834;"Review of Applied Socio-Economic Research";journal;"22476172";"Pro Global Science Association";No;No;0,142;Q4;5;24;69;916;42;64;0,56;38,17;42,55;0;14;Romania;Eastern Europe;"Pro Global Science Association";"2019-2024";"Business and International Management (Q4); Economics and Econometrics (Q4); Management of Technology and Innovation (Q4); Marketing (Q4); Social Sciences (miscellaneous) (Q4)";"Business, Management and Accounting; Economics, Econometrics and Finance; Social Sciences"
699;21100923890;"Studi Culturali";journal;"1824369X, 26120917";"Societa Editrice Il Mulino";No;No;0,142;Q4;4;22;61;947;13;61;0,07;43,05;56,67;0;3;Italy;Western Europe;"Societa Editrice Il Mulino";"2019-2024";"Arts and Humanities (miscellaneous) (Q3); Social Sciences (miscellaneous) (Q4)";"Arts and Humanities; Social Sciences"
700;21101145668;"An-Najah University Journal for Research - B (Humanities)";journal;"23118962, 17278449";"An-Najah National University";No;No;0,141;Q4;6;83;243;3556;102;243;0,51;42,84;29,49;0;27;Palestine;Middle East;"An-Najah National University";"2019-2025";"Social Sciences (miscellaneous) (Q4)";"Social Sciences"
701;21100821156;"Cinta de Moebio";journal;"0717554X";"Universidad de Chile, Facultad de Ciencias Sociales";Yes;Yes;0,141;Q4;9;15;48;108;16;48;0,23;7,20;19,05;0;0;Chile;Latin America;"Universidad de Chile, Facultad de Ciencias Sociales";"2017-2024";"Philosophy (Q3); Social Sciences (miscellaneous) (Q4)";"Arts and Humanities; Social Sciences"
702;21101272595;"International Journal of Law and Society";journal;"28279050, 28279042";"CV Najaha";No;No;0,141;Q4;2;13;36;531;15;36;0,42;40,85;25,00;0;6;Indonesia;Asiatic Region;"CV Najaha";"2022-2024";"Arts and Humanities (miscellaneous) (Q3); Political Science and International Relations (Q4); Social Sciences (miscellaneous) (Q4); Sociology and Political Science (Q4)";"Arts and Humanities; Social Sciences"
703;5600152895;"Osterreichische Zeitschrift fur Soziologie";journal;"10110070";"Springer International Publishing AG";No;No;0,141;Q4;15;31;80;1423;32;71;0,14;45,90;71,05;0;8;Switzerland;Western Europe;"Springer International Publishing AG";"2001-2025";"Social Sciences (miscellaneous) (Q4)";"Social Sciences"
704;19700169301;"Revista de Economia Mundial";journal;"15760162";"Cambridge University Press";Yes;Yes;0,141;Q4;16;33;86;1344;29;73;0,40;40,73;41,79;0;18;Spain;Western Europe;"Cambridge University Press";"2003-2024";"History (Q2); Economics and Econometrics (Q4); Geography, Planning and Development (Q4); Political Science and International Relations (Q4); Social Sciences (miscellaneous) (Q4); Transportation (Q4)";"Arts and Humanities; Economics, Econometrics and Finance; Social Sciences"
705;21100264817;"Revista de Estudios Internacionales Mediterraneos";journal;"18874460";"Taller de Estudios Internacionales Mediterraneos";Yes;Yes;0,141;Q4;7;36;85;1452;17;83;0,11;40,33;42,86;0;5;Spain;Western Europe;"Taller de Estudios Internacionales Mediterraneos";"2013-2024";"Social Sciences (miscellaneous) (Q4)";"Social Sciences"
706;17700155707;"Homme et la Societe";journal;"00184306, 21010226";"Editions Anthropos";No;No;0,140;Q4;10;17;54;439;3;48;0,06;25,82;37,50;0;0;France;Western Europe;"Editions Anthropos";"2001-2019, 2022-2024";"Social Sciences (miscellaneous) (Q4)";"Social Sciences"
707;21100983131;"European Journal of Korean Studies";journal;"26314134, 25165399";"British Association for Korean Studies";No;No;0,138;Q4;4;13;51;1165;14;49;0,07;89,62;58,82;0;2;United Kingdom;Western Europe;"British Association for Korean Studies";"2017-2024";"Arts and Humanities (miscellaneous) (Q3); Social Sciences (miscellaneous) (Q4)";"Arts and Humanities; Social Sciences"
708;21101207443;"Jurnal Penelitian Kehutanan Wallacea";journal;"2302299X, 24077860";"Hasanuddin University Faculty of Forestry";Yes;No;0,138;Q4;3;8;40;242;14;39;0,28;30,25;58,82;0;7;Indonesia;Asiatic Region;"Hasanuddin University Faculty of Forestry";"2020-2025";"Ecology, Evolution, Behavior and Systematics (Q4); Forestry (Q4); Nature and Landscape Conservation (Q4); Social Sciences (miscellaneous) (Q4)";"Agricultural and Biological Sciences; Environmental Science; Social Sciences"
709;21101060886;"Proceedings of the International Conference on Gender Research";conference and proceedings;"25162810";"Academic Conferences and Publishing International Limited";No;No;0,137;-;4;63;137;1900;46;131;0,39;30,16;76,74;0;54;United Kingdom;Western Europe;"Academic Conferences and Publishing International Limited";"2021-2024";"Gender Studies; Social Sciences (miscellaneous)";"Social Sciences"
710;21101176677;"American Religion";journal;"26439255, 26439247";"Indiana University Press";No;No;0,136;Q4;4;16;49;77;24;33;0,43;4,81;78,57;0;2;United States;Northern America;"Indiana University Press";"2019-2024";"Anthropology (Q3); Cultural Studies (Q3); Social Sciences (miscellaneous) (Q4)";"Social Sciences"
711;21101254068;"Slavic World in the Third Millennium";journal;"2782442X, 24126446";"Institute for Slavic Studies of the Russian Academy of Sciences";Yes;Yes;0,136;Q4;1;27;86;399;6;86;0,09;14,78;40,00;0;3;Russian Federation;Eastern Europe;"Institute for Slavic Studies of the Russian Academy of Sciences";"2021-2024";"History (Q2); Literature and Literary Theory (Q2); Arts and Humanities (miscellaneous) (Q3); Linguistics and Language (Q3); Social Sciences (miscellaneous) (Q4)";"Arts and Humanities; Social Sciences"
712;21101128485;"Historia Agraria de America Latina";journal;"24525162";"Centro de Estudios de Historia Agraria de America Latina";Yes;Yes;0,135;Q4;2;7;39;267;9;38;0,17;38,14;0,00;0;3;Chile;Latin America;"Centro de Estudios de Historia Agraria de America Latina";"2020-2024";"History (Q2); Arts and Humanities (miscellaneous) (Q3); Social Sciences (miscellaneous) (Q4)";"Arts and Humanities; Social Sciences"
713;5600155211;"Historia Critica";journal;"19006152, 01211617";"Universidad de los Andes, Colombia";Yes;Yes;0,135;Q4;14;20;71;1032;21;70;0,23;51,60;50,00;0;7;Colombia;Latin America;"Universidad de los Andes, Colombia";"2002-2025";"History (Q2); Cultural Studies (Q3); Geography, Planning and Development (Q4); Social Sciences (miscellaneous) (Q4)";"Arts and Humanities; Social Sciences"
714;21100407305;"Afrika-Studiecentrum Series";book series;"15709310";"Brill Academic Publishers";No;No;0,133;Q4;10;0;3;0;0;1;0,00;0,00;0,00;0;0;Netherlands;Western Europe;"Brill Academic Publishers";"2007-2013, 2015, 2018-2020, 2022-2023, 2025";"Anthropology (Q3); Social Sciences (miscellaneous) (Q4)";"Social Sciences"
715;21101053521;"Asparkia";journal;"11328231, 23404795";"Universitat Jaume I";Yes;Yes;0,133;Q4;4;32;114;1067;29;112;0,20;33,34;81,08;0;12;Spain;Western Europe;"Universitat Jaume I";"2019-2025";"Arts and Humanities (miscellaneous) (Q3); Gender Studies (Q4); Social Sciences (miscellaneous) (Q4)";"Arts and Humanities; Social Sciences"
716;21100427749;"Brill's Korean Studies Library";book series;"18767079";"Brill Academic Publishers";No;No;0,133;Q4;1;1;24;169;1;1;0,04;169,00;100,00;0;0;United States;Northern America;"Brill Academic Publishers";"2010, 2013, 2015, 2020, 2023-2024";"Literature and Literary Theory (Q2); Visual Arts and Performing Arts (Q2); History (Q3); Linguistics and Language (Q3); Philosophy (Q3); Social Sciences (miscellaneous) (Q4)";"Arts and Humanities; Social Sciences"
717;21100427071;"Brill's Series in Jewish Studies";book series;"09262261";"Brill Academic Publishers";No;No;0,133;Q4;7;2;14;689;1;1;0,08;344,50;0,00;0;0;Netherlands;Western Europe;"Brill Academic Publishers";"2008-2009, 2011-2024";"History (Q3); Linguistics and Language (Q3); Social Sciences (miscellaneous) (Q4)";"Arts and Humanities; Social Sciences"
718;21100407659;"Brill's Tibetan Studies Library";book series;"15686183";"Brill Academic Publishers";No;No;0,133;Q4;11;1;31;291;3;1;0,00;291,00;100,00;0;0;Netherlands;Western Europe;"Brill Academic Publishers";"2007-2021, 2023-2024";"Arts and Humanities (miscellaneous) (Q3); Social Sciences (miscellaneous) (Q4)";"Arts and Humanities; Social Sciences"
719;21100438195;"Central and Eastern Europe";book series;"18778550";"Brill Academic Publishers";No;No;0,133;Q4;4;2;26;560;2;1;0,08;280,00;50,00;0;1;Netherlands;Western Europe;"Brill Academic Publishers";"2012-2016, 2019, 2022-2024";"Arts and Humanities (miscellaneous) (Q3); Social Sciences (miscellaneous) (Q4)";"Arts and Humanities; Social Sciences"
720;21100406862;"Chinese Overseas";book series;"18763847";"Brill Academic Publishers";No;No;0,133;Q4;7;1;10;447;3;1;0,00;447,00;0,00;0;0;Netherlands;Western Europe;"Brill Academic Publishers";"2010-2011, 2013-2015, 2017-2021, 2023, 2025";"Literature and Literary Theory (Q2); History (Q3); Social Sciences (miscellaneous) (Q4)";"Arts and Humanities; Social Sciences"
721;21101144492;"Contributions to International Relations";book series;"27315061, 2731507X";"Springer Nature";No;No;0,133;Q4;3;86;401;5954;55;1;0,11;69,23;0,00;0;29;Switzerland;Western Europe;"Springer Nature";"2021-2024";"Political Science and International Relations (Q4); Social Sciences (miscellaneous) (Q4); Sociology and Political Science (Q4)";"Social Sciences"
722;21101096646;"De Gruyter Studies in Tourism";book series;"25701657, 25701665";"Walter de Gruyter GmbH";No;No;0,133;Q4;7;0;88;0;47;1;0,09;0,00;0,00;0;0;Germany;Western Europe;"Walter de Gruyter GmbH";"2019-2022";"Social Sciences (miscellaneous) (Q4)";"Social Sciences"
723;5600153254;"Dirasat: Human and Social Sciences";journal;"10263721, 26636190";"The University of Jordan";No;No;0,133;Q4;8;313;854;8518;148;853;0,20;27,21;35,60;0;86;Jordan;Middle East;"The University of Jordan";"2007-2025";"Literature and Literary Theory (Q2); Arts and Humanities (miscellaneous) (Q3); Cultural Studies (Q3); Health (social science) (Q4); Social Sciences (miscellaneous) (Q4); Sociology and Political Science (Q4)";"Arts and Humanities; Social Sciences"
724;21101196443;"European Journal of Privacy Law and Technologies";journal;"27048012";"Suor Orsola Benincasa University of Naples";Yes;Yes;0,133;Q4;4;31;117;422;28;116;0,21;13,61;36,11;0;8;Italy;Western Europe;"Suor Orsola Benincasa University of Naples";"2020-2024";"Law (Q4); Social Sciences (miscellaneous) (Q4)";"Social Sciences"
725;19900193276;"International Journal of Interdisciplinary Social Sciences";journal;"18331882";"Common Ground Research Networks";No;No;0,133;Q4;17;0;1;0;0;1;0,00;0,00;0,00;0;0;United States;Northern America;"Common Ground Research Networks";"2006-2017, 2019-2021";"Social Sciences (miscellaneous) (Q4)";"Social Sciences"
726;21101196750;"International Refugee Law Series";book series;"22133836";"Brill Nijhoff";No;No;0,133;Q4;6;0;1;0;0;1;0,00;0,00;0,00;0;0;Netherlands;Western Europe;"Brill Nijhoff";"2014-2020, 2022";"Law (Q4); Social Sciences (miscellaneous) (Q4)";"Social Sciences"
727;21101188712;"Springer International Handbooks of Education";book series;"21971951, 2197196X";"Springer International Publishing";No;No;0,133;Q4;23;317;252;16046;128;1;0,55;50,62;25,00;1;126;Netherlands;Western Europe;"Springer International Publishing";"2007-2009, 2011-2015, 2017-2024";"Education (Q4); Social Sciences (miscellaneous) (Q4)";"Social Sciences"
728;21101192681;"Bosniaca";journal;"15125033, 23038888";"National and University Library of Bosnia and Herzegovina";Yes;Yes;0,132;Q4;1;13;26;363;4;24;0,15;27,92;80,00;0;2;Bosnia and Herzegovina;Eastern Europe;"National and University Library of Bosnia and Herzegovina";"2022-2024";"Cultural Studies (Q3); Education (Q4); Social Sciences (miscellaneous) (Q4)";"Social Sciences"
729;5600153163;"New Zealand Sociology";journal;"0112921X";"New Zealand Sociology";No;No;0,132;Q4;14;0;8;0;3;8;0,38;0,00;0,00;0;0;New Zealand;Pacific Region;"New Zealand Sociology";"2010-2020, 2022";"Social Sciences (miscellaneous) (Q4)";"Social Sciences"
730;21100899925;"Nomadas";journal;"25394762, 01217550";"Universidad Central";Yes;Yes;0,132;Q4;6;0;73;0;17;70;0,19;0,00;0,00;0;0;Colombia;Latin America;"Universidad Central";"2018-2023";"Anthropology (Q3); Cultural Studies (Q3); Philosophy (Q3); Education (Q4); Psychology (miscellaneous) (Q4); Social Sciences (miscellaneous) (Q4)";"Arts and Humanities; Psychology; Social Sciences"
731;15671;"Journal of Political and Military Sociology";journal;"00472697";"Journal of Political and Military Sociology";No;No;0,131;Q4;22;4;27;210;8;27;0,17;52,50;33,33;0;3;United States;Northern America;"Journal of Political and Military Sociology";"1996-2017, 2019-2023";"Social Sciences (miscellaneous) (Q4); Sociology and Political Science (Q4)";"Social Sciences"
732;20600195529;"Revista Colombiana de Sociologia";journal;"0120159X, 22565485";"Universidad Nacional de Colombia";Yes;Yes;0,131;Q4;8;12;100;481;13;97;0,14;40,08;40,00;0;3;Colombia;Latin America;"Universidad Nacional de Colombia";"2018-2024";"Arts and Humanities (miscellaneous) (Q3); Social Sciences (miscellaneous) (Q4)";"Arts and Humanities; Social Sciences"
733;21100857857;"Cumhuriyet Ilahiyat Dergisi";journal;"25289861, 2528987X";"Cumhuriyet University";Yes;Yes;0,130;Q4;5;5;146;167;19;141;0,16;33,40;33,33;0;0;Turkey;Middle East;"Cumhuriyet University";"2016-2024";"Philosophy (Q3); Religious Studies (Q3); Social Sciences (miscellaneous) (Q4)";"Arts and Humanities; Social Sciences"
734;21101152535;"Revista Espanola de Derecho Canonico";journal;"26609541, 00349372";"Universidad Pontificia de Salamanca, Servicio de Publicaciones";Yes;Yes;0,130;Q4;3;19;57;602;4;54;0,04;31,68;23,08;0;3;Spain;Western Europe;"Universidad Pontificia de Salamanca, Servicio de Publicaciones";"2019-2024";"Religious Studies (Q3); Law (Q4); Social Sciences (miscellaneous) (Q4)";"Arts and Humanities; Social Sciences"
735;10300153373;"Agroalimentaria";journal;"13160354";"Centro de Investigaciones Agroalimentarias (CIAAL)";Yes;Yes;0,129;Q4;9;17;60;739;11;52;0,16;43,47;52,94;0;13;Venezuela;Latin America;"Centro de Investigaciones Agroalimentarias (CIAAL)";"2007-2024";"Economics, Econometrics and Finance (miscellaneous) (Q4); Food Science (Q4); Social Sciences (miscellaneous) (Q4)";"Agricultural and Biological Sciences; Economics, Econometrics and Finance; Social Sciences"
736;21101197367;"Journal of Appalachian Studies";journal;"10827161, 23288612";"University of Illinois Press";No;No;0,129;Q4;3;13;41;445;12;35;0,23;34,23;60,00;0;4;United States;Northern America;"University of Illinois Press";"2020-2024";"Social Sciences (miscellaneous) (Q4)";"Social Sciences"
737;21101174187;"Journal of Global Diaspora and Media";journal;"26325853, 26325861";"Intellect Ltd.";No;No;0,129;Q4;3;0;26;0;15;22;0,41;0,00;0,00;0;0;United Kingdom;Western Europe;"Intellect Ltd.";"2020-2023";"Communication (Q4); Political Science and International Relations (Q4); Social Sciences (miscellaneous) (Q4); Sociology and Political Science (Q4)";"Social Sciences"
738;21101199381;"Journal of Philosophy in Schools";journal;"22042482";"University of Birmingham Library Services";Yes;Yes;0,129;Q4;4;16;33;499;8;28;0,19;31,19;63,16;0;1;United Kingdom;Western Europe;"University of Birmingham Library Services";"2020-2024";"Philosophy (Q3); Education (Q4); Social Sciences (miscellaneous) (Q4)";"Arts and Humanities; Social Sciences"
739;21101189040;"Journal of Sustainable Development Law and Policy";journal;"24678392, 24678406";"Institute for Oil, Gas, Environment, Energy and Sustainable Development, Afe Babalola University";Yes;Yes;0,129;Q4;4;49;60;802;22;58;0,39;16,37;46,15;0;43;Nigeria;Africa;"Institute for Oil, Gas, Environment, Energy and Sustainable Development, Afe Babalola University";"2019-2024";"Development (Q4); Law (Q4); Social Sciences (miscellaneous) (Q4)";"Social Sciences"
740;21100903489;"Radovi Zavoda za Znanstvenoistrazivacki i Umjetnicki Rad u Bjelovaru";journal;"18469787, 18487912";"Croatian Academy of Sciences and Arts";Yes;Yes;0,129;Q4;2;7;40;326;4;37;0,10;46,57;50,00;0;0;Croatia;Eastern Europe;"Croatian Academy of Sciences and Arts";"2018-2024";"History and Philosophy of Science (Q4); Multidisciplinary (Q4); Social Sciences (miscellaneous) (Q4)";"Arts and Humanities; Multidisciplinary; Social Sciences"
741;16957;"Analise Social";journal;"00032573";"Instituto de Ciencias Sociais da Universidade de Lisboa";Yes;Yes;0,128;Q4;20;44;110;2623;20;103;0,22;59,61;41,89;0;9;Portugal;Western Europe;"Instituto de Ciencias Sociais da Universidade de Lisboa";"1977-1978, 1981-1984, 1990, 1993-1994, 1996-2024";"History (Q3); Political Science and International Relations (Q4); Social Sciences (miscellaneous) (Q4); Sociology and Political Science (Q4)";"Arts and Humanities; Social Sciences"
742;21100286804;"Avant";journal;"20827598, 20826710";"";Yes;Yes;0,128;Q4;14;23;69;844;11;67;0,10;36,70;65,38;0;6;Poland;Eastern Europe;"";"2010-2024";"Arts and Humanities (miscellaneous) (Q3); Cognitive Neuroscience (Q4); Social Sciences (miscellaneous) (Q4)";"Arts and Humanities; Neuroscience; Social Sciences"
743;21101190206;"Journal of Islamic and Muslim Studies";journal;"24707074, 24707066";"Indiana University Press";No;No;0,128;Q4;3;5;31;28;8;26;0,26;5,60;60,00;0;0;United States;Northern America;"Indiana University Press";"2019-2024";"Anthropology (Q3); Cultural Studies (Q3); Social Sciences (miscellaneous) (Q4); Sociology and Political Science (Q4)";"Social Sciences"
744;21101263031;"Humanimalia";journal;"21518645";"OpenJournals";Yes;Yes;0,127;Q4;3;15;26;621;8;23;0,31;41,40;57,14;0;2;Netherlands;Western Europe;"OpenJournals";"2020, 2022-2024";"Cultural Studies (Q3); Gender Studies (Q4); Social Sciences (miscellaneous) (Q4); Sociology and Political Science (Q4)";"Social Sciences"
745;9500154013;"NWIG New West Indian Guide";journal;"22134360, 13822373";"Brill Academic Publishers";Yes;Yes;0,127;Q4;9;9;27;608;9;27;0,22;67,56;58,33;0;1;Netherlands;Western Europe;"Brill Academic Publishers";"1977-1978, 2001-2002, 2007, 2011-2024";"Arts and Humanities (miscellaneous) (Q3); Cultural Studies (Q3); History (Q3); Social Sciences (miscellaneous) (Q4)";"Arts and Humanities; Social Sciences"
746;21101152544;"Qui Parle: Critical Humanities and Social Sciences";journal;"19388020, 10418385";"Duke University Press";No;No;0,127;Q4;5;13;52;505;11;41;0,09;38,85;50,00;0;2;United States;Northern America;"Duke University Press";"2019-2024";"Arts and Humanities (miscellaneous) (Q3); Social Sciences (miscellaneous) (Q4)";"Arts and Humanities; Social Sciences"
747;21101246230;"Health Problems of Civilization";journal;"23536942, 23540265";"Termedia Publishing House Ltd.";Yes;No;0,126;Q4;5;48;130;1488;29;115;0,24;31,00;59,20;0;18;Poland;Eastern Europe;"Termedia Publishing House Ltd.";"2020-2024";"Health (social science) (Q4); Immunology (Q4); Immunology and Microbiology (miscellaneous)  (Q4); Medicine (miscellaneous) (Q4); Social Sciences (miscellaneous) (Q4)";"Immunology and Microbiology; Medicine; Social Sciences"
748;5000155902;"Radical Philosophy";journal;"0300211X";"Radical Philosophy";No;No;0,126;Q4;27;11;63;263;72;21;0,68;23,91;0,00;0;0;United Kingdom;Western Europe;"Radical Philosophy";"2006-2016, 2019-2024";"Arts and Humanities (miscellaneous) (Q3); Philosophy (Q3); Social Sciences (miscellaneous) (Q4)";"Arts and Humanities; Social Sciences"
749;21101068031;"Emotions: History, Culture, Society";journal;"22067485, 2208522X";"Brill Academic Publishers";No;No;0,125;Q4;6;24;42;1698;10;38;0,21;70,75;62,96;0;2;Netherlands;Western Europe;"Brill Academic Publishers";"2017-2025";"Cultural Studies (Q3); History (Q3); Social Sciences (miscellaneous) (Q4)";"Arts and Humanities; Social Sciences"
750;21101028389;"Res Mobilis";journal;"22552057";"Universidad de Oviedo";Yes;Yes;0,125;Q4;2;32;96;1665;10;95;0,05;52,03;59,49;0;8;Spain;Western Europe;"Universidad de Oviedo";"2019-2025";"Visual Arts and Performing Arts (Q2); History (Q3); Anthropology (Q4); Social Sciences (miscellaneous) (Q4)";"Arts and Humanities; Social Sciences"
751;21101225422;"Studia Historiae Oeconomicae";journal;"00816485, 23537515";"Uniwersytet im. Adama Mickiewicza w Poznaniu";Yes;Yes;0,125;Q4;1;18;18;886;5;17;0,28;49,22;23,81;0;8;Poland;Eastern Europe;"Uniwersytet im. Adama Mickiewicza w Poznaniu";"2023-2024";"History (Q3); Economics and Econometrics (Q4); Political Science and International Relations (Q4); Social Sciences (miscellaneous) (Q4)";"Arts and Humanities; Economics, Econometrics and Finance; Social Sciences"
752;21101226103;"Acta Iadertina";journal;"18453392, 18491243";"University of Zadar";No;No;0,124;Q4;2;11;39;353;5;39;0,13;32,09;82,61;0;6;Croatia;Eastern Europe;"University of Zadar";"2020-2024";"Philosophy (Q3); Education (Q4); Social Sciences (miscellaneous) (Q4)";"Arts and Humanities; Social Sciences"
753;19700201134;"Hong Kong Journal of Social Sciences";journal;"10213619";"City University of Hong Kong Press";No;No;0,124;Q4;2;0;9;0;4;9;1,00;0,00;0,00;0;0;Hong Kong;Asiatic Region;"City University of Hong Kong Press";"2010-2014, 2016-2022";"Social Sciences (miscellaneous) (Q4)";"Social Sciences"
754;21101146416;"Journal on Ethnopolitics and Minority Issues in Europe";journal;"16175247";"European Centre for Minority Issues";Yes;Yes;0,124;Q4;3;14;31;746;17;30;0,70;53,29;40,00;0;4;Germany;Western Europe;"European Centre for Minority Issues";"2019-2024";"Cultural Studies (Q3); Political Science and International Relations (Q4); Social Sciences (miscellaneous) (Q4); Sociology and Political Science (Q4)";"Social Sciences"
755;19900191875;"Sociedade e Cultura";journal;"19808194, 14158566";"Universidade Federal De Goias (UFG)";Yes;Yes;0,124;Q4;6;17;52;746;16;51;0,41;43,88;65,38;0;4;Brazil;Latin America;"Universidade Federal De Goias (UFG)";"2010-2024";"Arts and Humanities (miscellaneous) (Q3); Social Sciences (miscellaneous) (Q4)";"Arts and Humanities; Social Sciences"
756;26553;"Sri Lanka Journal of Social Sciences";journal;"02589710";"National Science Foundation";Yes;Yes;0,124;Q4;7;26;56;728;22;49;0,43;28,00;37,50;0;5;Sri Lanka;Asiatic Region;"National Science Foundation";"1978, 1980, 1993, 2004, 2006, 2008, 2010, 2012, 2014-2024";"Social Sciences (miscellaneous) (Q4)";"Social Sciences"
757;24253;"Actes de la Recherche en Sciences Sociales";journal;"03355322";"Editions du Seuil";No;No;0,123;Q4;24;16;20;947;3;20;0,15;59,19;40,91;0;0;France;Western Europe;"Editions du Seuil";"1984-1985, 2006-2020, 2022-2024";"Social Sciences (miscellaneous) (Q4)";"Social Sciences"
758;21101145683;"Mexico y la Cuenca del Pacifico";journal;"16650174, 20075308";"Universidad de Guadalajara";No;Yes;0,123;Q4;4;12;54;458;12;53;0,18;38,17;20,00;0;8;Mexico;Latin America;"Universidad de Guadalajara";"2019-2025";"Political Science and International Relations (Q4); Social Sciences (miscellaneous) (Q4)";"Social Sciences"
759;21101038533;"Middle Atlantic Review of Latin American Studies";journal;"24749621";"Middle Atlantic Council of Latin American Studies";Yes;Yes;0,123;Q4;5;17;51;568;4;48;0,15;33,41;14,29;0;5;United States;Northern America;"Middle Atlantic Council of Latin American Studies";"2017-2024";"Arts and Humanities (miscellaneous) (Q3); Social Sciences (miscellaneous) (Q4)";"Arts and Humanities; Social Sciences"
760;21101170295;"Osmanli Medeniyeti Arastirmalari Dergisi";journal;"24589519";"Selim Hilmi Ozkan";No;No;0,123;Q4;2;64;76;2854;6;76;0,06;44,59;10,45;0;12;Turkey;Middle East;"Selim Hilmi Ozkan";"2019-2024";"Arts and Humanities (miscellaneous) (Q3); Cultural Studies (Q3); History (Q3); Social Sciences (miscellaneous) (Q4)";"Arts and Humanities; Social Sciences"
761;21100905397;"Czas Kultury";journal;"08672148";"Stowarzyszenie Czasu Kultury";No;No;0,122;Q4;1;34;198;556;2;121;0,00;16,35;64,52;0;5;Poland;Eastern Europe;"Stowarzyszenie Czasu Kultury";"2018-2024";"Arts and Humanities (miscellaneous) (Q3); Cultural Studies (Q3); Social Sciences (miscellaneous) (Q4)";"Arts and Humanities; Social Sciences"
762;21101224872;"International Journal of Innovation";journal;"23189975";"Universidade Nove de Julho-UNINOVE";No;No;0,122;Q4;3;33;27;2112;20;25;0,74;64,00;31,51;0;17;Brazil;Latin America;"Universidade Nove de Julho-UNINOVE";"2023-2025";"Management of Technology and Innovation (Q4); Social Sciences (miscellaneous) (Q4)";"Business, Management and Accounting; Social Sciences"
763;21100854425;"Annals of the Fondazione Luigi Einaudi";journal;"25324969";"Casa Editrice Leo S. Olschki";No;No;0,121;Q4;7;0;84;0;15;69;0,04;0,00;0,00;0;0;Italy;Western Europe;"Casa Editrice Leo S. Olschki";"2017-2023";"History (Q3); Economics, Econometrics and Finance (miscellaneous) (Q4); Social Sciences (miscellaneous) (Q4); Sociology and Political Science (Q4)";"Arts and Humanities; Economics, Econometrics and Finance; Social Sciences"
764;26780;"Archives de Sciences Sociales des Religions";journal;"03355985, 17775825";"Editions EHESS: Ecole des Hautes Etudes en Sciences Sociales";No;No;0,121;Q4;19;58;80;213;19;77;0,21;3,67;25,00;0;0;France;Western Europe;"Editions EHESS: Ecole des Hautes Etudes en Sciences Sociales";"1988, 1999, 2001-2024";"Religious Studies (Q3); Social Sciences (miscellaneous) (Q4)";"Arts and Humanities; Social Sciences"
765;21101021441;"European Journal of American Studies";journal;"19919336";"European Association for American Studies";Yes;Yes;0,121;Q4;5;40;145;1388;32;140;0,16;34,70;72,97;0;4;France;Western Europe;"European Association for American Studies";"2018-2024";"Literature and Literary Theory (Q2); Cultural Studies (Q3); History (Q3); Geography, Planning and Development (Q4); Social Sciences (miscellaneous) (Q4); Sociology and Political Science (Q4)";"Arts and Humanities; Social Sciences"
766;21101125543;"European Journal of Creative Practices in Cities and Landscapes";journal;"26120496";"Department of Architecture, University of Bologna";Yes;Yes;0,121;Q4;6;0;70;0;15;65;0,10;0,00;0,00;0;0;Italy;Western Europe;"Department of Architecture, University of Bologna";"2018-2023";"Cultural Studies (Q3); Architecture (Q4); Social Sciences (miscellaneous) (Q4); Urban Studies (Q4)";"Engineering; Social Sciences"
767;5700162205;"Labour History Review";journal;"09615652, 17458188";"Liverpool University Press";No;No;0,121;Q4;9;9;37;1232;8;37;0,05;136,89;11,11;0;3;United Kingdom;Western Europe;"Liverpool University Press";"2009-2011, 2014-2024";"History (Q3); Organizational Behavior and Human Resource Management (Q4); Social Sciences (miscellaneous) (Q4)";"Arts and Humanities; Business, Management and Accounting; Social Sciences"
768;21101194101;"Millenium: Journal of Education, Technologies, and Health";journal;"08733015, 1647662X";"Polytechnic Institute of Viseu";Yes;Yes;0,121;Q4;4;60;165;1426;29;154;0,10;23,77;76,61;0;21;Portugal;Western Europe;"Polytechnic Institute of Viseu";"2019-2025";"Education (Q4); Social Sciences (miscellaneous) (Q4)";"Social Sciences"
769;21100903450;"Review of Korean Studies";journal;"27339351, 12290076";"The Academy of Korean Studies";Yes;Yes;0,121;Q4;3;27;84;648;9;72;0,09;24,00;38,10;0;3;South Korea;Asiatic Region;"The Academy of Korean Studies";"2018-2024";"Arts and Humanities (miscellaneous) (Q3); Cultural Studies (Q3); Social Sciences (miscellaneous) (Q4)";"Arts and Humanities; Social Sciences"
770;21100792502;"Trashumante";journal;"23229675, 23229381";"Universidad de Antioquia";Yes;Yes;0,121;Q4;6;31;78;945;11;77;0,09;30,48;41,94;1;5;Colombia;Latin America;"Universidad de Antioquia";"2013-2025";"History (Q3); Social Sciences (miscellaneous) (Q4)";"Arts and Humanities; Social Sciences"
771;21101219814;"Afrika Focus";journal;"2031356X, 0772084X";"Brill Academic Publishers";No;No;0,120;Q4;4;21;39;848;7;35;0,06;40,38;43,75;0;12;Netherlands;Western Europe;"Brill Academic Publishers";"2019-2025";"Cultural Studies (Q3); Social Sciences (miscellaneous) (Q4)";"Social Sciences"
772;21100384312;"Journal des Economistes et des Etudes Humaines";journal;"21945799, 21531552";"Walter de Gruyter GmbH";No;No;0,120;Q4;12;2;19;111;1;18;0,00;55,50;0,00;0;0;Germany;Western Europe;"Walter de Gruyter GmbH";"1995-1996, 1998-2004, 2009-2024";"Economics, Econometrics and Finance (miscellaneous) (Q4); Social Sciences (miscellaneous) (Q4)";"Economics, Econometrics and Finance; Social Sciences"
773;21101041806;"Meridians";journal;"15478424, 15366936";"Duke University Press";No;No;0,120;Q4;6;28;79;997;30;73;0,47;35,61;89,29;0;9;United States;Northern America;"Duke University Press";"2019-2024";"Anthropology (Q4); Gender Studies (Q4); Social Sciences (miscellaneous) (Q4)";"Social Sciences"
774;29730;"Lurralde: Investigacion y Espacio";journal;"16973070, 02115891";"Instituto Geografico Vasco Andres de Urdaneta";No;Yes;0,119;Q4;6;10;61;425;9;61;0,14;42,50;25,00;0;7;Spain;Western Europe;"Instituto Geografico Vasco Andres de Urdaneta";"1989-1995, 2006-2024";"Social Sciences (miscellaneous) (Q4)";"Social Sciences"
775;21101034122;"Espaces et Societes";journal;"00140481, 19618700";"ERES";No;No;0,118;Q4;4;30;97;865;25;92;0,15;28,83;42,42;0;1;France;Western Europe;"ERES";"1991, 2019-2024";"Demography (Q4); Geography, Planning and Development (Q4); Social Sciences (miscellaneous) (Q4); Urban Studies (Q4)";"Social Sciences"
776;21100869520;"Greek Review of Social Research";journal;"00139696, 22418512";"National Centre for Social Research";Yes;Yes;0,118;Q4;4;15;36;599;7;36;0,23;39,93;43,33;0;3;Greece;Western Europe;"National Centre for Social Research";"2018-2024";"Social Sciences (miscellaneous) (Q4)";"Social Sciences"
777;21101108508;"IAFOR Journal of Cultural Studies";journal;"21874905";"The International Academic Forum (IAFOR)";Yes;Yes;0,118;Q4;2;16;37;776;7;37;0,15;48,50;64,71;0;5;Japan;Asiatic Region;"The International Academic Forum (IAFOR)";"2019-2024";"Arts and Humanities (miscellaneous) (Q3); Cultural Studies (Q3); Anthropology (Q4); Social Sciences (miscellaneous) (Q4)";"Arts and Humanities; Social Sciences"
778;21101134368;"Japan Review";journal;"09150986, 24343129";"International Research Center for Japanese Studies";No;No;0,118;Q4;3;11;23;494;4;22;0,18;44,91;30,00;0;0;Japan;Asiatic Region;"International Research Center for Japanese Studies";"2019-2024";"Arts and Humanities (miscellaneous) (Q3); Social Sciences (miscellaneous) (Q4)";"Arts and Humanities; Social Sciences"
779;5600152910;"Mens en Maatschappij";journal;"00259454";"Amsterdam University Press";No;No;0,118;Q4;6;26;108;688;12;106;0,05;26,46;52,50;0;7;Netherlands;Western Europe;"Amsterdam University Press";"2016-2024";"Social Sciences (miscellaneous) (Q4)";"Social Sciences"
780;21101192682;"Nuevo Derecho";journal;"20114540, 2500672X";"University Institution of Envigado";Yes;Yes;0,118;Q4;2;16;41;637;5;35;0,11;39,81;42,86;0;11;Colombia;Latin America;"University Institution of Envigado";"2019-2024";"Law (Q4); Social Sciences (miscellaneous) (Q4)";"Social Sciences"
781;24329;"Women's Studies";journal;"00497878";"Taylor and Francis Ltd.";No;No;0,118;Q4;21;61;184;1860;48;169;0,27;30,49;70,00;0;4;United Kingdom;Western Europe;"Taylor and Francis Ltd.";"1972-1984, 1986-2025";"Arts and Humanities (miscellaneous) (Q3); Gender Studies (Q4); Social Sciences (miscellaneous) (Q4)";"Arts and Humanities; Social Sciences"
782;21101021796;"Iberoamericana - Nordic Journal of Latin American and Caribbean Studies";journal;"00468444, 20024509";"Stockholm University Press";Yes;Yes;0,117;Q4;5;11;28;532;8;28;0,32;48,36;55,56;0;8;Sweden;Western Europe;"Stockholm University Press";"2019-2025";"Arts and Humanities (miscellaneous) (Q3); Social Sciences (miscellaneous) (Q4)";"Arts and Humanities; Social Sciences"
783;21100228552;"International Journal for the History of Engineering and Technology";journal;"17581214, 17581206";"Taylor and Francis Ltd.";No;No;0,117;Q4;5;11;25;171;5;24;0,17;15,55;11,11;0;3;United Kingdom;Western Europe;"Taylor and Francis Ltd.";"2012-2024";"Engineering (miscellaneous) (Q4); Social Sciences (miscellaneous) (Q4)";"Engineering; Social Sciences"
784;21100928943;"Journal of Contextual Economics-Schmollers Jahrbuch";journal;"25687603, 2568762X";"Duncker und Humblot GmbH";No;No;0,117;Q4;4;0;31;0;3;27;0,12;0,00;0,00;0;0;Germany;Western Europe;"Duncker und Humblot GmbH";"2018, 2020-2022";"Economics, Econometrics and Finance (miscellaneous) (Q4); Management, Monitoring, Policy and Law (Q4); Social Sciences (miscellaneous) (Q4)";"Economics, Econometrics and Finance; Environmental Science; Social Sciences"
785;21101045757;"Journal of Magazine Media";journal;"25767887, 25767895";"University of Nebraska Press";No;No;0,117;Q4;5;6;37;208;1;24;0,04;34,67;0,00;0;1;United States;Northern America;"University of Nebraska Press";"2017-2024";"Cultural Studies (Q3); History (Q3); Communication (Q4); Social Sciences (miscellaneous) (Q4)";"Arts and Humanities; Social Sciences"
786;5600153192;"Annales";journal;"03952649";"Armand Colin Paris";No;No;0,116;Q4;25;16;185;506;17;177;0,03;31,63;35,29;0;0;France;Western Europe;"Armand Colin Paris";"1968, 1970, 1973-1993, 1995-1997, 1999-2024";"History (Q3); Social Sciences (miscellaneous) (Q4)";"Arts and Humanities; Social Sciences"
787;21100409378;"Balkan Studies Library";book series;"18776272";"Brill Academic Publishers";No;No;0,116;Q4;6;15;24;795;0;2;0,00;53,00;0,00;0;3;Netherlands;Western Europe;"Brill Academic Publishers";"2011-2024";"Arts and Humanities (miscellaneous) (Q3); Social Sciences (miscellaneous) (Q4)";"Arts and Humanities; Social Sciences"
788;21100427186;"Brill's Indological Library";book series;"09252916";"Brill Academic Publishers";No;No;0,116;Q4;7;21;3;1230;0;2;0,00;58,57;50,00;0;0;Netherlands;Western Europe;"Brill Academic Publishers";"2005, 2007-2017, 2020, 2022-2024";"History (Q3); Linguistics and Language (Q3); Philosophy (Q3); Religious Studies (Q3); Social Sciences (miscellaneous) (Q4)";"Arts and Humanities; Social Sciences"
789;21100426086;"Brill's Japanese Studies Library";book series;"09256512";"Brill Academic Publishers";No;No;0,116;Q4;3;31;18;2058;0;2;0,00;66,39;0,00;0;0;Netherlands;Western Europe;"Brill Academic Publishers";"2006-2021, 2023-2025";"History (Q3); Linguistics and Language (Q3); Literature and Literary Theory (Q3); Philosophy (Q3); Visual Arts and Performing Arts (Q3); Social Sciences (miscellaneous) (Q4)";"Arts and Humanities; Social Sciences"
790;21100407618;"Brill's Series on the Early Middle Ages";book series;"18784879";"Brill Academic Publishers";No;No;0,116;Q4;6;1;2;1164;0;2;0,00;1164,00;0,00;0;0;Netherlands;Western Europe;"Brill Academic Publishers";"2008-2014, 2016, 2020, 2022, 2024-2025";"Classics (Q2); Archeology (arts and humanities) (Q3); Cultural Studies (Q3); History (Q3); Linguistics and Language (Q3); Literature and Literary Theory (Q3); Philosophy (Q3); Visual Arts and Performing Arts (Q3); Social Sciences (miscellaneous) (Q4)";"Arts and Humanities; Social Sciences"
791;22347;"Historical Records of Australian Science";journal;"07273061, 14485508";"CSIRO Publishing";No;No;0,116;Q4;10;11;42;594;5;36;0,14;54,00;8,33;0;5;Australia;Pacific Region;"CSIRO Publishing";"1980-1983, 1985-1987, 1989, 1996, 1998, 2000-2002, 2004-2024";"Arts and Humanities (miscellaneous) (Q3); Demography (Q4); History and Philosophy of Science (Q4); Human Factors and Ergonomics (Q4); Social Sciences (miscellaneous) (Q4)";"Arts and Humanities; Social Sciences"
792;21100407611;"International Comparative Social Studies";book series;"15684474";"Brill Academic Publishers";No;No;0,116;Q4;10;46;19;2472;3;2;0,00;53,74;0,00;0;9;Netherlands;Western Europe;"Brill Academic Publishers";"2006-2013, 2015-2021, 2023-2025";"Social Sciences (miscellaneous) (Q4); Sociology and Political Science (Q4); Urban Studies (Q4)";"Social Sciences"
793;21101267123;"International Journal of Social Imaginaries";journal;"27727858, 27727866";"Brill Academic Publishers";No;No;0,116;Q4;2;5;21;143;7;16;0,33;28,60;25,00;0;1;Netherlands;Western Europe;"Brill Academic Publishers";"2022-2024";"Social Sciences (miscellaneous) (Q4)";"Social Sciences"
794;5600156898;"Journal of Social Structure";journal;"15291227";"Sciendo";Yes;Yes;0,116;Q4;9;0;2;0;0;2;0,00;0,00;0,00;0;0;United States;Northern America;"Sciendo";"2012-2020, 2022";"Social Sciences (miscellaneous) (Q4); Sociology and Political Science (Q4)";"Social Sciences"
795;21100407317;"Sinica Leidensia";book series;"01699563";"Brill Academic Publishers";No;No;0,116;Q4;10;15;18;4348;1;2;0,06;289,87;25,00;0;0;Netherlands;Western Europe;"Brill Academic Publishers";"2007-2021, 2023-2025";"Arts and Humanities (miscellaneous) (Q3); Social Sciences (miscellaneous) (Q4)";"Arts and Humanities; Social Sciences"
796;21100828949;"Studies in Systems, Decision and Control";book series;"21984182, 21984190";"Springer International Publishing AG";Yes;No;0,116;Q4;46;2464;4046;78904;3117;2;0,60;32,02;0,00;0;1113;Switzerland;Western Europe;"Springer International Publishing AG";"2014-2025";"Automotive Engineering (Q4); Computer Science (miscellaneous) (Q4); Control and Optimization (Q4); Control and Systems Engineering (Q4); Decision Sciences (miscellaneous) (Q4); Economics, Econometrics and Finance (miscellaneous) (Q4); Social Sciences (miscellaneous) (Q4)";"Computer Science; Decision Sciences; Economics, Econometrics and Finance; Engineering; Mathematics; Social Sciences"
797;21101066733;"Yillik: Annual of Istanbul Studies";journal;"26875012, 26875691";"Suna ve Inan Kirac Vakfi Kultur Sanat Isletmesi";No;No;0,116;Q4;4;0;37;0;15;34;0,50;0,00;0,00;0;0;Turkey;Middle East;"Suna ve Inan Kirac Vakfi Kultur Sanat Isletmesi";"2019-2023";"Archeology (arts and humanities) (Q3); Arts and Humanities (miscellaneous) (Q3); History (Q3); Visual Arts and Performing Arts (Q3); Anthropology (Q4); Geography, Planning and Development (Q4); Social Sciences (miscellaneous) (Q4); Urban Studies (Q4)";"Arts and Humanities; Social Sciences"
798;21101259654;"Contemporary Social Sciences";journal;"20960212";"Sichuan Academy of Social Sciences";Yes;Yes;0,115;Q4;3;52;174;1596;25;159;0,17;30,69;25,25;0;24;China;Asiatic Region;"Sichuan Academy of Social Sciences";"2020-2024";"Arts and Humanities (miscellaneous) (Q3); Social Sciences (miscellaneous) (Q4)";"Arts and Humanities; Social Sciences"
799;60486;"Himalaya";journal;"19352212";"Nepal Studies Association";Yes;No;0,115;Q4;14;0;72;0;12;61;0,13;0,00;0,00;0;0;United States;Northern America;"Nepal Studies Association";"1981, 2006, 2008-2011, 2013-2023";"Social Sciences (miscellaneous) (Q4)";"Social Sciences"
800;21101253648;"IdeAs";journal;"19505701";"Institut des Ameriques";Yes;Yes;0,115;Q4;4;38;171;1400;15;162;0,09;36,84;50,00;0;5;France;Western Europe;"Institut des Ameriques";"2020-2024";"Cultural Studies (Q3); History (Q3); Political Science and International Relations (Q4); Social Sciences (miscellaneous) (Q4)";"Arts and Humanities; Social Sciences"
801;5700162922;"Sistema";journal;"02100223";"Fundacion Sistema";No;No;0,115;Q4;3;14;45;0;6;44;0,12;0,00;27,27;0;9;Spain;Western Europe;"Fundacion Sistema";"2015-2024";"Social Sciences (miscellaneous) (Q4)";"Social Sciences"
802;21100815491;"Studia Orientalia Slovaca";journal;"13363786";"Comenius University in Bratislava";No;No;0,115;Q4;4;9;33;323;14;32;0,44;35,89;60,00;0;1;Slovakia;Eastern Europe;"Comenius University in Bratislava";"2016-2024";"Arts and Humanities (miscellaneous) (Q3); Social Sciences (miscellaneous) (Q4)";"Arts and Humanities; Social Sciences"
803;19700166523;"Synthesiology";journal;"18830978, 18832318";"Nat. Inst. of Adv. Industrial Science and Technology (AIST)";No;No;0,115;Q4;11;0;14;0;1;13;0,00;0,00;0,00;0;0;Japan;Asiatic Region;"Nat. Inst. of Adv. Industrial Science and Technology (AIST)";"2008-2019, 2021";"Engineering (miscellaneous) (Q4); Multidisciplinary (Q4); Social Sciences (miscellaneous) (Q4)";"Engineering; Multidisciplinary; Social Sciences"
804;13131;"Columbia Journal of Law and Social Problems";journal;"00101923";"Columbia Law Review Association";No;No;0,114;Q4;14;20;43;5121;12;43;0,25;256,05;40,00;0;12;United States;Northern America;"Columbia Law Review Association";"1973, 1975-1976, 1978, 1980, 1985-1986, 1989-1990, 1992-2024";"Law (Q4); Social Sciences (miscellaneous) (Q4); Sociology and Political Science (Q4)";"Social Sciences"
805;145698;"Cyprus Review";journal;"10152881";"University of Nicosia";No;No;0,114;Q4;19;10;42;458;10;33;0,21;45,80;50,00;0;4;Cyprus;Western Europe;"University of Nicosia";"1996-2024";"Economics and Econometrics (Q4); Law (Q4); Social Sciences (miscellaneous) (Q4); Sociology and Political Science (Q4)";"Economics, Econometrics and Finance; Social Sciences"
806;19900189254;"International Journal of Technology, Knowledge and Society";journal;"28350391, 18323669";"Common Ground Research Networks";No;No;0,114;Q4;10;10;9;543;2;9;0,25;54,30;52,17;0;6;United States;Northern America;"Common Ground Research Networks";"2008-2014, 2016-2025";"Computer Science Applications (Q4); Education (Q4); Engineering (miscellaneous) (Q4); Library and Information Sciences (Q4); Social Sciences (miscellaneous) (Q4)";"Computer Science; Engineering; Social Sciences"
807;21101082209;"Revista Brasileira de Ciencias Policiais";journal;"23186917, 21780013";"National Police Academy";Yes;Yes;0,114;Q4;2;0;122;0;12;113;0,09;0,00;0,00;0;0;Brazil;Latin America;"National Police Academy";"2019-2023";"Law (Q4); Political Science and International Relations (Q4); Safety Research (Q4); Social Sciences (miscellaneous) (Q4); Sociology and Political Science (Q4)";"Social Sciences"
808;21101265945;"Suranaree Journal of Social Science";journal;"2651088X";"Suranaree University of Technology";No;No;0,114;Q4;2;16;48;603;7;48;0,16;37,69;58,82;0;10;Thailand;Asiatic Region;"Suranaree University of Technology";"2020-2024";"Philosophy (Q3); Management Information Systems (Q4); Social Sciences (miscellaneous) (Q4)";"Arts and Humanities; Business, Management and Accounting; Social Sciences"
809;21101102040;"Baltic Worlds";journal;"20017308, 20002955";"Sodertorn University Centre for Baltic and East European Studies";Yes;Yes;0,113;Q4;5;11;137;428;14;102;0,08;38,91;45,45;0;1;Sweden;Western Europe;"Sodertorn University Centre for Baltic and East European Studies";"2019-2024";"Arts and Humanities (miscellaneous) (Q3); Cultural Studies (Q3); Social Sciences (miscellaneous) (Q4)";"Arts and Humanities; Social Sciences"
810;51712;"Bogazici Journal";journal;"13009583";"Bogazici Universitesi";No;No;0,113;Q4;7;0;27;0;4;27;0,07;0,00;0,00;0;0;Turkey;Middle East;"Bogazici Universitesi";"1993-1995, 2005-2023";"Geography, Planning and Development (Q4); Social Sciences (miscellaneous) (Q4)";"Social Sciences"
811;21100416319;"Digithum";journal;"15752275";"Universitat Oberta de Catalunya";Yes;Yes;0,113;Q4;7;0;32;0;5;31;0,00;0,00;0,00;0;0;Spain;Western Europe;"Universitat Oberta de Catalunya";"2015-2023";"Arts and Humanities (miscellaneous) (Q3); Social Sciences (miscellaneous) (Q4)";"Arts and Humanities; Social Sciences"
812;21100258851;"International Journal of Interdisciplinary Global Studies";journal;"2324755X, 23247568";"Common Ground Research Networks";No;No;0,113;Q4;5;10;33;502;14;33;0,50;50,20;40,91;0;7;United States;Northern America;"Common Ground Research Networks";"2013-2025";"Social Sciences (miscellaneous) (Q4)";"Social Sciences"
813;19700175233;"Journal for the Liberal Arts and Sciences";journal;"21673756";"School of Education,Oakland City University";No;No;0,113;Q4;4;0;33;0;6;31;0,28;0,00;0,00;0;0;United States;Northern America;"School of Education,Oakland City University";"2009-2017, 2019-2021, 2023";"Arts and Humanities (miscellaneous) (Q4); Social Sciences (miscellaneous) (Q4)";"Arts and Humanities; Social Sciences"
814;24268;"Korean Studies";journal;"0145840X, 15291529";"University of Hawaii Press";No;No;0,113;Q4;7;17;41;1473;5;37;0,13;86,65;50,00;0;7;United States;Northern America;"University of Hawaii Press";"1991-1998, 2017-2024";"Arts and Humanities (miscellaneous) (Q3); Cultural Studies (Q3); History (Q3); Literature and Literary Theory (Q3); Visual Arts and Performing Arts (Q3); Anthropology (Q4); Geography, Planning and Development (Q4); Social Sciences (miscellaneous) (Q4); Sociology and Political Science (Q4)";"Arts and Humanities; Social Sciences"
815;21101070365;"New Zealand Journal of Asian Studies";journal;"11748915";"New Zealand Asian Studies Society (NZASIA)";No;No;0,113;Q4;1;20;37;569;2;35;0,04;28,45;33,33;0;8;New Zealand;Pacific Region;"New Zealand Asian Studies Society (NZASIA)";"2019-2024";"Arts and Humanities (miscellaneous) (Q3); History (Q3); Religious Studies (Q3); Social Sciences (miscellaneous) (Q4)";"Arts and Humanities; Social Sciences"
816;17386;"Sociological Theory and Methods";journal;"09131442";"Japanese Association for Mathematical Sociology";No;No;0,113;Q4;8;11;44;396;10;38;0,18;36,00;8,33;0;4;Japan;Asiatic Region;"Japanese Association for Mathematical Sociology";"1986-1987, 1989-1994, 1996-2024";"Social Sciences (miscellaneous) (Q4); Sociology and Political Science (Q4)";"Social Sciences"
817;5600155101;"Sociologus";journal;"00380377, 18655106";"Duncker und Humblot GmbH";No;No;0,113;Q4;11;0;15;0;5;12;0,00;0,00;0,00;0;0;Germany;Western Europe;"Duncker und Humblot GmbH";"1982, 1987, 2008-2022";"Social Sciences (miscellaneous) (Q4)";"Social Sciences"
818;21101074582;"Studies in Peoples History";journal;"23484489, 23497718";"Sage Publications India Pvt. Ltd";No;No;0,113;Q4;6;13;51;44;11;51;0,21;3,38;36,36;0;2;Singapore;Asiatic Region;"Sage Publications India Pvt. Ltd";"2014-2024";"History (Q3); Social Sciences (miscellaneous) (Q4)";"Arts and Humanities; Social Sciences"
819;21100215942;"Social Sciences and Missions";journal;"18748945, 18748937";"Brill Academic Publishers";No;No;0,112;Q4;6;14;39;699;9;38;0,36;49,93;30,77;0;0;Netherlands;Western Europe;"Brill Academic Publishers";"2012-2024";"Religious Studies (Q3); Cultural Studies (Q4); Social Sciences (miscellaneous) (Q4); Sociology and Political Science (Q4)";"Arts and Humanities; Social Sciences"
820;5600152896;"Sociologia e Ricerca Sociale";journal;"11211148";"FrancoAngeli Edizioni";No;No;0,112;Q4;4;15;81;795;10;80;0,14;53,00;59,38;0;2;Italy;Western Europe;"FrancoAngeli Edizioni";"2016-2024";"Social Sciences (miscellaneous) (Q4); Sociology and Political Science (Q4)";"Social Sciences"
821;21100877201;"International Review of Social Research";journal;"20698267, 20698534";"Sciendo";Yes;No;0,111;Q4;5;0;7;0;2;7;0,00;0,00;0,00;0;0;Germany;Western Europe;"Sciendo";"2018-2019, 2021";"Anthropology (Q4); Cultural Studies (Q4); Social Sciences (miscellaneous) (Q4)";"Social Sciences"
822;21101176847;"Journal of Multidisciplinary in Social Sciences";journal;"26730235";"Research and Development Institute Suan Dusit University";No;No;0,111;Q4;3;19;79;921;26;79;0,42;48,47;50,00;0;12;Thailand;Asiatic Region;"Research and Development Institute Suan Dusit University";"2019-2024";"Social Sciences (miscellaneous) (Q4)";"Social Sciences"
823;21101007465;"Journal of New Zealand Studies";journal;"1176306X, 23243740";"Stout Research Centre, Victoria University of Wellington";No;No;0,111;Q4;3;22;54;1340;17;49;0,06;60,91;47,06;0;1;New Zealand;Pacific Region;"Stout Research Centre, Victoria University of Wellington";"2019-2024";"Arts and Humanities (miscellaneous) (Q4); Social Sciences (miscellaneous) (Q4)";"Arts and Humanities; Social Sciences"
824;21101271807;"Technology in Language Teaching and Learning";journal;"26521687";"Castledown Publishers";Yes;Yes;0,111;Q4;3;29;13;1328;5;13;0,22;45,79;44,00;0;5;Australia;Pacific Region;"Castledown Publishers";"2021-2025";"Education (Q4); Linguistics and Language (Q4); Social Sciences (miscellaneous) (Q4)";"Social Sciences"
825;21100463586;"Transcultural Studies";journal;"21916411";"Heidelberg University";Yes;Yes;0,111;Q4;7;0;24;0;6;22;0,33;0,00;0,00;0;0;United States;Northern America;"Heidelberg University";"2015-2023";"Arts and Humanities (miscellaneous) (Q4); Social Sciences (miscellaneous) (Q4)";"Arts and Humanities; Social Sciences"
826;21100857171;"Australasian Review of African Studies";journal;"22035184, 14478420";"African Studies Association of Australasia and the Pacific";No;No;0,110;Q4;8;6;34;275;6;34;0,11;45,83;50,00;0;2;Australia;Pacific Region;"African Studies Association of Australasia and the Pacific";"2017-2024";"Arts and Humanities (miscellaneous) (Q4); Social Sciences (miscellaneous) (Q4)";"Arts and Humanities; Social Sciences"
827;21100450146;"Cadernos de Estudos Africanos";journal;"21827400, 16453794";"Center for International Studies (CIS-IUL) of the Lisbon University Institute (ISCTE)";Yes;Yes;0,110;Q4;6;0;52;0;8;52;0,14;0,00;0,00;0;0;Portugal;Western Europe;"Center for International Studies (CIS-IUL) of the Lisbon University Institute (ISCTE)";"2014-2023";"Arts and Humanities (miscellaneous) (Q4); Social Sciences (miscellaneous) (Q4)";"Arts and Humanities; Social Sciences"
828;21101101867;"Culturales";journal;"2448539X, 18701191";"Universidad Autonoma de Baja California";Yes;Yes;0,110;Q4;3;11;28;441;6;26;0,06;40,09;45,45;0;4;Mexico;Latin America;"Universidad Autonoma de Baja California";"2019-2024";"Arts and Humanities (miscellaneous) (Q4); Social Sciences (miscellaneous) (Q4)";"Arts and Humanities; Social Sciences"
829;5700163879;"KronoScope";journal;"1567715X, 15685241";"Brill Academic Publishers";No;No;0,110;Q4;11;6;24;222;2;20;0,10;37,00;50,00;0;0;Netherlands;Western Europe;"Brill Academic Publishers";"2001-2024";"Astronomy and Astrophysics (Q4); History and Philosophy of Science (Q4); Philosophy (Q4); Social Sciences (miscellaneous) (Q4)";"Arts and Humanities; Physics and Astronomy; Social Sciences"
830;21100934629;"Ambitos";journal;"23864494, 15752100";"Biblioteca Universidad de Cordoba";No;Yes;0,109;Q4;2;4;38;143;5;37;0,19;35,75;40,00;0;0;Spain;Western Europe;"Biblioteca Universidad de Cordoba";"2019-2023";"Arts and Humanities (miscellaneous) (Q4); Social Sciences (miscellaneous) (Q4)";"Arts and Humanities; Social Sciences"
831;21101128329;"Sporting Traditions";journal;"08132577";"Australian Society for Sports History";No;No;0,109;Q4;3;0;33;0;4;30;0,22;0,00;0,00;0;0;Australia;Pacific Region;"Australian Society for Sports History";"2020-2023";"History (Q3); Health (social science) (Q4); Social Sciences (miscellaneous) (Q4)";"Arts and Humanities; Social Sciences"
832;21101245238;"Tietolipas";book series;"05626129, 26702584";"Suomalaisen Kirjallisuuden Seura";No;No;0,109;Q4;1;3;50;1;1;13;0,02;0,33;0,00;0;0;Finland;Western Europe;"Suomalaisen Kirjallisuuden Seura";"2022-2024";"Cultural Studies (Q4); Social Sciences (miscellaneous) (Q4); Sociology and Political Science (Q4)";"Social Sciences"
833;27936;"Family Law Quarterly";journal;"0014729X";"American Bar Association";No;No;0,108;Q4;23;0;6;0;0;4;0,00;0,00;0,00;0;0;United States;Northern America;"American Bar Association";"1973-1975, 1977, 1979-1980, 1983-1985, 1988, 1991-1992, 1996-2012, 2017, 2022";"Law (Q4); Social Sciences (miscellaneous) (Q4)";"Social Sciences"
834;29759;"Indian Journal of Social Work";journal;"24567809, 00195634";"Tata Institute of Social Sciences";No;No;0,108;Q4;10;9;95;234;11;78;0,16;26,00;40,00;0;6;India;Asiatic Region;"Tata Institute of Social Sciences";"1945-1948, 1977, 1982, 1991, 1996-2024";"Social Sciences (miscellaneous) (Q4); Social Work (Q4); Sociology and Political Science (Q4)";"Social Sciences"
835;21101239988;"Journal of Romanian Studies";journal;"2754415X, 26275325";"Liverpool University Press";No;No;0,108;Q4;2;11;42;71;8;34;0,20;6,45;30,00;0;0;United Kingdom;Western Europe;"Liverpool University Press";"2020-2024";"Cultural Studies (Q4); Social Sciences (miscellaneous) (Q4); Sociology and Political Science (Q4)";"Social Sciences"
836;16631;"Rivista Internazionale di Scienze Sociali";journal;"18277918, 0035676X";"Vita e Pensiero";No;No;0,108;Q4;11;10;75;519;8;70;0,09;51,90;53,33;0;6;Italy;Western Europe;"Vita e Pensiero";"1973, 2009-2024";"Economics, Econometrics and Finance (miscellaneous) (Q4); Social Sciences (miscellaneous) (Q4)";"Economics, Econometrics and Finance; Social Sciences"
837;21100897527;"Journal of Arabian Studies";journal;"21534780";"Taylor and Francis Ltd.";No;No;0,107;Q4;17;0;50;0;12;48;0,09;0,00;0,00;0;0;United Kingdom;Western Europe;"Taylor and Francis Ltd.";"2011-2023";"Arts and Humanities (miscellaneous) (Q4); Cultural Studies (Q4); Social Sciences (miscellaneous) (Q4)";"Arts and Humanities; Social Sciences"
838;12115;"Journal of Economic and Social Measurement";journal;"07479662, 18758932";"SAGE Publications Ltd";No;No;0,107;Q4;26;0;6;0;2;6;0,33;0,00;0,00;0;0;Netherlands;Western Europe;"SAGE Publications Ltd";"1985-1986, 1989-2002, 2004-2020, 2022";"Social Sciences (miscellaneous) (Q4)";"Social Sciences"
839;16960;"L'Annee Sociologique";journal;"00662399";"Presses Universitaires de France";No;No;0,107;Q4;17;15;31;717;7;29;0,09;47,80;62,50;0;3;France;Western Europe;"Presses Universitaires de France";"1981, 1984, 1987, 2001-2024";"Social Sciences (miscellaneous) (Q4)";"Social Sciences"
840;25969;"Social and Economic Studies";journal;"00377651";"University of the West Indies";No;No;0,107;Q4;11;0;44;0;6;38;0,04;0,00;0,00;0;0;Jamaica;Latin America;"University of the West Indies";"1974, 1977-1986, 2008-2023";"Economics and Econometrics (Q4); Social Sciences (miscellaneous) (Q4)";"Economics, Econometrics and Finance; Social Sciences"
841;21100220342;"Studies in Regional Science";journal;"02876256, 18806465";"Japan Section of the Regional Science Association International";No;No;0,107;Q4;14;3;50;9;6;50;0,06;3,00;16,67;0;1;Japan;Asiatic Region;"Japan Section of the Regional Science Association International";"1970-2024";"Environmental Science (miscellaneous) (Q4); Social Sciences (miscellaneous) (Q4)";"Environmental Science; Social Sciences"
842;21100933253;"Biblos";journal;"21837139, 08704112";"Universidade de Coimbra - Faculdade de Letras";Yes;Yes;0,106;Q4;1;16;53;300;2;50;0,03;18,75;43,48;0;1;Portugal;Western Europe;"Universidade de Coimbra - Faculdade de Letras";"2019-2024";"Arts and Humanities (miscellaneous) (Q4); Social Sciences (miscellaneous) (Q4)";"Arts and Humanities; Social Sciences"
843;21100407278;"China Studies";book series;"15701344";"Brill Academic Publishers";No;No;0,106;Q4;6;0;6;0;0;5;0,00;0,00;0,00;0;0;Netherlands;Western Europe;"Brill Academic Publishers";"2007-2008, 2010-2017, 2019-2020, 2022-2023, 2025";"History (Q4); Social Sciences (miscellaneous) (Q4)";"Arts and Humanities; Social Sciences"
844;21101155956;"Serbian Studies";journal;"19419511, 07423330";"Slavica Publishers";No;No;0,106;Q4;2;0;23;0;2;20;0,00;0,00;0,00;0;0;United States;Northern America;"Slavica Publishers";"2019-2022";"Arts and Humanities (miscellaneous) (Q4); Cultural Studies (Q4); History (Q4); Social Sciences (miscellaneous) (Q4)";"Arts and Humanities; Social Sciences"
845;21101061923;"Direito, Estado e Sociedade";journal;"19820879, 15166104";"Pontificia Universidade Catolica do Rio de Janeiro";Yes;No;0,105;Q4;3;11;77;442;3;77;0,04;40,18;35,71;0;6;Brazil;Latin America;"Pontificia Universidade Catolica do Rio de Janeiro";"2019-2024";"Law (Q4); Social Sciences (miscellaneous) (Q4); Sociology and Political Science (Q4)";"Social Sciences"
846;21101128535;"Genesis (Italy)";journal;"15949281, 19732252";"Viella";No;No;0,105;Q4;0;0;7;0;0;7;0,00;0,00;0,00;0;0;Italy;Western Europe;"Viella";"2022-2023";"Cultural Studies (Q4); Gender Studies (Q4); History (Q4); Social Sciences (miscellaneous) (Q4)";"Arts and Humanities; Social Sciences"
847;21101179091;"Revista Eletronica Direito e Sociedade";journal;"23188081";"Universidade LaSalle - Unilasalle";Yes;Yes;0,105;Q4;3;30;109;948;5;100;0,06;31,60;38,24;0;14;Brazil;Latin America;"Universidade LaSalle - Unilasalle";"2019-2024";"Cultural Studies (Q4); Gender Studies (Q4); Social Sciences (miscellaneous) (Q4)";"Social Sciences"
848;5700163901;"Journal of Romance Studies";journal;"14733536, 17522331";"Liverpool University Press";No;No;0,104;Q4;4;21;80;910;4;74;0,07;43,33;85,00;0;7;United Kingdom;Western Europe;"Liverpool University Press";"2014-2024";"Literature and Literary Theory (Q3); Visual Arts and Performing Arts (Q3); Cultural Studies (Q4); Linguistics and Language (Q4); Social Sciences (miscellaneous) (Q4)";"Arts and Humanities; Social Sciences"
849;5700181944;"Deutsche Sprache";journal;"03409341, 1868775X";"Erich Schmidt Verlag GmbH and Co Berlin";No;No;0,103;Q4;10;6;48;314;9;46;0,19;52,33;66,67;0;0;Germany;Western Europe;"Erich Schmidt Verlag GmbH and Co Berlin";"2002-2011, 2017-2024";"Linguistics and Language (Q4); Psychology (miscellaneous) (Q4); Social Sciences (miscellaneous) (Q4)";"Psychology; Social Sciences"
850;21101214485;"Anali Pravnog Fakulteta u Beogradu";journal;"00032565, 24062693";"";Yes;Yes;0,102;Q4;2;25;77;896;5;77;0,06;35,84;53,13;0;9;Serbia;Eastern Europe;"";"2022-2024";"Economics, Econometrics and Finance (miscellaneous) (Q4); Law (Q4); Social Sciences (miscellaneous) (Q4)";"Economics, Econometrics and Finance; Social Sciences"
851;21101034468;"International Journal of Anglo-Indian Studies";journal;"13271652";"Massey University";No;No;0,102;Q4;1;9;21;111;2;14;0,11;12,33;50,00;0;1;New Zealand;Pacific Region;"Massey University";"2019-2024";"Anthropology (Q4); Arts and Humanities (miscellaneous) (Q4); History (Q4); Social Sciences (miscellaneous) (Q4)";"Arts and Humanities; Social Sciences"
852;21101220435;"Problemi Sjevernog Jadrana";journal;"18487866, 03518825";"Croatian Academy of Sciences and Arts";No;No;0,102;Q4;2;0;16;0;1;15;0,11;0,00;0,00;0;0;Croatia;Eastern Europe;"Croatian Academy of Sciences and Arts";"2020-2023";"Arts and Humanities (miscellaneous) (Q4); Social Sciences (miscellaneous) (Q4)";"Arts and Humanities; Social Sciences"
853;21101067418;"Revista de Direito da Faculdade Guanambi";journal;"24476536";"Centro Universitario FG (UNIFG)";Yes;Yes;0,102;Q4;3;0;18;0;1;18;0,00;0,00;0,00;0;0;Brazil;Latin America;"Centro Universitario FG (UNIFG)";"2019-2022";"Law (Q4); Social Sciences (miscellaneous) (Q4)";"Social Sciences"
854;5700164304;"Slovo";journal;"09546839";"University College London - School of Slavonic and East European Studies";No;No;0,102;Q4;5;0;25;0;3;19;0,17;0,00;0,00;0;0;United Kingdom;Western Europe;"University College London - School of Slavonic and East European Studies";"2012-2023";"Arts and Humanities (miscellaneous) (Q4); Social Sciences (miscellaneous) (Q4)";"Arts and Humanities; Social Sciences"
855;19700169125;"Trajecta";journal;"26659484, 07788304";"Amsterdam University Press";No;No;0,102;Q4;4;4;23;171;4;23;0,00;42,75;0,00;0;1;Netherlands;Western Europe;"Amsterdam University Press";"1999, 2002, 2019-2024";"History (Q4); Religious Studies (Q4); Social Sciences (miscellaneous) (Q4); Sociology and Political Science (Q4)";"Arts and Humanities; Social Sciences"
856;21101199910;"Air and Space Power Review";journal;"26340976, 26340968";"Royal Air Force";Yes;Yes;0,101;Q4;1;11;50;395;1;41;0,02;35,91;0,00;0;4;United Kingdom;Western Europe;"Royal Air Force";"2021-2024";"Political Science and International Relations (Q4); Social Sciences (miscellaneous) (Q4)";"Social Sciences"
857;21101140504;"Bolivian Studies Journal";journal;"21565163, 10742247";"University Library System, University of Pittsburgh";Yes;Yes;0,101;Q4;2;11;31;548;0;29;0,00;49,82;50,00;0;3;United States;Northern America;"University Library System, University of Pittsburgh";"2019, 2021-2024";"Anthropology (Q4); Cultural Studies (Q4); History (Q4); Political Science and International Relations (Q4); Social Sciences (miscellaneous) (Q4); Sociology and Political Science (Q4)";"Arts and Humanities; Social Sciences"
858;21101057633;"Critical Ethnic Studies";journal;"23735031, 2373504X";"University of Minnesota Press";No;No;0,101;Q4;2;0;36;0;3;30;0,18;0,00;0,00;0;0;United States;Northern America;"University of Minnesota Press";"2020-2022";"Anthropology (Q4); Cultural Studies (Q4); Gender Studies (Q4); Social Sciences (miscellaneous) (Q4)";"Social Sciences"
859;21101146396;"Historia Philosophica";journal;"1824095X, 17246121";"Fabrizio Serra Editore";No;No;0,101;Q4;2;17;45;225;5;43;0,08;13,24;46,67;0;0;Italy;Western Europe;"Fabrizio Serra Editore";"2019-2024";"Arts and Humanities (miscellaneous) (Q4); History (Q4); Philosophy (Q4); Social Sciences (miscellaneous) (Q4)";"Arts and Humanities; Social Sciences"
860;20370;"Journal of Gang Research";journal;"10793062";"National Gang Crime Research Center";No;No;0,101;Q4;12;5;26;89;2;25;0,11;17,80;40,00;0;4;United States;Northern America;"National Gang Crime Research Center";"2004-2024";"Arts and Humanities (miscellaneous) (Q4); Gender Studies (Q4); Law (Q4); Social Sciences (miscellaneous) (Q4)";"Arts and Humanities; Social Sciences"
861;21101165758;"Latvijas Universitates Zurnals Vesture";journal;"25009621, 25929593";"University of Latvia";Yes;Yes;0,101;Q4;1;9;24;560;1;22;0,00;62,22;25,00;0;1;Latvia;Eastern Europe;"University of Latvia";"2019-2024";"Arts and Humanities (miscellaneous) (Q4); Cultural Studies (Q4); History (Q4); Social Sciences (miscellaneous) (Q4)";"Arts and Humanities; Social Sciences"
862;21100914960;"Quebec Studies";journal;"20521731, 07373759";"Liverpool University Press";No;No;0,101;Q4;2;16;51;469;1;41;0,00;29,31;76,92;0;2;United Kingdom;Western Europe;"Liverpool University Press";"2018-2024";"Arts and Humanities (miscellaneous) (Q4); Cultural Studies (Q4); Social Sciences (miscellaneous) (Q4)";"Arts and Humanities; Social Sciences"
863;21101218357;"Revista da Defensoria Publica do Distrito Federal";journal;"26745755, 26745739";"Defensoria Publica do Distrito Federal";Yes;Yes;0,101;Q4;2;0;47;0;0;39;0,00;0,00;0,00;0;0;Brazil;Latin America;"Defensoria Publica do Distrito Federal";"2019-2023";"Law (Q4); Social Sciences (miscellaneous) (Q4)";"Social Sciences"
864;21101264301;"Revista do CAAP";journal;"14150344, 22383840";"Faculdade de Direito da Universidade Federal de Minas Gerais";Yes;No;0,101;Q4;0;22;43;388;0;39;0,00;17,64;55,56;0;11;Brazil;Latin America;"Faculdade de Direito da Universidade Federal de Minas Gerais";"2020-2025";"Anthropology (Q4); Gender Studies (Q4); Law (Q4); Philosophy (Q4); Social Sciences (miscellaneous) (Q4); Sociology and Political Science (Q4)";"Arts and Humanities; Social Sciences"
865;21101241168;"Romaya Journal: Researches on Multidisciplinary Approaches";journal;"27919099";"Ebru Bagci";No;No;0,101;Q4;0;25;37;1274;0;37;0,00;50,96;51,11;0;8;Turkey;Middle East;"Ebru Bagci";"2021-2024";"Economics, Econometrics and Finance (miscellaneous) (Q4); Social Sciences (miscellaneous) (Q4)";"Economics, Econometrics and Finance; Social Sciences"
866;26461;"Social Sciences (Russian Federation)";journal;"01345486, 19382553";"Russian Academy of Sciences";Yes;No;0,101;Q4;5;0;50;0;0;50;0,00;0,00;0,00;0;0;Russian Federation;Eastern Europe;"Russian Academy of Sciences";"1988, 1994, 2008-2019, 2022-2023";"Social Sciences (miscellaneous) (Q4)";"Social Sciences"
867;19700181428;"Sokendai Review of Cultural and Social Studies";journal;"1883096X";"Graduate School for Advanced Studies of Culture and Science";No;No;0,101;Q4;3;11;22;125;0;22;0,00;11,36;63,64;0;5;Japan;Asiatic Region;"Graduate School for Advanced Studies of Culture and Science";"2006-2007, 2009-2024";"Cultural Studies (Q4); Social Sciences (miscellaneous) (Q4)";"Social Sciences"
868;21100406922;"Studies in Critical Social Sciences";book series;"15734234";"Brill Academic Publishers";No;No;0,101;Q4;10;122;239;11468;20;38;0,09;94,00;14,29;0;8;Netherlands;Western Europe;"Brill Academic Publishers";"2007-2025";"Social Sciences (miscellaneous) (Q4); Sociology and Political Science (Q4)";"Social Sciences"
869;21101043578;"Transmodernity";journal;"21541361";"University of California, Merced";Yes;Yes;0,101;Q4;5;23;57;1049;1;49;0,00;45,61;47,83;0;1;United States;Northern America;"University of California, Merced";"2018-2025";"Anthropology (Q4); Cultural Studies (Q4); Geography, Planning and Development (Q4); Literature and Literary Theory (Q4); Social Sciences (miscellaneous) (Q4)";"Arts and Humanities; Social Sciences"
870;21101196742;"Clio. Revista de Historia, Ciencias Humanas y Pensamiento Critico.";journal;"26609037";"Ediciones Clio";Yes;Yes;0,100;Q4;2;41;71;795;2;62;0,04;19,39;42,31;0;20;Mexico;Latin America;"Ediciones Clio";"2021-2025";"Arts and Humanities (miscellaneous) (Q4); Social Sciences (miscellaneous) (Q4)";"Arts and Humanities; Social Sciences"
871;24794;"Das Argument";journal;"00041157";"Argument Verlag GmbH";No;No;0,100;Q4;5;0;152;0;1;140;0,00;0,00;0,00;0;0;Germany;Western Europe;"Argument Verlag GmbH";"1979, 2011, 2013-2023";"Philosophy (Q4); Social Sciences (miscellaneous) (Q4)";"Arts and Humanities; Social Sciences"
872;5800206565;"Etudes Francaises";journal;"00142085, 14921405";"Consortium Erudit";No;No;0,100;Q4;6;10;86;181;5;62;0,02;18,10;57,14;0;1;Canada;Northern America;"Consortium Erudit";"2001-2024";"Literature and Literary Theory (Q4); Social Sciences (miscellaneous) (Q4)";"Arts and Humanities; Social Sciences"
873;21100407477;"Historical Materialism Book Series";book series;"15701522";"Brill Academic Publishers";No;No;0,100;Q4;11;93;195;14886;1;58;0,00;160,06;6,90;0;0;Netherlands;Western Europe;"Brill Academic Publishers";"2007-2009, 2011-2025";"History (Q4); Social Sciences (miscellaneous) (Q4); Sociology and Political Science (Q4)";"Arts and Humanities; Social Sciences"
874;6000161723;"Hungarian Studies";journal;"02366568, 15882772";"Akademiai Kiado";No;No;0,100;Q4;6;16;69;362;0;68;0,00;22,63;38,89;0;2;Hungary;Eastern Europe;"Akademiai Kiado";"2007-2025";"Arts and Humanities (miscellaneous) (Q4); Social Sciences (miscellaneous) (Q4)";"Arts and Humanities; Social Sciences"
875;21101059738;"Margens";journal;"19825374, 18060560";"Universidade Federal do Para - UFPA";No;Yes;0,100;Q4;2;20;100;554;1;98;0,00;27,70;48,00;0;12;Brazil;Latin America;"Universidade Federal do Para - UFPA";"2019-2024";"Arts and Humanities (miscellaneous) (Q4); Education (Q4); History and Philosophy of Science (Q4); Literature and Literary Theory (Q4); Social Sciences (miscellaneous) (Q4)";"Arts and Humanities; Social Sciences"
876;21101041503;"Revista Archai";journal;"21794960, 1984249X";"Imprensa da Universidade de Coimbra";Yes;Yes;0,100;Q4;3;32;95;928;7;93;0,03;29,00;31,03;0;2;Portugal;Western Europe;"Imprensa da Universidade de Coimbra";"2019-2024";"Archeology (Q4); Archeology (arts and humanities) (Q4); History (Q4); Law (Q4); Linguistics and Language (Q4); Philosophy (Q4); Social Sciences (miscellaneous) (Q4); Visual Arts and Performing Arts (Q4)";"Arts and Humanities; Social Sciences"
877;21101049541;"Societes et Representations";journal;"12622966, 2104404X";"Editions Of The Sorbonne";No;No;0,100;Q4;2;20;66;941;0;61;0,00;47,05;28,57;0;0;France;Western Europe;"Editions Of The Sorbonne";"2019-2024";"Cultural Studies (Q4); History (Q4); Social Sciences (miscellaneous) (Q4)";"Arts and Humanities; Social Sciences"
878;21100897507;"Academic Journal of Interdisciplinary Studies (discontinued)";journal;"22813993, 22814612";"Richtmann Publishing Ltd";No;No;;-;18;30;522;1290;589;522;0,90;43,00;46,94;0;15;Italy;Western Europe;"Richtmann Publishing Ltd";"2018-2024";"Arts and Humanities (miscellaneous); Business, Management and Accounting (miscellaneous); Economics, Econometrics and Finance (miscellaneous); Environmental Science (miscellaneous); Social Sciences (miscellaneous)";"Arts and Humanities; Business, Management and Accounting; Economics, Econometrics and Finance; Environmental Science; Social Sciences"
879;21100258744;"Advances in Culture, Tourism and Hospitality Research";book series;"18713173";"Emerald Group Publishing Ltd.";No;No;;-;16;31;0;1480;0;0;0,00;47,74;29,41;0;28;United Kingdom;Western Europe;"Emerald Group Publishing Ltd.";"2008-2019, 2024";"Social Sciences (miscellaneous); Tourism, Leisure and Hospitality Management";"Business, Management and Accounting; Social Sciences"
880;21100406910;"Africa-Europe Group for Interdisciplinary Studies";book series;"15746925";"Brill Academic Publishers";No;No;;-;14;32;69;2997;32;0;0,47;93,66;100,00;0;6;Netherlands;Western Europe;"Brill Academic Publishers";"2007, 2009-2011, 2013-2024";"Social Sciences (miscellaneous)";"Social Sciences"
881;21100406879;"African Social Studies Series";book series;"15681203";"Brill Academic Publishers";No;No;;-;10;1;15;444;5;0;0,33;444,00;0,00;0;0;Netherlands;Western Europe;"Brill Academic Publishers";"2007, 2009-2013, 2015, 2017-2020, 2023-2024";"Anthropology; Education; Social Sciences (miscellaneous)";"Social Sciences"
882;21101203742;"Asia Pacific Journal of Social Work and Development";journal;"29949769, 21650993";"Routledge";No;No;;-;2;53;0;2661;0;0;0,00;50,21;55,65;0;14;United Kingdom;Western Europe;"Routledge";"2014, 2024-2025";"Social Sciences (miscellaneous); Sociology and Political Science";"Social Sciences"
883;21100427821;"Brill's Inner Asian Library";book series;"15667162";"Brill Academic Publishers";No;No;;-;10;1;1;215;0;0;0,00;215,00;100,00;0;0;Netherlands;Western Europe;"Brill Academic Publishers";"2007-2009, 2011-2013, 2015, 2017-2018, 2020-2021, 2024";"History; Linguistics and Language; Philosophy; Social Sciences (miscellaneous); Visual Arts and Performing Arts";"Arts and Humanities; Social Sciences"
884;21100425319;"Brill's Series in the History of the Environment";book series;"18766595";"Brill Academic Publishers";No;No;;-;4;14;0;727;0;0;0,00;51,93;0,00;0;9;United States;Northern America;"Brill Academic Publishers";"2010, 2013, 2015, 2017, 2024-2025";"Environmental Science (miscellaneous); History; Social Sciences (miscellaneous)";"Arts and Humanities; Environmental Science; Social Sciences"
885;21100453545;"Brill's Series on Modern East Asia in a Global Historical Perspective";book series;"22121730";"Brill Academic Publishers";No;No;;-;8;2;0;196;0;0;0,00;98,00;50,00;0;0;Netherlands;Western Europe;"Brill Academic Publishers";"2013, 2015-2019, 2024";"History; Social Sciences (miscellaneous)";"Arts and Humanities; Social Sciences"
886;21101064932;"International Explorations in Outdoor and Environmental Education";book series;"22144218, 22144226";"Springer Nature";No;No;;-;6;19;133;520;85;0;0,10;27,37;33,33;0;14;Netherlands;Western Europe;"Springer Nature";"2016, 2018-2024";"Education; Social Sciences (miscellaneous)";"Social Sciences"
887;21101260456;"International Symposium on Technology and Society, Proceedings";conference and proceedings;"21583412, 21583404";"Institute of Electrical and Electronics Engineers Inc.";No;No;;-;1;43;0;1124;0;0;0,00;26,14;38,14;0;19;United States;Northern America;"Institute of Electrical and Electronics Engineers Inc.";"2024";"Engineering (miscellaneous); Social Sciences (miscellaneous)";"Engineering; Social Sciences"
888;21100435898;"Jewish Latin America";book series;"22110968, 22110976";"Brill Academic Publishers";No;No;;-;4;33;1;1647;0;0;0,00;49,91;100,00;0;0;Netherlands;Western Europe;"Brill Academic Publishers";"2012-2016, 2018-2021, 2024";"Cultural Studies; History; Social Sciences (miscellaneous)";"Arts and Humanities; Social Sciences"
889;21101170720;"Journal of Ecohumanism (discontinued)";journal;"27526801, 27526798";"Creative Publishing House";No;No;;-;5;1602;25;63411;19;24;0,76;39,58;38,50;0;782;United Kingdom;Western Europe;"Creative Publishing House";"2022-2025";"Cultural Studies; Social Sciences (miscellaneous)";"Social Sciences"
890;21101211209;"Journal of Family Research";journal;"26992337";"";Yes;Yes;;-;15;18;0;1096;0;0;0,00;60,89;57,14;0;9;Germany;Western Europe;"";"2024-2025";"Social Sciences (miscellaneous)";"Social Sciences"
891;21101052847;"Journal of Infrastructure, Policy and Development (discontinued)";journal;"25727931, 25727923";"EnPress Publisher, LLC";No;No;;-;14;1640;102;88957;273;102;2,77;54,24;39,29;1;1089;United States;Northern America;"EnPress Publisher, LLC";"2017-2024";"Development; Public Administration; Social Sciences (miscellaneous); Urban Studies";"Social Sciences"
892;21101040212;"Journal of Liberty and International Affairs (discontinued)";journal;"18579760";"Institute for Research and European Studies";Yes;No;;-;6;29;216;1398;129;215;0,64;48,21;30,91;0;17;Macedonia;Eastern Europe;"Institute for Research and European Studies";"2019-2024";"Political Science and International Relations; Public Administration; Social Sciences (miscellaneous)";"Social Sciences"
893;21101271745;"Legal Transformation in Muslim Societies";journal;"3029097X, 30290961";"";No;No;;-;0;16;0;97;0;0;0,00;6,06;16,67;0;9;United Kingdom;Western Europe;"";"2024";"Law; Religious Studies; Social Sciences (miscellaneous)";"Arts and Humanities; Social Sciences"
894;21100211302;"Pakistan Journal of Life and Social Sciences (discontinued)";journal;"22217630, 17274915";"Elite Scientific Publications";No;No;;-;15;1154;108;43587;235;108;2,42;37,77;38,79;0;557;Pakistan;Asiatic Region;"Elite Scientific Publications";"2012-2025";"Agricultural and Biological Sciences (miscellaneous); Biochemistry, Genetics and Molecular Biology (miscellaneous); Environmental Science (miscellaneous); Medicine (miscellaneous); Social Sciences (miscellaneous)";"Agricultural and Biological Sciences; Biochemistry, Genetics and Molecular Biology; Environmental Science; Medicine; Social Sciences"
895;5600155213;"Religion and the Social Order";book series;"10615210";"Brill Academic Publishers";No;No;;-;11;1;1;410;0;0;0,00;410,00;0,00;0;0;Netherlands;Western Europe;"Brill Academic Publishers";"2007-2015, 2020-2021, 2024";"Religious Studies; Social Sciences (miscellaneous)";"Arts and Humanities; Social Sciences"
896;21100406932;"Studies in the History and Society of the Maghrib";book series;"18779808";"Brill Academic Publishers";No;No;;-;2;1;3;312;0;0;0,00;312,00;0,00;0;0;Netherlands;Western Europe;"Brill Academic Publishers";"2012-2013, 2015-2018, 2021-2022";"Anthropology; Cultural Studies; History; Social Sciences (miscellaneous)";"Arts and Humanities; Social Sciences"
