Rank;Sourceid;Title;Type;Issn;Publisher;Open Access;Open Access Diamond;SJR;SJR Quartile;H index;Total Docs. (2024);Total Docs. (3years);Total Refs.;Total Citations (3years);Citable Docs. (3years);Citations / Doc. (2years);Ref. / Doc.;%Female;Overton;SDG;Country;Region;Publisher;Coverage;Categories;Areas
1;16036;"Administrative Science Quarterly";journal;"00018392, 19303815";"Johnson School at Cornell University";No;No;10,393;Q1;218;29;87;3139;928;82;7,37;108,24;37,78;0;15;United States;Northern America;"Johnson School at Cornell University";"1975-1987, 1989-1990, 1993-1994, 1996-2025";"Arts and Humanities (miscellaneous) (Q1); Public Administration (Q1); Sociology and Political Science (Q1)";"Arts and Humanities; Social Sciences"
2;15646;"Annual Review of Political Science";book series;"10942939, 15451577";"Annual Reviews Inc.";No;No;6,903;Q1;138;24;73;2758;1042;73;10,49;114,92;50,00;5;7;United States;Northern America;"Annual Reviews Inc.";"1998-2024";"Sociology and Political Science (Q1)";"Social Sciences"
3;15555;"American Journal of Political Science";journal;"00925853, 15405907";"Wiley-Blackwell Publishing Ltd";No;No;6,280;Q1;215;178;194;11455;1867;194;8,73;64,35;22,94;30;80;United Kingdom;Western Europe;"Wiley-Blackwell Publishing Ltd";"1982, 1986, 1996-2025";"Political Science and International Relations (Q1); Sociology and Political Science (Q1)";"Social Sciences"
4;144974;"Journal of Service Research";journal;"10946705, 15527379";"SAGE Publications Inc.";No;No;6,011;Q1;156;71;116;5435;1873;105;11,35;76,55;41,94;0;14;United States;Northern America;"SAGE Publications Inc.";"1998-2025";"Information Systems (Q1); Organizational Behavior and Human Resource Management (Q1); Sociology and Political Science (Q1)";"Business, Management and Accounting; Computer Science; Social Sciences"
5;15557;"American Political Science Review";journal;"15375943, 00030554";"Cambridge University Press";No;No;5,532;Q1;215;203;320;14533;2777;313;7,18;71,59;35,06;0;79;United Kingdom;Western Europe;"Cambridge University Press";"1906-2025";"Political Science and International Relations (Q1); Sociology and Political Science (Q1)";"Social Sciences"
6;21149;"Leadership Quarterly";journal;"10489843";"Elsevier Inc.";No;No;5,393;Q1;202;45;139;4953;1772;130;10,97;110,07;30,47;2;12;United States;Northern America;"Elsevier Inc.";"1990-2025";"Applied Psychology (Q1); Business and International Management (Q1); Organizational Behavior and Human Resource Management (Q1); Sociology and Political Science (Q1)";"Business, Management and Accounting; Psychology; Social Sciences"
7;16976;"Annual Review of Sociology";book series;"03600572, 15452115";"Annual Reviews Inc.";No;No;5,262;Q1;216;36;76;5303;1050;76;9,74;147,31;54,55;0;17;United States;Northern America;"Annual Reviews Inc.";"1975, 1977, 1980-1981, 1985-2024";"Sociology and Political Science (Q1)";"Social Sciences"
8;39139;"International Organization";journal;"15315088, 00208183";"Cambridge University Press";No;No;4,977;Q1;168;28;102;2605;1095;100;5,05;93,04;21,82;0;7;United Kingdom;Western Europe;"Cambridge University Press";"1947-2025";"Law (Q1); Organizational Behavior and Human Resource Management (Q1); Political Science and International Relations (Q1); Sociology and Political Science (Q1)";"Business, Management and Accounting; Social Sciences"
9;145558;"Political Analysis";journal;"10471987, 14764989";"Cambridge University Press";No;No;4,353;Q1;89;41;121;1497;923;121;7,25;36,51;25,96;2;5;United Kingdom;Western Europe;"Cambridge University Press";"1989-1993, 2004-2025";"Political Science and International Relations (Q1); Sociology and Political Science (Q1)";"Social Sciences"
10;16929;"American Sociological Review";journal;"00031224, 19398271";"American Sociological Association";No;No;4,203;Q1;240;39;118;4615;1047;113;6,25;118,33;44,59;2;25;United States;Northern America;"American Sociological Association";"1965-2025";"Sociology and Political Science (Q1)";"Social Sciences"
11;13447;"Comparative Political Studies";journal;"15523829, 00104140";"SAGE Publications Inc.";No;No;4,169;Q1;134;145;226;11915;1678;226;6,21;82,17;37,16;12;72;United States;Northern America;"SAGE Publications Inc.";"1968-2025";"Sociology and Political Science (Q1)";"Social Sciences"
12;18091;"Sociological Methods and Research";journal;"00491241, 15528294";"SAGE Publications Inc.";No;No;4,064;Q1;100;72;184;4872;1652;180;6,30;67,67;36,57;9;13;United States;Northern America;"SAGE Publications Inc.";"1972-2025";"Social Sciences (miscellaneous) (Q1); Sociology and Political Science (Q1)";"Social Sciences"
13;30039;"Journal of Personality and Social Psychology";journal;"00223514";"American Psychological Association";No;No;3,865;Q1;447;137;392;13297;3120;390;7,46;97,06;51,27;2;18;United States;Northern America;"American Psychological Association";"1965-2025";"Social Psychology (Q1); Sociology and Political Science (Q1)";"Psychology; Social Sciences"
14;30020;"Journal of Organizational Behavior";journal;"10991379, 08943796";"John Wiley and Sons Ltd";No;No;3,862;Q1;230;89;229;9166;2128;220;8,35;102,99;52,98;1;17;United Kingdom;Western Europe;"John Wiley and Sons Ltd";"1981-1982, 1984-2025";"Applied Psychology (Q1); Organizational Behavior and Human Resource Management (Q1); Psychology (miscellaneous) (Q1); Sociology and Political Science (Q1)";"Business, Management and Accounting; Psychology; Social Sciences"
15;25725;"World Politics";journal;"00438871, 10863338";"Johns Hopkins University Press";No;No;3,810;Q1;132;0;40;0;248;40;3,95;0,00;0,00;0;0;United States;Northern America;"Johns Hopkins University Press";"1948-2023";"Political Science and International Relations (Q1); Sociology and Political Science (Q1)";"Social Sciences"
16;16232;"British Journal of Political Science";journal;"00071234, 14692112";"Cambridge University Press";No;No;3,563;Q1;121;83;304;4801;1910;293;5,64;57,84;26,47;0;31;United Kingdom;Western Europe;"Cambridge University Press";"1971-2025";"Political Science and International Relations (Q1); Sociology and Political Science (Q1)";"Social Sciences"
17;15823;"Journal of Public Administration Research and Theory";journal;"14779803, 10531858";"Oxford University Press";No;No;3,454;Q1;147;41;142;3581;1296;142;7,17;87,34;41,18;8;19;United Kingdom;Western Europe;"Oxford University Press";"1991-2025";"Marketing (Q1); Public Administration (Q1); Sociology and Political Science (Q1)";"Business, Management and Accounting; Social Sciences"
18;20333;"Journal of Politics";journal;"14682508, 00223816";"University of Chicago Press";No;No;3,428;Q1;155;120;442;6390;2105;441;4,35;53,25;30,34;9;47;United Kingdom;Western Europe;"University of Chicago Press";"1939-2024";"Sociology and Political Science (Q1)";"Social Sciences"
19;18437;"European Journal of Political Research";journal;"03044130, 14756765";"Wiley-Blackwell Publishing Ltd";No;No;3,377;Q1;127;137;179;8912;1409;176;6,41;65,05;31,85;15;65;United Kingdom;Western Europe;"Wiley-Blackwell Publishing Ltd";"1973-2025";"Sociology and Political Science (Q1)";"Social Sciences"
20;15298;"Structural Equation Modeling";journal;"15328007, 10705511";"Psychology Press Ltd";No;No;3,321;Q1;132;95;217;4682;1210;217;3,46;49,28;33,33;0;1;United Kingdom;Western Europe;"Psychology Press Ltd";"1994-2025";"Decision Sciences (miscellaneous) (Q1); Economics, Econometrics and Finance (miscellaneous) (Q1); Modeling and Simulation (Q1); Sociology and Political Science (Q1)";"Decision Sciences; Economics, Econometrics and Finance; Mathematics; Social Sciences"
21;22832;"Political Behavior";journal;"01909320, 15736687";"Springer New York";No;No;3,021;Q1;95;152;241;9268;1404;241;5,91;60,97;34,63;13;62;United States;Northern America;"Springer New York";"1979-2025";"Sociology and Political Science (Q1)";"Social Sciences"
22;17167;"Public Administration Review";journal;"00333352, 15406210";"Wiley-Blackwell";No;No;2,964;Q1;186;127;349;8367;2543;286;6,24;65,88;37,40;21;34;United Kingdom;Western Europe;"Wiley-Blackwell";"1978-1983, 1985, 1988, 1996-2025";"Marketing (Q1); Public Administration (Q1); Sociology and Political Science (Q1)";"Business, Management and Accounting; Social Sciences"
23;19250;"Work and Occupations";journal;"07308884, 15528464";"SAGE Publications Inc.";No;No;2,918;Q1;84;27;56;1970;345;55;5,36;72,96;50,00;0;19;United States;Northern America;"SAGE Publications Inc.";"1974-2025";"Organizational Behavior and Human Resource Management (Q1); Sociology and Political Science (Q1)";"Business, Management and Accounting; Social Sciences"
24;14735;"Government Information Quarterly";journal;"0740624X";"Elsevier Ltd";No;No;2,861;Q1;144;64;236;5726;3178;232;13,23;89,47;33,15;4;49;United Kingdom;Western Europe;"Elsevier Ltd";"1984-2025";"E-learning (Q1); Law (Q1); Library and Information Sciences (Q1); Sociology and Political Science (Q1)";"Social Sciences"
25;16926;"American Journal of Sociology";journal;"00029602, 15375390";"University of Chicago";No;No;2,811;Q1;214;30;122;3728;549;105;3,38;124,27;40,74;2;12;United States;Northern America;"University of Chicago";"1946-1950, 1964-2024";"Sociology and Political Science (Q1)";"Social Sciences"
26;19877;"Journal of Democracy";journal;"10455736, 10863214";"Johns Hopkins University Press";Yes;No;2,811;Q1;111;50;151;1274;968;122;5,79;25,48;28,57;5;17;United States;Northern America;"Johns Hopkins University Press";"1996-2025";"Sociology and Political Science (Q1)";"Social Sciences"
27;10300153306;"International Journal of Press/Politics";journal;"19401612, 19401620";"SAGE Publications Inc.";No;No;2,748;Q1;87;95;129;6181;1219;127;8,82;65,06;36,56;5;35;United States;Northern America;"SAGE Publications Inc.";"2003, 2008-2025";"Communication (Q1); Sociology and Political Science (Q1)";"Social Sciences"
28;21100870919;"Political Science Research and Methods";journal;"20498470, 20498489";"Cambridge University Press";No;No;2,724;Q1;35;108;211;4948;908;211;3,61;45,81;26,27;6;30;United Kingdom;Western Europe;"Cambridge University Press";"2018-2025";"Political Science and International Relations (Q1); Sociology and Political Science (Q1)";"Social Sciences"
29;24519;"Environmental Politics";journal;"09644016";"Routledge";No;No;2,700;Q1;98;106;182;6505;1574;174;7,15;61,37;42,29;10;79;United Kingdom;Western Europe;"Routledge";"1992-2025";"Environmental Science (miscellaneous) (Q1); Sociology and Political Science (Q1)";"Environmental Science; Social Sciences"
30;18676;"Technology in Society";journal;"0160791X";"Elsevier Ltd";No;No;2,559;Q1;112;315;861;27066;13616;859;15,82;85,92;34,40;4;174;United Kingdom;Western Europe;"Elsevier Ltd";"1979-2025";"Business and International Management (Q1); Education (Q1); Human Factors and Ergonomics (Q1); Sociology and Political Science (Q1)";"Business, Management and Accounting; Social Sciences"
31;18110;"Sociological Theory";journal;"07352751, 14679558";"SAGE Publications Ltd";No;No;2,527;Q1;94;16;48;1548;272;48;5,32;96,75;18,18;0;4;United Kingdom;Western Europe;"SAGE Publications Ltd";"1996-2025";"Sociology and Political Science (Q1)";"Social Sciences"
32;29170;"Critical Perspectives on Accounting";journal;"10452354, 10959955";"Academic Press";No;No;2,426;Q1;91;89;177;8632;1393;166;6,62;96,99;36,84;2;40;United States;Northern America;"Academic Press";"1990-2025";"Accounting (Q1); Finance (Q1); Information Systems and Management (Q1); Sociology and Political Science (Q1)";"Business, Management and Accounting; Decision Sciences; Economics, Econometrics and Finance; Social Sciences"
33;19400158483;"Social Issues and Policy Review";journal;"17512409, 17512395";"Wiley-Blackwell Publishing Ltd";No;No;2,407;Q1;53;9;23;1471;213;23;6,73;163,44;57,14;1;6;United Kingdom;Western Europe;"Wiley-Blackwell Publishing Ltd";"2008-2025";"Applied Psychology (Q1); Social Psychology (Q1); Social Sciences (miscellaneous) (Q1); Sociology and Political Science (Q1)";"Psychology; Social Sciences"
34;16306;"New Media and Society";journal;"14614448, 14617315";"SAGE Publications Ltd";No;No;2,400;Q1;160;558;560;35511;4964;550;8,02;63,64;54,06;53;168;United Kingdom;Western Europe;"SAGE Publications Ltd";"1999-2025";"Communication (Q1); Sociology and Political Science (Q1)";"Social Sciences"
35;15821;"Journal of Policy Analysis and Management";journal;"02768739, 15206688";"Wiley-Liss Inc.";No;No;2,398;Q1;106;91;193;4724;468;129;2,28;51,91;37,21;16;47;United States;Northern America;"Wiley-Liss Inc.";"1981-2025";"Business, Management and Accounting (miscellaneous) (Q1); Public Administration (Q1); Sociology and Political Science (Q1)";"Business, Management and Accounting; Social Sciences"
36;110031;"Resources Policy";journal;"03014207";"Elsevier Ltd";No;No;2,381;Q1;138;936;2243;61487;28215;2243;12,43;65,69;36,30;9;816;United Kingdom;Western Europe;"Elsevier Ltd";"1974-2025";"Economics and Econometrics (Q1); Law (Q1); Management, Monitoring, Policy and Law (Q1); Sociology and Political Science (Q1)";"Economics, Econometrics and Finance; Environmental Science; Social Sciences"
37;25835;"International Security";journal;"15314804, 01622889";"";No;No;2,371;Q1;128;14;62;650;370;51;5,59;46,43;18,75;1;1;United States;Northern America;"";"1984, 1996-2024";"Law (Q1); Political Science and International Relations (Q1); Sociology and Political Science (Q1)";"Social Sciences"
38;35048;"Food Policy";journal;"03069192";"Elsevier B.V.";No;No;2,335;Q1;145;129;392;7811;3223;391;6,92;60,55;46,57;8;91;United Kingdom;Western Europe;"Elsevier B.V.";"1975-2025";"Development (Q1); Economics and Econometrics (Q1); Food Science (Q1); Management, Monitoring, Policy and Law (Q1); Sociology and Political Science (Q1)";"Agricultural and Biological Sciences; Economics, Econometrics and Finance; Environmental Science; Social Sciences"
39;14925;"Gender and Society";journal;"08912432, 15523977";"SAGE Publications Inc.";No;No;2,272;Q1;132;35;106;2071;778;101;4,21;59,17;70,00;0;22;United States;Northern America;"SAGE Publications Inc.";"1987-2025";"Arts and Humanities (miscellaneous) (Q1); Gender Studies (Q1); Sociology and Political Science (Q1)";"Arts and Humanities; Social Sciences"
40;17162;"Public Administration";journal;"14679299, 00333298";"Wiley-Blackwell Publishing Ltd";No;No;2,255;Q1;118;122;198;9374;1587;195;7,90;76,84;35,00;18;51;United Kingdom;Western Europe;"Wiley-Blackwell Publishing Ltd";"1923-2025";"Public Administration (Q1); Sociology and Political Science (Q1)";"Social Sciences"
41;67863;"Party Politics";journal;"13540688, 14603683";"SAGE Publications Ltd";No;No;2,186;Q1;92;150;294;8328;1404;294;4,07;55,52;28,46;11;32;United Kingdom;Western Europe;"SAGE Publications Ltd";"1995-2025";"Sociology and Political Science (Q1)";"Social Sciences"
42;17560;"Social Problems";journal;"15338533, 00377791";"Oxford University Press";No;No;2,177;Q1;117;62;188;4723;971;185;4,39;76,18;54,95;5;38;United States;Northern America;"Oxford University Press";"1973, 1975, 1977-1979, 1982, 1984, 1989-1990, 1993, 1995-2025";"Sociology and Political Science (Q1)";"Social Sciences"
43;22838;"Political Communication";journal;"10584609, 10917675";"Taylor and Francis Ltd.";No;No;2,173;Q1;114;73;122;4130;834;114;7,03;56,58;35,47;3;25;United Kingdom;Western Europe;"Taylor and Francis Ltd.";"1980-2025";"Communication (Q1); Sociology and Political Science (Q1)";"Social Sciences"
44;30060;"World Development";journal;"0305750X, 18735991";"Elsevier B.V.";No;No;2,161;Q1;233;292;940;23080;6952;920;5,72;79,04;36,29;56;258;United Kingdom;Western Europe;"Elsevier B.V.";"1973-2025";"Development (Q1); Economics and Econometrics (Q1); Geography, Planning and Development (Q1); Sociology and Political Science (Q1)";"Economics, Econometrics and Finance; Social Sciences"
45;18400156711;"Cambridge Journal of Regions, Economy and Society";journal;"17521386, 17521378";"Oxford University Press";No;No;2,144;Q1;78;48;119;3292;698;103;5,19;68,58;45,13;12;31;United Kingdom;Western Europe;"Oxford University Press";"2008-2025";"Economics and Econometrics (Q1); Geography, Planning and Development (Q1); Sociology and Political Science (Q1)";"Economics, Econometrics and Finance; Social Sciences"
46;27663;"Journal of Conflict Resolution";journal;"00220027";"SAGE Publications Inc.";No;No;2,138;Q1;131;123;207;8733;812;206;3,16;71,00;26,86;11;57;United States;Northern America;"SAGE Publications Inc.";"1957-2025";"Business, Management and Accounting (miscellaneous) (Q1); Political Science and International Relations (Q1); Sociology and Political Science (Q1)";"Business, Management and Accounting; Social Sciences"
47;28094;"Accounting, Organizations and Society";journal;"03613682";"Elsevier Ltd";No;No;2,118;Q1;164;49;103;4585;560;101;4,67;93,57;40,83;2;15;United Kingdom;Western Europe;"Elsevier Ltd";"1976-2025";"Accounting (Q1); Applied Psychology (Q1); Information Systems and Management (Q1); Organizational Behavior and Human Resource Management (Q1); Sociology and Political Science (Q1)";"Business, Management and Accounting; Decision Sciences; Psychology; Social Sciences"
48;19251;"Work, Employment and Society";journal;"14698722, 09500170";"SAGE Publications Ltd";No;No;2,115;Q1;104;115;217;7118;1284;215;5,59;61,90;55,02;12;66;United Kingdom;Western Europe;"SAGE Publications Ltd";"1987-2025";"Accounting (Q1); Economics and Econometrics (Q1); Organizational Behavior and Human Resource Management (Q1); Sociology and Political Science (Q1)";"Business, Management and Accounting; Economics, Econometrics and Finance; Social Sciences"
49;17493;"Internet Research";journal;"10662243";"Emerald Group Publishing Ltd.";No;No;2,110;Q1;118;174;267;16665;2829;261;9,16;95,78;36,96;0;22;United Kingdom;Western Europe;"Emerald Group Publishing Ltd.";"1991-2025";"Communication (Q1); Economics and Econometrics (Q1); Sociology and Political Science (Q1)";"Economics, Econometrics and Finance; Social Sciences"
50;19089;"Government and Opposition";journal;"0017257X, 14777053";"Cambridge University Press";No;No;2,084;Q1;68;82;118;5473;610;118;5,09;66,74;39,86;12;24;United Kingdom;Western Europe;"Cambridge University Press";"1965-2025";"Public Administration (Q1); Sociology and Political Science (Q1)";"Social Sciences"
51;22786;"Policy Studies Journal";journal;"0190292X, 15410072";"Wiley-Blackwell Publishing Ltd";No;No;2,066;Q1;96;58;133;4529;889;120;6,00;78,09;41,74;9;27;United Kingdom;Western Europe;"Wiley-Blackwell Publishing Ltd";"1972-2025";"Management, Monitoring, Policy and Law (Q1); Public Administration (Q1); Sociology and Political Science (Q1)";"Environmental Science; Social Sciences"
52;15499;"Journal of Experimental Social Psychology";journal;"00221031, 10960465";"Academic Press Inc.";No;No;2,065;Q1;180;100;318;7138;1477;314;3,99;71,38;41,72;0;12;United States;Northern America;"Academic Press Inc.";"1965-2025";"Social Psychology (Q1); Sociology and Political Science (Q1)";"Psychology; Social Sciences"
53;19878;"Journal of European Public Policy";journal;"14664429, 13501763";"Routledge";No;No;2,048;Q1;140;235;347;16270;2324;310;6,21;69,23;35,82;54;111;United Kingdom;Western Europe;"Routledge";"1994-2025";"Political Science and International Relations (Q1); Public Administration (Q1); Sociology and Political Science (Q1)";"Social Sciences"
54;22861;"Political Psychology";journal;"0162895X, 14679221";"Wiley-Blackwell Publishing Ltd";No;No;2,047;Q1;125;126;196;10045;1177;195;5,30;79,72;46,15;0;43;United Kingdom;Western Europe;"Wiley-Blackwell Publishing Ltd";"1996-2025";"Clinical Psychology (Q1); Experimental and Cognitive Psychology (Q1); Philosophy (Q1); Political Science and International Relations (Q1); Social Psychology (Q1); Sociology and Political Science (Q1)";"Arts and Humanities; Psychology; Social Sciences"
55;26261;"Review of International Political Economy";journal;"09692290, 14664526";"Routledge";No;No;2,010;Q1;92;89;250;7885;1519;245;6,14;88,60;37,68;12;54;United Kingdom;Western Europe;"Routledge";"1994-2025";"Economics and Econometrics (Q1); Political Science and International Relations (Q1); Sociology and Political Science (Q1)";"Economics, Econometrics and Finance; Social Sciences"
56;29561;"Journals of Gerontology - Series B Psychological Sciences and Social Sciences";journal;"10795014, 17585368";"Gerontological Society of America";No;No;1,995;Q1;186;234;766;11275;3851;749;3,82;48,18;58,52;3;73;United States;Northern America;"Gerontological Society of America";"1995-2025";"Clinical Psychology (Q1); Geriatrics and Gerontology (Q1); Gerontology (Q1); Health (social science) (Q1); Life-span and Life-course Studies (Q1); Medicine (miscellaneous) (Q1); Social Psychology (Q1); Sociology and Political Science (Q1)";"Medicine; Nursing; Psychology; Social Sciences"
57;14946;"Group Processes and Intergroup Relations";journal;"14617188, 13684302";"SAGE Publications Ltd";No;No;1,990;Q1;97;104;282;7507;1575;278;4,59;72,18;52,98;0;27;United Kingdom;Western Europe;"SAGE Publications Ltd";"1998-2025";"Arts and Humanities (miscellaneous) (Q1); Communication (Q1); Cultural Studies (Q1); Social Psychology (Q1); Sociology and Political Science (Q1)";"Arts and Humanities; Psychology; Social Sciences"
58;23439;"Politics and Society";journal;"00323292, 15527514";"SAGE Publications Inc.";No;No;1,973;Q1;84;29;65;0;344;60;4,30;0,00;19,64;3;17;United States;Northern America;"SAGE Publications Inc.";"1970-1990, 1992-2024";"Political Science and International Relations (Q1); Social Sciences (miscellaneous) (Q1); Sociology and Political Science (Q1)";"Social Sciences"
59;22890;"Political Studies";journal;"00323217, 14679248";"SAGE Publications Ltd";No;No;1,967;Q1;110;154;171;10787;929;170;5,13;70,05;30,67;10;59;United Kingdom;Western Europe;"SAGE Publications Ltd";"1953-2025";"Sociology and Political Science (Q1)";"Social Sciences"
60;13358;"Sociology of Education";journal;"00380407, 19398573";"SAGE Publications Inc.";No;No;1,965;Q1;116;20;53;1594;261;51;3,49;79,70;58,49;2;12;United States;Northern America;"SAGE Publications Inc.";"1980, 1983, 1992, 1996-2025";"Education (Q1); Sociology and Political Science (Q1)";"Social Sciences"
61;26796;"Socio-Economic Review";journal;"14751461";"Oxford University Press";No;No;1,947;Q1;80;58;239;4483;1162;231;3,33;77,29;32,48;12;38;United Kingdom;Western Europe;"Oxford University Press";"2005-2025";"Economics, Econometrics and Finance (miscellaneous) (Q1); Sociology and Political Science (Q1)";"Economics, Econometrics and Finance; Social Sciences"
62;26362;"Journal of Peace Research";journal;"00223433";"SAGE Publications Ltd";No;No;1,941;Q1;127;135;225;8532;1125;224;4,07;63,20;37,45;12;61;United Kingdom;Western Europe;"SAGE Publications Ltd";"1964-2025";"Political Science and International Relations (Q1); Safety Research (Q1); Sociology and Political Science (Q1)";"Social Sciences"
63;18405;"Educational Technology and Society";journal;"11763647, 14364522";"International Forum of Educational Technology and Society,National Taiwan Normal University";Yes;Yes;1,924;Q1;117;87;160;5276;1661;156;9,13;60,64;48,36;0;30;Taiwan;Asiatic Region;"International Forum of Educational Technology and Society,National Taiwan Normal University";"1998-2025";"Education (Q1); E-learning (Q1); Engineering (miscellaneous) (Q1); Sociology and Political Science (Q1)";"Engineering; Social Sciences"
64;24592;"European Journal of International Relations";journal;"13540661";"SAGE Publications Ltd";No;No;1,892;Q1;107;57;134;5359;647;132;3,85;94,02;38,55;4;16;United Kingdom;Western Europe;"SAGE Publications Ltd";"1995-2025";"Political Science and International Relations (Q1); Sociology and Political Science (Q1)";"Social Sciences"
65;16956;"Cities";journal;"02642751";"Elsevier Ltd";No;No;1,839;Q1;141;759;1376;57691;11736;1369;7,82;76,01;41,08;12;649;United Kingdom;Western Europe;"Elsevier Ltd";"1983-2025";"Development (Q1); Sociology and Political Science (Q1); Tourism, Leisure and Hospitality Management (Q1); Urban Studies (Q1)";"Business, Management and Accounting; Social Sciences"
66;11600153640;"Quarterly Journal of Political Science";journal;"15540634, 15540626";"Now Publishers Inc";No;No;1,828;Q1;46;13;50;667;87;48;1,94;51,31;16,67;2;3;United States;Northern America;"Now Publishers Inc";"2006-2025";"Political Science and International Relations (Q1); Sociology and Political Science (Q1)";"Social Sciences"
67;20444;"Legislative Studies Quarterly";journal;"03629805, 19399162";"Wiley-Blackwell";No;No;1,812;Q1;66;61;102;3832;302;102;3,29;62,82;29,92;1;17;United States;Northern America;"Wiley-Blackwell";"1996-2025";"Sociology and Political Science (Q1)";"Social Sciences"
68;15673;"Journal of Rural Studies";journal;"07430167";"Elsevier Ltd";No;No;1,763;Q1;146;243;839;19190;6033;836;6,68;78,97;53,71;8;183;United Kingdom;Western Europe;"Elsevier Ltd";"1985-2025";"Development (Q1); Forestry (Q1); Geography, Planning and Development (Q1); Sociology and Political Science (Q1)";"Agricultural and Biological Sciences; Social Sciences"
69;23574;"Public Opinion Quarterly";journal;"0033362X, 15375331";"Oxford University Press";No;No;1,721;Q1;124;52;147;2678;543;145;2,79;51,50;28,06;2;17;United Kingdom;Western Europe;"Oxford University Press";"1937-2024";"Communication (Q1); History (Q1); History and Philosophy of Science (Q1); Social Sciences (miscellaneous) (Q1); Sociology and Political Science (Q1)";"Arts and Humanities; Social Sciences"
70;16192;"Media, Culture and Society";journal;"01634437, 14603675";"SAGE Publications Ltd";No;No;1,716;Q1;93;135;305;6631;1662;302;4,68;49,12;52,17;2;38;United Kingdom;Western Europe;"SAGE Publications Ltd";"1979-2025";"Communication (Q1); Sociology and Political Science (Q1)";"Social Sciences"
71;28122;"Perspectives on Sexual and Reproductive Health";journal;"15386341";"Wiley-Blackwell";No;No;1,704;Q1;101;37;47;1654;186;46;3,93;44,70;81,13;1;36;United States;Northern America;"Wiley-Blackwell";"1996-2025";"Obstetrics and Gynecology (Q1); Public Health, Environmental and Occupational Health (Q1); Sociology and Political Science (Q1)";"Medicine; Social Sciences"
72;21100899442;"Comparative Migration Studies";journal;"2214594X";"SpringerOpen";Yes;No;1,693;Q1;39;59;135;3921;815;124;3,88;66,46;55,56;2;41;Switzerland;Western Europe;"SpringerOpen";"2013-2025";"Demography (Q1); Geography, Planning and Development (Q1); Law (Q1); Sociology and Political Science (Q1); Statistics, Probability and Uncertainty (Q1)";"Decision Sciences; Social Sciences"
73;11700154366;"Journal of Leadership and Organizational Studies";journal;"19397089, 15480518";"SAGE Publications Inc.";No;No;1,687;Q1;66;26;87;2423;585;83;7,14;93,19;42,03;2;5;United States;Northern America;"SAGE Publications Inc.";"1996-1999, 2008-2025";"Business and International Management (Q1); Management Science and Operations Research (Q1); Organizational Behavior and Human Resource Management (Q1); Sociology and Political Science (Q1); Strategy and Management (Q1)";"Business, Management and Accounting; Decision Sciences; Social Sciences"
74;25772;"International Affairs";journal;"14682346, 00205850";"Wiley-Blackwell";No;No;1,667;Q1;104;122;287;12219;1384;279;4,15;100,16;40,50;18;29;United Kingdom;Western Europe;"Wiley-Blackwell";"1979-1986, 1988-1989, 1996-2025";"Political Science and International Relations (Q1); Sociology and Political Science (Q1)";"Social Sciences"
75;21100264650;"European Political Science Review";journal;"17557739, 17557747";"Cambridge University Press";No;No;1,661;Q1;54;60;103;4235;421;102;3,15;70,58;28,57;0;28;United Kingdom;Western Europe;"Cambridge University Press";"2009-2025";"Political Science and International Relations (Q1); Sociology and Political Science (Q1)";"Social Sciences"
76;15564;"Journal of Language and Social Psychology";journal;"15526526, 0261927X";"SAGE Publications Inc.";No;No;1,593;Q1;68;34;103;1836;498;102;3,13;54,00;59,76;0;6;United States;Northern America;"SAGE Publications Inc.";"1982-2025";"Anthropology (Q1); Education (Q1); Linguistics and Language (Q1); Social Psychology (Q1); Sociology and Political Science (Q1)";"Psychology; Social Sciences"
77;5800185422;"Theory and Research in Social Education";journal;"00933104, 21631654";"Taylor and Francis Ltd.";No;No;1,580;Q1;52;29;60;3009;258;60;3,05;103,76;57,58;0;10;United Kingdom;Western Europe;"Taylor and Francis Ltd.";"1973-2025";"Education (Q1); Sociology and Political Science (Q1)";"Social Sciences"
78;17530;"Social Forces";journal;"15347605, 00377732";"Oxford University Press";No;No;1,566;Q1;158;71;200;5602;730;199;3,27;78,90;40,29;5;53;United Kingdom;Western Europe;"Oxford University Press";"1925-2025";"Anthropology (Q1); History (Q1); Sociology and Political Science (Q1)";"Arts and Humanities; Social Sciences"
79;77191;"Early Childhood Research Quarterly";journal;"08852006";"Elsevier Ltd";No;No;1,565;Q1;125;112;355;7974;1607;349;3,94;71,20;72,40;2;47;United Kingdom;Western Europe;"Elsevier Ltd";"1986-2025";"Developmental and Educational Psychology (Q1); Education (Q1); Sociology and Political Science (Q1)";"Psychology; Social Sciences"
80;5700168564;"Policy and Society";journal;"14494035";"Oxford University Press";Yes;No;1,558;Q1;63;33;104;2688;887;102;7,86;81,45;46,84;2;16;United Kingdom;Western Europe;"Oxford University Press";"2002-2003, 2008-2024";"Political Science and International Relations (Q1); Public Administration (Q1); Sociology and Political Science (Q1)";"Social Sciences"
81;15382;"Journal of Applied Behavior Analysis";journal;"19383703, 00218855";"Wiley-Blackwell";No;No;1,557;Q1;93;75;236;3097;879;230;3,76;41,29;53,37;0;4;United States;Northern America;"Wiley-Blackwell";"1968-2025";"Applied Psychology (Q1); Philosophy (Q1); Sociology and Political Science (Q1)";"Arts and Humanities; Psychology; Social Sciences"
82;5700161512;"Journal of Consumer Culture";journal;"14695405, 17412900";"SAGE Publications Ltd";No;No;1,540;Q1;71;28;151;1815;635;150;3,86;64,82;61,40;0;10;United Kingdom;Western Europe;"SAGE Publications Ltd";"2001-2025";"Arts and Humanities (miscellaneous) (Q1); Business and International Management (Q1); Economics and Econometrics (Q1); Marketing (Q1); Social Psychology (Q1); Sociology and Political Science (Q1)";"Arts and Humanities; Business, Management and Accounting; Economics, Econometrics and Finance; Psychology; Social Sciences"
83;18699;"Theory, Culture and Society";journal;"02632764, 14603616";"SAGE Publications Ltd";No;No;1,531;Q1;136;81;202;3912;728;198;3,15;48,30;22,45;0;8;United Kingdom;Western Europe;"SAGE Publications Ltd";"1982-2025";"Social Sciences (miscellaneous) (Q1); Sociology and Political Science (Q1)";"Social Sciences"
84;28007;"Security Dialogue";journal;"09670106";"SAGE Publications Ltd";No;No;1,530;Q1;91;41;111;3124;467;110;3,11;76,20;52,63;0;19;United Kingdom;Western Europe;"SAGE Publications Ltd";"1970-1972, 1976-2025";"Political Science and International Relations (Q1); Sociology and Political Science (Q1)";"Social Sciences"
85;21101077293;"Journal of Migration and Health";journal;"26666235";"Elsevier B.V.";Yes;No;1,529;Q1;21;76;173;3646;745;172;3,48;47,97;61,12;1;61;Netherlands;Western Europe;"Elsevier B.V.";"2020-2025";"Demography (Q1); Health (social science) (Q1); Infectious Diseases (Q1); Sociology and Political Science (Q1)";"Medicine; Social Sciences"
86;22857;"Political Geography";journal;"09626298";"Elsevier B.V.";No;No;1,524;Q1;120;169;485;12263;2188;443;4,09;72,56;37,50;5;78;United Kingdom;Western Europe;"Elsevier B.V.";"1983, 1992-2025";"Geography, Planning and Development (Q1); History (Q1); Sociology and Political Science (Q1)";"Arts and Humanities; Social Sciences"
87;27364;"Population and Development Review";journal;"17284457, 00987921";"Wiley-Blackwell Publishing Ltd";No;No;1,522;Q1;122;98;134;6613;552;105;3,77;67,48;55,11;10;68;United Kingdom;Western Europe;"Wiley-Blackwell Publishing Ltd";"1976-2025";"Demography (Q1); Development (Q1); Sociology and Political Science (Q1)";"Social Sciences"
88;25848;"International Studies Quarterly";journal;"14682478, 00208833";"Oxford University Press";No;No;1,518;Q1;126;150;296;11977;1016;296;2,97;79,85;35,43;6;64;United States;Northern America;"Oxford University Press";"1978, 1985, 1989-2025";"Political Science and International Relations (Q1); Sociology and Political Science (Q1)";"Social Sciences"
89;14427;"European Sociological Review";journal;"02667215, 14682672";"Oxford University Press";No;No;1,515;Q1;115;73;188;3861;733;186;3,45;52,89;35,33;8;39;United Kingdom;Western Europe;"Oxford University Press";"1985-2025";"Sociology and Political Science (Q1)";"Social Sciences"
90;5400152621;"Sustainability Science";journal;"18624065, 18624057";"Springer";No;No;1,515;Q1;96;169;501;12832;3107;476;5,47;75,93;48,69;14;118;Japan;Asiatic Region;"Springer";"2006-2025";"Ecology (Q1); Geography, Planning and Development (Q1); Global and Planetary Change (Q1); Health (social science) (Q1); Management, Monitoring, Policy and Law (Q1); Nature and Landscape Conservation (Q1); Sociology and Political Science (Q1)";"Environmental Science; Social Sciences"
91;21100835891;"Journal of Experimental Political Science";journal;"20522630, 20522649";"Cambridge University Press";No;No;1,506;Q1;27;25;111;956;410;109;3,40;38,24;27,66;0;10;United Kingdom;Western Europe;"Cambridge University Press";"2014-2025";"Sociology and Political Science (Q1)";"Social Sciences"
92;24829;"Journal of Political Philosophy";journal;"14679760, 09638016";"Wiley-Blackwell Publishing Ltd";No;No;1,501;Q1;80;0;78;0;312;66;3,87;0,00;0,00;0;0;United Kingdom;Western Europe;"Wiley-Blackwell Publishing Ltd";"1993-2023";"Philosophy (Q1); Sociology and Political Science (Q1)";"Arts and Humanities; Social Sciences"
93;18130;"Sociology";journal;"00380385, 14698684";"SAGE Publications Ltd";No;No;1,497;Q1;138;106;215;6107;982;214;4,20;57,61;62,95;8;41;United Kingdom;Western Europe;"SAGE Publications Ltd";"1967-2025";"Sociology and Political Science (Q1)";"Social Sciences"
94;13854;"Housing Studies";journal;"14661810, 02673037";"Routledge";No;No;1,496;Q1;95;213;257;14687;1402;251;5,09;68,95;54,24;23;189;United Kingdom;Western Europe;"Routledge";"1986-2025";"Environmental Science (miscellaneous) (Q1); Sociology and Political Science (Q1); Urban Studies (Q1)";"Environmental Science; Social Sciences"
95;27944;"Review of International Studies";journal;"14699044, 02602105";"Cambridge University Press";No;No;1,470;Q1;92;103;150;14034;682;148;4,43;136,25;44,52;0;37;United Kingdom;Western Europe;"Cambridge University Press";"1976, 1981-2025";"Political Science and International Relations (Q1); Sociology and Political Science (Q1)";"Social Sciences"
96;14230;"Cultural Diversity and Ethnic Minority Psychology";journal;"10999809, 19390106";"American Psychological Association";No;No;1,467;Q1;106;97;246;6523;1150;246;3,28;67,25;69,58;0;45;United States;Northern America;"American Psychological Association";"1999-2025";"Social Psychology (Q1); Sociology and Political Science (Q1)";"Psychology; Social Sciences"
97;21100779233;"Journal of Racial and Ethnic Health Disparities";journal;"21968837, 21973792";"Springer Science and Business Media Deutschland GmbH";No;No;1,460;Q1;56;660;728;33909;2942;728;3,90;51,38;63,14;7;556;Germany;Western Europe;"Springer Science and Business Media Deutschland GmbH";"2014-2025";"Anthropology (Q1); Health Policy (Q1); Health (social science) (Q1); Public Health, Environmental and Occupational Health (Q1); Sociology and Political Science (Q1)";"Medicine; Social Sciences"
98;29102;"Health and Place";journal;"18732054, 13538292";"Elsevier Ltd";No;No;1,456;Q1;144;180;534;12346;2642;531;4,65;68,59;59,98;3;111;United Kingdom;Western Europe;"Elsevier Ltd";"1995-2025";"Geography, Planning and Development (Q1); Health (social science) (Q1); Life-span and Life-course Studies (Q1); Public Health, Environmental and Occupational Health (Q1); Sociology and Political Science (Q1)";"Medicine; Social Sciences"
99;21100855986;"Revista de Investigacoes Constitucionais";journal;"23595639";"Universidade Federal do Parana";Yes;Yes;1,445;Q1;12;23;76;1009;95;71;1,42;43,87;25,00;0;15;Brazil;Latin America;"Universidade Federal do Parana";"2014-2024";"Law (Q1); Sociology and Political Science (Q1)";"Social Sciences"
100;18090;"Sociological Methodology";journal;"14679531, 00811750";"SAGE Publications Ltd";No;No;1,440;Q1;66;17;36;1014;128;36;2,96;59,65;50,00;0;1;United Kingdom;Western Europe;"SAGE Publications Ltd";"1987-1990, 1993, 1996-2025";"Social Sciences (miscellaneous) (Q1); Sociology and Political Science (Q1)";"Social Sciences"
101;19088;"Governance";journal;"09521895, 14680491";"Wiley-Blackwell Publishing Ltd";No;No;1,426;Q1;99;78;176;4835;851;173;4,65;61,99;37,89;14;34;United Kingdom;Western Europe;"Wiley-Blackwell Publishing Ltd";"1988-2025";"Marketing (Q1); Public Administration (Q1); Sociology and Political Science (Q1)";"Business, Management and Accounting; Social Sciences"
102;26441;"Social Science Research";journal;"10960317, 0049089X";"Academic Press Inc.";No;No;1,423;Q1;118;89;255;7086;1058;255;4,10;79,62;37,24;1;51;United States;Northern America;"Academic Press Inc.";"1972-2025";"Education (Q1); Sociology and Political Science (Q1)";"Social Sciences"
103;22867;"Political Research Quarterly";journal;"1938274X, 10659129";"SAGE Publications Inc.";No;No;1,422;Q1;105;127;317;8070;922;316;2,58;63,54;31,82;2;53;United States;Northern America;"SAGE Publications Inc.";"1948, 1950-1952, 1954-1955, 1957-1967, 1969-1977, 1979-1986, 1988-2025";"Sociology and Political Science (Q1)";"Social Sciences"
104;13892;"International Journal of Urban and Regional Research";journal;"03091317, 14682427";"Wiley-Blackwell Publishing Ltd";No;No;1,417;Q1;138;59;194;4235;721;192;3,08;71,78;46,15;0;49;United Kingdom;Western Europe;"Wiley-Blackwell Publishing Ltd";"1977-2025";"Development (Q1); Sociology and Political Science (Q1); Urban Studies (Q1)";"Social Sciences"
105;28011;"Security Studies";journal;"15561852, 09636412";"Routledge";No;No;1,414;Q1;64;28;109;784;282;83;2,27;28,00;28,13;3;3;United Kingdom;Western Europe;"Routledge";"1991-2024";"Political Science and International Relations (Q1); Sociology and Political Science (Q1)";"Social Sciences"
106;22762;"Policy and Politics";journal;"03055736, 14708442";"Policy Press";No;No;1,413;Q1;72;31;94;2341;515;94;3,06;75,52;38,10;0;21;United Kingdom;Western Europe;"Policy Press";"1979-2025";"Management, Monitoring, Policy and Law (Q1); Public Administration (Q1); Sociology and Political Science (Q1)";"Environmental Science; Social Sciences"
107;5700166179;"Politics and Gender";journal;"1743923X, 17439248";"Cambridge University Press";No;No;1,405;Q1;59;43;159;2468;540;145;3,37;57,40;67,44;0;37;United Kingdom;Western Europe;"Cambridge University Press";"2005-2025";"Gender Studies (Q1); Sociology and Political Science (Q1)";"Social Sciences"
108;14000156253;"Regulation and Governance";journal;"17485983, 17485991";"Wiley-Blackwell Publishing Ltd";No;No;1,403;Q1;63;114;228;9330;1206;225;5,41;81,84;36,25;19;54;United Kingdom;Western Europe;"Wiley-Blackwell Publishing Ltd";"2008-2025";"Law (Q1); Public Administration (Q1); Sociology and Political Science (Q1)";"Social Sciences"
109;5700161511;"Social Movement Studies";journal;"14742837";"Routledge";No;No;1,381;Q1;49;93;158;4881;725;156;3,39;52,48;48,75;0;40;United Kingdom;Western Europe;"Routledge";"2010-2025";"Cultural Studies (Q1); Sociology and Political Science (Q1)";"Social Sciences"
110;25833;"International Political Science Review";journal;"01925121, 1460373X";"SAGE Publications Ltd";No;No;1,377;Q1;72;73;134;3493;584;132;3,88;47,85;40,60;9;33;United Kingdom;Western Europe;"SAGE Publications Ltd";"1980-2025";"Political Science and International Relations (Q1); Sociology and Political Science (Q1)";"Social Sciences"
111;17449;"Science Communication";journal;"15528545, 10755470";"SAGE Publications Inc.";No;No;1,350;Q1;80;49;105;3193;535;84;4,33;65,16;58,40;1;24;United States;Northern America;"SAGE Publications Inc.";"1979-2025";"Sociology and Political Science (Q1)";"Social Sciences"
112;17497;"British Journal of Sociology";journal;"00071315, 14684446";"Wiley-Blackwell Publishing Ltd";No;No;1,347;Q1;117;71;198;3991;730;194;3,92;56,21;39,82;4;32;United Kingdom;Western Europe;"Wiley-Blackwell Publishing Ltd";"1965-1977, 1979-1984, 1987-2025";"Sociology and Political Science (Q1)";"Social Sciences"
113;28611;"Geoforum";journal;"00167185";"Elsevier B.V.";No;No;1,345;Q1;151;195;690;16761;2998;665;3,61;85,95;48,90;6;134;United Kingdom;Western Europe;"Elsevier B.V.";"1970-2025";"Sociology and Political Science (Q1)";"Social Sciences"
114;22915;"Journal of Economic Psychology";journal;"01674870";"Elsevier B.V.";No;No;1,333;Q1;126;49;181;2820;475;177;2,43;57,55;35,46;0;17;Netherlands;Western Europe;"Elsevier B.V.";"1981-2025";"Applied Psychology (Q1); Economics and Econometrics (Q1); Sociology and Political Science (Q1)";"Economics, Econometrics and Finance; Psychology; Social Sciences"
115;5700166813;"Journal of Chinese Political Science";journal;"10806954, 15557898";"Springer Netherlands";No;No;1,332;Q1;33;46;94;3752;516;93;4,48;81,57;37,04;3;32;Netherlands;Western Europe;"Springer Netherlands";"1995-1996, 2003, 2008-2025";"Political Science and International Relations (Q1); Sociology and Political Science (Q1)";"Social Sciences"
116;5600155551;"International Political Sociology";journal;"17495687, 17495679";"Oxford University Press";No;No;1,330;Q1;58;51;79;4032;318;77;3,06;79,06;50,00;0;21;United Kingdom;Western Europe;"Oxford University Press";"2008-2025";"Sociology and Political Science (Q1)";"Social Sciences"
117;19700181316;"Journal of Public Relations Research";journal;"1062726X, 1532754X";"Routledge";No;No;1,320;Q1;67;31;71;2659;313;61;4,10;85,77;49,23;0;7;United Kingdom;Western Europe;"Routledge";"1992-1995, 2004, 2007-2025";"Public Administration (Q1); Sociology and Political Science (Q1)";"Social Sciences"
118;5700162364;"Journal of European Integration";journal;"07036337, 14772280";"Routledge";No;No;1,300;Q1;57;91;195;5896;827;193;4,12;64,79;41,38;11;29;United Kingdom;Western Europe;"Routledge";"1977-2025";"Political Science and International Relations (Q1); Sociology and Political Science (Q1)";"Social Sciences"
119;19700170417;"Journal of Information Technology and Politics";journal;"19331681, 1933169X";"Routledge";No;No;1,300;Q1;54;76;95;4272;470;89;4,49;56,21;47,88;4;21;United States;Northern America;"Routledge";"2008-2025";"Computer Science (miscellaneous) (Q1); Public Administration (Q1); Sociology and Political Science (Q1)";"Computer Science; Social Sciences"
120;13344;"Social Psychology of Education";journal;"15731928, 13812890";"Springer Netherlands";No;No;1,297;Q1;70;139;203;10308;937;203;4,29;74,16;61,67;5;52;Netherlands;Western Europe;"Springer Netherlands";"1996-2025";"Developmental and Educational Psychology (Q1); Education (Q1); Social Psychology (Q1); Sociology and Political Science (Q1)";"Psychology; Social Sciences"
121;22751;"Journal of Economic Inequality";journal;"15691721, 15738701";"Springer Netherlands";No;No;1,294;Q1;51;70;117;3611;429;115;2,86;51,59;30,43;9;64;Netherlands;Western Europe;"Springer Netherlands";"2004-2025";"Economics, Econometrics and Finance (miscellaneous) (Q1); Organizational Behavior and Human Resource Management (Q1); Sociology and Political Science (Q1)";"Business, Management and Accounting; Economics, Econometrics and Finance; Social Sciences"
122;23715;"Science Technology and Human Values";journal;"01622439, 15528251";"SAGE Publications Inc.";No;No;1,290;Q1;96;97;179;5946;757;163;3,83;61,30;62,42;2;44;United States;Northern America;"SAGE Publications Inc.";"1976-2025";"Anthropology (Q1); Economics and Econometrics (Q1); Engineering (miscellaneous) (Q1); Human-Computer Interaction (Q1); Philosophy (Q1); Social Sciences (miscellaneous) (Q1); Sociology and Political Science (Q1)";"Arts and Humanities; Computer Science; Economics, Econometrics and Finance; Engineering; Social Sciences"
123;17591;"Law and Society Review";journal;"00239216, 15405893";"Cambridge University Press";No;No;1,286;Q1;92;16;79;1093;174;74;1,96;68,31;47,37;0;7;United Kingdom;Western Europe;"Cambridge University Press";"1977-1979, 1983, 1985, 1987, 1996-2024";"Law (Q1); Sociology and Political Science (Q1)";"Social Sciences"
124;23144;"Language in Society";journal;"14698013, 00474045";"Cambridge University Press";No;No;1,280;Q1;78;52;108;3381;315;101;2,86;65,02;56,58;0;6;United Kingdom;Western Europe;"Cambridge University Press";"1972-2025";"Linguistics and Language (Q1); Sociology and Political Science (Q1)";"Social Sciences"
125;25675;"Journal of Early Adolescence";journal;"15525449, 02724316";"SAGE Publications Inc.";No;No;1,264;Q1;85;80;144;5506;549;143;3,81;68,83;61,97;0;30;United States;Northern America;"SAGE Publications Inc.";"1981-2025";"Developmental and Educational Psychology (Q1); Life-span and Life-course Studies (Q1); Social Sciences (miscellaneous) (Q1); Sociology and Political Science (Q1)";"Psychology; Social Sciences"
126;25733;"Journal of Criminal Justice";journal;"00472352";"Elsevier B.V.";Yes;No;1,256;Q1;106;139;246;9920;1083;245;3,15;71,37;45,30;2;66;United Kingdom;Western Europe;"Elsevier B.V.";"1973-2025";"Applied Psychology (Q1); Law (Q1); Social Psychology (Q1); Sociology and Political Science (Q1)";"Psychology; Social Sciences"
127;15528;"Annals of the American Academy of Political and Social Science";journal;"15523349, 00027162";"SAGE Publications Inc.";No;No;1,253;Q1;131;13;257;480;890;243;3,12;36,92;56,25;0;10;United States;Northern America;"SAGE Publications Inc.";"1890-2024";"Social Sciences (miscellaneous) (Q1); Sociology and Political Science (Q1)";"Social Sciences"
128;21100869398;"Work, Aging and Retirement";journal;"20544650";"Oxford University Press";No;No;1,248;Q1;39;33;91;2083;331;81;3,31;63,12;56,79;4;16;United States;Northern America;"Oxford University Press";"2015-2024";"Economics, Econometrics and Finance (miscellaneous) (Q1); Geriatrics and Gerontology (Q1); Industrial Relations (Q1); Life-span and Life-course Studies (Q1); Organizational Behavior and Human Resource Management (Q1); Sociology and Political Science (Q1)";"Business, Management and Accounting; Economics, Econometrics and Finance; Medicine; Social Sciences"
129;20369;"Journal of Family Violence";journal;"08857482, 15732851";"Springer New York";No;No;1,243;Q1;98;237;374;13551;1544;369;4,39;57,18;75,60;10;232;United States;Northern America;"Springer New York";"1986-2025";"Clinical Psychology (Q1); Law (Q1); Social Sciences (miscellaneous) (Q1); Sociology and Political Science (Q1)";"Psychology; Social Sciences"
130;28082;"South European Society and Politics";journal;"13608746, 17439612";"Routledge";No;No;1,231;Q1;56;13;64;905;269;60;4,14;69,62;38,71;0;4;United Kingdom;Western Europe;"Routledge";"1996-2025";"Sociology and Political Science (Q1)";"Social Sciences"
131;12915;"Space Policy";journal;"02659646, 1879338X";"Elsevier B.V.";No;No;1,227;Q1;33;51;91;3469;318;90;3,15;68,02;32,73;3;15;United Kingdom;Western Europe;"Elsevier B.V.";"1985-2025";"Economics and Econometrics (Q1); Law (Q1); Sociology and Political Science (Q1); Space and Planetary Science (Q1)";"Earth and Planetary Sciences; Economics, Econometrics and Finance; Social Sciences"
132;21542;"Urban Review";journal;"15731960, 00420972";"Springer Netherlands";No;No;1,223;Q1;59;49;94;3210;312;93;2,95;65,51;75,68;0;26;Netherlands;Western Europe;"Springer Netherlands";"1967-1976, 1978-2025";"Education (Q1); Sociology and Political Science (Q1); Urban Studies (Q1)";"Social Sciences"
133;21101185683;"Journal of Race Ethnicity and the City";journal;"26884674, 26884682";"Routledge";No;No;1,220;Q1;9;16;29;1220;112;27;1,58;76,25;71,43;1;10;United States;Northern America;"Routledge";"2020-2024";"Anthropology (Q1); Geography, Planning and Development (Q1); Political Science and International Relations (Q1); Public Administration (Q1); Sociology and Political Science (Q1); Urban Studies (Q1)";"Social Sciences"
134;22773;"Policy Sciences";journal;"00322687, 15730891";"Springer Netherlands";No;No;1,217;Q1;78;43;109;3508;536;107;4,09;81,58;52,27;1;23;Netherlands;Western Europe;"Springer Netherlands";"1970-2025";"Development (Q1); Management, Monitoring, Policy and Law (Q1); Public Administration (Q1); Social Sciences (miscellaneous) (Q1); Sociology and Political Science (Q1)";"Environmental Science; Social Sciences"
135;21100887502;"Journal of Open Innovation: Technology, Market, and Complexity";journal;"21998531";"Elsevier B.V.";Yes;No;1,215;Q1;63;262;622;21290;6292;622;10,18;81,26;32,54;1;168;Switzerland;Western Europe;"Elsevier B.V.";"2015-2025";"Development (Q1); Economics, Econometrics and Finance (miscellaneous) (Q1); Sociology and Political Science (Q1)";"Economics, Econometrics and Finance; Social Sciences"
136;22223;"Forest Policy and Economics";journal;"13899341";"Elsevier B.V.";No;No;1,205;Q1;92;175;452;14268;2182;403;4,63;81,53;39,44;5;148;Netherlands;Western Europe;"Elsevier B.V.";"2000-2025";"Economics and Econometrics (Q1); Forestry (Q1); Management, Monitoring, Policy and Law (Q1); Sociology and Political Science (Q1)";"Agricultural and Biological Sciences; Economics, Econometrics and Finance; Environmental Science; Social Sciences"
137;5700165635;"Journal of Elections, Public Opinion and Parties";journal;"17457289";"Routledge";No;No;1,202;Q1;38;83;157;4288;430;119;1,67;51,66;27,78;5;26;United States;Northern America;"Routledge";"2010-2025";"Sociology and Political Science (Q1)";"Social Sciences"
138;18062;"Sociologia Ruralis";journal;"14679523, 00380199";"Wiley-Blackwell Publishing Ltd";No;No;1,202;Q1;106;34;123;2535;581;119;4,74;74,56;63,10;2;22;United Kingdom;Western Europe;"Wiley-Blackwell Publishing Ltd";"1960, 1962-2025";"Sociology and Political Science (Q1)";"Social Sciences"
139;13857;"Housing, Theory and Society";journal;"16512278, 14036096";"Taylor and Francis Ltd.";No;No;1,194;Q1;60;56;101;3243;434;100;3,28;57,91;54,44;0;46;United Kingdom;Western Europe;"Taylor and Francis Ltd.";"1996-2025";"Development (Q1); Sociology and Political Science (Q1); Urban Studies (Q1)";"Social Sciences"
140;30086;"Journal of Social and Personal Relationships";journal;"02654075";"SAGE Publications Ltd";No;No;1,190;Q1;108;189;541;11690;1859;540;3,05;61,85;64,25;0;38;United Kingdom;Western Europe;"SAGE Publications Ltd";"1984-2025";"Communication (Q1); Developmental and Educational Psychology (Q1); Social Psychology (Q1); Sociology and Political Science (Q1)";"Psychology; Social Sciences"
141;21100197766;"Chinese Sociological Review";journal;"21620555, 21620563";"M.E. Sharpe Inc.";No;No;1,189;Q1;33;35;62;2243;251;62;3,56;64,09;51,19;0;25;United States;Northern America;"M.E. Sharpe Inc.";"2011-2025";"Anthropology (Q1); Demography (Q1); Gender Studies (Q1); Sociology and Political Science (Q1)";"Social Sciences"
142;5700181569;"Journal of Gambling Studies";journal;"10505350, 15733602";"Springer International Publishing AG";No;No;1,183;Q1;92;135;257;7723;844;257;3,29;57,21;43,86;0;19;United States;Northern America;"Springer International Publishing AG";"1990-2025";"Psychology (miscellaneous) (Q1); Sociology and Political Science (Q1)";"Psychology; Social Sciences"
143;17409;"Poetics";journal;"0304422X";"Elsevier B.V.";No;No;1,176;Q1;82;51;172;3546;496;169;2,38;69,53;43,43;1;13;Netherlands;Western Europe;"Elsevier B.V.";"1971-2025";"Communication (Q1); Cultural Studies (Q1); Linguistics and Language (Q1); Literature and Literary Theory (Q1); Sociology and Political Science (Q1)";"Arts and Humanities; Social Sciences"
144;13524;"Discourse and Society";journal;"14603624, 09579265";"SAGE Publications Ltd";No;No;1,174;Q1;90;74;113;4001;493;113;3,77;54,07;48,72;0;24;United Kingdom;Western Europe;"SAGE Publications Ltd";"1990-2025";"Communication (Q1); Linguistics and Language (Q1); Sociology and Political Science (Q1)";"Social Sciences"
145;25987;"Social Networks";journal;"03788733";"Elsevier B.V.";No;No;1,168;Q1;120;70;227;4718;708;225;2,90;67,40;32,42;0;14;Netherlands;Western Europe;"Elsevier B.V.";"1978-2025";"Anthropology (Q1); Psychology (miscellaneous) (Q1); Social Sciences (miscellaneous) (Q1); Sociology and Political Science (Q1)";"Psychology; Social Sciences"
146;20943;"Scandinavian Political Studies";journal;"00806757, 14679477";"Wiley-Blackwell Publishing Ltd";No;No;1,161;Q1;52;31;63;2043;214;62;3,05;65,90;31,37;1;8;United Kingdom;Western Europe;"Wiley-Blackwell Publishing Ltd";"1967-1973, 1975-2025";"Sociology and Political Science (Q1)";"Social Sciences"
147;21100329895;"Behavioral Sciences of Terrorism and Political Aggression";journal;"19434480, 19434472";"Routledge";No;No;1,152;Q1;24;53;68;3407;172;68;2,31;64,28;41,67;7;28;United States;Northern America;"Routledge";"2009-2025";"Political Science and International Relations (Q1); Social Psychology (Q1); Sociology and Political Science (Q1)";"Psychology; Social Sciences"
148;29189;"Journal of Aging and Health";journal;"15526887, 08982643";"SAGE Publications Inc.";No;No;1,143;Q1;93;115;277;6195;864;276;2,66;53,87;62,22;2;40;United States;Northern America;"SAGE Publications Inc.";"1989-2025";"Community and Home Care (Q1); Gerontology (Q1); Health (social science) (Q1); Life-span and Life-course Studies (Q1); Sociology and Political Science (Q1); Geriatrics and Gerontology (Q2)";"Medicine; Nursing; Social Sciences"
149;27446;"Youth and Society";journal;"15528499, 0044118X";"SAGE Publications Inc.";No;No;1,143;Q1;78;101;201;5979;766;200;3,29;59,20;67,13;0;58;United States;Northern America;"SAGE Publications Inc.";"1969-2025";"Social Sciences (miscellaneous) (Q1); Sociology and Political Science (Q1)";"Social Sciences"
150;18106;"Sociological Review";journal;"1467954X, 00380261";"SAGE Publications Inc.";No;No;1,142;Q1;110;109;225;6508;754;220;3,07;59,71;61,41;3;45;United Kingdom;Western Europe;"SAGE Publications Inc.";"1908-2025";"Sociology and Political Science (Q1)";"Social Sciences"
151;21100865122;"Research and Politics";journal;"20531680";"SAGE Publications Ltd";Yes;No;1,140;Q1;42;59;143;1729;360;141;2,11;29,31;29,14;3;25;United Kingdom;Western Europe;"SAGE Publications Ltd";"2014-2025";"Political Science and International Relations (Q1); Public Administration (Q1); Sociology and Political Science (Q1)";"Social Sciences"
152;21101095132;"Behavioural Public Policy";journal;"23980648, 2398063X";"Cambridge University Press";No;No;1,134;Q1;27;74;136;4240;478;128;3,21;57,30;36,69;11;19;United Kingdom;Western Europe;"Cambridge University Press";"2017-2025";"Political Science and International Relations (Q1); Social Psychology (Q1); Social Sciences (miscellaneous) (Q1); Sociology and Political Science (Q1); Applied Psychology (Q2)";"Psychology; Social Sciences"
153;15807;"International Review of Administrative Sciences";journal;"00208523, 14617226";"SAGE Publications Ltd";No;No;1,133;Q1;74;63;197;3068;902;193;4,06;48,70;38,81;1;39;United Kingdom;Western Europe;"SAGE Publications Ltd";"1957-2025";"Public Administration (Q1); Sociology and Political Science (Q1)";"Social Sciences"
154;300147001;"European Journal of Social Theory";journal;"13684310";"SAGE Publications Ltd";No;No;1,132;Q1;77;57;105;3522;381;97;3,71;61,79;34,78;0;12;United Kingdom;Western Europe;"SAGE Publications Ltd";"1998-2025";"Sociology and Political Science (Q1)";"Social Sciences"
155;25561;"Futures";journal;"00163287";"Elsevier Ltd";No;No;1,120;Q1;105;149;408;11500;2005;403;4,73;77,18;46,92;4;78;United Kingdom;Western Europe;"Elsevier Ltd";"1968-2025";"Business and International Management (Q1); Development (Q1); Sociology and Political Science (Q1)";"Business, Management and Accounting; Social Sciences"
156;15300154806;"Dementia";journal;"17412684, 14713012";"SAGE Publications Ltd";No;No;1,113;Q1;70;95;411;5164;1366;409;3,02;54,36;75,23;2;17;United Kingdom;Western Europe;"SAGE Publications Ltd";"2002-2025";"History (Q1); Medicine (miscellaneous) (Q1); Social Sciences (miscellaneous) (Q1); Sociology and Political Science (Q1)";"Arts and Humanities; Medicine; Social Sciences"
157;15559;"American Politics Research";journal;"15523373, 1532673X";"SAGE Publications Inc.";No;No;1,109;Q1;66;54;177;2900;459;177;2,30;53,70;32,29;0;17;United States;Northern America;"SAGE Publications Inc.";"1973-2025";"Sociology and Political Science (Q1)";"Social Sciences"
158;23464;"China Journal";journal;"18358535, 13249347";"University of Chicago Press";No;No;1,107;Q1;60;8;33;0;156;26;3,77;0,00;60,00;1;4;Australia;Pacific Region;"University of Chicago Press";"1995-2024";"Geography, Planning and Development (Q1); Sociology and Political Science (Q1)";"Social Sciences"
159;21100255082;"International Journal of Integrated Care";journal;"15684156";"Ubiquity Press";Yes;No;1,106;Q1;47;83;281;3597;812;260;2,34;43,34;66,58;0;29;Netherlands;Western Europe;"Ubiquity Press";"2007-2025";"Health Policy (Q1); Health (social science) (Q1); Sociology and Political Science (Q1)";"Medicine; Social Sciences"
160;144973;"Men and Masculinities";journal;"1097184X";"SAGE Publications Inc.";No;No;1,106;Q1;77;42;126;2097;491;125;2,78;49,93;61,19;0;27;United States;Northern America;"SAGE Publications Inc.";"1998-2024";"Gender Studies (Q1); History (Q1); Literature and Literary Theory (Q1); Sociology and Political Science (Q1)";"Arts and Humanities; Social Sciences"
161;14573;"Social Policy and Administration";journal;"01445596, 14679515";"Wiley-Blackwell Publishing Ltd";No;No;1,104;Q1;79;114;228;6357;1028;228;3,01;55,76;48,51;10;85;United Kingdom;Western Europe;"Wiley-Blackwell Publishing Ltd";"1967-2025";"Development (Q1); Public Administration (Q1); Social Work (Q1); Sociology and Political Science (Q1)";"Social Sciences"
162;16051;"American Review of Public Administration";journal;"15523357, 02750740";"SAGE Publications Inc.";No;No;1,101;Q1;82;54;100;4237;384;100;3,39;78,46;43,86;2;20;United States;Northern America;"SAGE Publications Inc.";"1967-1983, 1987-2025";"Public Administration (Q1); Sociology and Political Science (Q1); Marketing (Q2)";"Business, Management and Accounting; Social Sciences"
163;21071;"Journal of Sport and Social Issues";journal;"01937235, 15527638";"SAGE Publications Inc.";No;No;1,085;Q1;72;25;73;1593;358;73;3,55;63,72;45,00;0;8;United States;Northern America;"SAGE Publications Inc.";"1977-2025";"Sociology and Political Science (Q1)";"Social Sciences"
164;16032;"Administration and Society";journal;"00953997, 15523039";"SAGE Publications Inc.";No;No;1,082;Q1;80;45;216;3323;820;210;3,68;73,84;37,37;0;18;United States;Northern America;"SAGE Publications Inc.";"1969-2025";"Public Administration (Q1); Sociology and Political Science (Q1); Marketing (Q2)";"Business, Management and Accounting; Social Sciences"
165;29849;"Journal of Accounting and Public Policy";journal;"18732070, 02784254";"Elsevier Inc.";No;No;1,081;Q1;96;55;193;3916;710;186;2,82;71,20;33,78;0;25;United States;Northern America;"Elsevier Inc.";"1982-2025";"Accounting (Q1); Sociology and Political Science (Q1)";"Business, Management and Accounting; Social Sciences"
166;15081;"Agriculture and Human Values";journal;"15728366, 0889048X";"Springer Science and Business Media B.V.";No;No;1,076;Q1;99;151;276;12556;1303;272;4,42;83,15;56,22;11;128;Netherlands;Western Europe;"Springer Science and Business Media B.V.";"1984-2025";"Agronomy and Crop Science (Q1); Geography, Planning and Development (Q1); Sociology and Political Science (Q1)";"Agricultural and Biological Sciences; Social Sciences"
167;25654;"Post-Soviet Affairs";journal;"1060586X";"Taylor and Francis Ltd.";No;No;1,072;Q1;57;26;93;1752;317;90;3,65;67,38;40,00;0;10;United Kingdom;Western Europe;"Taylor and Francis Ltd.";"1992-2025";"Economics and Econometrics (Q1); Political Science and International Relations (Q1); Sociology and Political Science (Q1)";"Economics, Econometrics and Finance; Social Sciences"
168;30084;"Journal of Sex Research";journal;"00224499, 15598519";"Taylor and Francis Ltd.";No;No;1,071;Q1;139;213;328;15130;1325;314;3,41;71,03;61,02;4;92;United Kingdom;Western Europe;"Taylor and Francis Ltd.";"1965-2025";"Gender Studies (Q1); History and Philosophy of Science (Q1); Psychology (miscellaneous) (Q1); Sociology and Political Science (Q1)";"Arts and Humanities; Psychology; Social Sciences"
169;29643;"Urban Affairs Review";journal;"10780874";"SAGE Publications Inc.";No;No;1,071;Q1;88;102;185;6367;649;179;3,21;62,42;46,52;8;63;United States;Northern America;"SAGE Publications Inc.";"1965-2025";"Sociology and Political Science (Q1); Urban Studies (Q1)";"Social Sciences"
170;21100889857;"Journal of Benefit-Cost Analysis";journal;"21522812, 21945888";"Cambridge University Press";No;No;1,067;Q1;17;28;76;1320;172;76;1,96;47,14;27,27;2;11;United Kingdom;Western Europe;"Cambridge University Press";"2011, 2018-2025";"Economics and Econometrics (Q1); Public Administration (Q1); Sociology and Political Science (Q1)";"Economics, Econometrics and Finance; Social Sciences"
171;19400158810;"Child Indicators Research";journal;"18748988, 1874897X";"Springer Netherlands";No;No;1,065;Q1;52;114;322;8048;1145;322;2,54;70,60;59,13;1;62;Netherlands;Western Europe;"Springer Netherlands";"2010-2025";"Health (social science) (Q1); Social Psychology (Q1); Sociology and Political Science (Q1)";"Psychology; Social Sciences"
172;20537;"Journal of Behavioral Decision Making";journal;"08943257, 10990771";"John Wiley and Sons Ltd";No;No;1,064;Q1;96;62;144;3785;367;144;2,11;61,05;38,27;0;2;United Kingdom;Western Europe;"John Wiley and Sons Ltd";"1988-2025";"Arts and Humanities (miscellaneous) (Q1); Sociology and Political Science (Q1); Strategy and Management (Q1); Applied Psychology (Q2); Decision Sciences (miscellaneous) (Q2)";"Arts and Humanities; Business, Management and Accounting; Decision Sciences; Psychology; Social Sciences"
173;100147345;"Journal of Sociolinguistics";journal;"13606441, 14679841";"Wiley-Blackwell Publishing Ltd";No;No;1,057;Q1;68;33;111;1287;256;87;2,14;39,00;43,75;0;2;United Kingdom;Western Europe;"Wiley-Blackwell Publishing Ltd";"2004-2025";"History and Philosophy of Science (Q1); Linguistics and Language (Q1); Philosophy (Q1); Sociology and Political Science (Q1)";"Arts and Humanities; Social Sciences"
174;28523;"Terrorism and Political Violence";journal;"15561836, 09546553";"Routledge";No;No;1,057;Q1;64;95;275;552;861;270;2,97;5,81;40,81;15;53;United Kingdom;Western Europe;"Routledge";"1989-2025";"Political Science and International Relations (Q1); Safety Research (Q1); Safety, Risk, Reliability and Quality (Q1); Sociology and Political Science (Q1)";"Engineering; Social Sciences"
175;4100151507;"Research in Social Stratification and Mobility";book series;"02765624";"Emerald Publishing";No;No;1,051;Q1;61;78;154;5778;456;152;2,34;74,08;41,62;4;68;United States;Northern America;"Emerald Publishing";"2001-2025";"Social Sciences (miscellaneous) (Q1); Sociology and Political Science (Q1)";"Social Sciences"
176;15496;"International Journal of Intercultural Relations";journal;"01471767";"Elsevier Ltd";No;No;1,047;Q1;107;140;382;10129;1463;376;3,37;72,35;59,95;0;49;United Kingdom;Western Europe;"Elsevier Ltd";"1977-2025";"Business and International Management (Q1); Social Psychology (Q1); Sociology and Political Science (Q1)";"Business, Management and Accounting; Psychology; Social Sciences"
177;18697;"Theory and Society";journal;"15737853, 03042421";"Springer Netherlands";No;No;1,047;Q1;94;58;111;4889;350;111;2,35;84,29;21,62;0;17;Netherlands;Western Europe;"Springer Netherlands";"1974-2025";"History (Q1); Sociology and Political Science (Q1)";"Arts and Humanities; Social Sciences"
178;20848;"Health and Social Care in the Community";journal;"09660410, 13652524";"John Wiley and Sons Ltd";No;No;1,045;Q1;85;132;1164;7481;3580;1163;2,97;56,67;67,57;0;68;United Kingdom;Western Europe;"John Wiley and Sons Ltd";"1993-2024";"Health Policy (Q1); Public Health, Environmental and Occupational Health (Q1); Social Sciences (miscellaneous) (Q1); Social Work (Q1); Sociology and Political Science (Q1)";"Medicine; Social Sciences"
179;21100814045;"Journal of Human Rights and the Environment";journal;"17597188, 17597196";"Edward Elgar Publishing Ltd.";No;No;1,037;Q1;17;11;58;89;141;49;2,69;8,09;53,33;0;5;United Kingdom;Western Europe;"Edward Elgar Publishing Ltd.";"2016-2024";"Law (Q1); Management, Monitoring, Policy and Law (Q1); Sociology and Political Science (Q1)";"Environmental Science; Social Sciences"
180;5700166815;"Sexuality Research and Social Policy";journal;"15536610, 18689884";"Springer New York";No;No;1,037;Q1;56;227;381;15132;1407;380;3,65;66,66;58,01;5;157;United States;Northern America;"Springer New York";"2005-2006, 2008-2025";"Gender Studies (Q1); Health (social science) (Q1); Sociology and Political Science (Q1)";"Social Sciences"
181;26124;"Ethnic and Racial Studies";journal;"01419870, 14664356";"Routledge";No;No;1,036;Q1;125;274;524;14753;1675;476;2,73;53,84;61,08;9;114;United Kingdom;Western Europe;"Routledge";"1978-2025";"Anthropology (Q1); Cultural Studies (Q1); Sociology and Political Science (Q1)";"Social Sciences"
182;5600157642;"Public Policy and Administration";journal;"09520767, 17494192";"SAGE Publications Ltd";No;No;1,034;Q1;50;48;67;3219;335;66;5,24;67,06;40,00;4;21;United Kingdom;Western Europe;"SAGE Publications Ltd";"1986-2025";"Public Administration (Q1); Sociology and Political Science (Q1)";"Social Sciences"
183;21101059716;"Al-Ihkam: Jurnal Hukum dan Pranata Sosial";journal;"24423084, 1907591X";"Faculty of Shariah Institut Agama Islam Negeri Madura";Yes;No;1,015;Q1;12;18;75;747;310;75;4,55;41,50;25,49;0;6;Indonesia;Asiatic Region;"Faculty of Shariah Institut Agama Islam Negeri Madura";"2018-2024";"Arts and Humanities (miscellaneous) (Q1); Law (Q1); Philosophy (Q1); Religious Studies (Q1); Social Sciences (miscellaneous) (Q1); Sociology and Political Science (Q1); Social Psychology (Q2)";"Arts and Humanities; Psychology; Social Sciences"
184;21100850750;"European Journal of Futures Research";journal;"21952248, 21954194";"Springer Verlag";Yes;No;1,014;Q1;28;22;51;1552;270;51;5,21;70,55;41,67;1;11;Germany;Western Europe;"Springer Verlag";"2013-2025";"Economics, Econometrics and Finance (miscellaneous) (Q1); Social Sciences (miscellaneous) (Q1); Sociology and Political Science (Q1); Tourism, Leisure and Hospitality Management (Q1); Management of Technology and Innovation (Q2)";"Business, Management and Accounting; Economics, Econometrics and Finance; Social Sciences"
185;145332;"Identity";journal;"15283488, 1532706X";"Routledge";No;No;1,008;Q1;41;51;70;3231;228;66;2,57;63,35;64,29;0;7;United Kingdom;Western Europe;"Routledge";"2005-2025";"Anthropology (Q1); Psychology (miscellaneous) (Q1); Sociology and Political Science (Q1)";"Psychology; Social Sciences"
186;4100151709;"European Journal of Political Theory";journal;"17412730, 14748851";"SAGE Publications Ltd";No;No;1,006;Q1;39;54;145;2703;285;143;2,10;50,06;21,67;1;19;United Kingdom;Western Europe;"SAGE Publications Ltd";"2002-2025";"Political Science and International Relations (Q1); Sociology and Political Science (Q1)";"Social Sciences"
187;21100967061;"Journal for Deradicalization";journal;"23639849";"German Institute on Radicalization and De-Radicalization Studies (GIRDS)";Yes;Yes;1,002;Q1;12;24;80;1877;126;80;1,17;78,21;40,82;0;11;Germany;Western Europe;"German Institute on Radicalization and De-Radicalization Studies (GIRDS)";"2019-2024";"Political Science and International Relations (Q1); Sociology and Political Science (Q1)";"Social Sciences"
188;147231;"International Review for the Sociology of Sport";journal;"10126902";"SAGE Publications Ltd";No;No;1,000;Q1;76;111;198;7285;833;197;3,91;65,63;38,22;3;45;United Kingdom;Western Europe;"SAGE Publications Ltd";"1966-2002, 2004-2025";"Social Sciences (miscellaneous) (Q1); Sociology and Political Science (Q1); Sports Science (Q2)";"Health Professions; Social Sciences"
189;19786;"Utilities Policy";journal;"09571787";"Elsevier B.V.";No;No;0,997;Q1;68;120;397;7667;2017;394;5,39;63,89;31,42;2;90;United Kingdom;Western Europe;"Elsevier B.V.";"1990-1995, 1997-2001, 2003-2025";"Business and International Management (Q1); Development (Q1); Law (Q1); Management, Monitoring, Policy and Law (Q1); Sociology and Political Science (Q1); Economics and Econometrics (Q2); Transportation (Q2)";"Business, Management and Accounting; Economics, Econometrics and Finance; Environmental Science; Social Sciences"
190;18777;"Violence Against Women";journal;"10778012, 15528448";"SAGE Publications Inc.";No;No;0,996;Q1;120;329;507;19228;1676;490;2,64;58,44;79,26;8;304;United States;Northern America;"SAGE Publications Inc.";"1995-2025";"Gender Studies (Q1); Law (Q1); Sociology and Political Science (Q1)";"Social Sciences"
191;145502;"Journal of Youth Studies";journal;"14699680, 13676261";"Routledge";No;No;0,995;Q1;77;151;254;8394;977;252;3,93;55,59;66,32;11;92;United Kingdom;Western Europe;"Routledge";"2003-2025";"Life-span and Life-course Studies (Q1); Social Sciences (miscellaneous) (Q1); Sociology and Political Science (Q1)";"Social Sciences"
192;18086;"Sociological Inquiry";journal;"1475682X, 00380245";"Wiley-Blackwell Publishing Ltd";No;No;0,993;Q1;68;68;123;5191;419;120;2,77;76,34;56,05;1;38;United Kingdom;Western Europe;"Wiley-Blackwell Publishing Ltd";"1961-2025";"Sociology and Political Science (Q1)";"Social Sciences"
193;19700188160;"Journal of Comparative Policy Analysis: Research and Practice";journal;"13876988, 15725448";"Routledge";No;No;0,991;Q1;39;37;101;2150;405;99;2,27;58,11;48,00;4;22;United States;Northern America;"Routledge";"1998-2025";"Public Administration (Q1); Sociology and Political Science (Q1)";"Social Sciences"
194;19700187804;"Children's Geographies";journal;"14733277, 14733285";"Carfax Publishing Ltd.";No;No;0,985;Q1;69;83;232;4400;741;225;2,85;53,01;63,04;2;51;United Kingdom;Western Europe;"Carfax Publishing Ltd.";"2003-2025";"Geography, Planning and Development (Q1); Sociology and Political Science (Q1); Social Psychology (Q2)";"Psychology; Social Sciences"
195;12072;"International Journal of Educational Development";journal;"07380593";"Elsevier B.V.";No;No;0,984;Q1;77;174;443;8594;1570;421;2,84;49,39;39,88;12;115;United Kingdom;Western Europe;"Elsevier B.V.";"1981-2025";"Development (Q1); Education (Q1); Sociology and Political Science (Q1)";"Social Sciences"
196;15429;"Journal of Community and Applied Social Psychology";journal;"10529284, 10991298";"John Wiley and Sons Ltd";No;No;0,975;Q1;74;155;229;9202;767;221;3,20;59,37;59,66;0;63;United Kingdom;Western Europe;"John Wiley and Sons Ltd";"1991-2025";"Sociology and Political Science (Q1); Social Psychology (Q2)";"Psychology; Social Sciences"
197;22087;"Theoretical Criminology";journal;"14617439, 13624806";"SAGE Publications Ltd";No;No;0,975;Q1;93;48;99;3291;340;96;3,45;68,56;53,73;1;22;United Kingdom;Western Europe;"SAGE Publications Ltd";"1997-2025";"Law (Q1); Pathology and Forensic Medicine (Q1); Sociology and Political Science (Q1)";"Medicine; Social Sciences"
198;15371;"Journal of Adolescent Research";journal;"07435584, 15526895";"SAGE Publications Inc.";No;No;0,974;Q1;96;91;121;5986;416;117;3,32;65,78;79,46;4;42;United States;Northern America;"SAGE Publications Inc.";"1986-2025";"Sociology and Political Science (Q1); Developmental and Educational Psychology (Q2)";"Psychology; Social Sciences"
199;18102;"Sociological Perspectives";journal;"07311214, 15338673";"SAGE Publications Inc.";No;No;0,973;Q1;74;18;165;1350;531;162;2,08;75,00;73,33;0;7;United States;Northern America;"SAGE Publications Inc.";"1958-2024";"Sociology and Political Science (Q1)";"Social Sciences"
200;4000149603;"Political Studies Review";journal;"14789299, 14789302";"SAGE Publications Ltd";No;No;0,971;Q1;45;112;178;6075;489;171;2,25;54,24;33,66;1;36;United Kingdom;Western Europe;"SAGE Publications Ltd";"2006-2025";"Political Science and International Relations (Q1); Sociology and Political Science (Q1)";"Social Sciences"
201;16842;"Qualitative Sociology";journal;"01620436, 15737837";"Springer New York";No;No;0,969;Q1;69;30;82;2295;243;79;2,04;76,50;54,76;0;12;United States;Northern America;"Springer New York";"1978-2025";"Sociology and Political Science (Q1)";"Social Sciences"
202;100147030;"Current Sociology";journal;"00113921, 14617064";"SAGE Publications Ltd";No;No;0,962;Q1;86;122;198;6908;631;186;3,02;56,62;52,34;5;55;United Kingdom;Western Europe;"SAGE Publications Ltd";"1952-1965, 1967-1969, 1972-1984, 1986-2025";"Sociology and Political Science (Q1)";"Social Sciences"
203;24733;"American Behavioral Scientist";journal;"15523381, 00027642";"SAGE Publications Inc.";No;No;0,961;Q1;139;233;416;12710;1428;398;1,95;54,55;52,79;5;116;United States;Northern America;"SAGE Publications Inc.";"1957-2025";"Cultural Studies (Q1); Education (Q1); Social Sciences (miscellaneous) (Q1); Sociology and Political Science (Q1); Social Psychology (Q2)";"Psychology; Social Sciences"
204;12104;"British Journal of Sociology of Education";journal;"14653346, 01425692";"Taylor and Francis Ltd.";No;No;0,961;Q1;93;63;207;3988;681;204;2,93;63,30;45,87;1;32;United Kingdom;Western Europe;"Taylor and Francis Ltd.";"1980-2025";"Education (Q1); Sociology and Political Science (Q1)";"Social Sciences"
205;5800175970;"Leadership";journal;"17427150, 17427169";"SAGE Publications Ltd";No;No;0,953;Q1;61;30;114;1914;372;107;2,85;63,80;50,00;0;5;United Kingdom;Western Europe;"SAGE Publications Ltd";"2005-2025";"Sociology and Political Science (Q1); Strategy and Management (Q2)";"Business, Management and Accounting; Social Sciences"
206;26619;"Symbolic Interaction";journal;"15338665, 01956086";"Wiley-Blackwell";No;No;0,952;Q1;61;43;74;2837;176;70;2,09;65,98;53,70;0;10;United States;Northern America;"Wiley-Blackwell";"1977-2025";"Communication (Q1); Education (Q1); Nursing (miscellaneous) (Q1); Social Sciences (miscellaneous) (Q1); Sociology and Political Science (Q1); Social Psychology (Q2)";"Nursing; Psychology; Social Sciences"
207;17508;"Social Development";journal;"14679507, 0961205X";"Wiley-Blackwell Publishing Ltd";No;No;0,946;Q1;114;62;218;3955;543;217;2,39;63,79;67,53;0;10;United Kingdom;Western Europe;"Wiley-Blackwell Publishing Ltd";"1992-2025";"Social Sciences (miscellaneous) (Q1); Sociology and Political Science (Q1); Developmental and Educational Psychology (Q2)";"Psychology; Social Sciences"
208;21100887620;"European Journal for Sport and Society";journal;"23805919, 16138171";"Taylor and Francis Ltd.";No;No;0,942;Q1;30;26;62;1648;223;57;3,61;63,38;34,29;0;10;United Kingdom;Western Europe;"Taylor and Francis Ltd.";"2004-2025";"Orthopedics and Sports Medicine (Q1); Physical Therapy, Sports Therapy and Rehabilitation (Q1); Sociology and Political Science (Q1)";"Health Professions; Medicine; Social Sciences"
209;19391;"Social Indicators Research";journal;"03038300, 15730921";"Springer Netherlands";No;No;0,933;Q1;147;237;781;15478;3084;774;3,76;65,31;43,89;6;162;Netherlands;Western Europe;"Springer Netherlands";"1974-2025";"Arts and Humanities (miscellaneous) (Q1); Social Sciences (miscellaneous) (Q1); Sociology and Political Science (Q1); Developmental and Educational Psychology (Q2)";"Arts and Humanities; Psychology; Social Sciences"
210;22222;"Parliamentary Affairs";journal;"14602482, 00312290";"Oxford University Press";No;No;0,924;Q1;54;40;140;2168;352;140;2,57;54,20;30,49;8;10;United Kingdom;Western Europe;"Oxford University Press";"1947-2024";"Law (Q1); Sociology and Political Science (Q1)";"Social Sciences"
211;21101065044;"Sustainable Futures";journal;"26661888";"Elsevier B.V.";Yes;No;0,923;Q1;24;254;97;18151;673;97;6,97;71,46;29,80;1;224;United Kingdom;Western Europe;"Elsevier B.V.";"2019-2025";"Management Science and Operations Research (Q1); Sociology and Political Science (Q1); Management of Technology and Innovation (Q2)";"Business, Management and Accounting; Decision Sciences; Social Sciences"
212;21100972443;"Chinese Political Science Review";journal;"23654252, 23654244";"Springer International Publishing";No;No;0,922;Q1;21;34;64;2445;276;61;4,26;71,91;36,76;0;18;Singapore;Asiatic Region;"Springer International Publishing";"2016-2025";"Political Science and International Relations (Q1); Sociology and Political Science (Q1)";"Social Sciences"
213;14045;"Psychology, Public Policy, and Law";journal;"10768971";"American Psychological Association";No;No;0,921;Q1;80;31;124;2225;408;123;2,59;71,77;67,24;0;11;United States;Northern America;"American Psychological Association";"1995-2025";"Law (Q1); Sociology and Political Science (Q1); Social Psychology (Q2)";"Psychology; Social Sciences"
214;21101074921;"Annals of Tourism Research Empirical Insights";journal;"26669579";"Elsevier B.V.";Yes;No;0,918;Q1;18;45;103;2989;554;101;5,23;66,42;45,45;0;26;Netherlands;Western Europe;"Elsevier B.V.";"2020-2025";"Geography, Planning and Development (Q1); Sociology and Political Science (Q1); Marketing (Q2); Tourism, Leisure and Hospitality Management (Q2)";"Business, Management and Accounting; Social Sciences"
215;15060;"Africa Spectrum";journal;"00020397";"Institut fur Afrika-Kunde";Yes;Yes;0,912;Q1;31;25;46;1253;99;44;2,37;50,12;19,44;3;13;Germany;Western Europe;"Institut fur Afrika-Kunde";"1983-1984, 2006-2025";"Cultural Studies (Q1); Development (Q1); Political Science and International Relations (Q1); Sociology and Political Science (Q1)";"Social Sciences"
216;21101089492;"Project Leadership and Society";journal;"26667215";"Elsevier Ltd";Yes;No;0,904;Q1;20;50;86;3827;611;86;6,16;76,54;37,66;0;22;United Kingdom;Western Europe;"Elsevier Ltd";"2020-2025";"Public Administration (Q1); Social Sciences (miscellaneous) (Q1); Sociology and Political Science (Q1)";"Social Sciences"
217;5800169479;"Representation";journal;"17494001, 00344893";"Taylor and Francis Ltd.";No;No;0,903;Q1;32;54;111;2913;275;97;2,35;53,94;43,04;3;21;United Kingdom;Western Europe;"Taylor and Francis Ltd.";"1960-1986, 1988-2025";"Sociology and Political Science (Q1)";"Social Sciences"
218;24848;"Critical Sociology";journal;"08969205";"SAGE Publications Ltd";No;No;0,902;Q1;57;160;240;11199;743;213;2,52;69,99;39,15;1;56;United Kingdom;Western Europe;"SAGE Publications Ltd";"1971-1992, 1994-2025";"Sociology and Political Science (Q1)";"Social Sciences"
219;12100155404;"Health Sociology Review";journal;"14461242, 18393551";"Routledge";No;No;0,897;Q1;41;34;65;1655;241;60;3,00;48,68;69,66;0;20;United Kingdom;Western Europe;"Routledge";"2008-2025";"Health (social science) (Q1); Sociology and Political Science (Q1)";"Social Sciences"
220;5600153974;"Policing and Society";journal;"10439463";"Routledge";No;No;0,896;Q1;56;91;204;6067;749;201;3,26;66,67;53,14;2;35;United Kingdom;Western Europe;"Routledge";"1990-2003, 2005-2025";"Law (Q1); Sociology and Political Science (Q1)";"Social Sciences"
221;21100904307;"European Journal of International Security";journal;"20575637, 20575645";"Cambridge University Press";No;No;0,894;Q1;23;57;79;7513;277;79;3,13;131,81;35,71;0;28;United Kingdom;Western Europe;"Cambridge University Press";"2016-2025";"Political Science and International Relations (Q1); Safety Research (Q1); Sociology and Political Science (Q1)";"Social Sciences"
222;21101021989;"European Journal of Politics and Gender";journal;"25151096, 25151088";"Bristol University Press";No;No;0,890;Q1;19;29;85;1351;226;70;2,18;46,59;77,14;0;18;United Kingdom;Western Europe;"Bristol University Press";"2018-2025";"Gender Studies (Q1); Political Science and International Relations (Q1); Sociology and Political Science (Q1)";"Social Sciences"
223;21100901140;"Journal of Innovation and Entrepreneurship";journal;"21925372";"SpringerOpen";Yes;No;0,889;Q1;42;87;203;6904;1485;202;6,49;79,36;39,91;3;49;Germany;Western Europe;"SpringerOpen";"2014-2015, 2017-2025";"Information Systems (Q1); Management Information Systems (Q1); Sociology and Political Science (Q1); Economics and Econometrics (Q2); Management of Technology and Innovation (Q2)";"Business, Management and Accounting; Computer Science; Economics, Econometrics and Finance; Social Sciences"
224;21101176851;"Volksgeist: Jurnal Ilmu Hukum dan Konstitusi";journal;"2615174X, 26155648";"Universitas Islam Negeri Profesor Kiai Haji Saifuddin Zuhri Purwokerto";Yes;No;0,884;Q1;10;22;60;1096;198;60;4,45;49,82;28,13;0;16;Indonesia;Asiatic Region;"Universitas Islam Negeri Profesor Kiai Haji Saifuddin Zuhri Purwokerto";"2019-2024";"Law (Q1); Political Science and International Relations (Q1); Social Sciences (miscellaneous) (Q1); Sociology and Political Science (Q1)";"Social Sciences"
225;15725;"Voluntas";journal;"09578765, 15737888";"Springer New York";No;No;0,878;Q1;71;105;304;6097;1071;295;3,20;58,07;50,64;1;37;United States;Northern America;"Springer New York";"1990-2025";"Geography, Planning and Development (Q1); Public Administration (Q1); Sociology and Political Science (Q1); Business and International Management (Q2); Strategy and Management (Q2)";"Business, Management and Accounting; Social Sciences"
226;5600155004;"Contemporary Politics";journal;"14693631, 13569775";"Routledge";No;No;0,877;Q1;41;59;91;4696;268;90;2,43;79,59;36,63;2;22;United Kingdom;Western Europe;"Routledge";"1995-2025";"Political Science and International Relations (Q1); Sociology and Political Science (Q1)";"Social Sciences"
227;21100870585;"Environmental Sociology";journal;"23251042";"Taylor and Francis Ltd.";No;No;0,872;Q1;33;41;119;2785;371;115;3,10;67,93;60,98;0;32;United Kingdom;Western Europe;"Taylor and Francis Ltd.";"2015-2025";"Ecology (Q1); Geography, Planning and Development (Q1); Sociology and Political Science (Q1); Management, Monitoring, Policy and Law (Q2)";"Environmental Science; Social Sciences"
228;21100886407;"European Policy Analysis";journal;"23806567";"John Wiley and Sons Ltd";No;No;0,871;Q1;25;33;81;2403;282;69;3,13;72,82;45,90;2;20;United States;Northern America;"John Wiley and Sons Ltd";"2015-2025";"Political Science and International Relations (Q1); Public Administration (Q1); Sociology and Political Science (Q1); Health Policy (Q2); Management, Monitoring, Policy and Law (Q2)";"Environmental Science; Medicine; Social Sciences"
229;20324;"Journal of Educational Administration and History";journal;"14787431, 00220620";"Routledge";No;No;0,870;Q1;31;44;87;2207;268;76;2,64;50,16;61,43;0;17;United Kingdom;Western Europe;"Routledge";"1968-2000, 2010-2025";"Education (Q1); Sociology and Political Science (Q1)";"Social Sciences"
230;5700155017;"Nordicom Review";journal;"14031108, 20015119";"";Yes;Yes;0,868;Q1;25;22;79;1328;225;79;2,11;60,36;54,72;1;5;Sweden;Western Europe;"";"2000-2024";"Communication (Q1); Cultural Studies (Q1); Sociology and Political Science (Q1)";"Social Sciences"
231;5200152206;"Annual Review of Law and Social Science";book series;"15503585";"Annual Reviews Inc.";No;No;0,865;Q1;63;21;63;2521;242;63;3,30;120,05;65,71;0;8;United States;Northern America;"Annual Reviews Inc.";"2006-2024";"Law (Q1); Sociology and Political Science (Q1)";"Social Sciences"
232;15039;"African Affairs";journal;"00019909, 14682621";"Oxford University Press";No;No;0,862;Q1;88;22;91;2182;242;87;2,34;99,18;45,71;4;11;United Kingdom;Western Europe;"Oxford University Press";"1901-2024";"Geography, Planning and Development (Q1); Sociology and Political Science (Q1)";"Social Sciences"
233;24482;"Children and Youth Services Review";journal;"01907409";"Elsevier Ltd";No;No;0,862;Q1;123;625;1275;40419;3733;1257;2,14;64,67;67,97;11;363;United Kingdom;Western Europe;"Elsevier Ltd";"1979-2025";"Education (Q1); Social Work (Q1); Sociology and Political Science (Q1); Developmental and Educational Psychology (Q2)";"Psychology; Social Sciences"
234;80321;"Pacific Review";journal;"09512748, 14701332";"Taylor and Francis Ltd.";No;No;0,862;Q1;60;69;133;6096;409;133;3,17;88,35;34,95;7;26;United Kingdom;Western Europe;"Taylor and Francis Ltd.";"1988-2025";"Geography, Planning and Development (Q1); Sociology and Political Science (Q1)";"Social Sciences"
235;144821;"Language Policy";journal;"15684555";"Springer Netherlands";No;No;0,858;Q1;47;32;77;2223;254;70;3,06;69,47;55,32;0;13;Netherlands;Western Europe;"Springer Netherlands";"2002-2025";"Linguistics and Language (Q1); Sociology and Political Science (Q1)";"Social Sciences"
236;19900192720;"China Economic Journal";journal;"17538963, 17538971";"Routledge";No;No;0,857;Q1;30;28;63;1212;282;59;2,23;43,29;43,40;0;20;United Kingdom;Western Europe;"Routledge";"2010-2025";"Cultural Studies (Q1); Economics, Econometrics and Finance (miscellaneous) (Q1); Sociology and Political Science (Q1)";"Economics, Econometrics and Finance; Social Sciences"
237;23611;"Public Choice";journal;"15737101, 00485829";"Springer Netherlands";No;No;0,855;Q1;98;142;262;7982;576;246;2,14;56,21;19,84;7;57;Netherlands;Western Europe;"Springer Netherlands";"1966-2025";"Sociology and Political Science (Q1); Economics and Econometrics (Q2)";"Economics, Econometrics and Finance; Social Sciences"
238;19900191744;"Equality, Diversity and Inclusion";journal;"17587093, 20407149";"Emerald Publishing";No;No;0,852;Q1;45;141;197;9181;707;189;3,36;65,11;65,54;0;89;United Kingdom;Western Europe;"Emerald Publishing";"2010-2025";"Cultural Studies (Q1); Gender Studies (Q1); Sociology and Political Science (Q1); Organizational Behavior and Human Resource Management (Q2)";"Business, Management and Accounting; Social Sciences"
239;21101162821;"Global Studies Quarterly";journal;"26343797";"Oxford University Press";Yes;No;0,852;Q1;12;88;181;7309;473;180;2,38;83,06;44,83;3;36;United Kingdom;Western Europe;"Oxford University Press";"2021-2025";"Political Science and International Relations (Q1); Sociology and Political Science (Q1)";"Social Sciences"
240;3500148027;"Science as Culture";journal;"09505431";"Taylor and Francis Ltd.";No;No;0,849;Q1;52;38;80;2191;240;73;3,33;57,66;50,00;1;18;United Kingdom;Western Europe;"Taylor and Francis Ltd.";"1987-2025";"Cultural Studies (Q1); Health (social science) (Q1); History and Philosophy of Science (Q1); Sociology and Political Science (Q1); Biomedical Engineering (Q2); Biotechnology (Q2)";"Arts and Humanities; Biochemistry, Genetics and Molecular Biology; Engineering; Social Sciences"
241;5700162683;"Globalizations";journal;"1474774X, 14747731";"Taylor and Francis Ltd.";No;No;0,846;Q1;59;126;334;9258;974;321;2,35;73,48;46,49;2;76;United Kingdom;Western Europe;"Taylor and Francis Ltd.";"2004-2025";"Economics, Econometrics and Finance (miscellaneous) (Q1); Geography, Planning and Development (Q1); Public Administration (Q1); Sociology and Political Science (Q1); Management, Monitoring, Policy and Law (Q2)";"Economics, Econometrics and Finance; Environmental Science; Social Sciences"
242;4400151519;"Journal of Women, Politics and Policy";journal;"1554477X";"Routledge";No;No;0,844;Q1;41;27;90;1708;170;83;1,64;63,26;72,58;0;27;United States;Northern America;"Routledge";"2005-2025";"Gender Studies (Q1); Sociology and Political Science (Q1)";"Social Sciences"
243;23971;"Critical Asian Studies";journal;"14672715, 14726033";"Routledge";No;No;0,843;Q1;48;32;87;2612;225;87;2,00;81,63;37,74;0;16;United Kingdom;Western Europe;"Routledge";"1968-1993, 1995-2025";"Geography, Planning and Development (Q1); Sociology and Political Science (Q1)";"Social Sciences"
244;21100842323;"Journal of Trust Research";journal;"2151559X, 21515581";"Routledge";No;No;0,840;Q1;26;13;28;866;108;25;3,40;66,62;40,74;0;3;United States;Northern America;"Routledge";"2011-2025";"Business, Management and Accounting (miscellaneous) (Q1); Sociology and Political Science (Q1); Applied Psychology (Q2); Social Psychology (Q2)";"Business, Management and Accounting; Psychology; Social Sciences"
245;101305;"Journal of Sociology";journal;"17412978, 14407833";"SAGE Publications Ltd";No;No;0,836;Q1;66;66;153;3762;479;151;2,82;57,00;63,31;2;36;United Kingdom;Western Europe;"SAGE Publications Ltd";"1965-2025";"Sociology and Political Science (Q1)";"Social Sciences"
246;22328;"Organizational Dynamics";journal;"00902616";"Elsevier B.V.";No;No;0,836;Q1;81;57;131;59;494;130;3,14;1,04;51,56;2;15;United Kingdom;Western Europe;"Elsevier B.V.";"1972-1995, 1997-2025";"Sociology and Political Science (Q1); Applied Psychology (Q2); Organizational Behavior and Human Resource Management (Q2)";"Business, Management and Accounting; Psychology; Social Sciences"
247;25136;"German Politics";journal;"09644008";"Frank Cass Publishers";No;No;0,833;Q1;27;49;103;2888;270;97;2,75;58,94;27,06;5;18;United Kingdom;Western Europe;"Frank Cass Publishers";"1992-1995, 2010-2025";"Political Science and International Relations (Q1); Sociology and Political Science (Q1)";"Social Sciences"
248;18718;"Time and Society";journal;"0961463X, 14617463";"SAGE Publications Ltd";No;No;0,832;Q1;57;41;92;2221;235;80;2,14;54,17;58,62;0;10;United Kingdom;Western Europe;"SAGE Publications Ltd";"1992-2025";"Sociology and Political Science (Q1)";"Social Sciences"
249;5700163963;"Politics, Philosophy and Economics";journal;"1470594X";"SAGE Publications Inc.";No;No;0,828;Q1;40;32;59;1713;138;57;2,36;53,53;17,95;0;12;United States;Northern America;"SAGE Publications Inc.";"2002-2025";"Philosophy (Q1); Sociology and Political Science (Q1); Economics and Econometrics (Q2)";"Arts and Humanities; Economics, Econometrics and Finance; Social Sciences"
250;23577;"Publius: The Journal of Federalism";journal;"17477107, 00485950";"Oxford University Press";No;No;0,827;Q1;52;39;86;2649;284;86;2,11;67,92;33,33;0;13;United Kingdom;Western Europe;"Oxford University Press";"1971-2024";"Public Administration (Q1); Sociology and Political Science (Q1)";"Social Sciences"
251;21759;"Journal of Consumer Affairs";journal;"00220078, 17456606";"Wiley-Blackwell";No;No;0,826;Q1;78;47;215;3953;806;199;4,05;84,11;46,43;2;21;United States;Northern America;"Wiley-Blackwell";"1967-2025";"Economics, Econometrics and Finance (miscellaneous) (Q1); Sociology and Political Science (Q1)";"Economics, Econometrics and Finance; Social Sciences"
252;12100155921;"Social Policy and Society";journal;"14753073, 14747464";"Cambridge University Press";No;No;0,825;Q1;39;91;165;5289;556;158;3,41;58,12;56,00;0;67;United Kingdom;Western Europe;"Cambridge University Press";"2011, 2013-2025";"Political Science and International Relations (Q1); Sociology and Political Science (Q1)";"Social Sciences"
253;11700154508;"Ethics in Science and Environmental Politics";journal;"16118014, 18635415";"Inter-Research";Yes;Yes;0,824;Q1;23;7;15;427;110;15;1,90;61,00;26,32;0;3;Germany;Western Europe;"Inter-Research";"2001-2024";"Ecology (Q1); Education (Q1); Philosophy (Q1); Sociology and Political Science (Q1); Management, Monitoring, Policy and Law (Q2)";"Arts and Humanities; Environmental Science; Social Sciences"
254;19349;"Journal of Mathematical Sociology";journal;"15455874, 0022250X";"Taylor and Francis Ltd.";No;No;0,823;Q1;37;19;41;894;69;41;2,22;47,05;21,21;0;2;United Kingdom;Western Europe;"Taylor and Francis Ltd.";"1971-2025";"Algebra and Number Theory (Q1); Social Sciences (miscellaneous) (Q1); Sociology and Political Science (Q1)";"Mathematics; Social Sciences"
255;16772;"Canadian Journal of Political Science";journal;"17449324, 00084239";"Cambridge University Press";No;No;0,821;Q1;48;39;150;2372;249;149;1,42;60,82;41,18;0;12;United Kingdom;Western Europe;"Cambridge University Press";"1968-2025";"Sociology and Political Science (Q1)";"Social Sciences"
256;24734;"American Journal of Evaluation";journal;"10982140";"SAGE Publications Inc.";No;No;0,817;Q1;71;48;122;2271;248;107;1,42;47,31;65,04;1;17;United States;Northern America;"SAGE Publications Inc.";"1981-2025";"Education (Q1); Health (social science) (Q1); Sociology and Political Science (Q1); Business and International Management (Q2); Social Psychology (Q2); Strategy and Management (Q2)";"Business, Management and Accounting; Psychology; Social Sciences"
257;28625;"Australian Journal of Social Issues";journal;"18394655, 01576321";"Wiley-Blackwell";No;No;0,817;Q1;42;101;139;5451;443;130;2,61;53,97;66,26;2;55;Australia;Pacific Region;"Wiley-Blackwell";"1975-1976, 1980-1982, 1984, 1986, 1989-1993, 1996-2025";"Sociology and Political Science (Q1)";"Social Sciences"
258;26364;"Journal of Strategic Studies";journal;"01402390, 1743937X";"Routledge";No;No;0,817;Q1;44;51;151;3379;360;134;2,52;66,25;18,64;8;7;United Kingdom;Western Europe;"Routledge";"1978-2025";"Political Science and International Relations (Q1); Sociology and Political Science (Q1)";"Social Sciences"
259;21100975552;"Journal of Chinese Governance";journal;"23812354, 23812346";"Taylor and Francis Ltd.";No;No;0,812;Q1;22;33;74;2383;255;74;3,69;72,21;36,36;0;12;United Kingdom;Western Europe;"Taylor and Francis Ltd.";"2016-2025";"Political Science and International Relations (Q1); Public Administration (Q1); Sociology and Political Science (Q1)";"Social Sciences"
260;19600163400;"Social Work";journal;"15456846, 00378046";"Oxford University Press";No;No;0,809;Q1;85;51;135;1308;332;96;2,76;25,65;58,42;0;21;United States;Northern America;"Oxford University Press";"1956-2025";"Social Work (Q1); Sociology and Political Science (Q1); Medicine (miscellaneous) (Q2)";"Medicine; Social Sciences"
261;21100427853;"Politics and Governance";journal;"21832463";"Cogitatio Press";Yes;No;0,804;Q1;39;129;395;7027;1184;356;2,17;54,47;53,56;5;90;Portugal;Western Europe;"Cogitatio Press";"2013-2025";"Public Administration (Q1); Sociology and Political Science (Q1)";"Social Sciences"
262;70397;"Evaluation";journal;"13563890, 14617153";"SAGE Publications Ltd";No;No;0,803;Q1;61;37;91;1639;232;76;2,57;44,30;51,76;3;7;United Kingdom;Western Europe;"SAGE Publications Ltd";"1995-2025";"Development (Q1); Sociology and Political Science (Q1)";"Social Sciences"
263;144948;"Journal of Occupational Science";journal;"14427591";"Taylor and Francis Ltd.";No;No;0,798;Q1;57;88;158;5051;491;133;3,14;57,40;76,19;0;29;United Kingdom;Western Europe;"Taylor and Francis Ltd.";"1993-2025";"Social Sciences (miscellaneous) (Q1); Sociology and Political Science (Q1)";"Social Sciences"
264;21100937015;"Arctic Review on Law and Politics";journal;"23874562";"Cappelen Damm Akademisk, Nordic Open Scholarly Publishing (NOASP)";Yes;No;0,797;Q1;12;14;55;347;138;49;2,34;24,79;55,00;0;6;Norway;Western Europe;"Cappelen Damm Akademisk, Nordic Open Scholarly Publishing (NOASP)";"2019-2025";"Law (Q1); Sociology and Political Science (Q1)";"Social Sciences"
265;21101177606;"Urban Governance";journal;"26643286";"Elsevier B.V.";Yes;No;0,796;Q1;12;33;70;2267;319;63;4,51;68,70;30,26;0;32;Netherlands;Western Europe;"Elsevier B.V.";"2021-2025";"Development (Q1); Geography, Planning and Development (Q1); Sociology and Political Science (Q1); Urban Studies (Q1); Management, Monitoring, Policy and Law (Q2)";"Environmental Science; Social Sciences"
266;19774;"International Journal of Public Opinion Research";journal;"14716909, 09542892";"Oxford University Press";No;No;0,794;Q1;69;58;165;3538;411;165;1,49;61,00;32,37;3;17;United Kingdom;Western Europe;"Oxford University Press";"1989-2024";"Sociology and Political Science (Q1)";"Social Sciences"
267;26587;"Studies in Comparative International Development";journal;"00393606, 19366167";"Springer New York";No;No;0,791;Q1;64;46;80;3778;207;78;1,25;82,13;45,21;2;40;United States;Northern America;"Springer New York";"1965-1970, 1972-2025";"Development (Q1); Political Science and International Relations (Q1); Sociology and Political Science (Q1)";"Social Sciences"
268;21100830164;"Business and Human Rights Journal";journal;"20570198, 20570201";"Cambridge University Press";No;No;0,790;Q1;25;27;118;2364;308;117;1,87;87,56;52,50;1;27;United Kingdom;Western Europe;"Cambridge University Press";"2016-2025";"Law (Q1); Sociology and Political Science (Q1); Business and International Management (Q2); Industrial Relations (Q2)";"Business, Management and Accounting; Social Sciences"
269;18109;"Sociological Spectrum";journal;"02732173, 15210707";"Taylor and Francis Ltd.";No;No;0,790;Q1;47;13;54;928;159;53;1,48;71,38;52,94;0;6;United Kingdom;Western Europe;"Taylor and Francis Ltd.";"1981-2025";"Sociology and Political Science (Q1)";"Social Sciences"
270;19900192517;"Revista Espanola de Derecho Constitucional";journal;"02115743, 19890648";"Centro de Estudios Politicos y Constitucionales";No;Yes;0,788;Q1;11;35;91;789;42;76;0,58;22,54;25,00;0;16;Spain;Western Europe;"Centro de Estudios Politicos y Constitucionales";"2008-2013, 2015-2024";"Law (Q1); Sociology and Political Science (Q1)";"Social Sciences"
271;5600153350;"International Review of Victimology";journal;"02697580";"SAGE Publications Inc.";No;No;0,787;Q1;38;35;61;2657;186;61;2,46;75,91;61,97;4;24;United Kingdom;Western Europe;"SAGE Publications Inc.";"1990-2010, 2012-2025";"Law (Q1); Sociology and Political Science (Q1)";"Social Sciences"
272;13936;"Journal of Urban Affairs";journal;"07352166, 14679906";"Taylor and Francis Ltd.";No;No;0,787;Q1;76;225;331;16534;921;317;2,69;73,48;43,05;5;179;United Kingdom;Western Europe;"Taylor and Francis Ltd.";"1979-2025";"Geography, Planning and Development (Q1); Sociology and Political Science (Q1); Urban Studies (Q1)";"Social Sciences"
273;17534;"Social Justice Research";journal;"15736725, 08857466";"Springer New York";No;No;0,778;Q1;66;20;61;1518;144;59;2,21;75,90;46,30;0;10;United States;Northern America;"Springer New York";"1987-1990, 1992-2025";"Anthropology (Q1); Law (Q1); Sociology and Political Science (Q1)";"Social Sciences"
274;23108;"Language and Speech";journal;"00238309, 17566053";"SAGE Publications Inc.";No;No;0,772;Q1;65;75;130;5371;255;129;1,67;71,61;60,80;0;4;United Kingdom;Western Europe;"SAGE Publications Inc.";"1958-2025";"Linguistics and Language (Q1); Sociology and Political Science (Q1); Speech and Hearing (Q1); Medicine (miscellaneous) (Q2)";"Health Professions; Medicine; Social Sciences"
275;5900153310;"Mobilities";journal;"17450101, 1745011X";"Routledge";No;No;0,772;Q1;73;87;179;6047;783;173;3,27;69,51;62,42;10;52;United Kingdom;Western Europe;"Routledge";"2006-2025";"Demography (Q1); Geography, Planning and Development (Q1); Sociology and Political Science (Q1)";"Social Sciences"
276;21100463803;"Regional Studies, Regional Science";journal;"21681376";"Taylor and Francis Ltd.";Yes;No;0,771;Q1;32;50;150;2412;414;149;2,55;48,24;38,10;2;32;United Kingdom;Western Europe;"Taylor and Francis Ltd.";"2014-2025";"Geography, Planning and Development (Q1); Sociology and Political Science (Q1); Economics and Econometrics (Q2)";"Economics, Econometrics and Finance; Social Sciences"
277;200147101;"Studies in Conflict and Terrorism";journal;"1057610X";"Taylor and Francis Ltd.";No;No;0,770;Q1;67;114;343;1300;732;331;1,99;11,40;32,81;0;51;United Kingdom;Western Europe;"Taylor and Francis Ltd.";"1992-2025";"Political Science and International Relations (Q1); Safety Research (Q1); Sociology and Political Science (Q1); Safety, Risk, Reliability and Quality (Q2)";"Engineering; Social Sciences"
278;18224;"Local Government Studies";journal;"03003930, 17439388";"Routledge";No;No;0,769;Q1;58;106;157;5810;554;153;3,50;54,81;40,40;3;58;United Kingdom;Western Europe;"Routledge";"1975-2025";"Development (Q1); Sociology and Political Science (Q1)";"Social Sciences"
279;23482;"Politische Vierteljahresschrift";journal;"00323470, 18622860";"VS Verlag fur Sozialwissenschaften";No;No;0,768;Q1;29;66;87;4385;208;80;2,75;66,44;36,75;1;23;Germany;Western Europe;"VS Verlag fur Sozialwissenschaften";"1987, 1996-2025";"Sociology and Political Science (Q1)";"Social Sciences"
280;5700164302;"Rivista Italiana di Scienza Politica";journal;"00488402";"Cambridge University Press";No;No;0,768;Q1;18;23;69;1180;169;68;2,41;51,30;41,67;0;7;Italy;Western Europe;"Cambridge University Press";"2003, 2010-2025";"Political Science and International Relations (Q1); Sociology and Political Science (Q1)";"Social Sciences"
281;19400158571;"Race and Social Problems";journal;"18671748, 18671756";"Springer Verlag";No;No;0,767;Q1;41;39;82;2312;244;80;2,71;59,28;74,33;3;23;Germany;Western Europe;"Springer Verlag";"2009-2025";"Anthropology (Q1); Sociology and Political Science (Q1)";"Social Sciences"
282;18142;"Sociology of Sport Journal";journal;"15432785, 07411235";"Human Kinetics Publishers Inc.";No;No;0,763;Q1;70;41;126;2667;306;121;2,65;65,05;47,19;0;17;United States;Northern America;"Human Kinetics Publishers Inc.";"1996-2025";"Sociology and Political Science (Q1); Orthopedics and Sports Medicine (Q2); Physical Therapy, Sports Therapy and Rehabilitation (Q2); Sports Science (Q2)";"Health Professions; Medicine; Social Sciences"
283;19900190213;"Journal of Current Southeast Asian Affairs";journal;"18684882, 18681034";"SAGE Publications Ltd";Yes;Yes;0,760;Q1;22;29;59;1931;198;59;2,45;66,59;33,33;0;15;Germany;Western Europe;"SAGE Publications Ltd";"2015-2024";"Political Science and International Relations (Q1); Sociology and Political Science (Q1)";"Social Sciences"
284;100147330;"World Englishes";journal;"08832919";"Wiley-Blackwell";No;No;0,760;Q1;68;86;127;4881;309;121;2,38;56,76;47,22;0;3;United States;Northern America;"Wiley-Blackwell";"1981-2025";"Anthropology (Q1); Linguistics and Language (Q1); Sociology and Political Science (Q1)";"Social Sciences"
285;21101077280;"Frontiers in Political Science";journal;"26733145";"Frontiers Media SA";Yes;No;0,759;Q1;22;194;445;11681;1185;403;1,85;60,21;39,50;2;103;Switzerland;Western Europe;"Frontiers Media SA";"2019-2025";"Political Science and International Relations (Q1); Public Administration (Q1); Safety Research (Q1); Sociology and Political Science (Q1)";"Social Sciences"
286;21100817648;"Race and Justice";journal;"21533687";"SAGE Publications Inc.";No;No;0,757;Q1;25;49;107;2961;304;102;3,05;60,43;55,24;3;31;United States;Northern America;"SAGE Publications Inc.";"2011-2025";"Anthropology (Q1); Law (Q1); Sociology and Political Science (Q1)";"Social Sciences"
287;50039;"Review of Policy Research";journal;"1541132X, 15411338";"Wiley-Blackwell Publishing Ltd";No;No;0,756;Q1;57;74;138;5640;426;124;3,14;76,22;43,33;1;40;United Kingdom;Western Europe;"Wiley-Blackwell Publishing Ltd";"1981-1995, 1998-2025";"Geography, Planning and Development (Q1); Political Science and International Relations (Q1); Public Administration (Q1); Sociology and Political Science (Q1); Management, Monitoring, Policy and Law (Q2)";"Environmental Science; Social Sciences"
288;28894;"Journal of Leisure Research";journal;"00222216";"Taylor and Francis Ltd.";No;No;0,754;Q1;85;61;115;4341;361;95;2,99;71,16;50,33;1;21;United Kingdom;Western Europe;"Taylor and Francis Ltd.";"1978-1989, 1991, 1996-2016, 2018-2025";"Sociology and Political Science (Q1); Environmental Science (miscellaneous) (Q2); Tourism, Leisure and Hospitality Management (Q2)";"Business, Management and Accounting; Environmental Science; Social Sciences"
289;18798;"Higher Education Policy";journal;"09528733, 17403863";"Palgrave Macmillan Ltd.";No;No;0,751;Q1;54;94;140;5567;459;140;3,64;59,22;49,36;1;38;United Kingdom;Western Europe;"Palgrave Macmillan Ltd.";"1992, 1995-2025";"Education (Q1); Sociology and Political Science (Q1)";"Social Sciences"
290;5700163232;"Contemporary Political Theory";journal;"14708914, 14769336";"Palgrave Macmillan Ltd.";No;No;0,750;Q1;22;34;85;1820;232;78;1,55;53,53;37,74;0;10;United Kingdom;Western Europe;"Palgrave Macmillan Ltd.";"2009-2025";"Political Science and International Relations (Q1); Sociology and Political Science (Q1)";"Social Sciences"
291;5700160451;"Politics and Religion";journal;"17550483";"Cambridge University Press";No;No;0,747;Q1;28;24;106;1837;217;104;2,16;76,54;31,58;0;4;United Kingdom;Western Europe;"Cambridge University Press";"2008-2025";"Religious Studies (Q1); Sociology and Political Science (Q1)";"Arts and Humanities; Social Sciences"
292;145212;"Sociological Research Online";journal;"13607804";"SAGE Publications Ltd";Yes;No;0,747;Q1;65;117;145;5290;366;140;2,46;45,21;62,20;2;56;United Kingdom;Western Europe;"SAGE Publications Ltd";"1996-2001, 2003-2025";"Sociology and Political Science (Q1)";"Social Sciences"
293;18084;"Sociological Forum";journal;"15737861, 08848971";"Wiley-Blackwell";No;No;0,743;Q1;75;42;227;3074;417;225;1,68;73,19;46,67;0;20;United States;Northern America;"Wiley-Blackwell";"1986-2025";"Sociology and Political Science (Q1)";"Social Sciences"
294;19700167906;"Economia Politica";journal;"1973820X, 11202890";"Springer International Publishing AG";No;No;0,742;Q1;24;42;121;2864;334;114;3,10;68,19;33,66;1;33;Switzerland;Western Europe;"Springer International Publishing AG";"2008-2025";"Sociology and Political Science (Q1); Economics and Econometrics (Q2); Finance (Q2)";"Economics, Econometrics and Finance; Social Sciences"
295;19900191349;"Critical Policy Studies";journal;"19460171, 1946018X";"Routledge";No;No;0,741;Q1;43;65;94;3917;333;89;3,79;60,26;60,34;4;35;United Kingdom;Western Europe;"Routledge";"2010-2025";"Public Administration (Q1); Sociology and Political Science (Q1)";"Social Sciences"
296;16511;"Australian Journal of Public Administration";journal;"14678500, 03136647";"Wiley-Blackwell Publishing Ltd";No;No;0,740;Q1;55;81;133;4633;397;130;2,68;57,20;45,24;3;44;United Kingdom;Western Europe;"Wiley-Blackwell Publishing Ltd";"1937-2025";"Sociology and Political Science (Q1); Public Administration (Q2)";"Social Sciences"
297;20841;"Health and Human Rights";journal;"10790969, 21504113";"Harvard School of Public Health";Yes;No;0,735;Q1;46;33;133;832;294;107;1,67;25,21;70,21;0;23;United States;Northern America;"Harvard School of Public Health";"1994-2001, 2003-2004, 2006, 2008-2024";"Political Science and International Relations (Q1); Sociology and Political Science (Q1); Health (social science) (Q2)";"Social Sciences"
298;19634;"Crime and Justice";book series;"21530416, 01923234";"University of Chicago Press";No;No;0,732;Q1;54;0;32;0;126;20;3,14;0,00;0,00;0;0;United States;Northern America;"University of Chicago Press";"2004-2023";"Sociology and Political Science (Q1)";"Social Sciences"
299;21100898050;"Social Enterprise Journal";journal;"17508533, 17508614";"Emerald Group Publishing Ltd.";No;No;0,732;Q1;22;63;90;4919;417;87;4,42;78,08;50,64;0;35;United Kingdom;Western Europe;"Emerald Group Publishing Ltd.";"2012, 2018-2025";"Development (Q1); Economics, Econometrics and Finance (miscellaneous) (Q1); Sociology and Political Science (Q1); Business, Management and Accounting (miscellaneous) (Q2); Management, Monitoring, Policy and Law (Q2)";"Business, Management and Accounting; Economics, Econometrics and Finance; Environmental Science; Social Sciences"
300;21100835739;"Contemporary Italian Politics";journal;"23248823, 23248831";"Routledge";No;No;0,726;Q1;22;42;99;1734;229;88;1,97;41,29;46,27;0;8;United States;Northern America;"Routledge";"2013-2025";"Political Science and International Relations (Q1); Sociology and Political Science (Q1)";"Social Sciences"
301;5600153659;"European Journal of Social Work";journal;"13691457";"Taylor and Francis Ltd.";No;No;0,726;Q1;37;157;258;6908;657;240;2,56;44,00;70,37;4;94;United Kingdom;Western Europe;"Taylor and Francis Ltd.";"2008-2025";"Social Sciences (miscellaneous) (Q1); Sociology and Political Science (Q1); Social Work (Q2)";"Social Sciences"
302;25822;"Society and Natural Resources";journal;"08941920, 15210723";"Taylor and Francis Ltd.";No;No;0,726;Q1;105;93;257;5495;670;240;2,37;59,09;50,51;1;64;United Kingdom;Western Europe;"Taylor and Francis Ltd.";"1988-2025";"Development (Q1); Sociology and Political Science (Q1); Environmental Science (miscellaneous) (Q2)";"Environmental Science; Social Sciences"
303;5700161890;"International Feminist Journal of Politics";journal;"14616742";"Routledge";No;No;0,722;Q1;61;61;142;3199;293;104;1,79;52,44;82,26;4;36;United Kingdom;Western Europe;"Routledge";"1999-2025";"Arts and Humanities (miscellaneous) (Q1); Gender Studies (Q1); Political Science and International Relations (Q1); Sociology and Political Science (Q1)";"Arts and Humanities; Social Sciences"
304;5700164241;"Young";journal;"11033088";"SAGE Publications Inc.";Yes;No;0,722;Q1;41;42;93;2255;261;91;1,84;53,69;72,00;1;17;United States;Northern America;"SAGE Publications Inc.";"1993-2025";"Sociology and Political Science (Q1); Developmental and Educational Psychology (Q2); Health (social science) (Q2)";"Psychology; Social Sciences"
305;17600155227;"Asian Business and Management";journal;"14724782, 14769328";"Palgrave Macmillan Ltd.";No;No;0,721;Q1;36;38;143;2961;510;137;3,56;77,92;28,89;0;12;United Kingdom;Western Europe;"Palgrave Macmillan Ltd.";"2008-2025";"Political Science and International Relations (Q1); Sociology and Political Science (Q1); Business and International Management (Q2); Strategy and Management (Q2)";"Business, Management and Accounting; Social Sciences"
306;130173;"Community, Work and Family";journal;"14693615, 13668803";"Routledge";No;No;0,721;Q1;55;80;139;5240;369;127;2,66;65,50;73,44;2;40;United Kingdom;Western Europe;"Routledge";"2003-2025";"Development (Q1); Social Sciences (miscellaneous) (Q1); Sociology and Political Science (Q1)";"Social Sciences"
307;17389;"Rural Sociology";journal;"00360112, 15490831";"Wiley-Blackwell";No;No;0,721;Q1;82;47;126;3607;372;123;2,59;76,74;55,56;1;24;United States;Northern America;"Wiley-Blackwell";"1978-2025";"Sociology and Political Science (Q1)";"Social Sciences"
308;16907;"Research on Social Work Practice";journal;"10497315, 15527581";"SAGE Publications Inc.";No;No;0,717;Q1;79;110;237;5843;612;220;2,26;53,12;59,10;3;33;United States;Northern America;"SAGE Publications Inc.";"1991-2025";"Social Sciences (miscellaneous) (Q1); Sociology and Political Science (Q1); Psychology (miscellaneous) (Q2); Social Work (Q2)";"Psychology; Social Sciences"
309;5600155308;"Canadian Slavonic Papers";journal;"00085006";"Taylor and Francis Ltd.";No;No;0,716;Q1;16;28;78;1385;90;64;1,28;49,46;66,67;0;3;United Kingdom;Western Europe;"Taylor and Francis Ltd.";"1977-1979, 1996-2024";"Cultural Studies (Q1); History (Q1); Linguistics and Language (Q1); Literature and Literary Theory (Q1); Philosophy (Q1); Sociology and Political Science (Q1); Visual Arts and Performing Arts (Q1)";"Arts and Humanities; Social Sciences"
310;27067;"Human Nature";journal;"19364776, 10456767";"Springer New York";No;No;0,716;Q1;83;17;79;1605;170;79;2,23;94,41;42,16;0;5;United States;Northern America;"Springer New York";"1990-2025";"Anthropology (Q1); Arts and Humanities (miscellaneous) (Q1); Ecology, Evolution, Behavior and Systematics (Q1); Social Sciences (miscellaneous) (Q1); Sociology and Political Science (Q1)";"Agricultural and Biological Sciences; Arts and Humanities; Social Sciences"
311;23421;"Political Theory";journal;"00905917, 15527476";"SAGE Publications Inc.";No;No;0,712;Q1;73;38;126;2322;169;112;1,13;61,11;51,43;0;9;United States;Northern America;"SAGE Publications Inc.";"1973-2025";"History (Q1); Sociology and Political Science (Q1)";"Arts and Humanities; Social Sciences"
312;5700162125;"Action Research";journal;"14767503";"SAGE Publications Ltd";No;No;0,711;Q1;51;35;92;1496;227;80;2,38;42,74;69,31;2;21;United Kingdom;Western Europe;"SAGE Publications Ltd";"2003-2025";"Sociology and Political Science (Q1); Organizational Behavior and Human Resource Management (Q2); Strategy and Management (Q2)";"Business, Management and Accounting; Social Sciences"
313;15567;"Journal of Marital and Family Therapy";journal;"17520606, 0194472X";"Wiley-Blackwell";No;No;0,710;Q1;80;50;174;2607;456;172;2,30;52,14;66,67;0;7;United States;Northern America;"Wiley-Blackwell";"1975-2025";"Social Sciences (miscellaneous) (Q1); Sociology and Political Science (Q1); Clinical Psychology (Q2); Social Psychology (Q2)";"Psychology; Social Sciences"
314;21100854808;"Journal of the Society for Social Work and Research";journal;"1948822X, 23342315";"University of Chicago Press";Yes;No;0,709;Q1;31;19;116;870;256;114;1,97;45,79;59,76;0;17;United States;Northern America;"University of Chicago Press";"2014-2024";"Social Sciences (miscellaneous) (Q1); Sociology and Political Science (Q1)";"Social Sciences"
315;21100803392;"Cross Cultural and Strategic Management";journal;"20595794";"Emerald Group Publishing Ltd.";No;No;0,707;Q1;53;42;101;4392;329;98;3,46;104,57;34,95;0;14;United Kingdom;Western Europe;"Emerald Group Publishing Ltd.";"2016-2025";"Cultural Studies (Q1); Sociology and Political Science (Q1); Business and International Management (Q2); Organizational Behavior and Human Resource Management (Q2); Strategy and Management (Q2)";"Business, Management and Accounting; Social Sciences"
316;21100886530;"Area Development and Policy";journal;"23792957";"Routledge";No;No;0,706;Q1;26;40;78;2836;194;70;2,42;70,90;33,33;0;30;United Kingdom;Western Europe;"Routledge";"2016-2025";"Geography, Planning and Development (Q1); Nature and Landscape Conservation (Q1); Sociology and Political Science (Q1); Urban Studies (Q1); Public Administration (Q2)";"Environmental Science; Social Sciences"
317;5700161675;"Journal of Language and Politics";journal;"15699862, 15692159";"John Benjamins Publishing Company";No;No;0,704;Q1;41;73;128;4036;317;128;2,30;55,29;47,11;1;26;Netherlands;Western Europe;"John Benjamins Publishing Company";"2002-2025";"History (Q1); Linguistics and Language (Q1); Sociology and Political Science (Q1)";"Arts and Humanities; Social Sciences"
318;21100899300;"Journal of Accounting in Emerging Economies";journal;"20421168, 20421176";"Emerald Group Publishing Ltd.";No;No;0,700;Q1;34;55;109;4748;621;106;5,83;86,33;33,88;0;25;United Kingdom;Western Europe;"Emerald Group Publishing Ltd.";"2015-2025";"Sociology and Political Science (Q1); Accounting (Q2); Development (Q2)";"Business, Management and Accounting; Social Sciences"
319;130127;"Human Rights Law Review";journal;"14617781, 17441021";"Oxford University Press";No;No;0,699;Q1;47;32;104;4717;215;104;2,08;147,41;50,00;2;30;United Kingdom;Western Europe;"Oxford University Press";"2005-2024";"Law (Q1); Sociology and Political Science (Q1)";"Social Sciences"
320;5700163951;"International Journal of Cultural Policy";journal;"14772833, 10286632";"Routledge";No;No;0,698;Q1;63;105;175;6653;458;171;2,37;63,36;54,05;2;52;United Kingdom;Western Europe;"Routledge";"1997-2025";"Cultural Studies (Q1); Sociology and Political Science (Q1)";"Social Sciences"
321;16562;"Armed Forces and Society";journal;"15560848, 0095327X";"SAGE Publications Inc.";No;No;0,697;Q1;50;122;149;7358;368;132;2,26;60,31;39,76;0;38;United States;Northern America;"SAGE Publications Inc.";"1974-2025";"Safety Research (Q1); Social Sciences (miscellaneous) (Q1); Sociology and Political Science (Q1)";"Social Sciences"
322;13448;"Comparative Politics";journal;"00104159, 21516227";"City University of New York";No;No;0,691;Q1;78;24;52;2459;111;51;1,97;102,46;48,65;0;10;United States;Northern America;"City University of New York";"1978, 1987-1989, 1996-2025";"Sociology and Political Science (Q1)";"Social Sciences"
323;16300154767;"Media, War and Conflict";journal;"17506352, 17506360";"SAGE Publications Ltd";No;No;0,690;Q1;30;61;87;3604;288;87;3,07;59,08;42,50;0;16;United Kingdom;Western Europe;"SAGE Publications Ltd";"2007-2025";"Arts and Humanities (miscellaneous) (Q1); Communication (Q1); Political Science and International Relations (Q1); Sociology and Political Science (Q1)";"Arts and Humanities; Social Sciences"
324;21100887617;"Education Inquiry";journal;"20004508";"Taylor and Francis Ltd.";Yes;Yes;0,688;Q1;30;66;112;3779;353;108;2,41;57,26;54,11;3;25;United Kingdom;Western Europe;"Taylor and Francis Ltd.";"2010-2025";"Sociology and Political Science (Q1); Education (Q2); Public Administration (Q2)";"Social Sciences"
325;29502;"Race and Class";journal;"03063968";"SAGE Publications Ltd";No;No;0,686;Q1;52;22;76;1584;228;61;2,28;72,00;46,15;1;10;United Kingdom;Western Europe;"SAGE Publications Ltd";"1959, 1962-2025";"Anthropology (Q1); Archeology (Q1); Archeology (arts and humanities) (Q1); Cultural Studies (Q1); Social Sciences (miscellaneous) (Q1); Sociology and Political Science (Q1)";"Arts and Humanities; Social Sciences"
326;130056;"Journal of International Criminal Justice";journal;"14781395, 14781387";"Oxford University Press";No;No;0,682;Q1;49;32;162;4454;286;151;1,51;139,19;63,27;1;14;United Kingdom;Western Europe;"Oxford University Press";"2005-2024";"Law (Q1); Sociology and Political Science (Q1)";"Social Sciences"
327;21100371203;"Revista de Derecho Politico";journal;"21745625, 0211979X";"Universidad Nacional de Educacion a Distancia (UNED)";Yes;Yes;0,676;Q1;9;40;118;2786;56;117;0,46;69,65;38,46;1;24;Spain;Western Europe;"Universidad Nacional de Educacion a Distancia (UNED)";"2014-2024";"Law (Q1); Political Science and International Relations (Q1); Sociology and Political Science (Q1)";"Social Sciences"
328;14293;"Deviant Behavior";journal;"15210456, 01639625";"Taylor and Francis Ltd.";No;No;0,674;Q1;69;216;298;15597;802;298;2,55;72,21;47,62;1;94;United Kingdom;Western Europe;"Taylor and Francis Ltd.";"1979-2025";"Law (Q1); Sociology and Political Science (Q1); Clinical Psychology (Q2); Social Psychology (Q2)";"Psychology; Social Sciences"
329;5100152922;"Revista de Ciencia Politica";journal;"0718090X, 07161417";"Pontificia Universidad Catolica de Chile";Yes;Yes;0,673;Q1;25;20;72;1200;128;72;1,65;60,00;41,18;1;12;Chile;Latin America;"Pontificia Universidad Catolica de Chile";"2002, 2006-2024";"Political Science and International Relations (Q1); Sociology and Political Science (Q1)";"Social Sciences"
330;21100851350;"IZA Journal of Development and Migration";journal;"25201786";"Laborwide";Yes;No;0,665;Q1;30;10;32;283;71;32;1,69;28,30;23,08;0;7;Germany;Western Europe;"Laborwide";"2018-2024";"Anthropology (Q1); Demography (Q1); Economics, Econometrics and Finance (miscellaneous) (Q1); Geography, Planning and Development (Q1); Sociology and Political Science (Q1); Development (Q2); Organizational Behavior and Human Resource Management (Q2)";"Business, Management and Accounting; Economics, Econometrics and Finance; Social Sciences"
331;21100780469;"World Development Perspectives";journal;"24680532, 24522929";"Elsevier Ltd";No;No;0,665;Q1;27;71;183;4192;510;174;2,86;59,04;36,49;1;63;United Kingdom;Western Europe;"Elsevier Ltd";"2016-2025";"Sociology and Political Science (Q1); Development (Q2); Economics and Econometrics (Q2); Geography, Planning and Development (Q2)";"Economics, Econometrics and Finance; Social Sciences"
332;145601;"International Relations of the Asia-Pacific";journal;"1470482X";"Oxford University Press";No;No;0,664;Q1;37;15;51;1144;108;50;2,42;76,27;17,39;3;9;United Kingdom;Western Europe;"Oxford University Press";"2001-2025";"Economics, Econometrics and Finance (miscellaneous) (Q1); Political Science and International Relations (Q1); Sociology and Political Science (Q1)";"Economics, Econometrics and Finance; Social Sciences"
333;22889;"Political Science Quarterly";journal;"00323195, 1538165X";"Oxford University Press";No;No;0,661;Q1;59;33;77;2116;117;76;1,75;64,12;31,71;1;13;United States;Northern America;"Oxford University Press";"1968, 1980, 1996-2024";"Sociology and Political Science (Q1)";"Social Sciences"
334;22197;"PS - Political Science and Politics";journal;"10490965, 15375935";"Cambridge University Press";No;No;0,661;Q1;81;125;453;3323;650;341;1,10;26,58;42,86;0;45;United Kingdom;Western Europe;"Cambridge University Press";"1968-2025";"Sociology and Political Science (Q1)";"Social Sciences"
335;19700169607;"Annals of Public and Cooperative Economics";journal;"13704788, 14678292";"Wiley-Blackwell";No;No;0,660;Q1;49;52;128;4139;410;128;3,56;79,60;36,84;2;31;United Kingdom;Western Europe;"Wiley-Blackwell";"1925-1942, 1948-2025";"Sociology and Political Science (Q1); Economics and Econometrics (Q2)";"Economics, Econometrics and Finance; Social Sciences"
336;1000147118;"Journal of Academic Ethics";journal;"15701727";"Springer Netherlands";No;No;0,659;Q1;34;102;107;5662;402;103;4,04;55,51;50,78;1;15;Netherlands;Western Europe;"Springer Netherlands";"2003, 2005-2025";"Arts and Humanities (miscellaneous) (Q1); Philosophy (Q1); Sociology and Political Science (Q1); Education (Q2)";"Arts and Humanities; Social Sciences"
337;21100782393;"Innovation and Development";journal;"2157930X, 21579318";"Taylor and Francis Ltd.";No;No;0,658;Q1;21;45;101;3083;299;94;2,53;68,51;29,06;0;37;United Kingdom;Western Europe;"Taylor and Francis Ltd.";"2015-2025";"Cultural Studies (Q1); Political Science and International Relations (Q1); Sociology and Political Science (Q1); Development (Q2); Education (Q2); Geography, Planning and Development (Q2)";"Social Sciences"
338;21100454975;"Journal of Current Chinese Affairs";journal;"18684874, 18681026";"SAGE Publications Inc.";Yes;Yes;0,657;Q1;20;35;73;2388;217;70;3,43;68,23;54,35;2;15;United Kingdom;Western Europe;"SAGE Publications Inc.";"2015-2025";"Economics, Econometrics and Finance (miscellaneous) (Q1); Political Science and International Relations (Q1); Sociology and Political Science (Q1)";"Economics, Econometrics and Finance; Social Sciences"
339;16100154770;"Journal of Global History";journal;"17400228, 17400236";"Cambridge University Press";No;No;0,654;Q1;40;23;83;3569;125;82;1,37;155,17;27,59;0;8;United Kingdom;Western Europe;"Cambridge University Press";"2006-2025";"History (Q1); Sociology and Political Science (Q1)";"Arts and Humanities; Social Sciences"
340;5600153515;"Asian Studies Review";journal;"10357823, 14678403";"Taylor and Francis Ltd.";No;No;0,653;Q1;39;60;116;3827;223;111;1,75;63,78;31,87;0;17;United Kingdom;Western Europe;"Taylor and Francis Ltd.";"1970, 1990-2025";"Cultural Studies (Q1); History (Q1); Sociology and Political Science (Q1)";"Arts and Humanities; Social Sciences"
341;100147328;"Child and Family Social Work";journal;"13652206, 13567500";"Wiley-Blackwell Publishing Ltd";No;No;0,653;Q1;78;183;263;10817;646;262;2,42;59,11;71,61;2;96;United Kingdom;Western Europe;"Wiley-Blackwell Publishing Ltd";"1996-2025";"Sociology and Political Science (Q1); Health (social science) (Q2); Social Work (Q2)";"Social Sciences"
342;19900191624;"Utilitas";journal;"17416183, 09538208";"Cambridge University Press";No;No;0,649;Q1;31;18;84;716;104;80;1,02;39,78;22,73;0;1;United Kingdom;Western Europe;"Cambridge University Press";"1989-2007, 2010-2025";"Philosophy (Q1); Sociology and Political Science (Q1)";"Arts and Humanities; Social Sciences"
343;29346;"South Atlantic Quarterly";journal;"00382876";"Duke University Press";No;No;0,647;Q1;52;50;174;2003;340;165;1,22;40,06;40,00;0;2;United States;Northern America;"Duke University Press";"1907, 1912, 1919, 1941, 1973, 1981, 1984, 1987, 1999, 2001-2025";"Cultural Studies (Q1); Literature and Literary Theory (Q1); Sociology and Political Science (Q1)";"Arts and Humanities; Social Sciences"
344;21100888814;"Journal of Race, Ethnicity and Politics";journal;"20566085";"Cambridge University Press";No;No;0,646;Q1;19;35;74;2721;117;70;1,42;77,74;49,18;4;13;United Kingdom;Western Europe;"Cambridge University Press";"2016-2025";"Anthropology (Q1); Sociology and Political Science (Q1)";"Social Sciences"
345;26459;"Latin American Politics and Society";journal;"15482456, 1531426X";"Cambridge University Press";No;No;0,646;Q1;56;45;90;3102;150;82;1,41;68,93;30,95;4;22;United States;Northern America;"Cambridge University Press";"2001-2025";"Political Science and International Relations (Q1); Sociology and Political Science (Q1); Geography, Planning and Development (Q2)";"Social Sciences"
346;72639;"International Journal of Comparative Sociology";journal;"00207152";"SAGE Publications Ltd";No;No;0,645;Q1;57;64;64;4903;158;64;1,61;76,61;40,68;0;41;United Kingdom;Western Europe;"SAGE Publications Ltd";"1960-2025";"Social Sciences (miscellaneous) (Q1); Sociology and Political Science (Q1)";"Social Sciences"
347;19900191425;"Journal of Politics in Latin America";journal;"18684890, 1866802X";"SAGE Publications Inc.";Yes;Yes;0,643;Q1;17;26;51;1813;98;48;2,16;69,73;23,73;0;17;Germany;Western Europe;"SAGE Publications Inc.";"2015-2025";"Political Science and International Relations (Q1); Sociology and Political Science (Q1)";"Social Sciences"
348;24664;"Foreign Affairs";journal;"00157120";"Council on Foreign Relations, Inc.";No;No;0,642;Q1;112;82;290;0;682;286;2,57;0,00;32,99;0;2;United States;Northern America;"Council on Foreign Relations, Inc.";"1965, 1974, 1977-1981, 1985, 1989, 1991-1992, 1996-2025";"Political Science and International Relations (Q1); Sociology and Political Science (Q1)";"Social Sciences"
349;17181;"Public Money and Management";journal;"14679302, 09540962";"Routledge";No;No;0,642;Q1;61;171;360;6522;1002;305;2,56;38,14;41,10;6;54;United Kingdom;Western Europe;"Routledge";"1988-2025";"Sociology and Political Science (Q1); Accounting (Q2); Business, Management and Accounting (miscellaneous) (Q2); Finance (Q2); Public Administration (Q2)";"Business, Management and Accounting; Economics, Econometrics and Finance; Social Sciences"
350;4000151818;"Mobilization";journal;"1086671X";"San Diego State University";No;No;0,640;Q1;53;13;43;961;95;43;1,28;73,92;66,67;0;6;United States;Northern America;"San Diego State University";"2005-2022";"Sociology and Political Science (Q1); Transportation (Q2)";"Social Sciences"
351;21100887440;"Educational Studies - AESA";journal;"00131946, 15326993";"Taylor and Francis Ltd.";No;No;0,638;Q1;17;40;107;2475;213;104;1,88;61,88;67,11;0;15;United Kingdom;Western Europe;"Taylor and Francis Ltd.";"2018-2024";"Sociology and Political Science (Q1); Education (Q2)";"Social Sciences"
352;5700153969;"University of Toronto Law Journal";journal;"00420220";"University of Toronto Press";No;No;0,635;Q1;25;26;77;3387;83;74;0,52;130,27;37,93;0;13;Canada;Northern America;"University of Toronto Press";"1974-1975, 1977, 1981, 1989, 1991-1993, 2008-2024";"Law (Q1); Sociology and Political Science (Q1)";"Social Sciences"
353;18067;"Sociological Bulletin";journal;"00380229";"Indian Sociological Society";No;No;0,634;Q1;9;30;96;1223;241;88;1,09;40,77;55,17;0;8;India;Asiatic Region;"Indian Sociological Society";"1963, 1974, 1986, 1994-1996, 2014-2025";"Cultural Studies (Q1); History (Q1); Social Sciences (miscellaneous) (Q1); Sociology and Political Science (Q1)";"Arts and Humanities; Social Sciences"
354;20000195019;"International Journal of the Commons";journal;"18750281";"Ubiquity Press";Yes;No;0,632;Q1;41;42;83;2480;204;81;2,16;59,05;50,83;1;28;United Kingdom;Western Europe;"Ubiquity Press";"2011-2025";"Sociology and Political Science (Q1)";"Social Sciences"
355;21100812569;"Journal of Social and Political Psychology";journal;"21953325";"PsychOpen";Yes;Yes;0,630;Q1;38;18;123;1247;241;118;1,52;69,28;48,98;0;6;Germany;Western Europe;"PsychOpen";"2013-2024";"Sociology and Political Science (Q1); Social Psychology (Q2); Applied Psychology (Q3)";"Psychology; Social Sciences"
356;145582;"Educational Research for Policy and Practice";journal;"15702081";"Springer Netherlands";No;No;0,629;Q1;30;42;76;2343;203;75;2,70;55,79;54,12;1;21;Netherlands;Western Europe;"Springer Netherlands";"2004-2025";"Sociology and Political Science (Q1); Education (Q2)";"Social Sciences"
357;21100901159;"International Journal of Child Care and Education Policy";journal;"19765681, 22886729";"SpringerOpen";Yes;Yes;0,629;Q1;25;13;49;782;161;48;2,79;60,15;44,44;1;7;Singapore;Asiatic Region;"SpringerOpen";"2007-2025";"Pediatrics (Q1); Sociology and Political Science (Q1); Community and Home Care (Q2); Education (Q2); Pediatrics, Perinatology and Child Health (Q2)";"Medicine; Nursing; Social Sciences"
358;21101188706;"Frontiers in Human Dynamics";journal;"26732726";"Frontiers Media SA";Yes;No;0,628;Q1;13;65;188;4208;473;174;1,47;64,74;49,25;0;34;Switzerland;Western Europe;"Frontiers Media SA";"2019-2024";"Demography (Q1); Sociology and Political Science (Q1); Human-Computer Interaction (Q2); Management, Monitoring, Policy and Law (Q2)";"Computer Science; Environmental Science; Social Sciences"
359;16865;"Acta Sociologica";journal;"00016993, 15023869";"SAGE Publications Ltd";Yes;No;0,627;Q1;66;44;74;2379;189;73;2,24;54,07;40,00;3;19;United Kingdom;Western Europe;"SAGE Publications Ltd";"1956-1959, 1962, 1964-2025";"Sociology and Political Science (Q1)";"Social Sciences"
360;5700166187;"Du Bois Review";journal;"1742058X, 17420598";"Cambridge University Press";No;No;0,626;Q1;48;24;57;2254;139;57;2,15;93,92;43,59;0;9;United Kingdom;Western Europe;"Cambridge University Press";"2004-2024";"Anthropology (Q1); Cultural Studies (Q1); Sociology and Political Science (Q1)";"Social Sciences"
361;19900192164;"Journal of Political Power";journal;"21583803, 2158379X";"Routledge";No;No;0,626;Q1;33;17;82;1188;258;74;1,26;69,88;11,11;0;2;United Kingdom;Western Europe;"Routledge";"2008, 2010-2025";"Sociology and Political Science (Q1)";"Social Sciences"
362;21100827893;"Sustainable Development of Mountain Territories";journal;"19984502, 2499975X";"North Caucasian Institute of Mining and Metallurgy, State Technological University";Yes;No;0,626;Q1;19;112;234;3192;486;233;2,36;28,50;44,37;0;62;Russian Federation;Eastern Europe;"North Caucasian Institute of Mining and Metallurgy, State Technological University";"2011-2024";"Sociology and Political Science (Q1); Earth and Planetary Sciences (miscellaneous) (Q2); Geography, Planning and Development (Q2); Management, Monitoring, Policy and Law (Q2); Mechanical Engineering (Q2); Renewable Energy, Sustainability and the Environment (Q2)";"Earth and Planetary Sciences; Energy; Engineering; Environmental Science; Social Sciences"
363;4700152786;"Journal of Political Marketing";journal;"15377857, 15377865";"Routledge";No;No;0,624;Q1;34;32;65;2645;184;61;2,83;82,66;40,00;1;6;United States;Northern America;"Routledge";"2002-2025";"Sociology and Political Science (Q1); Marketing (Q2)";"Business, Management and Accounting; Social Sciences"
364;15540;"Journal of Humanistic Psychology";journal;"1552650X, 00221678";"SAGE Publications Inc.";No;No;0,622;Q1;48;109;269;4599;557;257;1,63;42,19;46,60;1;22;United States;Northern America;"SAGE Publications Inc.";"1961-2025";"Philosophy (Q1); Sociology and Political Science (Q1); Social Psychology (Q2)";"Arts and Humanities; Psychology; Social Sciences"
365;21100887531;"Administrative Theory and Praxis";journal;"19490461, 10841806";"Taylor and Francis Ltd.";No;No;0,621;Q2;21;30;73;2257;211;71;2,67;75,23;52,63;1;16;United Kingdom;Western Europe;"Taylor and Francis Ltd.";"2018-2025";"Business and International Management (Q2); Public Administration (Q2); Sociology and Political Science (Q2); Strategy and Management (Q2)";"Business, Management and Accounting; Social Sciences"
366;21100924769;"European Journal of Social Security";journal;"23992948, 13882627";"SAGE Publications Ltd";No;No;0,621;Q2;22;25;73;800;146;71;2,20;32,00;60,53;0;20;United Kingdom;Western Europe;"SAGE Publications Ltd";"2002-2025";"Economics, Econometrics and Finance (miscellaneous) (Q1); Public Administration (Q2); Sociology and Political Science (Q2)";"Economics, Econometrics and Finance; Social Sciences"
367;19700187619;"International Journal of Strategic Communication";journal;"1553118X, 15531198";"Routledge";No;No;0,621;Q2;39;36;95;2822;318;93;2,60;78,39;54,55;0;11;United States;Northern America;"Routledge";"2009-2025";"Communication (Q1); Sociology and Political Science (Q2)";"Social Sciences"
368;17504;"Social and Legal Studies";journal;"09646639, 14617390";"SAGE Publications Ltd";No;No;0,619;Q2;54;86;126;5761;291;124;2,01;66,99;65,91;2;51;United Kingdom;Western Europe;"SAGE Publications Ltd";"1992-2025";"Law (Q1); Social Sciences (miscellaneous) (Q1); Sociology and Political Science (Q2)";"Social Sciences"
369;5600152814;"Journal of Public Economic Theory";journal;"14679779, 10973923";"Wiley-Blackwell Publishing Ltd";No;No;0,618;Q2;37;53;164;1988;189;160;1,28;37,51;17,14;1;22;United Kingdom;Western Europe;"Wiley-Blackwell Publishing Ltd";"1999-2025";"Economics and Econometrics (Q2); Finance (Q2); Sociology and Political Science (Q2)";"Economics, Econometrics and Finance; Social Sciences"
370;21101058963;"Methodological Innovations";journal;"20597991";"SAGE Publications Inc.";Yes;No;0,616;Q2;26;21;91;944;247;91;2,15;44,95;63,08;1;7;United States;Northern America;"SAGE Publications Inc.";"2016-2025";"Social Sciences (miscellaneous) (Q1); Sociology and Political Science (Q2)";"Social Sciences"
371;14586;"Social Service Review";journal;"15375404, 00377961";"University of Chicago Press";No;No;0,614;Q2;70;15;59;1120;138;57;2,31;74,67;58,54;0;10;United States;Northern America;"University of Chicago Press";"1973-1983, 1987, 1996-2024";"Social Work (Q2); Sociology and Political Science (Q2)";"Social Sciences"
372;5800170866;"Irish Political Studies";journal;"07907184";"Taylor and Francis Ltd.";No;No;0,610;Q2;29;34;64;2289;111;58;1,59;67,32;33,33;0;4;United Kingdom;Western Europe;"Taylor and Francis Ltd.";"1986-2025";"Political Science and International Relations (Q1); Sociology and Political Science (Q2)";"Social Sciences"
373;5700168403;"Global Crime";journal;"17440572";"Routledge";No;No;0,609;Q2;38;11;51;777;121;50;2,39;70,64;28,57;1;9;United Kingdom;Western Europe;"Routledge";"2007-2025";"Law (Q1); Political Science and International Relations (Q1); Sociology and Political Science (Q2)";"Social Sciences"
374;21100843365;"Indonesian Journal of Islam and Muslim Societies";journal;"2406825X, 20891490";"Pascasarjana Universitas Islam Negeri (UIN) Salatiga";Yes;No;0,608;Q2;15;13;48;514;89;48;1,56;39,54;30,43;0;4;Indonesia;Asiatic Region;"Pascasarjana Universitas Islam Negeri (UIN) Salatiga";"2011-2024";"Religious Studies (Q1); Sociology and Political Science (Q2)";"Arts and Humanities; Social Sciences"
375;28910;"Leisure Sciences";journal;"15210588, 01490400";"Taylor and Francis Ltd.";No;No;0,608;Q2;86;152;267;9728;870;213;2,70;64,00;53,82;1;43;United Kingdom;Western Europe;"Taylor and Francis Ltd.";"1977-2025";"Environmental Science (miscellaneous) (Q2); Sociology and Political Science (Q2); Tourism, Leisure and Hospitality Management (Q2)";"Business, Management and Accounting; Environmental Science; Social Sciences"
376;5600154403;"Australian Social Work";journal;"0312407X, 14470748";"Taylor and Francis Ltd.";No;No;0,607;Q2;44;67;142;2339;299;118;2,02;34,91;76,42;0;36;United Kingdom;Western Europe;"Taylor and Francis Ltd.";"1971-2004, 2006-2025";"Social Sciences (miscellaneous) (Q1); Health (social science) (Q2); Social Work (Q2); Sociology and Political Science (Q2)";"Social Sciences"
377;19700188322;"Journal of Human Rights";journal;"14754843, 14754835";"Carfax Publishers";No;No;0,606;Q2;28;35;121;2166;203;119;1,46;61,89;52,00;1;33;United Kingdom;Western Europe;"Carfax Publishers";"2010-2025";"Law (Q1); Political Science and International Relations (Q1); Sociology and Political Science (Q2)";"Social Sciences"
378;27760;"New Left Review";journal;"00286060";"New Left Review Subscriptions";No;No;0,602;Q2;80;6;62;84;130;56;2,85;14,00;20,00;0;0;United Kingdom;Western Europe;"New Left Review Subscriptions";"1984, 1987, 1996-2024";"Political Science and International Relations (Q1); Sociology and Political Science (Q2)";"Social Sciences"
379;25330;"Rationality and Society";journal;"14617358, 10434631";"SAGE Publications Ltd";No;No;0,602;Q2;54;22;56;1135;94;55;1,54;51,59;47,73;0;10;United Kingdom;Western Europe;"SAGE Publications Ltd";"1989-2025";"Social Sciences (miscellaneous) (Q1); Sociology and Political Science (Q2)";"Social Sciences"
380;21101082056;"China Economic Quarterly International";journal;"26669331";"KeAi Communications Co.";Yes;No;0,597;Q2;10;21;73;834;209;73;2,60;39,71;28,57;0;18;China;Asiatic Region;"KeAi Communications Co.";"2021-2024";"Economics, Econometrics and Finance (miscellaneous) (Q1); Social Sciences (miscellaneous) (Q1); Geography, Planning and Development (Q2); Sociology and Political Science (Q2)";"Economics, Econometrics and Finance; Social Sciences"
381;22863;"Political Quarterly";journal;"1467923X, 00323179";"Wiley-Blackwell Publishing Ltd";No;No;0,595;Q2;53;84;239;129;470;195;1,74;1,54;31,73;0;39;United Kingdom;Western Europe;"Wiley-Blackwell Publishing Ltd";"1930-2024";"Sociology and Political Science (Q2)";"Social Sciences"
382;11600154613;"Environmental Hazards";journal;"17477891, 18780059";"Taylor and Francis Ltd.";No;No;0,590;Q2;64;60;79;3931;246;77;2,73;65,52;39,38;3;46;United Kingdom;Western Europe;"Taylor and Francis Ltd.";"1983, 1999-2003, 2005, 2007, 2009-2025";"Development (Q2); Environmental Science (miscellaneous) (Q2); Geography, Planning and Development (Q2); Sociology and Political Science (Q2); Global and Planetary Change (Q3)";"Environmental Science; Social Sciences"
383;21100403126;"European Politics and Society";journal;"23745126, 23745118";"Taylor and Francis Ltd.";No;No;0,586;Q2;34;89;129;5857;330;124;2,52;65,81;29,66;4;28;United Kingdom;Western Europe;"Taylor and Francis Ltd.";"2014-2025";"Political Science and International Relations (Q1); Sociology and Political Science (Q2)";"Social Sciences"
384;20727;"Europe-Asia Studies";journal;"09668136, 14653427";"Routledge";No;No;0,586;Q2;70;72;229;4844;447;217;1,68;67,28;44,54;2;24;United Kingdom;Western Europe;"Routledge";"1993-2025";"History (Q1); Economics and Econometrics (Q2); Geography, Planning and Development (Q2); Sociology and Political Science (Q2)";"Arts and Humanities; Economics, Econometrics and Finance; Social Sciences"
385;17018;"New Perspectives on Turkey";journal;"08966346, 13053299";"Cambridge University Press";No;No;0,583;Q2;23;30;47;1881;84;37;1,42;62,70;46,88;0;9;United Kingdom;Western Europe;"Cambridge University Press";"1993, 1995, 1999-2002, 2008-2024";"Cultural Studies (Q1); History (Q1); Economics and Econometrics (Q2); Sociology and Political Science (Q2)";"Arts and Humanities; Economics, Econometrics and Finance; Social Sciences"
386;26623;"Alternatives";journal;"21633150, 03043754";"SAGE Publications Inc.";No;No;0,578;Q2;50;53;39;3378;97;36;2,58;63,74;33,77;0;21;United States;Northern America;"SAGE Publications Inc.";"1975-2025";"Political Science and International Relations (Q1); Sociology and Political Science (Q2)";"Social Sciences"
387;21100242617;"Journal of Information, Communication and Ethics in Society";journal;"17588871, 1477996X";"Emerald Group Publishing Ltd.";No;No;0,578;Q2;30;28;93;1893;353;89;3,38;67,61;40,58;0;8;United Kingdom;Western Europe;"Emerald Group Publishing Ltd.";"2003-2025";"Communication (Q1); Philosophy (Q1); Computer Networks and Communications (Q2); E-learning (Q2); Sociology and Political Science (Q2)";"Arts and Humanities; Computer Science; Social Sciences"
388;27159;"Innovation: The European Journal of Social Science Research";journal;"13511610, 14698412";"Routledge";No;No;0,577;Q2;47;113;167;7337;447;150;2,63;64,93;43,46;5;63;United Kingdom;Western Europe;"Routledge";"1988-2025";"Cultural Studies (Q1); Social Sciences (miscellaneous) (Q1); Geography, Planning and Development (Q2); Management of Technology and Innovation (Q2); Organizational Behavior and Human Resource Management (Q2); Sociology and Political Science (Q2); Strategy and Management (Q2)";"Business, Management and Accounting; Social Sciences"
389;25057;"Mathematical Social Sciences";journal;"01654896";"Elsevier B.V.";No;No;0,577;Q2;44;64;182;1763;164;182;0,89;27,55;22,41;0;11;Netherlands;Western Europe;"Elsevier B.V.";"1980-2025";"Social Sciences (miscellaneous) (Q1); Psychology (miscellaneous) (Q2); Sociology and Political Science (Q2); Statistics, Probability and Uncertainty (Q2)";"Decision Sciences; Psychology; Social Sciences"
390;5600152909;"Capital and Class";journal;"03098168";"SAGE Publications Inc.";No;No;0,574;Q2;45;52;88;3153;147;88;1,45;60,63;24,24;1;26;United Kingdom;Western Europe;"SAGE Publications Inc.";"1977-2024";"History (Q1); Economics and Econometrics (Q2); Sociology and Political Science (Q2)";"Arts and Humanities; Economics, Econometrics and Finance; Social Sciences"
391;3300147702;"Journal of Progressive Human Services";journal;"10428232";"Routledge";No;No;0,571;Q2;27;16;47;850;83;42;1,07;53,13;58,06;0;9;United States;Northern America;"Routledge";"1987, 1990-2025";"Social Sciences (miscellaneous) (Q2); Sociology and Political Science (Q2)";"Social Sciences"
392;5700164101;"French Politics";journal;"14763427, 14763419";"Palgrave Macmillan Ltd.";No;No;0,570;Q2;20;34;85;1670;100;58;1,16;49,12;47,83;1;14;United Kingdom;Western Europe;"Palgrave Macmillan Ltd.";"2009-2025";"Political Science and International Relations (Q1); Sociology and Political Science (Q2)";"Social Sciences"
393;18103;"Sociological Quarterly";journal;"00380253, 15338525";"Taylor and Francis Ltd.";No;No;0,568;Q2;77;38;98;2842;187;97;1,85;74,79;37,80;0;20;United States;Northern America;"Taylor and Francis Ltd.";"1960-2025";"Sociology and Political Science (Q2)";"Social Sciences"
394;21100896140;"Global Constitutionalism";journal;"20453825, 20453817";"Cambridge University Press";No;No;0,566;Q2;17;41;89;3924;173;88;2,16;95,71;47,06;0;14;United Kingdom;Western Europe;"Cambridge University Press";"2018-2025";"History (Q1); Philosophy (Q1); Sociology and Political Science (Q2)";"Arts and Humanities; Social Sciences"
395;5700164350;"Social Theory and Health";journal;"14778211, 1477822X";"Palgrave Macmillan Ltd.";No;No;0,565;Q2;42;20;67;1200;154;66;1,47;60,00;52,17;0;10;United Kingdom;Western Europe;"Palgrave Macmillan Ltd.";"2003-2024";"Health (social science) (Q2); Sociology and Political Science (Q2)";"Social Sciences"
396;19700188900;"Social Psychology";journal;"18649335, 21512590";"Hogrefe Publishing GmbH &amp; Co. KG";No;No;0,563;Q2;52;23;98;1230;150;97;1,50;53,48;43,21;0;5;Germany;Western Europe;"Hogrefe Publishing GmbH &amp; Co. KG";"2006, 2008-2025";"Arts and Humanities (miscellaneous) (Q1); Psychology (miscellaneous) (Q2); Social Psychology (Q2); Sociology and Political Science (Q2)";"Arts and Humanities; Psychology; Social Sciences"
397;21100217205;"Journal of Borderlands Studies";journal;"21591229, 08865655";"Taylor and Francis Ltd.";No;No;0,558;Q2;29;116;155;7273;364;142;2,28;62,70;41,87;5;52;United Kingdom;Western Europe;"Taylor and Francis Ltd.";"1986-2025";"Law (Q1); Political Science and International Relations (Q1); Geography, Planning and Development (Q2); Sociology and Political Science (Q2)";"Social Sciences"
398;24359;"Women's Studies International Forum";journal;"02775395";"Elsevier Ltd";No;No;0,557;Q2;77;123;270;8033;627;265;2,38;65,31;72,13;0;104;United Kingdom;Western Europe;"Elsevier Ltd";"1982-2025";"Law (Q1); Development (Q2); Education (Q2); Gender Studies (Q2); Sociology and Political Science (Q2)";"Social Sciences"
399;26867;"Millennium: Journal of International Studies";journal;"03058298, 14779021";"SAGE Publications Ltd";No;No;0,556;Q2;81;12;105;249;211;96;2,05;20,75;53,85;1;4;United Kingdom;Western Europe;"SAGE Publications Ltd";"1971-2024";"Political Science and International Relations (Q1); Sociology and Political Science (Q2)";"Social Sciences"
400;4700152207;"International Communication Gazette";journal;"17480485, 17480493";"SAGE Publications Ltd";No;No;0,554;Q2;51;53;112;3256;238;110;1,92;61,43;43,97;0;17;United Kingdom;Western Europe;"SAGE Publications Ltd";"1961, 1966, 1996-1997, 2003-2004, 2006-2025";"Communication (Q2); Sociology and Political Science (Q2)";"Social Sciences"
401;4700152403;"Journal of Gay and Lesbian Social Services";journal;"10538720";"Routledge";No;No;0,554;Q2;48;0;102;0;218;102;1,95;0,00;0,00;0;0;United States;Northern America;"Routledge";"1994-2023";"Gender Studies (Q2); Sociology and Political Science (Q2)";"Social Sciences"
402;21101186824;"Corrections: Policy, Practice, and Research";journal;"23774657, 23774665";"Informa UK Ltd";No;No;0,552;Q2;15;46;71;2732;142;71;1,45;59,39;62,04;3;14;United Kingdom;Western Europe;"Informa UK Ltd";"2016-2025";"Law (Q1); Sociology and Political Science (Q2)";"Social Sciences"
403;21100840031;"Critical Military Studies";journal;"23337486, 23337494";"Taylor and Francis Ltd.";No;No;0,547;Q2;23;40;92;2440;147;92;1,53;61,00;55,56;4;13;United Kingdom;Western Europe;"Taylor and Francis Ltd.";"2015-2025";"History (Q1); Law (Q1); Political Science and International Relations (Q1); Management Science and Operations Research (Q2); Social Sciences (miscellaneous) (Q2); Sociology and Political Science (Q2)";"Arts and Humanities; Decision Sciences; Social Sciences"
404;6500153218;"Latin American and Caribbean Ethnic Studies";journal;"17442222, 17442230";"Routledge";No;No;0,547;Q2;21;35;75;1789;76;71;1,00;51,11;47,37;1;12;United Kingdom;Western Europe;"Routledge";"2006-2025";"Anthropology (Q1); Cultural Studies (Q1); Sociology and Political Science (Q2)";"Social Sciences"
405;5800169166;"Congress and the Presidency";journal;"07343469";"Routledge";No;No;0,545;Q2;19;15;38;908;38;36;0,84;60,53;22,73;0;2;United Kingdom;Western Europe;"Routledge";"1981-2024";"Political Science and International Relations (Q1); Sociology and Political Science (Q2)";"Social Sciences"
406;29840;"International Social Work";journal;"00208728, 14617234";"SAGE Publications Ltd";No;No;0,542;Q2;56;137;314;5300;680;290;1,86;38,69;60,86;1;58;United Kingdom;Western Europe;"SAGE Publications Ltd";"1959-2025";"Social Sciences (miscellaneous) (Q2); Sociology and Political Science (Q2); Social Work (Q3)";"Social Sciences"
407;19700170065;"Journal of Asian Public Policy";journal;"17516242, 17516234";"Routledge";No;No;0,539;Q2;21;98;82;6002;256;78;3,05;61,24;42,22;3;57;United Kingdom;Western Europe;"Routledge";"2010-2025";"Public Administration (Q2); Sociology and Political Science (Q2)";"Social Sciences"
408;19700173305;"Historia y Politica";journal;"15750361, 1989063X";"Center for Constitutional Studies";No;No;0,538;Q2;12;24;72;1495;29;67;0,40;62,29;47,83;0;8;Spain;Western Europe;"Center for Constitutional Studies";"1999, 2001, 2009-2024";"History (Q1); Sociology and Political Science (Q2)";"Arts and Humanities; Social Sciences"
409;21101039693;"Journal of Population Ageing";journal;"18747876, 18747884";"Springer Science and Business Media B.V.";No;No;0,536;Q2;17;58;135;3343;236;123;1,57;57,64;47,06;1;30;Netherlands;Western Europe;"Springer Science and Business Media B.V.";"2013-2016, 2018-2025";"Demography (Q2); Geography, Planning and Development (Q2); Sociology and Political Science (Q2)";"Social Sciences"
410;5600155017;"International Journal of Human Rights";journal;"13642987";"Routledge";No;No;0,535;Q2;38;102;233;1563;479;226;2,03;15,32;55,07;4;96;United Kingdom;Western Europe;"Routledge";"2009-2025";"Law (Q1); Sociology and Political Science (Q2)";"Social Sciences"
411;26437;"Social Science Journal";journal;"03623319";"Taylor and Francis Ltd.";No;No;0,535;Q2;51;78;266;5078;531;265;1,68;65,10;40,10;7;32;United States;Northern America;"Taylor and Francis Ltd.";"1978, 1980, 1982-2025";"Sociology and Political Science (Q2); Social Psychology (Q3)";"Psychology; Social Sciences"
412;5700167221;"Journal of Contemporary European Studies";journal;"14782790, 14782804";"Routledge";No;No;0,534;Q2;29;137;201;9317;415;193;1,99;68,01;39,48;7;34;United Kingdom;Western Europe;"Routledge";"2007-2025";"Cultural Studies (Q1); Political Science and International Relations (Q2); Sociology and Political Science (Q2)";"Social Sciences"
413;24187;"Human Studies";journal;"1572851X, 01638548";"Springer Netherlands";No;No;0,533;Q2;39;68;112;3466;170;109;1,17;50,97;42,11;0;9;Netherlands;Western Europe;"Springer Netherlands";"1978-1980, 1982-2025";"Philosophy (Q1); Sociology and Political Science (Q2)";"Arts and Humanities; Social Sciences"
414;21100464772;"Network Science";journal;"20501250, 20501242";"Cambridge University Press";No;No;0,533;Q2;27;20;83;964;136;80;1,43;48,20;27,87;0;1;United Kingdom;Western Europe;"Cambridge University Press";"2013-2025";"Communication (Q2); Sociology and Political Science (Q2); Social Psychology (Q3)";"Psychology; Social Sciences"
415;28507;"Survival";journal;"00396338, 14682699";"Routledge";No;No;0,532;Q2;56;50;216;377;356;207;1,88;7,54;23,33;5;13;United Kingdom;Western Europe;"Routledge";"1959-2025";"Political Science and International Relations (Q2); Sociology and Political Science (Q2)";"Social Sciences"
416;21101043799;"Emotions and Society";journal;"26316900, 26316897";"Policy Press";No;No;0,531;Q2;10;25;59;1155;93;53;1,70;46,20;87,50;0;6;United Kingdom;Western Europe;"Policy Press";"2019-2024";"Cultural Studies (Q1); Social Sciences (miscellaneous) (Q2); Sociology and Political Science (Q2); Social Psychology (Q3)";"Psychology; Social Sciences"
417;5600152888;"Journal of Genocide Research";journal;"14623528, 14699494";"Taylor and Francis Ltd.";No;No;0,530;Q2;38;54;114;22;302;103;2,32;0,41;36,07;4;12;United Kingdom;Western Europe;"Taylor and Francis Ltd.";"1999-2025";"History (Q1); Law (Q1); Political Science and International Relations (Q2); Sociology and Political Science (Q2)";"Arts and Humanities; Social Sciences"
418;23528;"Presidential Studies Quarterly";journal;"03604918";"Center for the Study of the Presidency";No;No;0,530;Q2;38;29;107;1654;120;105;0,68;57,03;26,67;1;7;United States;Northern America;"Center for the Study of the Presidency";"1983, 1985, 1988, 1999-2025";"History (Q1); Public Administration (Q2); Sociology and Political Science (Q2)";"Arts and Humanities; Social Sciences"
419;18000156705;"Soccer and Society";journal;"17439590, 14660970";"Routledge";No;No;0,529;Q2;40;93;226;4708;454;215;1,77;50,62;29,49;0;12;United Kingdom;Western Europe;"Routledge";"2009-2025";"Cultural Studies (Q1); Sociology and Political Science (Q2); Social Psychology (Q3)";"Psychology; Social Sciences"
420;5600156543;"Netherlands Quarterly of Human Rights";journal;"01693441";"Stichting Studie- en Informatiecentrum Mensenrechten";No;No;0,527;Q2;24;19;60;0;113;51;1,56;0,00;62,50;0;18;Netherlands;Western Europe;"Stichting Studie- en Informatiecentrum Mensenrechten";"2006-2024";"Law (Q1); Political Science and International Relations (Q2); Sociology and Political Science (Q2)";"Social Sciences"
421;20499;"Canadian Public Policy/ Analyse de Politiques";journal;"03170861";"University of Toronto Press";No;No;0,521;Q2;43;32;102;2800;153;100;1,34;87,50;47,06;5;27;Canada;Northern America;"University of Toronto Press";"1978-1980, 1984, 1989-2024";"Public Administration (Q2); Sociology and Political Science (Q2)";"Social Sciences"
422;21100902532;"Global Social Welfare";journal;"21968799";"Springer International Publishing";No;No;0,519;Q2;20;64;123;2834;249;121;1,64;44,28;39,89;0;53;Switzerland;Western Europe;"Springer International Publishing";"2014-2025";"Sociology and Political Science (Q2)";"Social Sciences"
423;15498;"International Journal of Sociology and Social Policy";journal;"0144333X, 17586720";"Emerald Group Publishing Ltd.";No;No;0,517;Q2;54;96;225;6276;569;222;2,68;65,38;40,39;0;68;United Kingdom;Western Europe;"Emerald Group Publishing Ltd.";"1981-2025";"Economics, Econometrics and Finance (miscellaneous) (Q2); Sociology and Political Science (Q2)";"Economics, Econometrics and Finance; Social Sciences"
424;5700162015;"Public Integrity";journal;"15580989, 10999922";"Taylor and Francis Ltd.";No;No;0,517;Q2;32;86;158;5461;355;149;2,21;63,50;40,10;1;51;United Kingdom;Western Europe;"Taylor and Francis Ltd.";"2000-2025";"Law (Q1); Philosophy (Q1); Business and International Management (Q2); Public Administration (Q2); Sociology and Political Science (Q2)";"Arts and Humanities; Business, Management and Accounting; Social Sciences"
425;21100385960;"American Journal of Cultural Sociology";journal;"20497121, 20497113";"Springer International Publishing AG";No;No;0,515;Q2;27;42;76;3172;139;69;1,67;75,52;38,46;0;7;Switzerland;Western Europe;"Springer International Publishing AG";"2013-2025";"Sociology and Political Science (Q2)";"Social Sciences"
426;5700154315;"Family and Consumer Sciences Research Journal";journal;"1077727X, 15523934";"Wiley-Blackwell";No;No;0,513;Q2;42;23;75;869;104;61;1,50;37,78;66,00;0;6;United States;Northern America;"Wiley-Blackwell";"1972-1973, 1994-2024";"Cultural Studies (Q1); Sociology and Political Science (Q2)";"Social Sciences"
427;29831;"International Journal of Social Welfare";journal;"14682397, 13696866";"Wiley-Blackwell Publishing Ltd";No;No;0,512;Q2;61;78;126;4919;259;113;1,71;63,06;59,19;6;49;United Kingdom;Western Europe;"Wiley-Blackwell Publishing Ltd";"1996-2025";"Sociology and Political Science (Q2); Social Work (Q3)";"Social Sciences"
428;5600153503;"Critical Review of International Social and Political Philosophy";journal;"13698230, 17438772";"Routledge";No;No;0,510;Q2;32;109;241;4215;303;233;1,23;38,67;33,61;2;38;United Kingdom;Western Europe;"Routledge";"2008, 2010-2025";"Philosophy (Q1); Sociology and Political Science (Q2)";"Arts and Humanities; Social Sciences"
429;30006;"Global Social Policy";journal;"17412803, 14680181";"SAGE Publications Ltd";No;No;0,509;Q2;43;49;122;1722;224;99;1,11;35,14;63,38;2;35;United Kingdom;Western Europe;"SAGE Publications Ltd";"2001-2025";"Geography, Planning and Development (Q2); Management, Monitoring, Policy and Law (Q2); Sociology and Political Science (Q2)";"Environmental Science; Social Sciences"
430;21101021437;"Advances in Social Work";journal;"23314125, 15278565";"Indiana University School of Social Work";Yes;Yes;0,506;Q2;13;32;165;1542;272;157;0,99;48,19;69,12;0;16;United States;Northern America;"Indiana University School of Social Work";"2019-2024";"Education (Q2); Social Sciences (miscellaneous) (Q2); Sociology and Political Science (Q2)";"Social Sciences"
431;23542;"Problems of Post-Communism";journal;"1557783X, 10758216";"M.E. Sharpe Inc.";No;No;0,505;Q2;38;70;144;5015;383;137;2,88;71,64;39,81;3;20;United States;Northern America;"M.E. Sharpe Inc.";"1996-2025";"Sociology and Political Science (Q2)";"Social Sciences"
432;24606;"Anthrozoos";journal;"08927936";"Taylor and Francis Ltd.";No;No;0,504;Q2;73;73;161;4466;412;161;2,49;61,18;71,50;0;15;United Kingdom;Western Europe;"Taylor and Francis Ltd.";"1990, 1992-1993, 1996-2025";"Anthropology (Q1); Animal Science and Zoology (Q2); Education (Q2); Sociology and Political Science (Q2); Veterinary (miscellaneous) (Q2)";"Agricultural and Biological Sciences; Social Sciences; Veterinary"
433;15619;"Journal of Contemporary Ethnography";journal;"08912416, 15525414";"SAGE Publications Inc.";No;No;0,504;Q2;69;35;100;2155;204;98;1,79;61,57;56,60;0;16;United States;Northern America;"SAGE Publications Inc.";"1972-1982, 1984-2025";"Anthropology (Q1); Linguistics and Language (Q1); Sociology and Political Science (Q2); Urban Studies (Q2)";"Social Sciences"
434;21101022227;"Journal of Human Rights and Social Work";journal;"23651792";"Springer Science + Business Media";No;No;0,504;Q2;18;72;131;4196;276;117;1,30;58,28;65,10;0;62;Switzerland;Western Europe;"Springer Science + Business Media";"2016-2025";"Law (Q1); Sociology and Political Science (Q2)";"Social Sciences"
435;16931;"American Sociologist";journal;"00031232, 19364784";"Springer";No;No;0,501;Q2;28;48;119;2524;139;108;1,18;52,58;32,08;0;6;United States;Northern America;"Springer";"1973-1975, 1978-1979, 1981, 1987-1996, 2002, 2004-2025";"Social Sciences (miscellaneous) (Q2); Sociology and Political Science (Q2)";"Social Sciences"
436;21100943538;"Revista Internacional de Educacion para la Justicia Social";journal;"22543139";"Universidad Autonoma de Madrid";Yes;Yes;0,500;Q2;20;35;79;1636;125;78;1,81;46,74;74,44;1;29;Spain;Western Europe;"Universidad Autonoma de Madrid";"2012-2024";"Education (Q2); Sociology and Political Science (Q2)";"Social Sciences"
437;21101062822;"Revista Juridica Portucalense";journal;"21835705, 21835799";"Universidade Portucalense";Yes;Yes;0,498;Q2;4;62;136;2498;97;127;0,80;40,29;44,20;0;43;Portugal;Western Europe;"Universidade Portucalense";"2019-2025";"Law (Q1); Political Science and International Relations (Q2); Sociology and Political Science (Q2)";"Social Sciences"
438;5800169165;"Conflict, Security and Development";journal;"14678802";"Routledge";No;No;0,497;Q2;30;36;92;3424;161;90;1,39;95,11;46,77;0;15;United Kingdom;Western Europe;"Routledge";"2010-2025";"Political Science and International Relations (Q2); Sociology and Political Science (Q2)";"Social Sciences"
439;21100897232;"REICE. Revista Iberoamericana Sobre Calidad, Eficacia y Cambio en Educacion";journal;"16964713";"Universidad Autonoma de Madrid";Yes;Yes;0,497;Q2;29;26;94;1144;203;93;1,62;44,00;59,46;0;15;Spain;Western Europe;"Universidad Autonoma de Madrid";"2003-2025";"Cultural Studies (Q1); Education (Q2); Sociology and Political Science (Q2)";"Social Sciences"
440;21100912224;"Journal of World-Systems Research";journal;"1076156X";"University Library System, University of Pittsburgh";Yes;Yes;0,496;Q2;10;30;86;1680;88;65;0,82;56,00;46,43;0;13;United States;Northern America;"University Library System, University of Pittsburgh";"2019-2024";"Political Science and International Relations (Q2); Sociology and Political Science (Q2)";"Social Sciences"
441;19700173011;"Modern Intellectual History";journal;"14792451, 14792443";"Cambridge University Press";No;No;0,495;Q2;29;52;178;7948;164;177;0,81;152,85;24,14;0;4;United Kingdom;Western Europe;"Cambridge University Press";"2004-2025";"Cultural Studies (Q1); History (Q1); Philosophy (Q1); Sociology and Political Science (Q2)";"Arts and Humanities; Social Sciences"
442;25671;"Washington Quarterly";journal;"15309177, 0163660X";"Taylor and Francis Ltd.";No;No;0,495;Q2;57;26;116;161;203;116;1,41;6,19;26,47;0;1;United Kingdom;Western Europe;"Taylor and Francis Ltd.";"1978-2024";"Law (Q1); Political Science and International Relations (Q2); Sociology and Political Science (Q2)";"Social Sciences"
443;21100235819;"Verbum et Ecclesia";journal;"20747705, 16099982";"AOSIS (Pty) Ltd";Yes;No;0,494;Q2;15;120;253;4802;125;250;0,54;40,02;20,00;0;43;South Africa;Africa;"AOSIS (Pty) Ltd";"2013-2025";"Religious Studies (Q1); Sociology and Political Science (Q2)";"Arts and Humanities; Social Sciences"
444;29496;"Religion";journal;"10961151, 0048721X";"Taylor and Francis Ltd.";No;No;0,493;Q2;42;36;84;2073;121;77;1,19;57,58;37,50;0;1;United Kingdom;Western Europe;"Taylor and Francis Ltd.";"1971-2025";"History (Q1); Sociology and Political Science (Q2)";"Arts and Humanities; Social Sciences"
445;19900188955;"PoLAR: Political and Legal Anthropology Review";journal;"10816976, 15552934";"John Wiley and Sons Inc";No;No;0,491;Q2;36;27;81;821;74;66;0,94;30,41;69,23;0;7;United States;Northern America;"John Wiley and Sons Inc";"1973-1974, 1977-2024";"Anthropology (Q1); Law (Q1); Sociology and Political Science (Q2)";"Social Sciences"
446;15713;"Asian Survey";journal;"00044687, 1533838X";"University of California Press";No;No;0,489;Q2;56;50;151;2495;201;149;1,37;49,90;32,43;0;28;United States;Northern America;"University of California Press";"1970-2024";"Geography, Planning and Development (Q2); Sociology and Political Science (Q2)";"Social Sciences"
447;21100407545;"International Journal for Crime, Justice and Social Democracy";journal;"22028005, 22027998";"Queensland Uuniversity of Technology";Yes;Yes;0,489;Q2;29;32;135;1723;276;130;1,72;53,84;72,22;0;18;Australia;Pacific Region;"Queensland Uuniversity of Technology";"2013-2024";"Law (Q1); Sociology and Political Science (Q2)";"Social Sciences"
448;21100812553;"Filosofia Theoretica";journal;"22768386, 24085987";"Calabar School of Philosophy";No;No;0,488;Q2;14;15;93;420;58;92;0,73;28,00;12,50;0;3;South Africa;Africa;"Calabar School of Philosophy";"2014-2024";"Cultural Studies (Q1); Philosophy (Q1); Religious Studies (Q1); Sociology and Political Science (Q2)";"Arts and Humanities; Social Sciences"
449;21100208059;"Journal of International Political Theory";journal;"17551722, 17550882";"SAGE Publications Ltd";No;No;0,487;Q2;18;25;82;899;100;76;1,05;35,96;57,14;0;6;United Kingdom;Western Europe;"SAGE Publications Ltd";"2008-2009, 2014-2025";"Social Sciences (miscellaneous) (Q2); Sociology and Political Science (Q2)";"Social Sciences"
450;5600152813;"Business and Society Review";journal;"00453609, 14678594";"Wiley-Blackwell Publishing Ltd";No;No;0,486;Q2;32;39;93;3048;289;93;2,82;78,15;36,25;0;19;United Kingdom;Western Europe;"Wiley-Blackwell Publishing Ltd";"2007-2024";"Business and International Management (Q2); Industrial Relations (Q2); Sociology and Political Science (Q2); Strategy and Management (Q2)";"Business, Management and Accounting; Social Sciences"
451;110220;"Human Ecology";journal;"15729915, 03007839";"Springer";No;No;0,486;Q2;87;79;224;5441;429;219;1,71;68,87;44,19;1;54;United States;Northern America;"Springer";"1972-2025";"Anthropology (Q1); Arts and Humanities (miscellaneous) (Q1); Ecology (Q2); Environmental Science (miscellaneous) (Q2); Health (social science) (Q2); Sociology and Political Science (Q2); Health, Toxicology and Mutagenesis (Q3); Public Health, Environmental and Occupational Health (Q3)";"Arts and Humanities; Environmental Science; Medicine; Social Sciences"
452;20961;"Science and Society";journal;"00368237";"SAGE Publications Ltd";No;No;0,483;Q2;31;38;99;877;66;87;0,56;23,08;21,21;0;4;United States;Northern America;"SAGE Publications Ltd";"1977, 1981, 1984, 1986, 1996-2024";"Sociology and Political Science (Q2)";"Social Sciences"
453;21100320408;"Human Service Organizations Management, Leadership and Governance";journal;"2330314X, 23303131";"Taylor and Francis Ltd.";No;No;0,481;Q2;27;54;92;3001;206;87;1,66;55,57;63,77;0;22;United Kingdom;Western Europe;"Taylor and Francis Ltd.";"2014-2025";"Health (social science) (Q2); Public Administration (Q2); Sociology and Political Science (Q2); Strategy and Management (Q2)";"Business, Management and Accounting; Social Sciences"
454;21101075508;"Journal of Applied Youth Studies";journal;"22049207, 22049193";"Springer Nature";No;No;0,480;Q2;10;45;66;2210;131;56;1,41;49,11;68,75;1;25;Singapore;Asiatic Region;"Springer Nature";"2020-2025";"Anthropology (Q1); Cultural Studies (Q1); Education (Q2); Social Sciences (miscellaneous) (Q2); Sociology and Political Science (Q2)";"Social Sciences"
455;21100898700;"Journal of Human Trafficking";journal;"23322705, 23322713";"Taylor and Francis Ltd.";No;No;0,480;Q2;24;84;139;3942;259;137;1,83;46,93;73,79;5;82;United States;Northern America;"Taylor and Francis Ltd.";"2015-2025";"Anthropology (Q1); Law (Q1); Demography (Q2); Sociology and Political Science (Q2); Transportation (Q3)";"Social Sciences"
456;17670;"Comparative Studies in Society and History";journal;"00104175, 14752999";"Cambridge University Press";No;No;0,477;Q2;67;40;117;4478;136;105;1,05;111,95;28,57;0;11;United Kingdom;Western Europe;"Cambridge University Press";"1958-2025";"History (Q1); Sociology and Political Science (Q2)";"Arts and Humanities; Social Sciences"
457;21100940340;"Forest and Society";journal;"25494333, 25494724";"Hasanuddin University";Yes;No;0,477;Q2;20;24;105;1529;255;105;2,13;63,71;36,36;0;20;Indonesia;Asiatic Region;"Hasanuddin University";"2017-2025";"Forestry (Q2); Geography, Planning and Development (Q2); Nature and Landscape Conservation (Q2); Plant Science (Q2); Political Science and International Relations (Q2); Sociology and Political Science (Q2)";"Agricultural and Biological Sciences; Environmental Science; Social Sciences"
458;20318;"Journal of Modern African Studies";journal;"14697777, 0022278X";"Cambridge University Press";No;No;0,477;Q2;70;7;88;469;109;88;1,12;67,00;45,45;0;3;United Kingdom;Western Europe;"Cambridge University Press";"1963-2024";"Geography, Planning and Development (Q2); Sociology and Political Science (Q2)";"Social Sciences"
459;27731;"Latin American Perspectives";journal;"0094582X, 1552678X";"SAGE Publications Ltd";No;No;0,477;Q2;51;124;257;3789;257;229;0,80;30,56;37,14;0;31;United Kingdom;Western Europe;"SAGE Publications Ltd";"1977, 1984, 1986-2025";"Geography, Planning and Development (Q2); Sociology and Political Science (Q2)";"Social Sciences"
460;15731;"Australian Journal of Political Science";journal;"1363030X, 10361146";"Routledge";No;No;0,476;Q2;44;24;81;1246;142;78;1,52;51,92;41,03;0;9;United Kingdom;Western Europe;"Routledge";"1990-2025";"Sociology and Political Science (Q2)";"Social Sciences"
461;24747;"Modern Asian Studies";journal;"0026749X, 14698099";"Cambridge University Press";No;No;0,476;Q2;52;42;193;5089;180;193;0,83;121,17;35,71;0;15;United Kingdom;Western Europe;"Cambridge University Press";"1967-2025";"History (Q1); Geography, Planning and Development (Q2); Sociology and Political Science (Q2)";"Arts and Humanities; Social Sciences"
462;21101017551;"Journal of Evidence-Based Social Work (United States)";journal;"26408074, 26408066";"Routledge";No;No;0,475;Q2;34;44;141;2321;228;138;1,57;52,75;68,00;0;25;United Kingdom;Western Europe;"Routledge";"2019-2025";"Health (social science) (Q2); Sociology and Political Science (Q2); Social Psychology (Q3)";"Psychology; Social Sciences"
463;12100156090;"British Politics";journal;"1746918X, 17469198";"Palgrave Macmillan Ltd.";No;No;0,474;Q2;34;47;80;2820;149;80;1,65;60,00;32,43;2;14;United Kingdom;Western Europe;"Palgrave Macmillan Ltd.";"2006-2025";"History (Q1); Political Science and International Relations (Q2); Sociology and Political Science (Q2)";"Arts and Humanities; Social Sciences"
464;19700173116;"Journal of Children's Services";journal;"17466660";"Emerald Group Publishing Ltd.";No;No;0,474;Q2;28;20;58;1085;124;57;1,94;54,25;75,86;0;6;United Kingdom;Western Europe;"Emerald Group Publishing Ltd.";"2006-2024";"Law (Q1); Education (Q2); Health (social science) (Q2); Sociology and Political Science (Q2); Developmental and Educational Psychology (Q3)";"Psychology; Social Sciences"
465;12283;"Journal of Social Service Research";journal;"01488376, 15407314";"Routledge";No;No;0,474;Q2;47;99;186;5127;347;185;1,40;51,79;58,10;0;54;United States;Northern America;"Routledge";"1978-2025";"Social Sciences (miscellaneous) (Q2); Sociology and Political Science (Q2); Social Work (Q3)";"Social Sciences"
466;14402;"Archives Europeennes de Sociologie";journal;"14740583, 00039756";"Cambridge University Press";No;No;0,472;Q2;47;9;42;833;86;42;1,70;92,56;30,77;0;6;United Kingdom;Western Europe;"Cambridge University Press";"1960-2024";"Sociology and Political Science (Q2)";"Social Sciences"
467;21100443918;"Distinktion";journal;"21599149, 1600910X";"Routledge";No;No;0,472;Q2;26;37;80;2444;172;76;2,19;66,05;20,34;0;4;United Kingdom;Western Europe;"Routledge";"2009-2025";"Social Sciences (miscellaneous) (Q2); Sociology and Political Science (Q2)";"Social Sciences"
468;21100934094;"Nonprofit Policy Forum";journal;"21543348";"Walter de Gruyter GmbH";Yes;Yes;0,472;Q2;19;43;67;2285;126;59;1,25;53,14;52,27;0;18;Germany;Western Europe;"Walter de Gruyter GmbH";"2010-2025";"Economics and Econometrics (Q2); Public Administration (Q2); Sociology and Political Science (Q2)";"Economics, Econometrics and Finance; Social Sciences"
469;21100200653;"Information Polity";journal;"18758754, 15701255";"SAGE Publications Ltd";No;No;0,471;Q2;46;16;99;933;175;87;1,58;58,31;36,00;0;10;Netherlands;Western Europe;"SAGE Publications Ltd";"2002-2024";"Communication (Q2); Geography, Planning and Development (Q2); Information Systems (Q2); Public Administration (Q2); Sociology and Political Science (Q2)";"Computer Science; Social Sciences"
470;21100208020;"Economics and Sociology";journal;"2071789X, 23063459";"Centre of Sociological Research";Yes;Yes;0,468;Q2;36;63;213;3651;634;212;2,79;57,95;53,53;0;32;Poland;Eastern Europe;"Centre of Sociological Research";"2008-2024";"Business, Management and Accounting (miscellaneous) (Q2); Economics, Econometrics and Finance (miscellaneous) (Q2); Social Sciences (miscellaneous) (Q2); Sociology and Political Science (Q2)";"Business, Management and Accounting; Economics, Econometrics and Finance; Social Sciences"
471;18500158100;"Forum (Germany)";journal;"21946183, 15408884";"Walter de Gruyter GmbH";Yes;No;0,468;Q2;26;10;115;560;104;101;0,72;56,00;33,33;0;5;Germany;Western Europe;"Walter de Gruyter GmbH";"2000, 2002, 2004-2025";"Social Sciences (miscellaneous) (Q2); Sociology and Political Science (Q2)";"Social Sciences"
472;15617;"Journal of Comparative Family Studies";journal;"00472328";"University of Toronto Press";No;No;0,468;Q2;50;9;75;429;82;61;0,84;47,67;29,41;0;3;Canada;Northern America;"University of Toronto Press";"1973, 1976-2024";"Anthropology (Q1); Sociology and Political Science (Q2); Social Psychology (Q3)";"Psychology; Social Sciences"
473;200147136;"Religion, State and Society";journal;"09637494";"Routledge";No;No;0,468;Q2;28;48;100;1756;117;79;0,93;36,58;44,74;0;14;United Kingdom;Western Europe;"Routledge";"1992-2024";"Religious Studies (Q1); Sociology and Political Science (Q2)";"Arts and Humanities; Social Sciences"
474;21100442094;"Social Inclusion";journal;"21832803";"Cogitatio Press";Yes;No;0,468;Q2;36;99;367;4294;656;329;1,38;43,37;60,23;1;80;Portugal;Western Europe;"Cogitatio Press";"2013-2025";"Sociology and Political Science (Q2); Social Psychology (Q3)";"Psychology; Social Sciences"
475;21100416483;"Families, Relationships and Societies";journal;"20467435, 20467443";"The Policy Press";No;No;0,467;Q2;25;32;116;1706;186;114;1,12;53,31;72,84;0;16;United Kingdom;Western Europe;"The Policy Press";"2012-2024";"Sociology and Political Science (Q2)";"Social Sciences"
476;21101192306;"Journal of Economics, Race, and Policy";journal;"25208411, 2520842X";"Springer International Publishing";No;No;0,464;Q2;6;31;42;1679;53;40;1,26;54,16;36,21;1;22;Switzerland;Western Europe;"Springer International Publishing";"2022-2025";"Economics, Econometrics and Finance (miscellaneous) (Q2); Sociology and Political Science (Q2); Management, Monitoring, Policy and Law (Q3)";"Economics, Econometrics and Finance; Environmental Science; Social Sciences"
477;28227;"Asian Pacific Journal of Social Work";journal;"02185385";"Routledge";No;No;0,463;Q2;19;8;84;279;121;74;0,88;34,88;47,83;0;3;United Kingdom;Western Europe;"Routledge";"1991-2024";"Social Sciences (miscellaneous) (Q2); Sociology and Political Science (Q2)";"Social Sciences"
478;21101091648;"Finance and Society";journal;"20595999";"Cambridge University Press";Yes;No;0,460;Q2;7;9;38;257;39;35;0,94;28,56;20,00;0;6;United Kingdom;Western Europe;"Cambridge University Press";"2019, 2021-2024";"Arts and Humanities (miscellaneous) (Q1); History and Philosophy of Science (Q1); Finance (Q2); Social Sciences (miscellaneous) (Q2); Sociology and Political Science (Q2)";"Arts and Humanities; Economics, Econometrics and Finance; Social Sciences"
479;26079;"Journal of Palestine Studies";journal;"0377919X, 15338614";"Routledge";No;No;0,460;Q2;38;30;106;956;110;81;0,95;31,87;46,15;0;8;United States;Northern America;"Routledge";"1971-2024";"Geography, Planning and Development (Q2); Sociology and Political Science (Q2)";"Social Sciences"
480;21100805792;"Studies in Indian Politics";journal;"23210230, 23217472";"SAGE Publications Inc.";No;No;0,460;Q2;12;27;73;908;54;59;0,88;33,63;30,77;0;6;United Kingdom;Western Europe;"SAGE Publications Inc.";"2014-2024";"Political Science and International Relations (Q2); Sociology and Political Science (Q2)";"Social Sciences"
481;21101039079;"Central European Management Journal";journal;"26580845, 26582430";"Emerald Publishing";Yes;Yes;0,459;Q2;15;50;85;3423;270;85;3,46;68,46;54,01;0;18;Poland;Eastern Europe;"Emerald Publishing";"2020-2025";"Business, Management and Accounting (miscellaneous) (Q2); Political Science and International Relations (Q2); Sociology and Political Science (Q2); Social Psychology (Q3)";"Business, Management and Accounting; Psychology; Social Sciences"
482;15532;"International Sociology";journal;"02685809, 14617242";"SAGE Publications Ltd";No;No;0,456;Q2;72;31;143;1769;212;136;1,32;57,06;60,34;2;13;United Kingdom;Western Europe;"SAGE Publications Ltd";"1986-2025";"Sociology and Political Science (Q2)";"Social Sciences"
483;145137;"Critical Criminology";journal;"15729877, 12058629";"Springer Netherlands";No;No;0,455;Q2;41;53;181;3589;299;167;1,27;67,72;58,82;0;26;Netherlands;Western Europe;"Springer Netherlands";"1996-1997, 2000-2002, 2004-2025";"Law (Q1); Sociology and Political Science (Q2)";"Social Sciences"
484;19900191551;"International Review of the Red Cross";journal;"16075889, 18163831";"Cambridge University Press";No;No;0,455;Q2;48;54;182;7454;203;165;1,10;138,04;40,74;0;36;United Kingdom;Western Europe;"Cambridge University Press";"2005-2025";"Law (Q1); Sociology and Political Science (Q2)";"Social Sciences"
485;16241;"Journal of Law and Society";journal;"14676478, 0263323X";"Wiley-Blackwell Publishing Ltd";No;No;0,455;Q2;61;29;114;1147;233;113;2,09;39,55;59,57;1;14;United Kingdom;Western Europe;"Wiley-Blackwell Publishing Ltd";"1983, 1985, 1988, 1991-1993, 1996-2024";"Law (Q1); Sociology and Political Science (Q2)";"Social Sciences"
486;21100448080;"Interest Groups and Advocacy";journal;"20477414, 20477422";"Palgrave Macmillan Ltd.";Yes;No;0,454;Q2;23;25;72;1668;98;70;1,19;66,72;40,54;0;10;United Kingdom;Western Europe;"Palgrave Macmillan Ltd.";"2014-2025";"Sociology and Political Science (Q2)";"Social Sciences"
487;15016;"Social Work Research";journal;"15456838, 10705309";"Oxford University Press";No;No;0,454;Q2;62;25;81;949;137;72;1,88;37,96;50,88;1;9;United Kingdom;Western Europe;"Oxford University Press";"1994-2024";"Sociology and Political Science (Q2); Social Work (Q3)";"Social Sciences"
488;19700168801;"Journal of Eurasian Studies";journal;"18793665";"Hanyang University";Yes;Yes;0,453;Q2;31;31;55;1758;111;51;1,24;56,71;53,57;1;15;South Korea;Asiatic Region;"Hanyang University";"2010-2024";"Cultural Studies (Q1); History (Q1); Sociology and Political Science (Q2)";"Arts and Humanities; Social Sciences"
489;21100787833;"CIRIEC-Espana Revista de Economia Publica, Social y Cooperativa";journal;"19896816";"CIRIEC-ESPANA";Yes;Yes;0,450;Q2;18;32;102;1744;163;102;1,37;54,50;59,76;0;24;Spain;Western Europe;"CIRIEC-ESPANA";"2015-2024";"Sociology and Political Science (Q2); Economics and Econometrics (Q3)";"Economics, Econometrics and Finance; Social Sciences"
490;19900191760;"Journal of Peace Education";journal;"17400201, 1740021X";"Routledge";No;No;0,448;Q2;21;26;54;1668;91;52;1,73;64,15;61,36;0;15;United Kingdom;Western Europe;"Routledge";"2010-2025";"Education (Q2); Political Science and International Relations (Q2); Sociology and Political Science (Q2)";"Social Sciences"
491;5600155080;"Philosophy and Social Criticism";journal;"01914537";"SAGE Publications Inc.";No;No;0,444;Q2;42;145;265;5690;280;260;1,03;39,24;26,35;2;32;United States;Northern America;"SAGE Publications Inc.";"1973-1982, 1984-2025";"Philosophy (Q1); Sociology and Political Science (Q2)";"Arts and Humanities; Social Sciences"
492;17201;"Canadian Public Administration";journal;"00084840, 17547121";"Wiley-Blackwell";No;No;0,442;Q2;33;44;106;1862;156;104;1,62;42,32;41,79;0;11;United States;Northern America;"Wiley-Blackwell";"1958-2024";"Public Administration (Q2); Sociology and Political Science (Q2)";"Social Sciences"
493;27733;"Latin American Research Review";journal;"00238791, 15424278";"Cambridge University Press";Yes;Yes;0,442;Q2;58;57;157;3142;161;150;0,92;55,12;39,53;0;26;United States;Northern America;"Cambridge University Press";"1965-2025";"Anthropology (Q1); Arts and Humanities (miscellaneous) (Q1); Cultural Studies (Q1); History (Q1); Literature and Literary Theory (Q1); Multidisciplinary (Q1); Development (Q2); Economics, Econometrics and Finance (miscellaneous) (Q2); Geography, Planning and Development (Q2); Political Science and International Relations (Q2); Sociology and Political Science (Q2)";"Arts and Humanities; Economics, Econometrics and Finance; Multidisciplinary; Social Sciences"
494;18675;"Teaching Sociology";journal;"0092055X, 1939862X";"SAGE Publications Inc.";No;No;0,441;Q2;45;35;102;1434;147;87;1,38;40,97;61,02;0;7;United States;Northern America;"SAGE Publications Inc.";"1986, 1990, 1996-2025";"Education (Q2); Sociology and Political Science (Q2)";"Social Sciences"
495;19900191584;"Journal of Poverty and Social Justice";journal;"17598273, 17598281";"The Policy Press";No;No;0,439;Q2;22;23;63;1298;100;57;1,42;56,43;54,29;0;19;United Kingdom;Western Europe;"The Policy Press";"2010-2024";"Public Administration (Q2); Sociology and Political Science (Q2)";"Social Sciences"
496;21101043318;"Studies in Communication and Media";journal;"21924007";"Nomos Verlagsgesellschaft mbH und Co";Yes;Yes;0,439;Q2;11;18;53;1257;62;48;0,90;69,83;36,73;0;8;Germany;Western Europe;"Nomos Verlagsgesellschaft mbH und Co";"2019-2024";"Linguistics and Language (Q1); Communication (Q2); Sociology and Political Science (Q2)";"Social Sciences"
497;21100929579;"Secularism and Nonreligion";journal;"20536712";"Ubiquity Press";Yes;No;0,438;Q2;8;4;18;263;25;18;0,63;65,75;28,57;0;0;United Kingdom;Western Europe;"Ubiquity Press";"2019-2024";"Anthropology (Q1); History (Q1); Philosophy (Q1); Religious Studies (Q1); Gender Studies (Q2); Sociology and Political Science (Q2)";"Arts and Humanities; Social Sciences"
498;15525;"International Review of Sociology";journal;"03906701, 14699273";"Routledge";No;No;0,436;Q2;35;30;91;2247;162;86;1,65;74,90;37,74;1;15;United Kingdom;Western Europe;"Routledge";"1987-1994, 2003-2025";"Sociology and Political Science (Q2)";"Social Sciences"
499;22273;"Peace Economics, Peace Science and Public Policy";journal;"15548597, 10792457";"Walter de Gruyter GmbH";No;No;0,436;Q2;23;21;54;1135;104;50;1,88;54,05;20,00;0;11;Germany;Western Europe;"Walter de Gruyter GmbH";"1994-1996, 1999-2025";"Political Science and International Relations (Q2); Sociology and Political Science (Q2); Economics and Econometrics (Q3); Management, Monitoring, Policy and Law (Q3)";"Economics, Econometrics and Finance; Environmental Science; Social Sciences"
500;13519;"Contemporary Southeast Asia";journal;"0129797X";"ISEAS - Yusof Ishak Institute";No;No;0,434;Q2;45;18;75;1393;95;65;1,22;77,39;40,91;1;9;Singapore;Asiatic Region;"ISEAS - Yusof Ishak Institute";"1979-2024";"History (Q1); Development (Q2); Political Science and International Relations (Q2); Sociology and Political Science (Q2)";"Arts and Humanities; Social Sciences"
501;21101151590;"Journal of Deliberative Democracy";journal;"26340488";"International Association for Public Participation";Yes;Yes;0,434;Q2;11;9;60;498;82;60;1,09;55,33;40,00;0;6;United States;Northern America;"International Association for Public Participation";"2020-2024";"Sociology and Political Science (Q2)";"Social Sciences"
502;5700167003;"Cultural Politics";journal;"17432197";"Duke University Press";No;No;0,431;Q2;18;31;73;1103;70;69;1,13;35,58;35,29;0;7;United States;Northern America;"Duke University Press";"2012-2024";"Cultural Studies (Q1); Communication (Q2); Sociology and Political Science (Q2)";"Social Sciences"
503;5600153131;"Social Analysis";journal;"15585727, 0155977X";"Berghahn Journals";Yes;Yes;0,431;Q2;36;13;85;557;95;84;0,90;42,85;31,58;0;7;United Kingdom;Western Europe;"Berghahn Journals";"2002-2024";"Anthropology (Q1); Arts and Humanities (miscellaneous) (Q1); Cultural Studies (Q1); Sociology and Political Science (Q2)";"Arts and Humanities; Social Sciences"
504;21100782417;"Global Discourse";journal;"23269995, 20437897";"Bristol University Press";No;No;0,430;Q2;22;34;151;1663;175;67;0,89;48,91;50,00;0;8;United Kingdom;Western Europe;"Bristol University Press";"2010-2011, 2013-2024";"Political Science and International Relations (Q2); Sociology and Political Science (Q2)";"Social Sciences"
505;21101121509;"Ulumuna";journal;"14113457, 23557648";"Universitas Islam Negeri (UIN) Mataram";Yes;Yes;0,426;Q2;7;37;70;1797;128;70;2,19;48,57;21,25;0;10;Indonesia;Asiatic Region;"Universitas Islam Negeri (UIN) Mataram";"2019-2024";"Arts and Humanities (miscellaneous) (Q1); Cultural Studies (Q1); History (Q1); Philosophy (Q1); Religious Studies (Q1); Education (Q2); Sociology and Political Science (Q2)";"Arts and Humanities; Social Sciences"
506;12792;"Pastoral Psychology";journal;"15736679, 00312789";"Springer New York";No;No;0,425;Q2;33;85;156;4321;171;154;1,15;50,84;51,14;0;19;United States;Northern America;"Springer New York";"1950-1972, 1975-2002, 2005-2025";"Religious Studies (Q1); Sociology and Political Science (Q2); Applied Psychology (Q3); Social Psychology (Q3)";"Arts and Humanities; Psychology; Social Sciences"
507;14300;"Harvard Journal of Law and Public Policy";journal;"01934872";"Harvard University";No;No;0,424;Q2;32;25;86;3581;60;85;0,61;143,24;20,00;0;2;United States;Northern America;"Harvard University";"1980, 1985, 1990, 1995-2024";"Law (Q2); Sociology and Political Science (Q2)";"Social Sciences"
508;5800154205;"International Journal of Comparative and Applied Criminal Justice";journal;"21576475, 01924036";"Routledge";No;No;0,424;Q2;23;35;80;2412;136;77;1,69;68,91;41,25;1;17;United States;Northern America;"Routledge";"1977-1995, 2014-2025";"Law (Q2); Sociology and Political Science (Q2); Social Psychology (Q3)";"Psychology; Social Sciences"
509;14980;"Humor";journal;"16133722, 09331719";"De Gruyter Mouton";No;No;0,423;Q2;55;26;92;1366;136;88;1,18;52,54;58,00;0;6;Germany;Western Europe;"De Gruyter Mouton";"1988-2025";"Linguistics and Language (Q1); Sociology and Political Science (Q2); Psychology (miscellaneous) (Q3)";"Psychology; Social Sciences"
510;11600153582;"Community Development";journal;"15575330, 19447485";"Routledge";No;No;0,421;Q2;31;88;133;4642;250;118;1,89;52,75;48,80;0;57;United Kingdom;Western Europe;"Routledge";"2010-2025";"Geography, Planning and Development (Q2); Sociology and Political Science (Q2)";"Social Sciences"
511;19900188083;"Island Studies Journal";journal;"17152593";"";Yes;Yes;0,420;Q2;32;26;97;1576;147;96;1,32;60,62;44,44;1;19;Denmark;Western Europe;"";"2010-2024";"Geography, Planning and Development (Q2); Political Science and International Relations (Q2); Sociology and Political Science (Q2)";"Social Sciences"
512;19500157802;"Asian Social Work and Policy Review";journal;"17531403, 17531411";"Wiley-Blackwell Publishing Ltd";No;No;0,417;Q2;21;32;71;1491;112;70;1,30;46,59;61,76;0;20;Australia;Pacific Region;"Wiley-Blackwell Publishing Ltd";"2008-2025";"Social Sciences (miscellaneous) (Q2); Sociology and Political Science (Q2); Social Work (Q3)";"Social Sciences"
513;21100829274;"Journal of International Studies";journal;"20718330, 23063483";"Centre of Sociological Research";Yes;Yes;0,417;Q2;36;57;198;3298;539;197;2,83;57,86;48,67;0;41;Poland;Eastern Europe;"Centre of Sociological Research";"2008-2024";"Political Science and International Relations (Q2); Social Sciences (miscellaneous) (Q2); Sociology and Political Science (Q2); Business and International Management (Q3); Economics and Econometrics (Q3)";"Business, Management and Accounting; Economics, Econometrics and Finance; Social Sciences"
514;24470;"Childhood";journal;"09075682, 14617013";"SAGE Publications Ltd";No;No;0,416;Q2;77;45;113;1869;244;101;2,24;41,53;81,89;0;22;United Kingdom;Western Europe;"SAGE Publications Ltd";"1993-1994, 1996-2025";"Anthropology (Q1); Cultural Studies (Q1); Sociology and Political Science (Q2); Developmental and Educational Psychology (Q3); Life-span and Life-course Studies (Q3)";"Psychology; Social Sciences"
515;5800169167;"Journal of East Asian Studies";journal;"15982408";"Cambridge University Press";No;No;0,416;Q2;32;12;66;795;97;66;1,41;66,25;35,71;0;8;United Kingdom;Western Europe;"Cambridge University Press";"2008-2025";"Development (Q2); Political Science and International Relations (Q2); Sociology and Political Science (Q2); Economics and Econometrics (Q3)";"Economics, Econometrics and Finance; Social Sciences"
516;23442;"Politics and the Life Sciences";journal;"14715457, 07309384";"Cambridge University Press";No;No;0,416;Q2;24;22;64;1315;124;56;1,84;59,77;38,24;0;10;United Kingdom;Western Europe;"Cambridge University Press";"1983-1984, 1986-2024";"Public Administration (Q2); Social Sciences (miscellaneous) (Q2); Sociology and Political Science (Q2)";"Social Sciences"
517;21101158599;"Society Register";journal;"25445502";"Uniwersytet im. Adama Mickiewicza w Poznaniu";Yes;Yes;0,416;Q2;5;12;20;789;68;20;3,40;65,75;37,50;0;10;Poland;Eastern Europe;"Uniwersytet im. Adama Mickiewicza w Poznaniu";"2023-2024";"Cultural Studies (Q1); Gender Studies (Q2); Political Science and International Relations (Q2); Sociology and Political Science (Q2)";"Social Sciences"
518;19900192514;"Dynamics of Asymmetric Conflict: Pathways toward Terrorism and Genocide";journal;"17467594, 17467586";"Routledge";No;No;0,415;Q2;19;31;48;2228;57;40;1,52;71,87;31,58;0;10;United Kingdom;Western Europe;"Routledge";"2010-2025";"Cultural Studies (Q1); Law (Q2); Political Science and International Relations (Q2); Sociology and Political Science (Q2); Social Psychology (Q3)";"Psychology; Social Sciences"
519;16996;"Modern China";journal;"15526836, 00977004";"SAGE Publications Inc.";No;No;0,414;Q2;50;30;97;2019;104;97;1,02;67,30;24,24;0;11;United States;Northern America;"SAGE Publications Inc.";"1975-2025";"History (Q1); Geography, Planning and Development (Q2); Sociology and Political Science (Q2)";"Arts and Humanities; Social Sciences"
520;21100870605;"European Journal of Cultural and Political Sociology";journal;"23254815, 23254823";"Taylor and Francis Ltd.";No;No;0,412;Q2;17;33;72;1339;98;59;1,41;40,58;50,00;0;7;United Kingdom;Western Europe;"Taylor and Francis Ltd.";"2014-2024";"Cultural Studies (Q1); Sociology and Political Science (Q2)";"Social Sciences"
521;12100157009;"Politics and Policy";journal;"15555623";"Wiley-Blackwell";No;No;0,412;Q2;35;68;167;4973;269;155;1,60;73,13;24,59;0;54;United States;Northern America;"Wiley-Blackwell";"2001-2025";"Political Science and International Relations (Q2); Sociology and Political Science (Q2)";"Social Sciences"
522;13435;"Communist and Post-Communist Studies";journal;"0967067X";"University of California Press";No;No;0,410;Q2;52;32;86;2408;108;86;1,10;75,25;51,92;11;10;United Kingdom;Western Europe;"University of California Press";"1993-2024";"Development (Q2); Sociology and Political Science (Q2)";"Social Sciences"
523;5600153110;"Revista Espanola de Investigaciones Sociologicas";journal;"19885903, 02105233";"Centro de Investigaciones Sociologicas";Yes;Yes;0,410;Q2;25;32;84;1707;111;83;1,31;53,34;39,39;24;20;Spain;Western Europe;"Centro de Investigaciones Sociologicas";"1980-1983, 2008-2025";"Sociology and Political Science (Q2)";"Social Sciences"
524;21100886534;"International Journal of Political Economy";journal;"15580970, 08911916";"Taylor and Francis Ltd.";No;No;0,409;Q2;29;26;68;1140;110;65;1,52;43,85;21,28;2;19;United Kingdom;Western Europe;"Taylor and Francis Ltd.";"1996-2004, 2006-2024";"Political Science and International Relations (Q2); Sociology and Political Science (Q2); Economics and Econometrics (Q3)";"Economics, Econometrics and Finance; Social Sciences"
525;21100259119;"Journal of International and Comparative Social Policy";journal;"21699763, 2169978X";"Cambridge University Press";No;No;0,408;Q2;24;7;48;492;95;47;1,28;70,29;75,00;0;7;United Kingdom;Western Europe;"Cambridge University Press";"2013-2025";"Social Sciences (miscellaneous) (Q2); Sociology and Political Science (Q2); Health (social science) (Q3)";"Social Sciences"
526;26288;"Journal of Latin American Studies";journal;"0022216X, 1469767X";"Cambridge University Press";No;No;0,407;Q2;53;18;74;1842;81;74;0,90;102,33;39,13;0;9;United Kingdom;Western Europe;"Cambridge University Press";"1969-2025";"Arts and Humanities (miscellaneous) (Q2); Geography, Planning and Development (Q2); Sociology and Political Science (Q2)";"Arts and Humanities; Social Sciences"
527;21100942111;"Journal of Law and Courts";journal;"21646589, 21646570";"Cambridge University Press";No;No;0,407;Q2;21;24;52;1409;74;52;1,56;58,71;38,18;0;6;United States;Northern America;"Cambridge University Press";"2013-2025";"Law (Q2); Political Science and International Relations (Q2); Sociology and Political Science (Q2)";"Social Sciences"
528;21101036615;"Relacoes Internacionais no Mundo Atual";journal;"23162880";"Centro Universitario Curitiba - UNICURITIBA";No;No;0,407;Q2;7;154;304;4177;222;302;0,82;27,12;63,19;0;83;Brazil;Latin America;"Centro Universitario Curitiba - UNICURITIBA";"2019-2025";"Law (Q2); Political Science and International Relations (Q2); Public Administration (Q2); Sociology and Political Science (Q2)";"Social Sciences"
529;21100448012;"Partecipazione e Conflitto";journal;"19727623, 20356609";"University of Salento";Yes;Yes;0,406;Q2;22;40;155;2456;201;152;1,09;61,40;46,67;0;17;Italy;Western Europe;"University of Salento";"2015-2024";"Sociology and Political Science (Q2)";"Social Sciences"
530;21101121584;"Review of Economics and Political Science";journal;"26313561, 23569980";"Emerald Publishing";Yes;No;0,406;Q2;15;37;77;2117;229;76;3,60;57,22;37,78;0;25;United Kingdom;Western Europe;"Emerald Publishing";"2018-2025";"Economics, Econometrics and Finance (miscellaneous) (Q2); Political Science and International Relations (Q2); Sociology and Political Science (Q2); Applied Mathematics (Q3); Statistics and Probability (Q3)";"Economics, Econometrics and Finance; Mathematics; Social Sciences"
531;17900156739;"Journal of Eastern African Studies";journal;"17531055, 17531063";"Routledge";No;No;0,405;Q2;39;30;99;1512;111;96;0,73;50,40;43,24;3;16;United Kingdom;Western Europe;"Routledge";"2009-2024";"Anthropology (Q1); Cultural Studies (Q1); History (Q1); Political Science and International Relations (Q2); Sociology and Political Science (Q2)";"Arts and Humanities; Social Sciences"
532;5700176240;"Practice";journal;"17424909, 09503153";"Taylor and Francis Ltd.";No;No;0,405;Q2;28;35;97;1343;130;82;1,22;38,37;66,22;1;16;United Kingdom;Western Europe;"Taylor and Francis Ltd.";"1987-1992, 1994-2006, 2008-2025";"Social Sciences (miscellaneous) (Q2); Sociology and Political Science (Q2)";"Social Sciences"
533;19900191410;"Ethics and Social Welfare";journal;"17496535, 17496543";"Routledge";No;No;0,404;Q2;19;32;100;1562;122;86;1,33;48,81;66,67;0;16;United Kingdom;Western Europe;"Routledge";"2015-2025";"Philosophy (Q1); Sociology and Political Science (Q2)";"Arts and Humanities; Social Sciences"
534;21100844910;"Learning and Teaching";journal;"17552281, 17552273";"Berghahn Journals";Yes;Yes;0,403;Q2;11;18;53;863;77;47;1,09;47,94;79,41;0;3;United States;Northern America;"Berghahn Journals";"2017-2024";"Education (Q2); Sociology and Political Science (Q2); Developmental and Educational Psychology (Q3)";"Psychology; Social Sciences"
535;21100897523;"Moral Philosophy and Politics";journal;"21945616, 21945624";"Walter de Gruyter GmbH";No;No;0,403;Q2;13;33;57;1546;93;54;1,02;46,85;27,27;0;14;Germany;Western Europe;"Walter de Gruyter GmbH";"2014-2025";"History and Philosophy of Science (Q1); Philosophy (Q1); Sociology and Political Science (Q2)";"Arts and Humanities; Social Sciences"
536;21101227929;"Nordic Journal of Media Studies";journal;"2003184X";"Walter de Gruyter";Yes;Yes;0,403;Q2;8;11;29;561;61;28;1,56;51,00;75,00;0;9;Germany;Western Europe;"Walter de Gruyter";"2019-2024";"Communication (Q2); Education (Q2); Media Technology (Q2); Social Sciences (miscellaneous) (Q2); Sociology and Political Science (Q2); Computer Networks and Communications (Q3); Global and Planetary Change (Q3)";"Computer Science; Engineering; Environmental Science; Social Sciences"
537;21100897166;"Journal of Global Buddhism";journal;"15276457";"University of Lucerne";Yes;Yes;0,402;Q2;8;7;45;348;50;44;0,67;49,71;36,36;0;2;United States;Northern America;"University of Lucerne";"2018-2024";"Cultural Studies (Q1); History (Q1); Religious Studies (Q1); Sociology and Political Science (Q2)";"Arts and Humanities; Social Sciences"
538;14543;"Smith College Studies in Social Work";journal;"15530426, 00377317";"Routledge";No;No;0,402;Q2;26;0;55;0;78;52;1,08;0,00;0,00;0;0;United States;Northern America;"Routledge";"1930-2023";"Social Sciences (miscellaneous) (Q2); Sociology and Political Science (Q2); Social Work (Q4)";"Social Sciences"
539;200147126;"Journal of Intercultural Studies";journal;"07256868, 14699540";"Taylor and Francis Ltd.";No;No;0,399;Q2;46;78;165;4282;246;146;1,56;54,90;66,94;0;40;United Kingdom;Western Europe;"Taylor and Francis Ltd.";"1980-2025";"Cultural Studies (Q1); History (Q1); Sociology and Political Science (Q2)";"Arts and Humanities; Social Sciences"
540;21100248874;"Dilemas";journal;"19835922, 21782792";"Universidade Federal do Rio de Janeiro";Yes;Yes;0,398;Q2;13;43;148;2537;77;147;0,51;59,00;39,34;0;13;Brazil;Latin America;"Universidade Federal do Rio de Janeiro";"2013-2024";"Law (Q2); Pharmacology, Toxicology and Pharmaceutics (miscellaneous) (Q2); Social Sciences (miscellaneous) (Q2); Sociology and Political Science (Q2)";"Pharmacology, Toxicology and Pharmaceutics; Social Sciences"
541;21100889405;"Critical and Radical Social Work";journal;"20498675, 20498608";"Policy Press";No;No;0,396;Q2;12;33;101;1598;128;90;1,17;48,42;52,00;0;20;United Kingdom;Western Europe;"Policy Press";"2018-2025";"Sociology and Political Science (Q2)";"Social Sciences"
542;5600152867;"Historical Social Research";journal;"01726404";"GESIS - Leibniz Institute for the Social Sciences";No;No;0,396;Q2;36;37;171;2947;218;171;0,72;79,65;40,00;0;7;Germany;Western Europe;"GESIS - Leibniz Institute for the Social Sciences";"2006-2024";"History (Q1); Social Sciences (miscellaneous) (Q2); Sociology and Political Science (Q2)";"Arts and Humanities; Social Sciences"
543;21100788265;"Housing and Society";journal;"23760923, 08882746";"Taylor and Francis Ltd.";No;No;0,395;Q2;11;22;48;1069;88;45;2,12;48,59;46,81;0;15;United Kingdom;Western Europe;"Taylor and Francis Ltd.";"2015-2025";"Geography, Planning and Development (Q2); Sociology and Political Science (Q2); Urban Studies (Q2)";"Social Sciences"
544;7200153157;"International Journal of Children's Rights";journal;"15718182, 09275568";"Martinus Nijhoff Publishers";No;No;0,394;Q2;44;39;114;2237;161;105;1,19;57,36;67,19;1;26;Netherlands;Western Europe;"Martinus Nijhoff Publishers";"1993-2024";"Political Science and International Relations (Q2); Social Sciences (miscellaneous) (Q2); Sociology and Political Science (Q2)";"Social Sciences"
545;21101046763;"MedieKultur";journal;"19019726";"Society of Media Researchers In Denmark";Yes;Yes;0,392;Q2;9;18;54;978;75;51;0,88;54,33;60,00;0;4;Denmark;Western Europe;"Society of Media Researchers In Denmark";"2018-2024";"Cultural Studies (Q1); Arts and Humanities (miscellaneous) (Q2); Communication (Q2); Sociology and Political Science (Q2)";"Arts and Humanities; Social Sciences"
546;21100897170;"Power and Education";journal;"17577438";"SAGE Publications Ltd";Yes;No;0,392;Q2;22;48;62;2267;90;61;1,36;47,23;54,65;2;23;United Kingdom;Western Europe;"SAGE Publications Ltd";"2009-2025";"Education (Q2); Sociology and Political Science (Q2)";"Social Sciences"
547;21100894548;"Global Studies of Childhood";journal;"20436106";"SAGE Publications Ltd";No;No;0,391;Q2;20;52;84;2343;115;72;1,30;45,06;75,47;0;21;United Kingdom;Western Europe;"SAGE Publications Ltd";"2015-2025";"Demography (Q2); Development (Q2); Education (Q2); Sociology and Political Science (Q2); Developmental and Educational Psychology (Q3)";"Psychology; Social Sciences"
548;21101185499;"International Review of Public Policy";journal;"26793873, 27066274";"International Public Policy Association";Yes;Yes;0,391;Q2;13;11;46;946;80;41;1,38;86,00;42,86;0;4;France;Western Europe;"International Public Policy Association";"2019-2024";"Political Science and International Relations (Q2); Sociology and Political Science (Q2)";"Social Sciences"
549;21100395926;"Asian Journal of Law and Society";journal;"20529023, 20529015";"Cambridge University Press";No;No;0,390;Q2;17;21;84;1333;96;78;0,72;63,48;52,17;0;9;United Kingdom;Western Europe;"Cambridge University Press";"2014-2025";"Law (Q2); Sociology and Political Science (Q2)";"Social Sciences"
550;21100874350;"Baltic Region";journal;"23100524, 20798555";"Immanuel Kant Baltic Federal University";Yes;Yes;0,390;Q2;11;34;107;1160;119;106;1,08;34,12;48,48;0;15;Russian Federation;Eastern Europe;"Immanuel Kant Baltic Federal University";"2018-2024";"Cultural Studies (Q1); History (Q1); Economics, Econometrics and Finance (miscellaneous) (Q2); Geography, Planning and Development (Q2); Social Sciences (miscellaneous) (Q2); Sociology and Political Science (Q2)";"Arts and Humanities; Economics, Econometrics and Finance; Social Sciences"
551;21100886544;"Journal of Contemporary East Asia Studies";journal;"24761028, 24761036";"Routledge";Yes;No;0,390;Q2;16;4;54;148;110;53;0,86;37,00;57,14;0;2;United Kingdom;Western Europe;"Routledge";"2017-2025";"Cultural Studies (Q1); Development (Q2); Sociology and Political Science (Q2)";"Social Sciences"
552;4700153002;"International Journal of Law, Policy and the Family";journal;"13609939";"Oxford University Press";No;No;0,389;Q2;29;18;72;1918;80;72;1,09;106,56;65,52;0;7;United States;Northern America;"Oxford University Press";"1996-1997, 2002, 2004-2025";"Law (Q2); Sociology and Political Science (Q2)";"Social Sciences"
553;21101021755;"Journal of Aging and Environment";journal;"26892618, 26892626";"Routledge";No;No;0,389;Q2;35;52;72;2423;117;72;1,55;46,60;64,06;0;24;United Kingdom;Western Europe;"Routledge";"2020-2025";"Sociology and Political Science (Q2); Environmental Science (miscellaneous) (Q3); Gerontology (Q3); Health (social science) (Q3)";"Environmental Science; Nursing; Social Sciences"
554;21100886532;"Economic and Political Studies";journal;"24704024, 20954816";"Routledge";No;No;0,388;Q2;18;32;81;1350;154;73;1,93;42,19;27,85;1;20;United Kingdom;Western Europe;"Routledge";"2013-2025";"Political Science and International Relations (Q2); Sociology and Political Science (Q2); Economics and Econometrics (Q3)";"Economics, Econometrics and Finance; Social Sciences"
555;21100814050;"Millennial Asia";journal;"23217081, 09763996";"SAGE Publications Inc.";No;No;0,388;Q2;14;65;100;3940;164;99;1,58;60,62;31,25;1;51;United Kingdom;Western Europe;"SAGE Publications Inc.";"2014-2025";"Cultural Studies (Q1); Development (Q2); Economics, Econometrics and Finance (miscellaneous) (Q2); Political Science and International Relations (Q2); Sociology and Political Science (Q2)";"Economics, Econometrics and Finance; Social Sciences"
556;21599;"Studies in American Political Development";journal;"14698692, 0898588X";"Cambridge University Press";No;No;0,387;Q2;29;12;42;1987;46;41;1,33;165,58;31,82;0;6;United Kingdom;Western Europe;"Cambridge University Press";"1986-1987, 1989-2025";"History (Q1); Sociology and Political Science (Q2)";"Arts and Humanities; Social Sciences"
557;21101097254;"Lex Scientia Law Review";journal;"25989685, 25989677";"Universitas Negeri Semarang";No;No;0,384;Q2;8;26;60;1438;106;58;1,91;55,31;47,89;0;17;Indonesia;Asiatic Region;"Universitas Negeri Semarang";"2017-2024";"Law (Q2); Political Science and International Relations (Q2); Public Administration (Q2); Sociology and Political Science (Q2)";"Social Sciences"
558;21100836179;"Asia and the Pacific Policy Studies";journal;"20502680";"John Wiley and Sons Ltd";Yes;No;0,383;Q2;33;19;54;1065;77;51;1,07;56,05;36,67;1;15;United Kingdom;Western Europe;"John Wiley and Sons Ltd";"2014-2025";"Economics, Econometrics and Finance (miscellaneous) (Q2); Political Science and International Relations (Q2); Public Administration (Q2); Sociology and Political Science (Q2); Strategy and Management (Q3)";"Business, Management and Accounting; Economics, Econometrics and Finance; Social Sciences"
559;4700152785;"Journal of Intergenerational Relationships";journal;"15350770";"Routledge";No;No;0,383;Q2;33;73;90;2945;149;89;1,66;40,34;68,40;0;19;United States;Northern America;"Routledge";"2003-2025";"Archeology (Q1); Social Sciences (miscellaneous) (Q2); Sociology and Political Science (Q2); Geriatrics and Gerontology (Q3); Life-span and Life-course Studies (Q3); Social Psychology (Q3)";"Medicine; Psychology; Social Sciences"
560;21100876251;"Vestnik Sankt-Peterburgskogo Universiteta, Filosofiia i Konfliktologiia";journal;"25422278, 25419382";"Saint Petersburg State University";Yes;No;0,383;Q2;6;44;166;1006;55;166;0,35;22,86;41,79;0;5;Russian Federation;Eastern Europe;"Saint Petersburg State University";"2017-2024";"Cultural Studies (Q1); Philosophy (Q1); Religious Studies (Q1); Sociology and Political Science (Q2)";"Arts and Humanities; Social Sciences"
561;18299;"American Journal of Economics and Sociology";journal;"00029246, 15367150";"Wiley-Blackwell Publishing Ltd";No;No;0,381;Q2;50;52;143;2216;208;129;1,18;42,62;34,38;0;34;United Kingdom;Western Europe;"Wiley-Blackwell Publishing Ltd";"1941-1966, 1968-1976, 1978-2025";"Sociology and Political Science (Q2); Economics and Econometrics (Q3)";"Economics, Econometrics and Finance; Social Sciences"
562;17575;"Law and Policy";journal;"02658240, 14679930";"Wiley-Blackwell Publishing Ltd";No;No;0,380;Q2;56;18;57;1514;85;57;1,56;84,11;37,50;0;7;United Kingdom;Western Europe;"Wiley-Blackwell Publishing Ltd";"1979-2025";"Law (Q2); Sociology and Political Science (Q2)";"Social Sciences"
563;21100903469;"Russia in Global Affairs";journal;"18106374, 26189844";"Foreign Policy Research Foundation";No;No;0,380;Q2;9;47;148;1428;89;122;0,59;30,38;22,41;2;12;Russian Federation;Eastern Europe;"Foreign Policy Research Foundation";"2018-2024";"Cultural Studies (Q1); History (Q1); Political Science and International Relations (Q2); Sociology and Political Science (Q2)";"Arts and Humanities; Social Sciences"
564;26863;"Middle East Policy";journal;"14754967, 10611924";"Wiley-Blackwell Publishing Ltd";No;No;0,379;Q2;35;35;118;465;125;115;1,04;13,29;28,30;2;6;United Kingdom;Western Europe;"Wiley-Blackwell Publishing Ltd";"1992-2024";"Political Science and International Relations (Q2); Sociology and Political Science (Q2)";"Social Sciences"
565;11600153783;"Review of Faith and International Affairs";journal;"19317743, 15570274";"Taylor and Francis Ltd.";No;No;0,379;Q2;21;50;134;1202;137;118;1,02;24,04;43,75;0;24;United Kingdom;Western Europe;"Taylor and Francis Ltd.";"2009-2025";"Religious Studies (Q1); Sociology and Political Science (Q2)";"Arts and Humanities; Social Sciences"
566;13475;"Culture and Psychology";journal;"14617056, 1354067X";"SAGE Publications Ltd";No;No;0,378;Q2;58;97;123;5913;174;120;1,28;60,96;56,52;0;22;United Kingdom;Western Europe;"SAGE Publications Ltd";"1995-2025";"Anthropology (Q1); Cultural Studies (Q1); Sociology and Political Science (Q2); Social Psychology (Q3)";"Psychology; Social Sciences"
567;12100157016;"International Journal of Law, Crime and Justice";journal;"17560616";"Academic Press";No;No;0,378;Q2;37;41;98;2779;184;98;1,88;67,78;41,00;0;20;United States;Northern America;"Academic Press";"2008-2025";"Law (Q2); Political Science and International Relations (Q2); Sociology and Political Science (Q2)";"Social Sciences"
568;5600152877;"Rethinking Marxism";journal;"08935696";"Routledge";Yes;No;0,378;Q2;33;42;117;987;75;96;0,61;23,50;38,46;0;11;United Kingdom;Western Europe;"Routledge";"1988-1996, 1998-2024";"Sociology and Political Science (Q2)";"Social Sciences"
569;17587;"Canadian Journal of Sociology";journal;"03186431";"University of Alberta Library";Yes;No;0,377;Q2;42;0;17;0;31;17;0,33;0,00;0,00;0;0;Canada;Northern America;"University of Alberta Library";"1977, 1979, 1981-1982, 1984-1985, 1987, 1993-1994, 1996-2021, 2023";"Sociology and Political Science (Q2)";"Social Sciences"
570;21100933830;"Estudios Fronterizos";journal;"23959134";"Universidad Autonoma de Baja California";Yes;Yes;0,377;Q2;8;22;75;1381;78;73;0,69;62,77;52,27;1;11;Mexico;Latin America;"Universidad Autonoma de Baja California";"2019-2025";"Anthropology (Q1); History (Q1); Demography (Q2); Geography, Planning and Development (Q2); Political Science and International Relations (Q2); Sociology and Political Science (Q2); Economics and Econometrics (Q3)";"Arts and Humanities; Economics, Econometrics and Finance; Social Sciences"
571;24010;"Constitutional Political Economy";journal;"15729966, 10434062";"Springer New York";No;No;0,376;Q2;34;51;74;1896;93;72;1,29;37,18;16,46;1;21;United States;Northern America;"Springer New York";"1990-2025";"Philosophy (Q1); Law (Q2); Sociology and Political Science (Q2); Economics and Econometrics (Q3)";"Arts and Humanities; Economics, Econometrics and Finance; Social Sciences"
572;21568;"Monthly Review";journal;"00270520";"Monthly Review Press";No;No;0,376;Q2;43;66;88;2244;83;69;0,94;34,00;22,22;0;1;United States;Northern America;"Monthly Review Press";"1977, 1980-1982, 1984, 1987, 1996-2020, 2022-2025";"Gender Studies (Q2); Geography, Planning and Development (Q2); Sociology and Political Science (Q2); Management, Monitoring, Policy and Law (Q3)";"Environmental Science; Social Sciences"
573;21101047935;"Hasanuddin Law Review";journal;"24429880, 24429899";"Faculty of Law, Universitas Hasanuddin";Yes;Yes;0,375;Q2;9;21;56;675;85;56;1,51;32,14;33,33;0;8;Indonesia;Asiatic Region;"Faculty of Law, Universitas Hasanuddin";"2017-2025";"Law (Q2); Political Science and International Relations (Q2); Sociology and Political Science (Q2)";"Social Sciences"
574;5600152903;"Labor Studies Journal";journal;"0160449X";"SAGE Publications Inc.";No;No;0,375;Q2;28;20;56;1073;51;54;0,88;53,65;24,00;0;11;United States;Northern America;"SAGE Publications Inc.";"1996-2025";"Arts and Humanities (miscellaneous) (Q2); Sociology and Political Science (Q2); Industrial Relations (Q3)";"Arts and Humanities; Business, Management and Accounting; Social Sciences"
575;19700187605;"South Asian Diaspora";journal;"19438184, 19438192";"Routledge";No;No;0,375;Q2;16;52;44;2474;62;43;1,27;47,58;55,26;0;14;United Kingdom;Western Europe;"Routledge";"2009-2025";"Cultural Studies (Q1); Anthropology (Q2); Sociology and Political Science (Q2)";"Social Sciences"
576;21101020018;"International Journal of Care and Caring";journal;"2397883X, 23978821";"Policy Press";No;No;0,374;Q2;17;47;132;1850;163;120;1,15;39,36;83,62;0;16;United Kingdom;Western Europe;"Policy Press";"2017-2025";"Sociology and Political Science (Q2); Health Policy (Q3); Health (social science) (Q3); Public Health, Environmental and Occupational Health (Q3)";"Medicine; Social Sciences"
577;24884;"Scottish Journal of Political Economy";journal;"14679485, 00369292";"Wiley-Blackwell Publishing Ltd";No;No;0,374;Q2;55;41;77;1930;120;76;1,60;47,07;25,84;4;22;United Kingdom;Western Europe;"Wiley-Blackwell Publishing Ltd";"1954-2025";"Sociology and Political Science (Q2); Economics and Econometrics (Q3)";"Economics, Econometrics and Finance; Social Sciences"
578;21100928677;"Conflict and Society";journal;"21644543, 21644551";"Berghahn Journals";Yes;Yes;0,372;Q2;8;11;38;620;41;38;0,82;56,36;69,23;0;2;United States;Northern America;"Berghahn Journals";"2018-2024";"Cultural Studies (Q1); Anthropology (Q2); Political Science and International Relations (Q2); Sociology and Political Science (Q2)";"Social Sciences"
579;4700152864;"Journal of Public Child Welfare";journal;"15548732, 15548740";"Taylor and Francis Ltd.";No;No;0,372;Q2;30;101;115;5607;206;112;1,38;55,51;75,60;0;87;United Kingdom;Western Europe;"Taylor and Francis Ltd.";"2006-2025";"Sociology and Political Science (Q2); Developmental and Educational Psychology (Q3)";"Psychology; Social Sciences"
580;21101064943;"Nordic Journal of Migration Research";journal;"1799649X";"Helsinki University Press";Yes;Yes;0,372;Q2;11;36;84;1819;98;81;1,07;50,53;67,31;0;20;Finland;Western Europe;"Helsinki University Press";"2019-2025";"Anthropology (Q2); Demography (Q2); Geography, Planning and Development (Q2); Law (Q2); Sociology and Political Science (Q2)";"Social Sciences"
581;19700175179;"Estudios Constitucionales";journal;"07185200, 07180195";"Universidad de Talca";Yes;Yes;0,369;Q2;15;23;104;1307;45;96;0,41;56,83;48,48;0;18;Chile;Latin America;"Universidad de Talca";"2009-2024";"Law (Q2); Sociology and Political Science (Q2)";"Social Sciences"
582;21101164609;"European Labour Law Journal";journal;"23995556, 20319525";"SAGE Publications Ltd";No;No;0,369;Q2;11;76;111;0;186;50;1,83;0,00;57,32;2;49;United Kingdom;Western Europe;"SAGE Publications Ltd";"2019-2025";"Law (Q2); Sociology and Political Science (Q2)";"Social Sciences"
583;4700152730;"Journal of Community Practice";journal;"15433706, 10705422";"Routledge";No;No;0,369;Q2;40;31;87;1360;116;75;1,29;43,87;69,79;0;21;United States;Northern America;"Routledge";"1994-2025";"Development (Q2); Public Administration (Q2); Sociology and Political Science (Q2)";"Social Sciences"
584;5800207391;"Journal of Adult Protection";journal;"14668203";"Emerald Publishing";No;No;0,368;Q2;22;29;82;868;84;68;1,04;29,93;63,46;0;12;United Kingdom;Western Europe;"Emerald Publishing";"1999-2025";"Law (Q2); Sociology and Political Science (Q2)";"Social Sciences"
585;16064;"East European Politics and Societies";journal;"15338371, 08883254";"SAGE Publications Inc.";No;No;0,367;Q2;50;66;184;0;220;179;1,30;0,00;62,50;0;25;United States;Northern America;"SAGE Publications Inc.";"1986-2024";"Sociology and Political Science (Q2)";"Social Sciences"
586;5100154603;"Opiniao Publica";journal;"01046276, 18070191";"Universidade Estadual de Campinas";Yes;Yes;0,367;Q2;24;13;91;756;72;91;0,82;58,15;42,86;0;4;Brazil;Latin America;"Universidade Estadual de Campinas";"2006-2024";"Sociology and Political Science (Q2)";"Social Sciences"
587;5700163096;"International Negotiation";journal;"1382340X, 15718069";"Brill Academic Publishers";No;No;0,366;Q2;25;16;72;1174;51;72;0,83;73,38;42,86;1;6;Netherlands;Western Europe;"Brill Academic Publishers";"2002, 2007-2025";"Political Science and International Relations (Q2); Sociology and Political Science (Q2)";"Social Sciences"
588;19700169402;"Progress in Community Health Partnerships: Research, Education, and Action";journal;"1557055X, 15570541";"Johns Hopkins University Press";No;No;0,366;Q2;35;62;216;1479;139;169;0,51;23,85;77,96;0;49;United States;Northern America;"Johns Hopkins University Press";"2007-2024";"Sociology and Political Science (Q2); Education (Q3); Health (social science) (Q3); Medicine (miscellaneous) (Q3)";"Medicine; Social Sciences"
589;20600195073;"International Indigenous Policy Journal";journal;"19165781";"Scholarship at Western";Yes;Yes;0,365;Q2;27;12;55;813;68;55;0,97;67,75;58,73;0;6;United Kingdom;Western Europe;"Scholarship at Western";"2010-2024";"Cultural Studies (Q1); Anthropology (Q2); Sociology and Political Science (Q2)";"Social Sciences"
590;17507;"Social Compass";journal;"00377686, 14617404";"SAGE Publications Ltd";No;No;0,365;Q2;41;37;107;1792;150;104;1,04;48,43;50,00;0;3;United Kingdom;Western Europe;"SAGE Publications Ltd";"1953-1957, 1959-1960, 1962, 1965, 1967, 1969-1970, 1972-1974, 1985-2025";"Religious Studies (Q1); Anthropology (Q2); Sociology and Political Science (Q2)";"Arts and Humanities; Social Sciences"
591;21100258637;"Administratie si Management Public";journal;"15839583, 25596489";"Academy of Economic Studies from Bucharest";Yes;No;0,364;Q2;23;21;65;1001;151;65;2,39;47,67;57,41;0;14;Romania;Eastern Europe;"Academy of Economic Studies from Bucharest";"2013-2024";"Public Administration (Q2); Sociology and Political Science (Q2)";"Social Sciences"
592;5700164027;"International Criminal Law Review";journal;"1567536X";"Martinus Nijhoff Publishers";No;No;0,364;Q2;28;45;124;4505;97;120;0,69;100,11;54,55;0;21;Netherlands;Western Europe;"Martinus Nijhoff Publishers";"2001-2025";"Law (Q2); Political Science and International Relations (Q2); Sociology and Political Science (Q2)";"Social Sciences"
593;21101041704;"Journal of Digital Media and Policy";journal;"25163523, 25163531";"Intellect Ltd.";No;No;0,363;Q2;13;21;77;841;97;66;0,78;40,05;37,04;2;7;United Kingdom;Western Europe;"Intellect Ltd.";"2019-2024";"Communication (Q2); Media Technology (Q2); Sociology and Political Science (Q2)";"Engineering; Social Sciences"
594;21100898972;"Somatechnics";journal;"20440146, 20440138";"Edinburgh University Press";No;No;0,362;Q2;17;17;50;690;46;45;0,42;40,59;73,33;0;4;United Kingdom;Western Europe;"Edinburgh University Press";"2011-2024";"Anatomy (Q2); Arts and Humanities (miscellaneous) (Q2); Law (Q2); Sociology and Political Science (Q2); Human Factors and Ergonomics (Q3); Human-Computer Interaction (Q3)";"Arts and Humanities; Computer Science; Medicine; Social Sciences"
595;21100932832;"World Journal of Entrepreneurship, Management and Sustainable Development";journal;"20425961, 2042597X";"World Association for Sustainable Development";No;No;0,362;Q2;18;11;97;467;228;95;1,06;42,45;37,04;0;7;United Kingdom;Western Europe;"World Association for Sustainable Development";"2013, 2017-2025";"Cultural Studies (Q1); Demography (Q2); Economics, Econometrics and Finance (miscellaneous) (Q2); Sociology and Political Science (Q2); Business and International Management (Q3); Strategy and Management (Q3); Tourism, Leisure and Hospitality Management (Q3)";"Business, Management and Accounting; Economics, Econometrics and Finance; Social Sciences"
596;145469;"Illness Crisis and Loss";journal;"10541373";"Baywood Publishing Co. Inc.";No;No;0,361;Q2;19;77;109;3462;164;109;1,54;44,96;60,19;0;34;United States;Northern America;"Baywood Publishing Co. Inc.";"2005-2025";"Sociology and Political Science (Q2); Health (social science) (Q3)";"Social Sciences"
597;12100155623;"Forum for Social Economics";journal;"18746381, 07360932";"Routledge";No;No;0,359;Q2;16;69;90;4069;201;83;1,32;58,97;50,43;1;54;United Kingdom;Western Europe;"Routledge";"1971, 1975-1998, 2004, 2011-2025";"Sociology and Political Science (Q2); Economics and Econometrics (Q3)";"Economics, Econometrics and Finance; Social Sciences"
598;21101041815;"Journal of ASEAN Studies";journal;"23381361, 23381353";"Bina Nusantara University";Yes;No;0,358;Q2;8;13;52;699;64;49;1,32;53,77;33,33;0;11;Indonesia;Asiatic Region;"Bina Nusantara University";"2019-2024";"Cultural Studies (Q1); Geography, Planning and Development (Q2); Social Sciences (miscellaneous) (Q2); Sociology and Political Science (Q2)";"Social Sciences"
599;5600153226;"Thesis Eleven";journal;"07255136";"SAGE Publications Ltd";No;No;0,358;Q2;36;45;179;2356;172;167;0,53;52,36;26,42;0;9;United Kingdom;Western Europe;"SAGE Publications Ltd";"1980-1994, 1996-2025";"Cultural Studies (Q1); History (Q1); Political Science and International Relations (Q2); Sociology and Political Science (Q2)";"Arts and Humanities; Social Sciences"
600;19285;"Zeitschrift fur Soziologie";journal;"23660325, 03401804";"Walter de Gruyter GmbH";No;No;0,355;Q2;39;28;76;1670;74;73;0,75;59,64;34,62;0;12;Germany;Western Europe;"Walter de Gruyter GmbH";"1972, 1981, 1983-1984, 1986-1987, 1989-1991, 1994-2025";"Sociology and Political Science (Q2)";"Social Sciences"
601;21100199539;"Politica Criminal";journal;"07183399";"Centro Estudios Derecho Penal";Yes;Yes;0,353;Q2;12;31;116;2111;48;116;0,28;68,10;36,73;0;11;Chile;Latin America;"Centro Estudios Derecho Penal";"2009-2024";"Law (Q2); Sociology and Political Science (Q2)";"Social Sciences"
602;21101051704;"Central Asian Affairs";journal;"22142290, 22142282";"Brill Academic Publishers";No;No;0,352;Q2;11;9;48;381;78;46;1,47;42,33;50,00;0;2;Netherlands;Western Europe;"Brill Academic Publishers";"2014-2024";"Political Science and International Relations (Q2); Social Sciences (miscellaneous) (Q2); Sociology and Political Science (Q2)";"Social Sciences"
603;21100890928;"Journal of Ethnic and Cultural Studies";journal;"21491291";"Florida Gulf Coast University";Yes;No;0,352;Q2;17;60;172;3771;299;171;1,45;62,85;64,58;0;32;United States;Northern America;"Florida Gulf Coast University";"2018-2024";"Cultural Studies (Q1); Sociology and Political Science (Q2)";"Social Sciences"
604;5700163717;"Japan Forum";journal;"09555803";"Routledge";No;No;0,351;Q2;22;30;90;1647;77;88;0,27;54,90;36,59;0;6;United Kingdom;Western Europe;"Routledge";"1989-2003, 2005-2025";"Cultural Studies (Q1); History (Q1); Sociology and Political Science (Q2)";"Arts and Humanities; Social Sciences"
605;19700174724;"International Journal of Migration, Health and Social Care";journal;"20428650, 17479894";"Emerald Group Publishing Ltd.";No;No;0,350;Q2;22;40;91;2307;90;91;1,07;57,68;59,70;0;35;United Kingdom;Western Europe;"Emerald Group Publishing Ltd.";"2005-2025";"Law (Q2); Sociology and Political Science (Q2); Health (social science) (Q3)";"Social Sciences"
606;21100897169;"Studies in the Education of Adults";journal;"02660830, 14789833";"Taylor and Francis Ltd.";No;No;0,350;Q2;34;33;62;1656;75;56;1,21;50,18;49,12;1;18;United Kingdom;Western Europe;"Taylor and Francis Ltd.";"1996-2025";"Sociology and Political Science (Q2); Education (Q3)";"Social Sciences"
607;27390;"Pacific Affairs";journal;"0030851X";"University of British Columbia";No;No;0,349;Q2;46;25;62;154;99;59;1,32;6,16;25,81;1;15;Canada;Northern America;"University of British Columbia";"1979, 1981-1982, 1984, 1991-2024";"Geography, Planning and Development (Q2); Sociology and Political Science (Q2)";"Social Sciences"
608;21100364911;"Creativity Studies";journal;"23450487, 23450479";"Vilnius Gediminas Technical University";Yes;No;0,348;Q2;17;46;122;2187;278;122;2,20;47,54;53,06;0;15;Lithuania;Eastern Europe;"Vilnius Gediminas Technical University";"2014-2025";"Cultural Studies (Q1); Political Science and International Relations (Q2); Sociology and Political Science (Q2)";"Social Sciences"
609;12100156092;"Journal of Political Science Education";journal;"15512177, 15512169";"Taylor and Francis Ltd.";No;No;0,348;Q2;33;69;226;2998;246;218;0,80;43,45;50,00;0;29;United Kingdom;Western Europe;"Taylor and Francis Ltd.";"2005-2025";"Sociology and Political Science (Q2); Education (Q3)";"Social Sciences"
610;21101060255;"Novum Jus";journal;"16926013, 25008692";"Universidad Catolica de Colombia";Yes;Yes;0,348;Q2;8;48;129;2185;165;119;1,49;45,52;35,44;0;36;Colombia;Latin America;"Universidad Catolica de Colombia";"2019-2024";"Law (Q2); Sociology and Political Science (Q2)";"Social Sciences"
611;5600155076;"Revista de Estudios Sociales";journal;"19005180, 0123885X";"Universidad de los Andes, Colombia";Yes;Yes;0,348;Q2;18;32;92;1777;99;92;0,95;55,53;55,93;0;17;Colombia;Latin America;"Universidad de los Andes, Colombia";"2009-2025";"Cultural Studies (Q1); History (Q1); Arts and Humanities (miscellaneous) (Q2); Gender Studies (Q2); Social Sciences (miscellaneous) (Q2); Sociology and Political Science (Q2)";"Arts and Humanities; Social Sciences"
612;5700168544;"Adoption and Fostering";journal;"1740469X, 03085759";"SAGE Publications Ltd";No;No;0,347;Q2;34;29;103;1260;82;68;0,50;43,45;75,93;0;5;United Kingdom;Western Europe;"SAGE Publications Ltd";"1996-2024";"Law (Q2); Sociology and Political Science (Q2); Health (social science) (Q3); Human Factors and Ergonomics (Q3); Social Psychology (Q3)";"Psychology; Social Sciences"
613;19800188063;"China Journal of Social Work";journal;"17525098, 17525101";"Routledge";No;No;0,347;Q2;15;11;64;442;71;55;1,00;40,18;33,33;0;3;United Kingdom;Western Europe;"Routledge";"2010-2025";"Sociology and Political Science (Q2); Health (social science) (Q3); Social Work (Q4)";"Social Sciences"
614;19700170839;"Journal of Human Rights Practice";journal;"17579619, 17579627";"Oxford University Press";No;No;0,347;Q2;28;57;157;3257;198;155;1,37;57,14;66,67;3;54;United Kingdom;Western Europe;"Oxford University Press";"2009-2025";"History (Q1); Law (Q2); Political Science and International Relations (Q2); Sociology and Political Science (Q2)";"Arts and Humanities; Social Sciences"
615;22888;"Political Science";journal;"00323187, 20410611";"Taylor and Francis Ltd.";Yes;No;0,345;Q2;20;10;37;706;44;33;0,77;70,60;50,00;0;2;United Kingdom;Western Europe;"Taylor and Francis Ltd.";"1948-1949, 1951-1956, 1960, 1962-1965, 1967-1974, 1976-2025";"Sociology and Political Science (Q2)";"Social Sciences"
616;21674;"University of New South Wales Law Journal";journal;"18392881, 03130096";"University of New South Wales Law Journal";No;No;0,344;Q2;12;46;154;4063;133;137;0,65;88,33;51,32;0;19;Australia;Pacific Region;"University of New South Wales Law Journal";"1983, 1991, 1994, 2001-2003, 2018-2024";"Philosophy (Q1); Law (Q2); Sociology and Political Science (Q2)";"Arts and Humanities; Social Sciences"
617;21100778009;"Polis. Political Studies";journal;"10269487, 16840070";"Editorial Board Polis (Political Studies)";No;No;0,343;Q2;12;68;215;2291;111;214;0,57;33,69;35,16;0;20;Russian Federation;Eastern Europe;"Editorial Board Polis (Political Studies)";"2015-2024";"Political Science and International Relations (Q2); Sociology and Political Science (Q2)";"Social Sciences"
618;12600154765;"Japanese Journal of Political Science";journal;"14681099, 14740060";"Cambridge University Press";No;No;0,341;Q2;24;11;69;700;97;69;1,24;63,64;15,79;0;5;United Kingdom;Western Europe;"Cambridge University Press";"2000-2025";"Political Science and International Relations (Q2); Sociology and Political Science (Q2)";"Social Sciences"
619;21101076085;"Public Administration and Policy";journal;"2517679X, 17272645";"Emerald Group Publishing Ltd.";Yes;Yes;0,341;Q2;15;28;82;1036;132;72;1,16;37,00;34,62;0;16;United Kingdom;Western Europe;"Emerald Group Publishing Ltd.";"2018-2024";"Geography, Planning and Development (Q2); Public Administration (Q2); Sociology and Political Science (Q2); Health (social science) (Q3)";"Social Sciences"
620;5600153109;"Sociologica";journal;"19718853";"University of Bologna";Yes;Yes;0,341;Q2;21;31;78;899;93;76;0,57;29,00;32,50;0;2;Italy;Western Europe;"University of Bologna";"2013-2024";"Sociology and Political Science (Q2)";"Social Sciences"
621;15726;"Kolner Zeitschrift fur Soziologie und Sozialpsychologie";journal;"00232653, 1861891X";"Forschungsinstitut fur Soziologie";No;No;0,340;Q2;42;35;116;3219;134;106;0,86;91,97;42,42;0;16;Germany;Western Europe;"Forschungsinstitut fur Soziologie";"1983, 1988-1989, 1992-1993, 1996-2024";"Sociology and Political Science (Q2); Social Psychology (Q3)";"Psychology; Social Sciences"
622;21853;"Modern and Contemporary France";journal;"14699869, 09639489";"Taylor and Francis Ltd.";No;No;0,340;Q2;17;47;86;1557;55;80;0,69;33,13;53,66;0;4;United Kingdom;Western Europe;"Taylor and Francis Ltd.";"1993-1995, 1997, 1999, 2001, 2009-2025";"Cultural Studies (Q1); History (Q1); Sociology and Political Science (Q2)";"Arts and Humanities; Social Sciences"
623;17600155322;"Revista Espanola de Sociologia";journal;"15782824";"Federacion Espanola de Sociologia";Yes;No;0,338;Q2;15;46;179;2417;163;177;0,79;52,54;57,58;5;15;Spain;Western Europe;"Federacion Espanola de Sociologia";"2010-2025";"Sociology and Political Science (Q2)";"Social Sciences"
624;21100228113;"BMS Bulletin of Sociological Methodology/ Bulletin de Methodologie Sociologique";journal;"07591063, 20702779";"SAGE Publications Inc.";No;No;0,337;Q2;26;27;77;1205;68;54;0,84;44,63;43,24;0;2;United Kingdom;Western Europe;"SAGE Publications Inc.";"1983-2024";"Sociology and Political Science (Q2)";"Social Sciences"
625;12223;"Social Identities";journal;"13630296, 13504630";"Routledge";No;No;0,337;Q2;47;46;137;2283;139;118;0,75;49,63;50,82;0;9;United Kingdom;Western Europe;"Routledge";"1995-2025";"Sociology and Political Science (Q2)";"Social Sciences"
626;145648;"Refuge";journal;"19207336, 02295113";"York University Libraries";Yes;Yes;0,336;Q2;35;14;70;879;63;61;0,76;62,79;68,89;0;10;Canada;Northern America;"York University Libraries";"1996-2024";"Cultural Studies (Q1); Demography (Q2); Geography, Planning and Development (Q2); Political Science and International Relations (Q2); Sociology and Political Science (Q2)";"Social Sciences"
627;20350;"Journal of Theoretical Politics";journal;"14603667, 09516298";"SAGE Publications Ltd";No;No;0,335;Q2;55;16;51;742;51;51;1,09;46,38;0,00;0;4;United Kingdom;Western Europe;"SAGE Publications Ltd";"1989-2025";"Sociology and Political Science (Q2)";"Social Sciences"
628;12573;"Food and Foodways";journal;"15423484, 07409710";"Taylor and Francis Ltd.";No;No;0,333;Q2;23;17;48;883;75;47;1,84;51,94;52,00;0;3;United Kingdom;Western Europe;"Taylor and Francis Ltd.";"1985-1994, 1999, 2001, 2007-2025";"Cultural Studies (Q1); Anthropology (Q2); Sociology and Political Science (Q2); Food Science (Q3); Health (social science) (Q3)";"Agricultural and Biological Sciences; Social Sciences"
629;7000153207;"NanoEthics";journal;"18714765, 18714757";"Springer Netherlands";Yes;No;0,332;Q2;36;12;65;853;108;56;1,50;71,08;22,73;1;2;Netherlands;Western Europe;"Springer Netherlands";"2007-2025";"Philosophy (Q1); History and Philosophy of Science (Q2); Social Sciences (miscellaneous) (Q2); Sociology and Political Science (Q2); Management of Technology and Innovation (Q3); Nanoscience and Nanotechnology (Q3)";"Arts and Humanities; Business, Management and Accounting; Materials Science; Social Sciences"
630;4700152755;"Journal of Poverty";journal;"10875549, 15407608";"Routledge";No;No;0,331;Q2;32;92;99;4624;144;99;1,16;50,26;48,57;4;73;United States;Northern America;"Routledge";"1997-2025";"Demography (Q2); Sociology and Political Science (Q2)";"Social Sciences"
631;21101056926;"Central and Eastern European Migration Review";journal;"23001682";"Polska Akademia Nauk";Yes;Yes;0,330;Q2;12;20;60;1359;89;59;1,32;67,95;50,00;0;11;Poland;Eastern Europe;"Polska Akademia Nauk";"2019-2024";"Demography (Q2); Social Sciences (miscellaneous) (Q2); Sociology and Political Science (Q2)";"Social Sciences"
632;26731;"History of the Family";journal;"1081602X";"Taylor and Francis Ltd.";No;No;0,330;Q2;31;42;97;2643;69;89;0,59;62,93;52,83;0;9;United Kingdom;Western Europe;"Taylor and Francis Ltd.";"1996-2025";"History (Q1); Social Sciences (miscellaneous) (Q2); Sociology and Political Science (Q2)";"Arts and Humanities; Social Sciences"
633;19700201800;"Journal of Integrated Care";journal;"14769018, 20428685";"Emerald Group Publishing Ltd.";No;No;0,330;Q2;25;52;123;2051;126;111;0,97;39,44;60,00;0;24;United Kingdom;Western Europe;"Emerald Group Publishing Ltd.";"1996-2025";"Sociology and Political Science (Q2); Health (social science) (Q3); Public Administration (Q3)";"Social Sciences"
634;21101044834;"Iconos";journal;"13901249, 13908065";"FLACSO Ecuador";Yes;Yes;0,329;Q2;8;33;99;1282;97;93;0,98;38,85;68,00;0;28;Ecuador;Latin America;"FLACSO Ecuador";"2019-2025";"Anthropology (Q2); Gender Studies (Q2); Social Sciences (miscellaneous) (Q2); Sociology and Political Science (Q2)";"Social Sciences"
635;5600153391;"Historical Materialism";journal;"14654466, 1569206X";"Brill Academic Publishers";No;No;0,327;Q2;39;39;121;2545;94;120;0,69;65,26;24,39;0;6;Netherlands;Western Europe;"Brill Academic Publishers";"1997-1998, 2002-2024";"History (Q1); Economics, Econometrics and Finance (miscellaneous) (Q2); Political Science and International Relations (Q2); Social Sciences (miscellaneous) (Q2); Sociology and Political Science (Q2)";"Arts and Humanities; Economics, Econometrics and Finance; Social Sciences"
636;24150;"International Journal of Middle East Studies";journal;"14716380, 00207438";"Cambridge University Press";No;No;0,327;Q2;57;39;166;2428;145;159;0,61;62,26;47,50;0;8;United Kingdom;Western Europe;"Cambridge University Press";"1970-2025";"History (Q1); Sociology and Political Science (Q2); Geography, Planning and Development (Q3)";"Arts and Humanities; Social Sciences"
637;21100903414;"International Journal of Energy Production and Management";journal;"20563280, 20563272";"International Information and Engineering Technology Association";Yes;No;0,326;Q2;13;31;85;1034;148;85;1,84;33,35;20,21;0;26;Canada;Northern America;"International Information and Engineering Technology Association";"2016-2024";"Sociology and Political Science (Q2); Energy Engineering and Power Technology (Q3); Renewable Energy, Sustainability and the Environment (Q3); Global and Planetary Change (Q4)";"Energy; Environmental Science; Social Sciences"
638;67476;"Social Anthropology";journal;"14698676, 09640282";"Wiley-Blackwell";Yes;Yes;0,326;Q2;54;30;177;1488;232;128;1,47;49,60;40,74;0;9;United States;Northern America;"Wiley-Blackwell";"1982, 1992-2024";"Anthropology (Q2); Arts and Humanities (miscellaneous) (Q2); Sociology and Political Science (Q2); Developmental and Educational Psychology (Q3)";"Arts and Humanities; Psychology; Social Sciences"
639;24180;"History of European Ideas";journal;"01916599, 1873541X";"Taylor and Francis Ltd.";No;No;0,325;Q2;22;187;267;8044;109;252;0,39;43,02;36,84;0;21;United Kingdom;Western Europe;"Taylor and Francis Ltd.";"1980-2025";"History (Q1); Philosophy (Q1); Sociology and Political Science (Q2)";"Arts and Humanities; Social Sciences"
640;17086;"South Asia: Journal of South Asia Studies";journal;"14790270, 00856401";"Routledge";No;No;0,325;Q2;30;56;208;946;159;203;0,58;16,89;67,31;0;15;United Kingdom;Western Europe;"Routledge";"1971-1976, 1978-2024";"Cultural Studies (Q1); History (Q1); Sociology and Political Science (Q2); Development (Q3)";"Arts and Humanities; Social Sciences"
641;21101039805;"Sriwijaya Law Review";journal;"25416464, 25415298";"Sriwijaya University";Yes;Yes;0,325;Q2;9;23;66;1013;83;66;1,41;44,04;44,23;0;15;Indonesia;Asiatic Region;"Sriwijaya University";"2017-2024";"Law (Q2); Social Sciences (miscellaneous) (Q2); Sociology and Political Science (Q2)";"Social Sciences"
642;25158;"Global Governance";journal;"10752846, 19426720";"Brill Academic Publishers";No;No;0,324;Q2;71;27;88;1183;106;87;0,93;43,81;32,26;2;7;United States;Northern America;"Brill Academic Publishers";"1996-2024";"Political Science and International Relations (Q2); Safety Research (Q2); Sociology and Political Science (Q2); Environmental Science (miscellaneous) (Q3)";"Environmental Science; Social Sciences"
643;21100855411;"Journal for Social Action in Counseling and Psychology";journal;"21598142";"Ball State University Center for Peace and Conflict Studies";Yes;Yes;0,324;Q2;8;7;29;475;28;29;1,08;67,86;73,08;0;6;United States;Northern America;"Ball State University Center for Peace and Conflict Studies";"2017-2024";"Sociology and Political Science (Q2); Clinical Psychology (Q3); Education (Q3); Social Psychology (Q3)";"Psychology; Social Sciences"
644;37903;"Ethos";journal;"00912131, 15481352";"Wiley-Blackwell";No;No;0,323;Q2;56;29;81;1773;105;78;1,46;61,14;48,89;0;7;United States;Northern America;"Wiley-Blackwell";"1973-2025";"Anthropology (Q2); Arts and Humanities (miscellaneous) (Q2); Sociology and Political Science (Q2)";"Arts and Humanities; Social Sciences"
645;21101138521;"Journal of Education Culture and Society";journal;"20811640";"Pro Scientia Publica Foundation";Yes;No;0,323;Q2;14;86;234;2873;269;233;1,21;33,41;57,87;0;33;Poland;Eastern Europe;"Pro Scientia Publica Foundation";"2019-2024";"History (Q1); History and Philosophy of Science (Q2); Sociology and Political Science (Q2); Education (Q3); Psychology (miscellaneous) (Q3)";"Arts and Humanities; Psychology; Social Sciences"
646;19700170425;"Journal of Military Ethics";journal;"15027570, 15027589";"Routledge";No;No;0,323;Q2;27;24;67;720;65;56;1,11;30,00;29,73;0;2;United Kingdom;Western Europe;"Routledge";"2002-2025";"Philosophy (Q1); Sociology and Political Science (Q2)";"Arts and Humanities; Social Sciences"
647;21101041938;"Agenda Setting Journal";journal;"24520063, 24520071";"John Benjamins Publishing Company";No;No;0,322;Q2;5;0;16;0;17;13;0,00;0,00;0,00;0;0;Netherlands;Western Europe;"John Benjamins Publishing Company";"2017, 2021";"Communication (Q2); Linguistics and Language (Q2); Sociology and Political Science (Q2)";"Social Sciences"
648;21100793925;"Nordic Journal of Human Rights";journal;"1891814X, 18918131";"Taylor and Francis Ltd.";No;No;0,322;Q2;15;23;83;371;90;78;1,13;16,13;44,12;1;16;United Kingdom;Western Europe;"Taylor and Francis Ltd.";"2010-2025";"Law (Q2); Political Science and International Relations (Q2); Sociology and Political Science (Q2)";"Social Sciences"
649;26481;"Society";journal;"01472011, 19364725";"Springer New York";No;No;0,320;Q2;34;44;176;1450;248;155;1,17;32,95;38,46;0;9;United States;Northern America;"Springer New York";"1968, 1971-1999, 2002-2025";"Social Sciences (miscellaneous) (Q2); Sociology and Political Science (Q2)";"Social Sciences"
650;17032;"Berliner Journal fur Soziologie";journal;"18622593, 08631808";"Walter de Gruyter GmbH";No;No;0,319;Q2;20;28;71;1690;65;60;1,19;60,36;28,00;0;10;Germany;Western Europe;"Walter de Gruyter GmbH";"1992-1993, 1996-1999, 2001-2025";"Sociology and Political Science (Q2)";"Social Sciences"
651;27661;"Journal of Black Studies";journal;"00219347";"SAGE Publications Inc.";No;No;0,319;Q2;57;33;116;1864;156;114;1,14;56,48;55,17;0;15;United States;Northern America;"SAGE Publications Inc.";"1970-2025";"Cultural Studies (Q1); Anthropology (Q2); Sociology and Political Science (Q2)";"Social Sciences"
652;5600153382;"Journal of the Economic and Social History of the Orient";journal;"00224995";"Brill Academic Publishers";No;No;0,317;Q2;37;22;80;2812;42;79;0,71;127,82;21,74;0;4;Netherlands;Western Europe;"Brill Academic Publishers";"1957, 1959-1976, 1978-2024";"History (Q1); Sociology and Political Science (Q2); Economics and Econometrics (Q3)";"Arts and Humanities; Economics, Econometrics and Finance; Social Sciences"
653;21101022489;"OEconomia";journal;"22698450, 21135207";"Association Oeconomia";Yes;Yes;0,316;Q2;7;22;80;1458;47;79;0,52;66,27;22,22;0;3;France;Western Europe;"Association Oeconomia";"2018-2024";"History (Q1); Economics, Econometrics and Finance (miscellaneous) (Q2); Sociology and Political Science (Q2)";"Arts and Humanities; Economics, Econometrics and Finance; Social Sciences"
654;145109;"Australian and New Zealand Journal of Family Therapy";journal;"0814723X";"Australian Academic Press";No;No;0,315;Q2;27;41;111;1327;84;99;0,61;32,37;80,82;0;20;United Kingdom;Western Europe;"Australian Academic Press";"1979-1995, 2001-2003, 2005-2025";"Sociology and Political Science (Q2); Psychology (miscellaneous) (Q3)";"Psychology; Social Sciences"
655;25798;"International Journal of Politics, Culture and Society";journal;"15733416, 08914486";"Human Sciences Press";No;No;0,315;Q2;35;52;92;3605;142;81;1,43;69,33;39,39;1;20;United States;Northern America;"Human Sciences Press";"1987-2005, 2008-2025";"Political Science and International Relations (Q2); Sociology and Political Science (Q2)";"Social Sciences"
656;21100834354;"International Journal of Human Rights in Healthcare";journal;"20564902, 20564910";"Emerald Group Publishing Ltd.";No;No;0,314;Q2;21;58;111;3172;135;98;1,32;54,69;42,70;0;50;United Kingdom;Western Europe;"Emerald Group Publishing Ltd.";"2015-2025";"Sociology and Political Science (Q2); Health Policy (Q3); Health (social science) (Q3); Public Administration (Q3); Social Psychology (Q3)";"Medicine; Psychology; Social Sciences"
657;74283;"Asian Perspective";journal;"02589184";"Johns Hopkins University Press";No;No;0,313;Q2;28;27;105;1592;123;105;0,79;58,96;33,33;0;17;United States;Northern America;"Johns Hopkins University Press";"1974, 2005-2024";"Political Science and International Relations (Q2); Sociology and Political Science (Q2); Life-span and Life-course Studies (Q4)";"Social Sciences"
658;21100855500;"Journal of Population and Social Studies";journal;"24654418";"Mahidol University, Institute for Population and Social Research";No;No;0,313;Q2;12;45;146;2298;150;146;0,73;51,07;46,67;0;29;Thailand;Asiatic Region;"Mahidol University, Institute for Population and Social Research";"2017-2025";"Anthropology (Q2); Demography (Q2); Social Sciences (miscellaneous) (Q2); Sociology and Political Science (Q2); Geography, Planning and Development (Q3); Health (social science) (Q3)";"Social Sciences"
659;21101021142;"Journal of Sport for Development";journal;"23300574";"Journal of Sport for Development";No;No;0,313;Q2;9;0;31;0;47;28;1,46;0,00;0,00;0;0;United States;Northern America;"Journal of Sport for Development";"2019-2023";"Sociology and Political Science (Q2); Development (Q3); Tourism, Leisure and Hospitality Management (Q3)";"Business, Management and Accounting; Social Sciences"
660;21100856464;"Settler Colonial Studies";journal;"18380743, 2201473X";"Taylor and Francis Ltd.";No;No;0,313;Q2;29;38;58;522;69;53;0,70;13,74;53,49;0;11;United Kingdom;Western Europe;"Taylor and Francis Ltd.";"2011-2025";"Cultural Studies (Q1); History (Q1); Anthropology (Q2); Demography (Q2); Law (Q2); Sociology and Political Science (Q2)";"Arts and Humanities; Social Sciences"
661;6500153239;"Vulnerable Children and Youth Studies";journal;"17450136, 17450128";"Routledge";No;No;0,313;Q2;31;61;124;2664;142;124;1,08;43,67;55,56;0;42;United Kingdom;Western Europe;"Routledge";"2006-2025";"Sociology and Political Science (Q2); Developmental and Educational Psychology (Q3); Health (social science) (Q3)";"Psychology; Social Sciences"
662;4700152718;"Adoption Quarterly";journal;"10926755";"Routledge";No;No;0,312;Q2;39;33;55;2034;60;55;0,88;61,64;77,89;0;4;United States;Northern America;"Routledge";"1997-2025";"Demography (Q2); Law (Q2); Sociology and Political Science (Q2)";"Social Sciences"
663;21101114186;"Comparative Southeast European Studies";journal;"27018199, 27018202";"Walter de Gruyter GmbH";Yes;Yes;0,312;Q2;8;21;84;770;83;82;0,97;36,67;48,65;0;9;Germany;Western Europe;"Walter de Gruyter GmbH";"2021-2024";"Cultural Studies (Q1); History (Q1); Anthropology (Q2); Economics, Econometrics and Finance (miscellaneous) (Q2); Gender Studies (Q2); Law (Q2); Political Science and International Relations (Q2); Sociology and Political Science (Q2)";"Arts and Humanities; Economics, Econometrics and Finance; Social Sciences"
664;21100893575;"Asian Journal of Business Research";journal;"24634522, 11788933";"Asia Business Research Corporation";No;No;0,311;Q2;15;24;66;1592;126;63;1,82;66,33;41,94;0;8;New Zealand;Pacific Region;"Asia Business Research Corporation";"2018-2024";"Political Science and International Relations (Q2); Sociology and Political Science (Q2); Business and International Management (Q3); Marketing (Q3); Strategy and Management (Q3)";"Business, Management and Accounting; Social Sciences"
665;21100877661;"Civitas";journal;"19847289, 15196089";"Edipucrs";Yes;Yes;0,311;Q2;7;36;116;1133;53;116;0,27;31,47;68,63;0;16;Brazil;Latin America;"Edipucrs";"2018-2025";"Cultural Studies (Q1); Anthropology (Q2); Sociology and Political Science (Q2); Development (Q3)";"Social Sciences"
666;18929;"African Studies";journal;"00020184, 14692872";"Taylor and Francis Ltd.";No;No;0,310;Q2;33;10;68;486;95;66;0,95;48,60;21,43;0;3;United Kingdom;Western Europe;"Taylor and Francis Ltd.";"1942-2025";"Cultural Studies (Q1); History (Q1); Anthropology (Q2); Political Science and International Relations (Q2); Sociology and Political Science (Q2)";"Arts and Humanities; Social Sciences"
667;18165;"International Social Security Review";journal;"0020871X, 1468246X";"Wiley-Blackwell Publishing Ltd";No;No;0,309;Q2;35;20;67;821;77;59;1,25;41,05;48,72;3;15;United Kingdom;Western Europe;"Wiley-Blackwell Publishing Ltd";"1967-2024";"Economics, Econometrics and Finance (miscellaneous) (Q2); Sociology and Political Science (Q2); Public Administration (Q3)";"Economics, Econometrics and Finance; Social Sciences"
668;21100898697;"UUM Journal of Legal Studies";journal;"01279483, 2229984X";"Universiti Utara Malaysia Press";Yes;Yes;0,308;Q2;8;26;84;1409;84;84;1,05;54,19;45,83;0;17;Malaysia;Asiatic Region;"Universiti Utara Malaysia Press";"2018-2025";"Law (Q2); Sociology and Political Science (Q2)";"Social Sciences"
669;25354;"Canadian Journal of African Studies";journal;"00083968";"Taylor and Francis Ltd.";No;No;0,307;Q2;17;33;94;2280;91;88;1,07;69,09;35,85;1;14;United Kingdom;Western Europe;"Taylor and Francis Ltd.";"1976, 1980, 1982-1986, 1988-1996, 1999, 2001, 2014-2025";"Cultural Studies (Q1); History (Q1); Anthropology (Q2); Demography (Q2); Sociology and Political Science (Q2); Development (Q3); Geography, Planning and Development (Q3)";"Arts and Humanities; Social Sciences"
670;21100842666;"Caucasus Survey";journal;"23761199, 23761202";"Brill Academic Publishers";No;No;0,304;Q2;14;17;52;1102;33;50;0,41;64,82;52,00;0;2;Netherlands;Western Europe;"Brill Academic Publishers";"2013-2024";"Cultural Studies (Q1); History (Q1); Anthropology (Q2); Demography (Q2); Sociology and Political Science (Q2); Geography, Planning and Development (Q3)";"Arts and Humanities; Social Sciences"
671;21100903424;"Critical Studies in Teaching and Learning";journal;"23107103";"University of the Western Cape";Yes;No;0,304;Q2;10;23;82;988;83;70;0,92;42,96;90,32;0;5;South Africa;Africa;"University of the Western Cape";"2018-2024";"Sociology and Political Science (Q2); Education (Q3)";"Social Sciences"
672;21100244605;"Cuestiones Constitucionales";journal;"14059193";"Universidad Nacional Autonoma de Mexico";Yes;Yes;0,303;Q2;7;45;122;1767;30;121;0,26;39,27;29,03;0;25;Mexico;Latin America;"Universidad Nacional Autonoma de Mexico";"2013-2025";"Law (Q2); Sociology and Political Science (Q2)";"Social Sciences"
673;21100228533;"Regional Science Inquiry";journal;"17917735, 17915961";"Hellenic Association of Regional Scientists";No;No;0,303;Q2;13;9;69;349;63;66;1,00;38,78;22,73;0;7;Greece;Western Europe;"Hellenic Association of Regional Scientists";"2012-2024";"Sociology and Political Science (Q2); Development (Q3); Economics and Econometrics (Q3); Geography, Planning and Development (Q3)";"Economics, Econometrics and Finance; Social Sciences"
674;21100820755;"Zeitschrift fur Vergleichende Politikwissenschaft";journal;"18652646, 18652654";"Springer Verlag";No;No;0,303;Q2;21;17;87;1172;130;74;0,90;68,94;45,45;0;11;Germany;Western Europe;"Springer Verlag";"2007-2025";"Sociology and Political Science (Q2)";"Social Sciences"
675;21100897202;"FWU Journal of Social Sciences";journal;"19951272";"Shaheed Benazir Bhutto Women University";No;No;0,302;Q2;8;44;128;2317;205;128;1,78;52,66;32,65;0;24;Pakistan;Asiatic Region;"Shaheed Benazir Bhutto Women University";"2018-2024";"History (Q1); Social Sciences (miscellaneous) (Q2); Sociology and Political Science (Q2); Education (Q3); Psychology (miscellaneous) (Q3)";"Arts and Humanities; Psychology; Social Sciences"
676;21100873079;"Asian Journal of Comparative Politics";journal;"20578911, 2057892X";"SAGE Publications Ltd";No;No;0,301;Q2;13;42;158;2525;189;156;1,13;60,12;27,40;0;14;United Kingdom;Western Europe;"SAGE Publications Ltd";"2016-2024";"Political Science and International Relations (Q2); Sociology and Political Science (Q2)";"Social Sciences"
677;21100780471;"Asian Studies";journal;"22325131, 23504226";"University of Ljubljana Press";Yes;Yes;0,300;Q2;10;38;123;1386;92;113;0,68;36,47;34,29;0;1;Slovenia;Eastern Europe;"University of Ljubljana Press";"2013-2025";"Cultural Studies (Q1); History (Q1); Literature and Literary Theory (Q1); Philosophy (Q2); Sociology and Political Science (Q2)";"Arts and Humanities; Social Sciences"
678;5700166959;"Human Rights Review";journal;"15248879";"Transaction Periodicals Consortium";No;No;0,300;Q2;28;14;72;1110;111;70;1,39;79,29;56,00;0;14;Netherlands;Western Europe;"Transaction Periodicals Consortium";"2000-2025";"Law (Q2); Sociology and Political Science (Q2)";"Social Sciences"
679;21100862232;"Intersections East European Journal of Society and Politics";journal;"2416089X";"Centre for Social Sciences of the Hungarian Academy of Sciences";Yes;No;0,299;Q2;17;43;132;2046;122;131;0,66;47,58;61,76;0;21;Hungary;Eastern Europe;"Centre for Social Sciences of the Hungarian Academy of Sciences";"2015-2024";"Law (Q2); Sociology and Political Science (Q2)";"Social Sciences"
680;21100894554;"Multidisciplinary Journal of Educational Research";journal;"20142862";"Hipatia Editorial";Yes;No;0,299;Q2;10;18;38;1013;51;38;1,38;56,28;62,50;0;11;Spain;Western Europe;"Hipatia Editorial";"2018-2024";"Sociology and Political Science (Q2); Developmental and Educational Psychology (Q3); Education (Q3)";"Psychology; Social Sciences"
681;5600153108;"Papers";journal;"02102862, 20139004";"Universitat Autonoma de Barcelona";Yes;Yes;0,299;Q2;18;26;79;1484;72;79;0,91;57,08;58,33;0;21;Spain;Western Europe;"Universitat Autonoma de Barcelona";"2011-2025";"Social Sciences (miscellaneous) (Q2); Sociology and Political Science (Q2)";"Social Sciences"
682;21100939681;"eJournal of eDemocracy and Open Government";journal;"20759517";"Department for E-Governance and Administration";Yes;Yes;0,297;Q2;22;12;55;542;89;49;1,11;45,17;58,62;0;4;Austria;Western Europe;"Department for E-Governance and Administration";"2009-2024";"Sociology and Political Science (Q2); Computer Science Applications (Q3)";"Computer Science; Social Sciences"
683;26579;"European Review of Latin American and Caribbean Studies";journal;"18794750, 09240608";"Centre for Latin American Research and Documentation/Centro de Estudios y Documentacion Latinoamericanos (CEDLA)";Yes;Yes;0,297;Q2;21;9;46;541;50;46;1,06;60,11;60,00;0;5;Netherlands;Western Europe;"Centre for Latin American Research and Documentation/Centro de Estudios y Documentacion Latinoamericanos (CEDLA)";"1996, 2001, 2012-2024";"History (Q1); Sociology and Political Science (Q2)";"Arts and Humanities; Social Sciences"
684;21101218126;"International Journal of Disability and Social Justice";journal;"27324044, 27324036";"Pluto Journals";Yes;Yes;0,297;Q2;4;16;38;907;61;35;1,27;56,69;58,06;0;12;United Kingdom;Western Europe;"Pluto Journals";"2021-2024";"Social Sciences (miscellaneous) (Q2); Sociology and Political Science (Q2); Education (Q3)";"Social Sciences"
685;21100929312;"Criminology, Criminal Justice, Law and Society";journal;"2332886X";"Western Society of Criminology";Yes;Yes;0,296;Q2;31;8;32;558;40;32;1,05;69,75;47,06;0;4;United States;Northern America;"Western Society of Criminology";"2014-2024";"Sociology and Political Science (Q2)";"Social Sciences"
686;16955;"Labour History";journal;"00236942";"Liverpool University Press";Yes;No;0,296;Q2;17;22;66;1943;33;58;0,24;88,32;45,83;1;4;Australia;Pacific Region;"Liverpool University Press";"1963-1964, 1966-1973, 1975-1977, 1980-2024";"History (Q1); Sociology and Political Science (Q2); Industrial Relations (Q3); Organizational Behavior and Human Resource Management (Q3)";"Arts and Humanities; Business, Management and Accounting; Social Sciences"
687;21100899640;"Educational Research for Social Change";journal;"22214070";"Nelson Mandela University,Faculty of Education";Yes;No;0,295;Q2;10;18;54;576;35;44;0,40;32,00;60,61;0;13;South Africa;Africa;"Nelson Mandela University,Faculty of Education";"2018-2024";"Sociology and Political Science (Q2); Education (Q3)";"Social Sciences"
688;21100453516;"Psychology, Society and Education";journal;"1989709X, 21712085";"UCOPress. Editorial Universidad de Cordoba";Yes;Yes;0,293;Q2;15;24;105;1141;112;105;1,17;47,54;58,75;0;11;Spain;Western Europe;"UCOPress. Editorial Universidad de Cordoba";"2012, 2015-2025";"Sociology and Political Science (Q2); Clinical Psychology (Q3); Education (Q3); Social Psychology (Q4)";"Psychology; Social Sciences"
689;21101122746;"Journal of Labor and Society";journal;"24714607";"Brill Academic Publishers";No;No;0,292;Q2;13;17;83;949;94;81;0,84;55,82;15,38;0;6;Netherlands;Western Europe;"Brill Academic Publishers";"2017-2024";"Cultural Studies (Q1); History (Q1); Political Science and International Relations (Q2); Social Sciences (miscellaneous) (Q2); Sociology and Political Science (Q2); Economics and Econometrics (Q3)";"Arts and Humanities; Economics, Econometrics and Finance; Social Sciences"
690;21101115664;"SCHOLE: A Journal of Leisure Studies and Recreation Education";journal;"1937156X, 21624097";"Taylor and Francis Ltd.";No;No;0,292;Q2;13;10;79;362;64;78;0,59;36,20;47,22;0;3;United Kingdom;Western Europe;"Taylor and Francis Ltd.";"1993-2024";"Sociology and Political Science (Q2); Education (Q3); Tourism, Leisure and Hospitality Management (Q3)";"Business, Management and Accounting; Social Sciences"
691;21101090675;"Asia-Pacific Journal: Japan Focus";journal;"15574660";"Cambridge University Press";Yes;Yes;0,291;Q2;10;44;241;1581;102;218;0,40;35,93;44,64;0;19;United States;Northern America;"Cambridge University Press";"2019-2024";"Cultural Studies (Q1); History (Q1); Anthropology (Q2); Political Science and International Relations (Q2); Sociology and Political Science (Q2)";"Arts and Humanities; Social Sciences"
692;19700170105;"Problems and Perspectives in Management";journal;"17277051, 18105467";"LLC CPC Business Perspectives";Yes;No;0,291;Q2;34;216;589;10726;1251;589;2,06;49,66;50,26;0;126;Ukraine;Eastern Europe;"LLC CPC Business Perspectives";"2003-2025";"Law (Q2); Social Sciences (miscellaneous) (Q2); Sociology and Political Science (Q2); Business and International Management (Q3); Business, Management and Accounting (miscellaneous) (Q3); Information Systems and Management (Q3); Public Administration (Q3); Strategy and Management (Q3)";"Business, Management and Accounting; Decision Sciences; Social Sciences"
693;19900191542;"Rivista Italiana di Politiche Pubbliche";journal;"17221137";"Societa Editrice Il Mulino";No;No;0,291;Q2;11;16;50;931;44;50;0,57;58,19;44,44;0;6;Italy;Western Europe;"Societa Editrice Il Mulino";"2015-2024";"Sociology and Political Science (Q2); Public Administration (Q3)";"Social Sciences"
694;19900191541;"Asian Politics and Policy";journal;"19430787, 19430779";"Wiley-Blackwell";No;No;0,290;Q2;21;33;105;1950;118;95;0,97;59,09;35,56;2;13;United States;Northern America;"Wiley-Blackwell";"2009-2025";"Political Science and International Relations (Q2); Sociology and Political Science (Q2)";"Social Sciences"
695;100147325;"Journal of Classical Sociology";journal;"17412897, 1468795X";"SAGE Publications Ltd";No;No;0,290;Q2;31;38;86;2379;96;84;0,68;62,61;17,95;0;2;United Kingdom;Western Europe;"SAGE Publications Ltd";"2001-2025";"Sociology and Political Science (Q2)";"Social Sciences"
696;21100896940;"Intellectual Economics";journal;"18228038, 18228011";"Mykolo Romerio Universitetas";Yes;No;0,289;Q2;11;20;62;966;123;59;2,18;48,30;34,43;0;12;Lithuania;Eastern Europe;"Mykolo Romerio Universitetas";"2018-2024";"Economics, Econometrics and Finance (miscellaneous) (Q2); Philosophy (Q2); Sociology and Political Science (Q2); Management of Technology and Innovation (Q3); Organizational Behavior and Human Resource Management (Q3)";"Arts and Humanities; Business, Management and Accounting; Economics, Econometrics and Finance; Social Sciences"
697;21100896938;"Revista Fuentes";journal;"21727775";"Facultad de Ciencias de la Educacion";Yes;Yes;0,289;Q2;9;30;90;1412;104;90;1,02;47,07;52,05;0;18;Spain;Western Europe;"Facultad de Ciencias de la Educacion";"2018-2025";"Sociology and Political Science (Q2); Developmental and Educational Psychology (Q3); Education (Q3)";"Psychology; Social Sciences"
698;24328;"Revista de Indias";journal;"00348341, 19883188";"CSIC Consejo Superior de Investigaciones Cientificas";Yes;Yes;0,287;Q2;18;11;84;473;34;84;0,34;43,00;50,00;0;0;Spain;Western Europe;"CSIC Consejo Superior de Investigaciones Cientificas";"1980, 1983, 1985-1987, 1996-2024";"Cultural Studies (Q1); History (Q1); Sociology and Political Science (Q2)";"Arts and Humanities; Social Sciences"
699;11600153671;"Democracy and Security";journal;"15555860, 17419166";"Taylor and Francis Ltd.";No;No;0,286;Q2;18;23;56;41;93;55;1,75;1,78;25,00;0;7;United Kingdom;Western Europe;"Taylor and Francis Ltd.";"2010-2025";"Political Science and International Relations (Q2); Sociology and Political Science (Q2); Safety Research (Q3)";"Social Sciences"
700;5700153725;"Representations";journal;"07346018, 1533855X";"University of California Press";No;No;0,286;Q2;43;29;85;2105;56;84;0,77;72,59;43,48;0;0;United States;Northern America;"University of California Press";"1983-2025";"Cultural Studies (Q1); Arts and Humanities (miscellaneous) (Q2); Gender Studies (Q2); Sociology and Political Science (Q2)";"Arts and Humanities; Social Sciences"
701;5800169158;"Public Works Management and Policy";journal;"1087724X";"SAGE Publications Inc.";No;No;0,285;Q2;32;30;79;1407;110;56;1,25;46,90;39,06;0;20;United States;Northern America;"SAGE Publications Inc.";"1996-2025";"Sociology and Political Science (Q2); Business, Management and Accounting (miscellaneous) (Q3); Public Administration (Q3)";"Business, Management and Accounting; Social Sciences"
702;21100781903;"Mir Rossii";journal;"18110398, 1811038X";"National Research University Higher School of Economics";Yes;No;0,284;Q2;11;35;101;1214;60;101;0,75;34,69;52,83;0;22;Russian Federation;Eastern Europe;"National Research University Higher School of Economics";"2016-2024";"Sociology and Political Science (Q2); Demography (Q3); Development (Q3); Economics and Econometrics (Q3)";"Economics, Econometrics and Finance; Social Sciences"
703;19700171309;"Studies in Social Justice";journal;"19114788";"Centre for Studies in Social Justice, University of Windsor";Yes;Yes;0,284;Q2;23;61;127;2616;158;124;1,14;42,89;75,42;0;36;Canada;Northern America;"Centre for Studies in Social Justice, University of Windsor";"2009-2024";"Gender Studies (Q2); Law (Q2); Sociology and Political Science (Q2)";"Social Sciences"
704;9500154011;"Journal of African American Studies";journal;"15591646";"Springer New York";No;No;0,281;Q2;25;20;99;1102;79;87;0,75;55,10;58,82;0;11;United States;Northern America;"Springer New York";"1996, 2003-2005, 2008-2025";"Cultural Studies (Q1); Gender Studies (Q2); Sociology and Political Science (Q2)";"Social Sciences"
705;5600155209;"Modern Italy";journal;"13532944, 14699877";"Cambridge University Press";No;No;0,281;Q2;23;38;73;1898;44;68;0,55;49,95;65,91;0;15;United Kingdom;Western Europe;"Cambridge University Press";"1995, 1997-2000, 2002-2025";"Cultural Studies (Q1); History (Q1); Anthropology (Q2); Sociology and Political Science (Q2)";"Arts and Humanities; Social Sciences"
706;23484;"Polity";journal;"17441684, 00323497";"University of Chicago Press";No;No;0,281;Q2;36;39;162;805;135;112;0,90;20,64;40,00;0;7;United States;Northern America;"University of Chicago Press";"1995-2024";"Sociology and Political Science (Q2)";"Social Sciences"
707;21100886226;"International Journal of Evidence and Proof";journal;"13657127, 17405572";"SAGE Publications Ltd";No;No;0,280;Q2;11;25;56;1317;72;55;1,32;52,68;43,18;0;10;United Kingdom;Western Europe;"SAGE Publications Ltd";"2018-2025";"Law (Q2); Sociology and Political Science (Q2); Management, Monitoring, Policy and Law (Q3)";"Environmental Science; Social Sciences"
708;20600195510;"Journal of Aggression, Conflict and Peace Research";journal;"20428715, 17596599";"Emerald Group Publishing Ltd.";No;No;0,280;Q2;23;30;80;1462;86;74;0,97;48,73;53,33;0;23;United Kingdom;Western Europe;"Emerald Group Publishing Ltd.";"2009-2025";"Law (Q2); Sociology and Political Science (Q2); Health (social science) (Q3); Social Psychology (Q4)";"Psychology; Social Sciences"
709;21100827151;"Foundation Review";journal;"19445660, 19445679";"Dorothy A. Johnson Center for Philanthropy, Grand Valley State University";No;No;0,279;Q2;16;23;95;651;46;85;0,28;28,30;62,50;0;3;United States;Northern America;"Dorothy A. Johnson Center for Philanthropy, Grand Valley State University";"2009-2013, 2015-2024";"Social Sciences (miscellaneous) (Q2); Sociology and Political Science (Q2)";"Social Sciences"
710;15693;"Journal of Modern Italian Studies";journal;"14699583, 1354571X";"Taylor and Francis Ltd.";No;No;0,279;Q2;30;30;107;1437;95;97;0,88;47,90;38,71;0;4;United Kingdom;Western Europe;"Taylor and Francis Ltd.";"1995-2025";"Cultural Studies (Q1); History (Q1); Political Science and International Relations (Q2); Sociology and Political Science (Q2)";"Arts and Humanities; Social Sciences"
711;21100211106;"Historia Social";journal;"02142570";"Fundacion Instituto de Historia Social";No;No;0,278;Q2;10;27;79;2134;26;78;0,30;79,04;22,22;0;2;Spain;Western Europe;"Fundacion Instituto de Historia Social";"2011-2024";"History (Q1); Sociology and Political Science (Q2)";"Arts and Humanities; Social Sciences"
712;15887;"Journal of Urban History";journal;"15526771, 00961442";"SAGE Publications Inc.";No;No;0,278;Q2;35;115;201;591;159;199;0,74;5,14;41,91;2;63;United States;Northern America;"SAGE Publications Inc.";"1974-2024";"History (Q1); Sociology and Political Science (Q2); Urban Studies (Q2)";"Arts and Humanities; Social Sciences"
713;4700152636;"Mind and Society";journal;"15937879";"Springer Verlag";No;No;0,278;Q2;24;13;50;875;78;47;1,16;67,31;18,18;0;2;Germany;Western Europe;"Springer Verlag";"2005-2025";"Cultural Studies (Q1); History (Q1); Philosophy (Q2); Social Sciences (miscellaneous) (Q2); Sociology and Political Science (Q2); Economics, Econometrics and Finance (miscellaneous) (Q3); Experimental and Cognitive Psychology (Q4); Social Psychology (Q4)";"Arts and Humanities; Economics, Econometrics and Finance; Psychology; Social Sciences"
714;19900188001;"Poverty and Public Policy";journal;"21946027, 19442858";"John Wiley and Sons Inc";No;No;0,278;Q2;19;22;69;903;80;57;0,96;41,05;46,55;0;16;United States;Northern America;"John Wiley and Sons Inc";"2009-2024";"Cultural Studies (Q1); Sociology and Political Science (Q2)";"Social Sciences"
715;21100942928;"Revista de Internet, Derecho y Politica";journal;"16998154";"Universitat Oberta de Catalunya";Yes;Yes;0,278;Q2;7;18;68;574;53;65;0,80;31,89;44,83;0;7;Spain;Western Europe;"Universitat Oberta de Catalunya";"2019-2025";"Law (Q2); Sociology and Political Science (Q2); Computer Science (miscellaneous) (Q3)";"Computer Science; Social Sciences"
716;21100861082;"Democratic Theory";journal;"23328894, 23328908";"Berghahn Journals";Yes;Yes;0,275;Q2;16;6;42;443;44;40;0,77;73,83;18,18;0;4;United States;Northern America;"Berghahn Journals";"2014-2024";"Philosophy (Q2); Sociology and Political Science (Q2)";"Arts and Humanities; Social Sciences"
717;21101151824;"International Quarterly for Asian Studies";journal;"2566686X, 25666878";"Arnold-Bergstraesser-Institute";Yes;Yes;0,275;Q2;6;22;59;1475;58;50;1,16;67,05;27,27;1;15;Germany;Western Europe;"Arnold-Bergstraesser-Institute";"2019-2024";"Cultural Studies (Q1); Anthropology (Q2); Political Science and International Relations (Q2); Sociology and Political Science (Q2)";"Social Sciences"
718;21100836108;"Knowledge Cultures";journal;"23756527, 23275731";"Addleton Academic Publishers";No;No;0,275;Q2;17;32;74;1484;69;72;1,06;46,38;67,31;0;9;United States;Northern America;"Addleton Academic Publishers";"2013-2024";"Cultural Studies (Q1); History (Q1); Literature and Literary Theory (Q1); Law (Q2); Library and Information Sciences (Q2); Philosophy (Q2); Sociology and Political Science (Q2); Education (Q3)";"Arts and Humanities; Social Sciences"
719;5600152936;"Crime Prevention and Community Safety";journal;"17434629, 14603780";"Palgrave Macmillan Ltd.";No;No;0,274;Q2;31;23;72;1307;92;72;1,35;56,83;43,33;0;11;United Kingdom;Western Europe;"Palgrave Macmillan Ltd.";"1999-2025";"Law (Q2); Sociology and Political Science (Q2); Safety Research (Q3)";"Social Sciences"
720;21101169874;"Jurnal Hukum Unissula";journal;"14122723, 27236668";"Islamic University of Sultan Agung Faculty of Law";No;No;0,274;Q2;5;34;40;1488;46;40;1,30;43,76;32,20;0;22;Indonesia;Asiatic Region;"Islamic University of Sultan Agung Faculty of Law";"2019-2024";"Religious Studies (Q1); Law (Q2); Sociology and Political Science (Q2)";"Arts and Humanities; Social Sciences"
721;5600153133;"Sociedade e Estado";journal;"19805462, 01026992";"Universidade de Brasilia";Yes;Yes;0,274;Q2;21;41;121;1694;72;111;0,41;41,32;37,70;0;17;Brazil;Latin America;"Universidade de Brasilia";"2007-2024";"Sociology and Political Science (Q2); Geography, Planning and Development (Q3)";"Social Sciences"
722;21100386855;"Heritage and Society";journal;"2159032X, 21590338";"Maney Publishing";No;No;0,273;Q2;18;38;57;2124;60;57;1,07;55,89;54,10;0;27;United Kingdom;Western Europe;"Maney Publishing";"2011, 2014-2025";"Conservation (Q1); Cultural Studies (Q1); Anthropology (Q2); Sociology and Political Science (Q2)";"Arts and Humanities; Social Sciences"
723;21100820733;"International Organisations Research Journal";journal;"19967845, 25422081";"National Research University Higher School of Economics";Yes;No;0,273;Q2;15;32;115;1398;80;115;0,69;43,69;43,59;0;22;Russian Federation;Eastern Europe;"National Research University Higher School of Economics";"2015-2024";"Political Science and International Relations (Q2); Sociology and Political Science (Q2); Economics and Econometrics (Q3); Finance (Q3)";"Economics, Econometrics and Finance; Social Sciences"
724;21100933831;"Journal of Islamic Thought and Civilization";journal;"20750943, 25200313";"University of Management and Technology";Yes;Yes;0,273;Q2;6;46;131;1875;117;131;0,98;40,76;29,91;0;11;Pakistan;Asiatic Region;"University of Management and Technology";"2018-2024";"Cultural Studies (Q1); History (Q1); Religious Studies (Q1); Sociology and Political Science (Q2)";"Arts and Humanities; Social Sciences"
725;21100890927;"Russian Politics";journal;"24518913, 24518921";"Brill Academic Publishers";No;No;0,273;Q2;12;22;65;1646;53;65;0,64;74,82;35,29;0;13;Netherlands;Western Europe;"Brill Academic Publishers";"2016-2024";"Cultural Studies (Q1); History (Q1); Political Science and International Relations (Q2); Sociology and Political Science (Q2)";"Arts and Humanities; Social Sciences"
726;21100898602;"Vysshee Obrazovanie v Rossii";journal;"08693617, 20720459";"Moscow Polytechnic University";Yes;Yes;0,273;Q2;15;88;357;3039;322;357;1,21;34,53;63,27;0;39;Russian Federation;Eastern Europe;"Moscow Polytechnic University";"2018-2025";"Philosophy (Q2); Sociology and Political Science (Q2); Education (Q3)";"Arts and Humanities; Social Sciences"
727;5800169372;"Brazilian Journal of Political Economy";journal;"18094538, 01013157";"Universidade de Sao Paulo. Museu de Zoologia";Yes;Yes;0,272;Q2;24;47;150;2030;103;149;0,71;43,19;25,30;2;28;Brazil;Latin America;"Universidade de Sao Paulo. Museu de Zoologia";"2007-2025";"Political Science and International Relations (Q2); Sociology and Political Science (Q2); Economics, Econometrics and Finance (miscellaneous) (Q3)";"Economics, Econometrics and Finance; Social Sciences"
728;21101086602;"Communication and Democracy";journal;"27671127, 27671135";"Taylor and Francis Ltd.";No;No;0,272;Q2;8;23;34;1197;25;30;0,68;52,04;50,00;0;9;United Kingdom;Western Europe;"Taylor and Francis Ltd.";"2022-2024";"Communication (Q2); Law (Q2); Sociology and Political Science (Q2)";"Social Sciences"
729;5600154142;"Asian Journal of Political Science";journal;"02185377";"Routledge";No;No;0,272;Q3;23;36;52;2245;71;51;1,15;62,36;31,75;2;18;United States;Northern America;"Routledge";"1993-2025";"Political Science and International Relations (Q2); Sociology and Political Science (Q3)";"Social Sciences"
730;21101190201;"TalTech Journal of European Studies";journal;"26744619, 26744600";"";Yes;Yes;0,271;Q3;13;26;56;1236;91;56;1,86;47,54;44,44;1;16;Poland;Eastern Europe;"";"2020-2024";"History (Q1); Law (Q2); Political Science and International Relations (Q2); Economics, Econometrics and Finance (miscellaneous) (Q3); Sociology and Political Science (Q3)";"Arts and Humanities; Economics, Econometrics and Finance; Social Sciences"
731;21100218321;"Ayer";journal;"11342277";"Marcial Pons";No;No;0,269;Q3;12;52;146;1733;52;136;0,38;33,33;26,32;0;7;Spain;Western Europe;"Marcial Pons";"2012-2014, 2017-2024";"Cultural Studies (Q1); History (Q1); Sociology and Political Science (Q3)";"Arts and Humanities; Social Sciences"
732;21101188213;"Revista Chilena de Derecho y Ciencia Politica";journal;"07192150, 07189389";"Catholic University of Temuco Faculty of Law Economics and Administrative Sciences";Yes;Yes;0,269;Q3;3;20;59;1034;24;50;0,54;51,70;34,62;0;8;Chile;Latin America;"Catholic University of Temuco Faculty of Law Economics and Administrative Sciences";"2019-2025";"Law (Q2); Sociology and Political Science (Q3)";"Social Sciences"
733;21100900131;"Terra Economicus";journal;"24104531, 20736606";"Southern Federal University";No;No;0,269;Q3;12;37;106;1476;113;106;0,89;39,89;42,86;0;23;Russian Federation;Eastern Europe;"Southern Federal University";"2018-2024";"History (Q1); Law (Q2); Political Science and International Relations (Q2); Economics, Econometrics and Finance (miscellaneous) (Q3); Sociology and Political Science (Q3)";"Arts and Humanities; Economics, Econometrics and Finance; Social Sciences"
734;5600155015;"German Politics and Society";journal;"15585441, 10450300";"Berghahn Journals";No;No;0,268;Q3;13;15;72;1008;42;72;0,61;67,20;31,58;0;4;United States;Northern America;"Berghahn Journals";"2015-2024";"Cultural Studies (Q1); History (Q1); Sociology and Political Science (Q3)";"Arts and Humanities; Social Sciences"
735;25988;"Social Research";journal;"0037783X";"Johns Hopkins University Press";No;No;0,268;Q3;58;60;153;1713;113;133;0,63;28,55;35,59;0;15;United States;Northern America;"Johns Hopkins University Press";"1946-1947, 1972-1974, 1976, 1979-1980, 1982-1986, 1988, 1995-2024";"Cultural Studies (Q1); History (Q1); Philosophy (Q2); Political Science and International Relations (Q2); Social Sciences (miscellaneous) (Q2); Sociology and Political Science (Q3)";"Arts and Humanities; Social Sciences"
736;21101141528;"Advances in Southeast Asian Studies";journal;"2791531X";"Society for South-East Asian Studies";Yes;Yes;0,267;Q3;17;14;49;606;57;45;1,15;43,29;38,89;0;6;Austria;Western Europe;"Society for South-East Asian Studies";"2022-2024";"Cultural Studies (Q1); Anthropology (Q2); Law (Q2); Communication (Q3); Development (Q3); Geography, Planning and Development (Q3); Sociology and Political Science (Q3)";"Social Sciences"
737;21100889415;"African Journal of Social Work";journal;"24095605";"National Association of Social Workers Zimbabwe";Yes;Yes;0,267;Q3;12;25;117;519;94;117;0,64;20,76;55,00;0;14;Zimbabwe;Africa;"National Association of Social Workers Zimbabwe";"2018-2024";"Education (Q3); Health (social science) (Q3); Social Sciences (miscellaneous) (Q3); Sociology and Political Science (Q3)";"Social Sciences"
738;21100896892;"Revista de Administracao Mackenzie";journal;"15186776, 16786971";"Mackenzie Presbyterian University";Yes;Yes;0,267;Q3;17;44;116;2528;159;115;1,25;57,45;41,35;0;15;Brazil;Latin America;"Mackenzie Presbyterian University";"2008-2024";"Business, Management and Accounting (miscellaneous) (Q3); Sociology and Political Science (Q3)";"Business, Management and Accounting; Social Sciences"
739;21101051701;"Transitions: Journal of Transient Migration";journal;"23977159, 23977140";"Intellect Ltd.";No;No;0,267;Q3;7;6;17;413;22;16;0,50;68,83;55,56;0;6;United Kingdom;Western Europe;"Intellect Ltd.";"2019-2024";"Cultural Studies (Q1); Gender Studies (Q2); Demography (Q3); Social Sciences (miscellaneous) (Q3); Sociology and Political Science (Q3)";"Social Sciences"
740;19900191954;"Journal of the Indian Ocean Region";journal;"1948108X, 19480881";"Taylor and Francis Inc.";No;No;0,266;Q3;22;6;60;253;66;46;1,23;42,17;66,67;0;5;United States;Northern America;"Taylor and Francis Inc.";"2010-2024";"Political Science and International Relations (Q2); Management, Monitoring, Policy and Law (Q3); Oceanography (Q3); Sociology and Political Science (Q3); Water Science and Technology (Q3)";"Earth and Planetary Sciences; Environmental Science; Social Sciences"
741;21100894868;"Sociologia y Tecnociencia";journal;"19898487";"Universidad de Valladolid";Yes;Yes;0,266;Q3;5;13;95;426;61;94;0,54;32,77;48,15;0;7;Spain;Western Europe;"Universidad de Valladolid";"2018-2025";"Development (Q3); Health (social science) (Q3); Management of Technology and Innovation (Q3); Sociology and Political Science (Q3)";"Business, Management and Accounting; Social Sciences"
742;21101011861;"Contention";journal;"25727184, 23301392";"Berghahn Journals";No;No;0,265;Q3;6;5;37;212;45;31;0,83;42,40;33,33;0;1;United States;Northern America;"Berghahn Journals";"2019-2024";"Cultural Studies (Q1); Sociology and Political Science (Q3)";"Social Sciences"
743;7700153101;"International Organizations Law Review";journal;"15723739, 15723747";"Martinus Nijhoff Publishers";No;No;0,265;Q3;25;30;48;2580;47;44;1,16;86,00;32,14;0;10;Netherlands;Western Europe;"Martinus Nijhoff Publishers";"2004-2024";"Law (Q2); Political Science and International Relations (Q2); Economics and Econometrics (Q3); Sociology and Political Science (Q3)";"Economics, Econometrics and Finance; Social Sciences"
744;5700167230;"Psychoanalysis, Culture and Society";journal;"10880763, 15433390";"Palgrave Macmillan Ltd.";No;No;0,265;Q3;14;62;119;2251;66;113;0,33;36,31;48,72;0;4;United Kingdom;Western Europe;"Palgrave Macmillan Ltd.";"2004, 2014-2025";"Cultural Studies (Q1); Health (social science) (Q3); Sociology and Political Science (Q3); Applied Psychology (Q4); Social Psychology (Q4)";"Psychology; Social Sciences"
745;21100996939;"Revista Cientifica General Jose Maria Cordova";journal;"19006586, 25007645";"Escuela Militar de Cadetes";Yes;Yes;0,264;Q3;9;56;162;2603;127;149;0,78;46,48;31,51;0;25;Colombia;Latin America;"Escuela Militar de Cadetes";"2011-2013, 2015-2024";"Law (Q2); Political Science and International Relations (Q2); Public Administration (Q3); Safety Research (Q3); Safety, Risk, Reliability and Quality (Q3); Social Sciences (miscellaneous) (Q3); Sociology and Political Science (Q3)";"Engineering; Social Sciences"
746;18162;"Sotsiologicheskie Issledovaniya";journal;"01321625";"Russian Academy of Sciences";No;No;0,264;Q3;16;143;608;2830;221;530;0,42;19,79;59,88;0;51;Russian Federation;Eastern Europe;"Russian Academy of Sciences";"1981-1982, 1984-1986, 2002-2024";"Sociology and Political Science (Q3)";"Social Sciences"
747;16500154711;"Hobbes Studies";journal;"09215891, 18750257";"Brill Academic Publishers";No;No;0,263;Q3;10;12;35;717;19;32;0,67;59,75;30,00;0;0;Netherlands;Western Europe;"Brill Academic Publishers";"1989-1990, 1992, 1994, 1996-2024";"History (Q1); Philosophy (Q2); Sociology and Political Science (Q3)";"Arts and Humanities; Social Sciences"
748;145329;"International Journal of Discrimination and the Law";journal;"13582291, 20479468";"SAGE Publications Inc.";No;No;0,263;Q3;15;20;68;694;79;44;1,02;34,70;40,00;0;15;United Kingdom;Western Europe;"SAGE Publications Inc.";"2000, 2005-2009, 2011-2025";"Law (Q2); Sociology and Political Science (Q3)";"Social Sciences"
749;21100887525;"New Educator";journal;"15499243";"Taylor and Francis Ltd.";No;No;0,263;Q3;25;16;61;779;79;48;1,13;48,69;63,64;0;8;United Kingdom;Western Europe;"Taylor and Francis Ltd.";"2005-2025";"Education (Q3); Sociology and Political Science (Q3)";"Social Sciences"
750;5600152989;"Sotsiologicheskiy Zhurnal";journal;"15622495, 16841581";"Institut Sociologii RAN";Yes;Yes;0,262;Q3;8;32;101;1173;48;100;0,67;36,66;54,55;0;13;Russian Federation;Eastern Europe;"Institut Sociologii RAN";"2017-2024";"Social Sciences (miscellaneous) (Q3); Sociology and Political Science (Q3)";"Social Sciences"
751;21100838801;"African Evaluation Journal";journal;"23065133, 23104988";"AOSIS (Pty) Ltd";Yes;No;0,261;Q3;10;19;41;462;33;38;0,88;24,32;55,56;0;7;South Africa;Africa;"AOSIS (Pty) Ltd";"2017-2025";"Development (Q3); Sociology and Political Science (Q3)";"Social Sciences"
752;23925;"Commonwealth and Comparative Politics";journal;"17439094, 14662043";"Routledge";No;No;0,261;Q3;35;15;58;902;51;55;0,86;60,13;20,00;0;2;United Kingdom;Western Europe;"Routledge";"2002-2025";"Political Science and International Relations (Q2); Sociology and Political Science (Q3)";"Social Sciences"
753;21100837350;"Domes : Digest of Middle East Studies";journal;"10604367, 19493606";"John Wiley and Sons Inc";No;No;0,261;Q3;16;28;72;1697;63;60;0,92;60,61;39,39;0;11;United States;Northern America;"John Wiley and Sons Inc";"1992-2025";"Cultural Studies (Q1); History (Q1); Religious Studies (Q1); Law (Q2); Political Science and International Relations (Q2); Sociology and Political Science (Q3)";"Arts and Humanities; Social Sciences"
754;25885;"Issues and Studies";journal;"2529802X, 10132511";"World Scientific Publishing Co. Pte Ltd";No;No;0,261;Q3;24;20;49;1027;48;48;0,94;51,35;25,00;0;5;Taiwan;Asiatic Region;"World Scientific Publishing Co. Pte Ltd";"1972-1975, 1978, 1980, 1985, 1995-2024";"Political Science and International Relations (Q2); Sociology and Political Science (Q3)";"Social Sciences"
755;21100814520;"Latin American Policy";journal;"20417373, 20417365";"John Wiley and Sons Ltd";No;No;0,261;Q3;12;42;104;2184;113;89;1,06;52,00;42,00;0;23;United Kingdom;Western Europe;"John Wiley and Sons Ltd";"2010-2025";"Political Science and International Relations (Q2); Sociology and Political Science (Q3)";"Social Sciences"
756;5600152894;"Canadian Ethnic Studies/Etudes Ethniques au Canada";journal;"19138253, 00083496";"Canadian Ethnic Studies Association";No;No;0,260;Q3;9;24;67;1431;58;63;0,76;59,63;65,38;0;16;Canada;Northern America;"Canadian Ethnic Studies Association";"1986, 2008, 2019-2024";"History (Q1); Anthropology (Q2); Sociology and Political Science (Q3)";"Arts and Humanities; Social Sciences"
757;17100154726;"Middle East Law and Governance";journal;"18763367, 18763375";"Brill Academic Publishers";No;No;0,260;Q3;18;24;67;1338;45;64;0,46;55,75;62,50;0;5;Netherlands;Western Europe;"Brill Academic Publishers";"2009-2024";"Arts and Humanities (miscellaneous) (Q2); Law (Q2); Sociology and Political Science (Q3)";"Arts and Humanities; Social Sciences"
758;17505;"Social Change";journal;"00490857";"Council for Social Development";No;No;0,260;Q3;18;28;103;855;80;87;0,87;30,54;40,63;0;16;India;Asiatic Region;"Council for Social Development";"1971, 1973-1979, 1981-2025";"Development (Q3); Geography, Planning and Development (Q3); Social Sciences (miscellaneous) (Q3); Sociology and Political Science (Q3)";"Social Sciences"
759;10600153342;"Society and Economy";journal;"1588970X, 15889726";"Akademiai Kiado";Yes;No;0,260;Q3;19;31;74;1593;101;70;1,57;51,39;57,14;0;13;Hungary;Eastern Europe;"Akademiai Kiado";"2007-2025";"Business and International Management (Q3); Economics, Econometrics and Finance (miscellaneous) (Q3); Industrial Relations (Q3); Public Administration (Q3); Sociology and Political Science (Q3); Strategy and Management (Q3)";"Business, Management and Accounting; Economics, Econometrics and Finance; Social Sciences"
760;21101045770;"Nordic Journal of Studies in Policing";journal;"27037045";"Scandinavian University Press";Yes;Yes;0,259;Q3;5;7;28;451;23;27;0,57;64,43;43,75;0;2;Norway;Western Europe;"Scandinavian University Press";"2020-2024";"Law (Q2); Education (Q3); Social Sciences (miscellaneous) (Q3); Sociology and Political Science (Q3)";"Social Sciences"
761;8100153108;"Revista Brasileira de Historia";journal;"01020188, 18069347";"Associacao Nacional de Historia";Yes;Yes;0,259;Q3;11;38;165;1592;46;161;0,21;41,89;24,32;0;5;Brazil;Latin America;"Associacao Nacional de Historia";"1999, 2001, 2007-2024";"Cultural Studies (Q1); History (Q1); Geography, Planning and Development (Q3); Sociology and Political Science (Q3)";"Arts and Humanities; Social Sciences"
762;21100211326;"Araucaria";journal;"15756823";"Universidad de Sevilla";Yes;Yes;0,258;Q3;9;90;273;3543;74;267;0,26;39,37;31,91;0;30;Spain;Western Europe;"Universidad de Sevilla";"2012-2025";"History (Q1); Arts and Humanities (miscellaneous) (Q2); Philosophy (Q2); Social Sciences (miscellaneous) (Q3); Sociology and Political Science (Q3)";"Arts and Humanities; Social Sciences"
763;19700174722;"Housing, Care and Support";journal;"14608790";"Emerald Group Publishing Ltd.";No;No;0,258;Q3;15;10;41;487;36;39;0,68;48,70;58,82;0;6;United Kingdom;Western Europe;"Emerald Group Publishing Ltd.";"1999-2024";"Geography, Planning and Development (Q3); Sociology and Political Science (Q3)";"Social Sciences"
764;17600155045;"Staps";journal;"17821568, 0247106X";"Boeck Universite";No;No;0,258;Q3;12;49;54;1699;37;53;0,24;34,67;38,96;1;11;Belgium;Western Europe;"Boeck Universite";"2001-2022, 2024-2025";"Cultural Studies (Q1); History (Q1); Anthropology (Q2); Multidisciplinary (Q2); Education (Q3); Psychology (miscellaneous) (Q3); Social Sciences (miscellaneous) (Q3); Sociology and Political Science (Q3)";"Arts and Humanities; Multidisciplinary; Psychology; Social Sciences"
765;21100910567;"Holocaust Studies";journal;"17504902, 20484887";"Routledge";No;No;0,257;Q3;14;55;83;2963;63;77;0,88;53,87;62,50;1;5;United States;Northern America;"Routledge";"2005-2025";"Cultural Studies (Q1); History (Q1); Communication (Q3); Sociology and Political Science (Q3)";"Arts and Humanities; Social Sciences"
766;5000153601;"Journal of Teaching in Social Work";journal;"15407349, 08841233";"Routledge";No;No;0,257;Q3;35;31;110;1176;138;103;0,95;37,94;79,27;0;14;United States;Northern America;"Routledge";"1987-2025";"Education (Q3); Sociology and Political Science (Q3); Social Work (Q4)";"Social Sciences"
767;21100199340;"Kajian Malaysia";journal;"01274082, 21804273";"Penerbit Universiti Sains Malaysia";Yes;No;0,254;Q3;16;40;70;1884;40;69;0,54;47,10;50,79;0;16;Malaysia;Asiatic Region;"Penerbit Universiti Sains Malaysia";"2011-2024";"Cultural Studies (Q1); History (Q1); Sociology and Political Science (Q3)";"Arts and Humanities; Social Sciences"
768;21100818507;"Monitoring Obshchestvennogo Mneniya: Ekonomicheskie i Sotsial'nye Peremeny";journal;"22195467";"Russian Public Opinion Research Center, VCIOM";Yes;Yes;0,254;Q3;14;73;331;2865;182;330;0,50;39,25;72,22;0;27;Russian Federation;Eastern Europe;"Russian Public Opinion Research Center, VCIOM";"2016-2024";"Cultural Studies (Q1); Economics, Econometrics and Finance (miscellaneous) (Q3); Sociology and Political Science (Q3)";"Economics, Econometrics and Finance; Social Sciences"
769;5700166680;"Revista de Estudios Politicos";journal;"00487694, 19890613";"Centro Estudios Politicos Constitucionales";No;Yes;0,254;Q3;13;21;104;1121;62;101;0,56;53,38;31,82;20;9;Spain;Western Europe;"Centro Estudios Politicos Constitucionales";"2008-2024";"Political Science and International Relations (Q3); Sociology and Political Science (Q3)";"Social Sciences"
770;21101090838;"Revista Interdisciplinar da Mobilidade Humana";journal;"19808585, 22379843";"Scalabrini Migration Study Centers";Yes;Yes;0,254;Q3;8;51;137;2166;73;122;0,47;42,47;55,84;1;33;Italy;Western Europe;"Scalabrini Migration Study Centers";"2019-2024";"Demography (Q3); Geography, Planning and Development (Q3); Social Sciences (miscellaneous) (Q3); Sociology and Political Science (Q3)";"Social Sciences"
771;21100856146;"IPPR Progressive Review";journal;"25732331";"John Wiley &amp; Sons Inc.";No;No;0,253;Q3;10;39;136;474;32;96;0,24;12,15;46,51;2;3;United States;Northern America;"John Wiley &amp; Sons Inc.";"2017-2024";"Economics, Econometrics and Finance (miscellaneous) (Q3); Political Science and International Relations (Q3); Sociology and Political Science (Q3)";"Economics, Econometrics and Finance; Social Sciences"
772;19700201467;"Journal of Civil Society";journal;"17448689, 17448697";"Taylor and Francis Ltd.";No;No;0,253;Q3;27;27;70;1551;74;69;1,10;57,44;52,83;0;16;United Kingdom;Western Europe;"Taylor and Francis Ltd.";"2010-2025";"Sociology and Political Science (Q3)";"Social Sciences"
773;21100828738;"Critical Housing Analysis";journal;"23362839";"Institute of Sociology of the Czech Academy of Sciences";Yes;Yes;0,252;Q3;16;22;42;684;40;41;0,63;31,09;41,38;0;20;Czech Republic;Eastern Europe;"Institute of Sociology of the Czech Academy of Sciences";"2014-2024";"Geography, Planning and Development (Q3); Sociology and Political Science (Q3); Urban Studies (Q3)";"Social Sciences"
774;19400156802;"International Journal of Action Research";journal;"18611303, 18619916";"Verlag Barbara Budrich";No;No;0,252;Q3;15;20;61;594;33;46;0,46;29,70;70,97;0;12;Germany;Western Europe;"Verlag Barbara Budrich";"2009-2024";"Organizational Behavior and Human Resource Management (Q3); Sociology and Political Science (Q3)";"Business, Management and Accounting; Social Sciences"
775;21100285458;"International Journal of Public Theology";journal;"15697320, 18725171";"Brill Academic Publishers";No;No;0,252;Q3;8;34;89;1923;23;75;0,23;56,56;17,86;0;10;Netherlands;Western Europe;"Brill Academic Publishers";"2013-2024";"Religious Studies (Q1); Sociology and Political Science (Q3)";"Arts and Humanities; Social Sciences"
776;15690;"Journal of Sociology and Social Welfare";journal;"01915096";"Western Michigan University";No;No;0,252;Q3;36;26;68;1487;48;67;0,73;57,19;66,67;0;14;United States;Northern America;"Western Michigan University";"1977, 1995, 2005-2024";"Social Sciences (miscellaneous) (Q3); Sociology and Political Science (Q3)";"Social Sciences"
777;19900193554;"Revista de Derecho Comunitario Europeo";journal;"19895569, 11384026";"Centro de Estudios Politicos y Constitucionales";No;Yes;0,251;Q3;8;27;73;631;30;63;0,56;23,37;28,57;0;13;Spain;Western Europe;"Centro de Estudios Politicos y Constitucionales";"2008-2024";"Law (Q2); Political Science and International Relations (Q3); Sociology and Political Science (Q3)";"Social Sciences"
778;21100894873;"World Review of Political Economy";journal;"20428928, 2042891X";"Pluto Journals";Yes;Yes;0,250;Q3;7;21;77;871;44;75;0,58;41,48;17,86;0;7;United Kingdom;Western Europe;"Pluto Journals";"2018-2024";"Economics, Econometrics and Finance (miscellaneous) (Q3); Political Science and International Relations (Q3); Sociology and Political Science (Q3)";"Economics, Econometrics and Finance; Social Sciences"
779;21101116672;"International Critical Thought";journal;"21598312";"Taylor and Francis Ltd.";No;No;0,249;Q3;15;36;105;1696;72;104;0,74;47,11;12,00;0;12;United Kingdom;Western Europe;"Taylor and Francis Ltd.";"2011-2025";"Cultural Studies (Q2); Political Science and International Relations (Q3); Social Sciences (miscellaneous) (Q3); Sociology and Political Science (Q3)";"Social Sciences"
780;19900192126;"Journal of Comparative Asian Development";journal;"15339114, 21505403";"IGI Global Publishing";No;No;0,248;Q3;15;0;10;0;24;10;0,50;0,00;0,00;0;0;United States;Northern America;"IGI Global Publishing";"2010-2019, 2021, 2023";"Economics and Econometrics (Q3); Political Science and International Relations (Q3); Sociology and Political Science (Q3)";"Economics, Econometrics and Finance; Social Sciences"
781;21100874338;"Journal of Public and Nonprofit Affairs";journal;"23813717";"Midwest Public Affairs Conference";Yes;Yes;0,248;Q3;13;8;78;371;93;75;1,32;46,38;52,63;0;4;United States;Northern America;"Midwest Public Affairs Conference";"2015-2024";"Business and International Management (Q3); Economics, Econometrics and Finance (miscellaneous) (Q3); Organizational Behavior and Human Resource Management (Q3); Public Administration (Q3); Sociology and Political Science (Q3)";"Business, Management and Accounting; Economics, Econometrics and Finance; Social Sciences"
782;21101186201;"Quaderni dell'Osservatorio Elettorale";journal;"27244679, 03926753";"Firenze University Press";Yes;Yes;0,248;Q3;5;5;29;209;25;27;1,00;41,80;62,50;0;1;Italy;Western Europe;"Firenze University Press";"2019-2025";"Political Science and International Relations (Q3); Sociology and Political Science (Q3)";"Social Sciences"
783;21100920038;"Revista de Bioetica y Derecho";journal;"18865887";"Universitat de Barcelona, Observatorio de Bioetica y Derecho";Yes;Yes;0,248;Q3;6;35;130;1156;34;121;0,28;33,03;48,98;0;11;Spain;Western Europe;"Universitat de Barcelona, Observatorio de Bioetica y Derecho";"2019-2024";"Law (Q2); Sociology and Political Science (Q3)";"Social Sciences"
784;17653;"Comparative Sociology";journal;"15691322, 15691330";"Brill Academic Publishers";No;No;0,247;Q3;31;29;87;1885;87;87;0,65;65,00;29,79;0;18;Netherlands;Western Europe;"Brill Academic Publishers";"1970, 1976-1977, 1981, 1984, 1987, 1989, 1999-2024";"Sociology and Political Science (Q3)";"Social Sciences"
785;4400151727;"Estudos Avancados";journal;"18069592, 01034014";"Instituto de Estudos Avancados da Universidade de Sao Paulo";Yes;Yes;0,247;Q3;38;75;184;2746;116;178;0,40;36,61;33,33;0;28;Brazil;Latin America;"Instituto de Estudos Avancados da Universidade de Sao Paulo";"2006-2024";"Cultural Studies (Q2); Sociology and Political Science (Q3)";"Social Sciences"
786;17400154833;"Journal of Transportation Security";journal;"19387741, 1938775X";"Springer New York";No;No;0,247;Q3;20;22;40;953;62;40;1,64;43,32;28,07;0;10;United States;Northern America;"Springer New York";"2008-2025";"Law (Q2); Political Science and International Relations (Q3); Safety Research (Q3); Sociology and Political Science (Q3); Management Science and Operations Research (Q4); Transportation (Q4)";"Decision Sciences; Social Sciences"
787;12100157008;"Polis (United Kingdom)";journal;"20512996, 0142257X";"Brill Academic Publishers";No;No;0,247;Q3;11;20;81;1813;39;78;0,40;90,65;16,67;0;2;Netherlands;Western Europe;"Brill Academic Publishers";"2009-2025";"Classics (Q1); History (Q1); Philosophy (Q2); Sociology and Political Science (Q3)";"Arts and Humanities; Social Sciences"
788;20062;"Economie et Statistique";journal;"17775574, 03361454";"Institut National de la Statistique et des Etudes Economiques";No;No;0,246;Q3;17;19;66;736;44;64;0,70;38,74;41,46;0;9;France;Western Europe;"Institut National de la Statistique et des Etudes Economiques";"1977-1998, 2007-2024";"Economics and Econometrics (Q3); Sociology and Political Science (Q3); Statistics and Probability (Q4)";"Economics, Econometrics and Finance; Mathematics; Social Sciences"
789;26853;"Middle East Journal";journal;"19403461, 00263141";"Middle East Institute";No;No;0,246;Q3;47;16;67;98;55;51;0,80;6,13;46,67;0;3;United States;Northern America;"Middle East Institute";"1976, 1979-1980, 1983-1986, 1996-2024";"Geography, Planning and Development (Q3); Sociology and Political Science (Q3)";"Social Sciences"
790;34981;"Journal of Social Welfare and Family Law";journal;"09649069";"Routledge";No;No;0,244;Q3;32;45;122;1701;95;109;0,72;37,80;72,55;0;22;United Kingdom;Western Europe;"Routledge";"1979, 1987-1988, 1991-2025";"Law (Q2); Sociology and Political Science (Q3)";"Social Sciences"
791;21101050346;"Language, Discourse and Society";journal;"22394192";"International Sociological Association";Yes;Yes;0,244;Q3;5;20;53;585;28;53;0,52;29,25;53,57;0;8;United States;Northern America;"International Sociological Association";"2019-2024";"Anthropology (Q2); Communication (Q3); Social Sciences (miscellaneous) (Q3); Sociology and Political Science (Q3)";"Social Sciences"
792;53135;"Dialectical Anthropology";journal;"03044092, 15730786";"Springer Netherlands";No;No;0,243;Q3;28;42;83;2143;58;58;0,60;51,02;71,79;1;17;Netherlands;Western Europe;"Springer Netherlands";"1975, 1977-2001, 2003-2025";"Anthropology (Q2); Arts and Humanities (miscellaneous) (Q2); Sociology and Political Science (Q3)";"Arts and Humanities; Social Sciences"
793;21100885611;"European Journal of Comparative Law and Governance";journal;"22134506, 22134514";"Brill Academic Publishers";No;No;0,243;Q3;10;30;53;3044;29;51;0,59;101,47;31,58;0;20;Netherlands;Western Europe;"Brill Academic Publishers";"2014-2025";"Law (Q2); Public Administration (Q3); Sociology and Political Science (Q3)";"Social Sciences"
794;21101095938;"International Journal of Economic Policy Studies";journal;"25244892, 18814387";"Springer Japan";No;No;0,243;Q3;9;22;65;985;67;63;1,15;44,77;27,66;1;16;Japan;Asiatic Region;"Springer Japan";"2019-2025";"Economics and Econometrics (Q3); Political Science and International Relations (Q3); Sociology and Political Science (Q3)";"Economics, Econometrics and Finance; Social Sciences"
795;21101086720;"Oriental Anthropologist";journal;"0972558X, 09763430";"Sage Publications India Pvt. Ltd";No;No;0,243;Q3;7;21;71;875;61;67;0,96;41,67;56,67;0;7;Singapore;Asiatic Region;"Sage Publications India Pvt. Ltd";"2001-2024";"Anthropology (Q2); Cultural Studies (Q2); Sociology and Political Science (Q3)";"Social Sciences"
796;21100902676;"Istoriya";journal;"20798784";"Ltd "Integration: Education and Science"";No;No;0,242;Q3;7;415;1189;16949;291;1189;0,28;40,84;43,04;0;69;Russian Federation;Eastern Europe;"Ltd "Integration: Education and Science"";"2018-2024";"History (Q1); Visual Arts and Performing Arts (Q1); History and Philosophy of Science (Q2); Sociology and Political Science (Q3)";"Arts and Humanities; Social Sciences"
797;21100797848;"Potchefstroom Electronic Law Journal";journal;"17273781";"North-West Unversity";Yes;No;0,242;Q3;13;98;214;6590;95;202;0,32;67,24;47,92;0;61;South Africa;Africa;"North-West Unversity";"2013-2025";"Law (Q2); Sociology and Political Science (Q3)";"Social Sciences"
798;19957;"Economic and Political Weekly";journal;"23498846, 00129976";"Economic and Political Weekly";No;No;0,241;Q3;76;810;2517;11546;647;1585;0,24;14,25;35,33;0;208;India;Asiatic Region;"Economic and Political Weekly";"1978-1980, 1982-1986, 1993, 1995-1997, 2002, 2007-2025";"Economics, Econometrics and Finance (miscellaneous) (Q3); Political Science and International Relations (Q3); Sociology and Political Science (Q3)";"Economics, Econometrics and Finance; Social Sciences"
799;21100886221;"Evaluation Journal of Australasia";journal;"1035719X, 25159372";"SAGE Publications Ltd";No;No;0,241;Q3;15;25;60;653;33;40;0,49;26,12;70,83;0;5;United Kingdom;Western Europe;"SAGE Publications Ltd";"2001-2003, 2005-2025";"Development (Q3); Sociology and Political Science (Q3)";"Social Sciences"
800;21101087297;"Feminist Encounters";journal;"24684414";"Lectito";Yes;Yes;0,241;Q3;6;36;80;1274;49;73;0,42;35,39;69,64;0;12;Netherlands;Western Europe;"Lectito";"2019-2024";"Anthropology (Q2); Cultural Studies (Q2); Gender Studies (Q3); Sociology and Political Science (Q3)";"Social Sciences"
801;5700153385;"Journal of Human Values";journal;"09730737, 09716858";"Sage Publications India Pvt. Ltd";No;No;0,241;Q3;20;31;61;1653;65;54;0,77;53,32;37,50;0;9;India;Asiatic Region;"Sage Publications India Pvt. Ltd";"1995-2025";"Cultural Studies (Q2); Philosophy (Q2); Sociology and Political Science (Q3); Organizational Behavior and Human Resource Management (Q4); Social Psychology (Q4)";"Arts and Humanities; Business, Management and Accounting; Psychology; Social Sciences"
802;5200152619;"Revista de Sociologia e Politica";journal;"01044478";"Universidade Federal do Parana";Yes;No;0,241;Q3;20;24;60;1493;22;60;0,28;62,21;32,73;0;9;Brazil;Latin America;"Universidade Federal do Parana";"2006-2024";"Sociology and Political Science (Q3)";"Social Sciences"
803;21100927374;"Humanity: An International Journal of Human Rights, Humanitarianism, and Development";journal;"21514372, 21514364";"University of Pennsylvania Press";No;No;0,240;Q3;9;7;74;351;59;65;0,65;50,14;37,50;0;4;United States;Northern America;"University of Pennsylvania Press";"2019-2024";"Law (Q2); Sociology and Political Science (Q3)";"Social Sciences"
804;21100875677;"Modern Africa";journal;"25707558, 23363274";"University of Hradec Kralove, Philosophical Faculty";Yes;Yes;0,240;Q3;5;7;27;385;16;26;0,53;55,00;44,44;0;6;Czech Republic;Eastern Europe;"University of Hradec Kralove, Philosophical Faculty";"2018-2024";"History (Q1); Anthropology (Q2); Cultural Studies (Q2); Development (Q3); Sociology and Political Science (Q3)";"Arts and Humanities; Social Sciences"
805;19700187803;"South Asian History and Culture";journal;"19472501, 19472498";"Taylor and Francis Ltd.";No;No;0,239;Q3;16;34;97;1083;57;95;0,46;31,85;60,71;0;16;United Kingdom;Western Europe;"Taylor and Francis Ltd.";"2009-2025";"Arts and Humanities (miscellaneous) (Q2); Cultural Studies (Q2); Sociology and Political Science (Q3)";"Arts and Humanities; Social Sciences"
806;21100888595;"Transnational Marketing Journal";journal;"20414684, 20414692";"Transnational Press London Ltd";No;No;0,239;Q3;10;0;99;0;182;98;2,24;0,00;0,00;0;0;United Kingdom;Western Europe;"Transnational Press London Ltd";"2018-2023";"Communication (Q3); Marketing (Q3); Sociology and Political Science (Q3)";"Business, Management and Accounting; Social Sciences"
807;17171;"Slavery and Abolition";journal;"17439523, 0144039X";"Routledge";No;No;0,238;Q3;31;50;117;51;73;104;0,61;1,02;50,98;0;14;United Kingdom;Western Europe;"Routledge";"1980-2025";"History (Q1); Sociology and Political Science (Q3)";"Arts and Humanities; Social Sciences"
808;21101030201;"Leviathan (Germany)";journal;"18618588, 03400425";"Nomos Verlagsgesellschaft mbH und Co";Yes;Yes;0,237;Q3;8;27;97;1750;39;95;0,37;64,81;21,88;0;6;Germany;Western Europe;"Nomos Verlagsgesellschaft mbH und Co";"2019-2024";"Linguistics and Language (Q2); Political Science and International Relations (Q3); Sociology and Political Science (Q3)";"Social Sciences"
809;21101078833;"Bamboo and Silk";journal;"24689246, 24689238";"Brill Academic Publishers";No;No;0,236;Q3;4;11;28;611;7;28;0,13;55,55;36,36;0;1;Netherlands;Western Europe;"Brill Academic Publishers";"2018-2024";"History (Q1); Literature and Literary Theory (Q1); Anthropology (Q2); Cultural Studies (Q2); Linguistics and Language (Q2); Sociology and Political Science (Q3)";"Arts and Humanities; Social Sciences"
810;24762;"Human Rights Quarterly";journal;"1085794X, 02750392";"Johns Hopkins University Press";No;No;0,236;Q3;80;19;81;174;71;80;0,82;9,16;60,61;0;16;United States;Northern America;"Johns Hopkins University Press";"1981, 1990, 1992, 1994-2024";"Social Sciences (miscellaneous) (Q3); Sociology and Political Science (Q3)";"Social Sciences"
811;18112;"Sociologicky Casopis";journal;"00380288";"Sociologicky Ustav";Yes;No;0,236;Q3;27;29;89;1330;68;84;0,71;45,86;37,21;0;11;Czech Republic;Eastern Europe;"Sociologicky Ustav";"1992, 1997-1998, 2002-2024";"Sociology and Political Science (Q3)";"Social Sciences"
812;21100927210;"Balkan Social Science Review";journal;"18578772, 18578799";"Goce Delchev University of Shtip";No;No;0,235;Q3;7;41;88;2011;59;88;0,82;49,05;48,53;0;27;Macedonia;Eastern Europe;"Goce Delchev University of Shtip";"2013-2024";"Law (Q2); Political Science and International Relations (Q3); Public Administration (Q3); Social Sciences (miscellaneous) (Q3); Sociology and Political Science (Q3)";"Social Sciences"
813;21100259595;"Contemporary Readings in Law and Social Justice";journal;"21622752, 19489137";"Addleton Academic Publishers";No;No;0,235;Q3;19;0;60;0;87;60;1,45;0,00;0,00;0;0;United States;Northern America;"Addleton Academic Publishers";"2013-2023";"Law (Q2); Sociology and Political Science (Q3)";"Social Sciences"
814;5700168554;"Cultural and Social History";journal;"14780038, 14780046";"Taylor and Francis Ltd.";No;No;0,235;Q3;22;32;90;888;41;88;0,39;27,75;64,71;0;9;United Kingdom;Western Europe;"Taylor and Francis Ltd.";"2008-2025";"History (Q1); Cultural Studies (Q2); Sociology and Political Science (Q3)";"Arts and Humanities; Social Sciences"
815;14615;"Social Work and Social Sciences Review";journal;"17466105, 09535225";"Whiting and Birch";No;No;0,235;Q3;13;15;59;437;52;51;0,90;29,13;33,33;0;7;United Kingdom;Western Europe;"Whiting and Birch";"1997-1998, 2000, 2004-2005, 2007-2008, 2010-2015, 2017-2024";"Health (social science) (Q3); Sociology and Political Science (Q3); Social Work (Q4)";"Social Sciences"
816;5600155212;"Analyse und Kritik";journal;"01715860, 23659858";"De Gruyter Oldenbourg";Yes;No;0,234;Q3;16;25;59;716;77;54;1,49;28,64;25,00;0;4;Germany;Western Europe;"De Gruyter Oldenbourg";"2004-2005, 2011-2024";"Philosophy (Q2); Sociology and Political Science (Q3)";"Arts and Humanities; Social Sciences"
817;21101182773;"Economics and Culture";journal;"22557563, 22560173";"Walter de Gruyter";Yes;Yes;0,234;Q3;4;29;36;1311;43;36;1,19;45,21;70,13;0;20;Germany;Western Europe;"Walter de Gruyter";"2022-2024";"Law (Q2); Business, Management and Accounting (miscellaneous) (Q3); Demography (Q3); Economics, Econometrics and Finance (miscellaneous) (Q3); Social Sciences (miscellaneous) (Q3); Sociology and Political Science (Q3)";"Business, Management and Accounting; Economics, Econometrics and Finance; Social Sciences"
818;21100407408;"Journal of Law, Religion and State";journal;"22126465, 22124810";"Brill Academic Publishers";No;No;0,234;Q3;9;2;34;208;18;30;0,18;104,00;66,67;0;1;Netherlands;Western Europe;"Brill Academic Publishers";"2012-2021, 2023-2024";"Religious Studies (Q1); Law (Q2); Sociology and Political Science (Q3)";"Arts and Humanities; Social Sciences"
819;21100820742;"Scottish Affairs";journal;"09660356, 2053888X";"Edinburgh University Press";No;No;0,234;Q3;20;32;94;932;44;91;0,30;29,13;45,45;0;17;United Kingdom;Western Europe;"Edinburgh University Press";"1996-2024";"Sociology and Political Science (Q3)";"Social Sciences"
820;21101218124;"Coastal Studies and Society";journal;"26349817";"SAGE Publications Ltd";No;No;0,233;Q3;4;12;31;0;29;28;0,94;0,00;26,67;0;7;United Kingdom;Western Europe;"SAGE Publications Ltd";"2022-2024";"Geography, Planning and Development (Q3); Sociology and Political Science (Q3)";"Social Sciences"
821;19400156803;"Journal of Human Security";journal;"18353800";"";Yes;Yes;0,233;Q3;9;12;41;529;63;38;1,84;44,08;38,89;0;6;United Kingdom;Western Europe;"";"2009-2011, 2013-2017, 2019-2024";"Law (Q2); Political Science and International Relations (Q3); Safety Research (Q3); Sociology and Political Science (Q3)";"Social Sciences"
822;28925;"Loisir et Societe";journal;"07053436";"Taylor and Francis Ltd.";No;No;0,233;Q3;29;34;100;1708;51;94;0,34;50,24;42,11;0;8;United Kingdom;Western Europe;"Taylor and Francis Ltd.";"1978-2024";"Metals and Alloys (Q3); Sociology and Political Science (Q3)";"Materials Science; Social Sciences"
823;5600153364;"Sociologia, Problemas e Praticas";journal;"08736529";"Instituto Superior de Ciencias do Trabalho e da Empresa";Yes;Yes;0,233;Q3;20;14;61;575;40;61;0,62;41,07;48,15;0;7;Portugal;Western Europe;"Instituto Superior de Ciencias do Trabalho e da Empresa";"1996-2024";"Social Sciences (miscellaneous) (Q3); Sociology and Political Science (Q3)";"Social Sciences"
824;21100826381;"Woman in Russian Society";journal;"19922892, 2500221X";"Ivanovo State University Publishing";No;No;0,233;Q3;8;39;166;1299;49;166;0,35;33,31;91,25;0;25;Russian Federation;Eastern Europe;"Ivanovo State University Publishing";"2017-2024";"Gender Studies (Q3); Sociology and Political Science (Q3)";"Social Sciences"
825;18800156723;"Asia-Pacific Social Science Review";journal;"01198386";"De la Salle University";No;No;0,232;Q3;12;33;150;1593;148;134;0,84;48,27;44,68;0;19;Philippines;Asiatic Region;"De la Salle University";"2009-2024";"History (Q1); Economics and Econometrics (Q3); Political Science and International Relations (Q3); Sociology and Political Science (Q3)";"Arts and Humanities; Economics, Econometrics and Finance; Social Sciences"
826;21100372604;"Journal of Applied Research on Children";journal;"21555834";"Texas Medical Center Library";Yes;Yes;0,232;Q3;16;0;41;0;27;35;0,19;0,00;0,00;0;0;United States;Northern America;"Texas Medical Center Library";"2014-2023";"Education (Q3); Sociology and Political Science (Q3); Developmental and Educational Psychology (Q4)";"Psychology; Social Sciences"
827;21100902663;"Revista Brasileira de Direito Processual Penal";journal;"23593881, 2525510X";"Instituto Brasileiro de Direito Processual Penal";Yes;Yes;0,232;Q3;7;34;144;1365;67;144;0,51;40,15;30,00;0;15;Brazil;Latin America;"Instituto Brasileiro de Direito Processual Penal";"2018-2024";"Anthropology (Q2); Law (Q2); Safety Research (Q3); Sociology and Political Science (Q3); Psychiatry and Mental Health (Q4)";"Medicine; Social Sciences"
828;21101086731;"Global Perspectives";journal;"25757350";"University of California Press";No;No;0,231;Q3;10;52;90;2516;79;88;0,86;48,38;43,24;0;16;United States;Northern America;"University of California Press";"2020-2025";"Communication (Q3); Social Sciences (miscellaneous) (Q3); Sociology and Political Science (Q3)";"Social Sciences"
829;19300157038;"Journal of Australian Political Economy";journal;"01565826";"University of Sydney";No;No;0,231;Q3;19;27;32;802;28;19;0,58;29,70;11,76;0;4;Australia;Pacific Region;"University of Sydney";"2008-2025";"Economics and Econometrics (Q3); Sociology and Political Science (Q3)";"Economics, Econometrics and Finance; Social Sciences"
830;5600153207;"Politica y Sociedad";journal;"11308001, 19883129";"Universidad Complutense Madrid";Yes;Yes;0,230;Q3;18;42;166;1733;96;163;0,58;41,26;54,39;6;15;Spain;Western Europe;"Universidad Complutense Madrid";"2011-2024";"Sociology and Political Science (Q3)";"Social Sciences"
831;26962;"Tidsskrift for Samfunnsforskning";journal;"0040716X";"Scandinavian University Press";Yes;Yes;0,230;Q3;11;16;66;773;39;64;0,36;48,31;67,74;1;6;Norway;Western Europe;"Scandinavian University Press";"1970, 1976, 1980-1982, 1985, 1987, 1998-1999, 2001-2024";"Social Sciences (miscellaneous) (Q3); Sociology and Political Science (Q3)";"Social Sciences"
832;21100899527;"Australian Feminist Law Journal";journal;"22040064, 13200968";"Taylor and Francis Ltd.";No;No;0,228;Q3;8;8;44;786;50;39;1,41;98,25;100,00;0;5;Australia;Pacific Region;"Taylor and Francis Ltd.";"2018-2024";"Literature and Literary Theory (Q1); Gender Studies (Q3); Law (Q3); Psychology (miscellaneous) (Q3); Sociology and Political Science (Q3)";"Arts and Humanities; Psychology; Social Sciences"
833;27440;"Revue Europeenne des Migrations Internationales";journal;"07650752, 17775418";"University of Poitiers";Yes;Yes;0,228;Q3;10;29;94;1292;42;78;0,44;44,55;80,56;0;17;France;Western Europe;"University of Poitiers";"1985-1998, 2019-2024";"Anthropology (Q2); Demography (Q3); Geography, Planning and Development (Q3); Sociology and Political Science (Q3)";"Social Sciences"
834;5600152866;"Studia Socjologiczne";journal;"00393371, 25452770";"Polska Akademia Nauk";Yes;No;0,228;Q3;9;30;96;1721;38;85;0,42;57,37;64,29;0;10;Poland;Eastern Europe;"Polska Akademia Nauk";"2008-2024";"Sociology and Political Science (Q3)";"Social Sciences"
835;14377;"Estudios Sociologicos";journal;"01854186";"Centro de Estudios Sociologicos de El Colegio de Mexico";Yes;Yes;0,227;Q3;9;34;123;1725;46;123;0,35;50,74;51,11;0;12;Mexico;Latin America;"Centro de Estudios Sociologicos de El Colegio de Mexico";"1984-1985, 1992, 1994-1996, 1998, 2014-2024";"Political Science and International Relations (Q3); Sociology and Political Science (Q3)";"Social Sciences"
836;21100400185;"Girlhood Studies";journal;"19388209, 19388322";"Berghahn Books Inc.";No;No;0,227;Q3;14;30;87;884;60;77;0,64;29,47;96,77;0;10;United States;Northern America;"Berghahn Books Inc.";"2014-2024";"Education (Q3); Gender Studies (Q3); Sociology and Political Science (Q3); Developmental and Educational Psychology (Q4); Life-span and Life-course Studies (Q4); Social Psychology (Q4)";"Psychology; Social Sciences"
837;27696;"Journal of Southern African Studies";journal;"03057070, 14653893";"Routledge";No;No;0,227;Q3;60;22;169;982;135;150;0,63;44,64;28,57;1;7;United Kingdom;Western Europe;"Routledge";"1974-2024";"Arts and Humanities (miscellaneous) (Q2); Geography, Planning and Development (Q3); Sociology and Political Science (Q3)";"Arts and Humanities; Social Sciences"
838;21101093357;"Statistics, Politics and Policy";journal;"21517509, 21946299";"Walter de Gruyter GmbH";No;No;0,227;Q3;12;17;52;650;53;49;0,82;38,24;24,14;0;9;Germany;Western Europe;"Walter de Gruyter GmbH";"2010-2025";"Economics, Econometrics and Finance (miscellaneous) (Q3); Sociology and Political Science (Q3); Statistics and Probability (Q4)";"Economics, Econometrics and Finance; Mathematics; Social Sciences"
839;21101038706;"African Conflict and Peacebuilding Review";journal;"21567263, 2156695X";"The Trustees of Indiana University";No;No;0,226;Q3;7;12;44;783;33;42;0,41;65,25;16,67;0;2;United States;Northern America;"The Trustees of Indiana University";"2019-2024";"Anthropology (Q2); Cultural Studies (Q2); Sociology and Political Science (Q3)";"Social Sciences"
840;19700177537;"Anali Hrvatskog Politoloskog Drustva";journal;"18456707, 18475299";"Croatian Political Science Association";Yes;Yes;0,226;Q3;7;20;54;769;24;47;0,52;38,45;21,43;0;2;Croatia;Eastern Europe;"Croatian Political Science Association";"2017-2024";"Sociology and Political Science (Q3)";"Social Sciences"
841;21100846340;"Journal of Comparative Politics";journal;"13381385";"University of Ljubljana";Yes;No;0,226;Q3;8;12;35;718;39;33;1,08;59,83;50,00;0;4;Slovenia;Eastern Europe;"University of Ljubljana";"2017-2025";"Political Science and International Relations (Q3); Sociology and Political Science (Q3)";"Social Sciences"
842;16800154739;"Contributions to the History of Concepts";journal;"1874656X, 18079326";"Berghahn Books Inc.";No;No;0,225;Q3;14;9;43;720;24;42;0,42;80,00;33,33;0;1;United States;Northern America;"Berghahn Books Inc.";"2005-2009, 2011-2024";"History (Q1); Sociology and Political Science (Q3)";"Arts and Humanities; Social Sciences"
843;21100867938;"Open Library of Humanities";journal;"20566700";"Open Library of Humanities";Yes;Yes;0,225;Q3;14;27;84;1244;44;84;0,60;46,07;63,33;0;9;United Kingdom;Western Europe;"Open Library of Humanities";"2015-2025";"Anthropology (Q2); Arts and Humanities (miscellaneous) (Q2); Cultural Studies (Q2); Sociology and Political Science (Q3)";"Arts and Humanities; Social Sciences"
844;21100843483;"Politiche Sociali";journal;"22842098, 25316389";"Societa Editrice Il Mulino";No;No;0,225;Q3;10;26;96;1061;56;88;0,49;40,81;57,50;0;18;Italy;Western Europe;"Societa Editrice Il Mulino";"2014-2024";"Sociology and Political Science (Q3)";"Social Sciences"
845;5600155086;"Rhetoric and Public Affairs";journal;"10948392";"Michigan State University";No;No;0,225;Q3;18;4;68;544;39;67;0,53;136,00;75,00;0;1;United States;Northern America;"Michigan State University";"2010-2024";"Linguistics and Language (Q2); Communication (Q3); Sociology and Political Science (Q3)";"Social Sciences"
846;21101060308;"Vestnik MGIMO-Universiteta";journal;"25419099, 20718160";"MGIMO University";Yes;Yes;0,225;Q3;6;58;150;1604;60;149;0,46;27,66;38,46;0;27;Russian Federation;Eastern Europe;"MGIMO University";"2019-2024";"History (Q1); Business, Management and Accounting (miscellaneous) (Q3); Political Science and International Relations (Q3); Sociology and Political Science (Q3)";"Arts and Humanities; Business, Management and Accounting; Social Sciences"
847;5800208402;"Citizenship, Social and Economics Education";journal;"20471734";"SAGE Publications Inc.";No;No;0,224;Q3;17;12;37;696;47;37;1,17;58,00;50,00;0;6;United Kingdom;Western Europe;"SAGE Publications Inc.";"2011-2025";"Economics, Econometrics and Finance (miscellaneous) (Q3); Education (Q3); Sociology and Political Science (Q3)";"Economics, Econometrics and Finance; Social Sciences"
848;21101039081;"International Journal of Sociology of Agriculture and Food";journal;"25241982, 07981759";"Michigan State University Press";No;No;0,224;Q3;6;11;36;699;28;36;0,62;63,55;66,67;0;8;United States;Northern America;"Michigan State University Press";"2019-2024";"Cultural Studies (Q2); Food Science (Q3); Sociology and Political Science (Q3)";"Agricultural and Biological Sciences; Social Sciences"
849;4700152402;"Journal of Family Social Work";journal;"10522158";"Routledge";No;No;0,224;Q3;31;6;50;238;32;38;0,52;39,67;60,00;0;1;United States;Northern America;"Routledge";"1994-2025";"Development (Q3); Sociology and Political Science (Q3); Social Work (Q4)";"Social Sciences"
850;55037;"Asian Affairs (United Kingdom)";journal;"00927678, 19401590";"Taylor and Francis Ltd.";No;No;0,223;Q3;15;12;27;0;32;27;1,23;0,00;41,18;0;5;United Kingdom;Western Europe;"Taylor and Francis Ltd.";"1973-2005, 2010-2024";"Economics, Econometrics and Finance (miscellaneous) (Q3); Geography, Planning and Development (Q3); Law (Q3); Political Science and International Relations (Q3); Sociology and Political Science (Q3); Economics and Econometrics (Q4)";"Economics, Econometrics and Finance; Social Sciences"
851;12365;"Canadian Journal of Law and Society";journal;"08293201, 19110227";"Cambridge University Press";No;No;0,223;Q3;28;16;69;1320;50;68;0,60;82,50;66,67;0;9;United Kingdom;Western Europe;"Cambridge University Press";"1986-2024";"Law (Q3); Sociology and Political Science (Q3)";"Social Sciences"
852;12822;"Chinese Education and Society";journal;"19447116, 10611932";"M.E. Sharpe Inc.";Yes;No;0,222;Q3;23;9;71;442;55;61;0,64;49,11;53,33;0;8;United States;Northern America;"M.E. Sharpe Inc.";"1993-1997, 1999-2024";"Education (Q3); Sociology and Political Science (Q3)";"Social Sciences"
853;21101039257;"Revista Brasileira de Estudos Politicos";journal;"23595736, 00347191";"Universidade Federal de Minas Gerais, Faculdade de Letras";Yes;Yes;0,222;Q3;4;38;89;2543;24;86;0,26;66,92;27,78;0;19;Brazil;Latin America;"Universidade Federal de Minas Gerais, Faculdade de Letras";"2019-2024";"Law (Q3); Sociology and Political Science (Q3)";"Social Sciences"
854;21100830426;"Journal of Criminological Research, Policy and Practice";journal;"2056385X, 20563841";"Emerald Group Publishing Ltd.";No;No;0,221;Q3;15;18;55;1085;38;52;0,84;60,28;55,00;0;12;United Kingdom;Western Europe;"Emerald Group Publishing Ltd.";"2015-2025";"Law (Q3); Public Administration (Q3); Sociology and Political Science (Q3); Health (social science) (Q4); Social Psychology (Q4)";"Psychology; Social Sciences"
855;21101124070;"Nordic Journal of Social Research";journal;"18922783";"Scandinavian University Press";Yes;Yes;0,221;Q3;5;7;31;356;30;30;0,95;50,86;66,67;0;5;Norway;Western Europe;"Scandinavian University Press";"2019-2024";"Anthropology (Q2); Social Sciences (miscellaneous) (Q3); Sociology and Political Science (Q3); Health (social science) (Q4)";"Social Sciences"
856;27025;"Orbis";journal;"00304387";"Elsevier B.V.";No;No;0,221;Q3;32;47;132;0;85;119;0,59;0,00;21,74;1;3;Netherlands;Western Europe;"Elsevier B.V.";"1986, 1989, 1993-2024";"Safety Research (Q3); Safety, Risk, Reliability and Quality (Q3); Sociology and Political Science (Q3)";"Engineering; Social Sciences"
857;21101062494;"Studies in Media and Communication";journal;"2325808X, 23258071";"Redfame Publishing Inc.";No;No;0,221;Q3;11;135;235;5954;289;232;1,25;44,10;49,35;0;46;United States;Northern America;"Redfame Publishing Inc.";"2019-2025";"Communication (Q3); Political Science and International Relations (Q3); Social Sciences (miscellaneous) (Q3); Sociology and Political Science (Q3)";"Social Sciences"
858;21100940535;"Journal of Religion and Violence";journal;"21596808";"Philosophy Documentation Center";No;No;0,220;Q3;6;0;19;0;59;16;2,20;0,00;0,00;0;0;United States;Northern America;"Philosophy Documentation Center";"2019-2022";"Religious Studies (Q1); Law (Q3); Sociology and Political Science (Q3)";"Arts and Humanities; Social Sciences"
859;21100972442;"Middle East Development Journal";journal;"17938120, 17938171";"Routledge";No;No;0,220;Q3;14;12;46;591;50;46;0,97;49,25;30,43;0;10;United Kingdom;Western Europe;"Routledge";"2012-2025";"Development (Q3); Economics, Econometrics and Finance (miscellaneous) (Q3); Sociology and Political Science (Q3)";"Economics, Econometrics and Finance; Social Sciences"
860;21100780549;"Russian Sociological Review";journal;"1728192X, 17281938";"National Research University Higher School of Economics";Yes;Yes;0,219;Q3;11;53;142;4495;47;139;0,39;84,81;38,89;0;20;Russian Federation;Eastern Europe;"National Research University Higher School of Economics";"2001-2003, 2016-2024";"Cultural Studies (Q2); Philosophy (Q2); Social Sciences (miscellaneous) (Q3); Sociology and Political Science (Q3)";"Arts and Humanities; Social Sciences"
861;5700164130;"Latino Studies";journal;"14763443, 14763435";"Palgrave Macmillan Ltd.";No;No;0,218;Q3;28;42;97;1933;72;74;0,81;46,02;71,11;0;13;United Kingdom;Western Europe;"Palgrave Macmillan Ltd.";"2009-2025";"History (Q1); Cultural Studies (Q2); Sociology and Political Science (Q3)";"Arts and Humanities; Social Sciences"
862;5600155285;"Parameters";journal;"00311723";"U.S. Army War College";No;No;0,218;Q3;6;46;128;1189;88;113;0,79;25,85;15,09;0;7;United States;Northern America;"U.S. Army War College";"1982, 2019-2024";"History (Q1); Cultural Studies (Q2); Political Science and International Relations (Q3); Safety Research (Q3); Social Sciences (miscellaneous) (Q3); Sociology and Political Science (Q3)";"Arts and Humanities; Social Sciences"
863;5600155625;"Politikon";journal;"02589346, 14701014";"Taylor and Francis Ltd.";No;No;0,218;Q3;30;4;89;253;86;85;0,83;63,25;33,33;0;3;United Kingdom;Western Europe;"Taylor and Francis Ltd.";"1974-2024";"Political Science and International Relations (Q3); Sociology and Political Science (Q3)";"Social Sciences"
864;21101021456;"Revista de Pensamiento Estrategico y Seguridad CISDE";journal;"25298763";"United Academic Journals (UA Journals)";No;No;0,218;Q3;5;12;38;703;30;32;1,04;58,58;11,76;0;1;Spain;Western Europe;"United Academic Journals (UA Journals)";"2019-2024";"History (Q1); Law (Q3); Political Science and International Relations (Q3); Safety Research (Q3); Sociology and Political Science (Q3)";"Arts and Humanities; Social Sciences"
865;20000195031;"Krisis";journal;"18757103, 0168275X";"Boom Uitgevers";Yes;Yes;0,217;Q3;10;11;79;439;36;76;0,71;39,91;30,00;0;1;Netherlands;Western Europe;"Boom Uitgevers";"2011-2024";"Cultural Studies (Q2); Philosophy (Q2); Sociology and Political Science (Q3)";"Arts and Humanities; Social Sciences"
866;21100220499;"Field Actions Science Report";journal;"1867139X, 18678521";"Institut Veolia Environnement";Yes;Yes;0,216;Q3;19;15;73;86;50;56;0,55;5,73;25,00;0;8;France;Western Europe;"Institut Veolia Environnement";"2012-2025";"Development (Q3); Education (Q3); Geography, Planning and Development (Q3); Sociology and Political Science (Q3); Health (social science) (Q4)";"Social Sciences"
867;21101185418;"Jurnal IUS Kajian Hukum dan Keadilan";journal;"23033827, 2477815X";"Mataram University Faculty of Law";Yes;No;0,216;Q3;5;44;133;1615;73;133;0,70;36,70;36,11;0;27;Indonesia;Asiatic Region;"Mataram University Faculty of Law";"2019-2024";"Law (Q3); Political Science and International Relations (Q3); Public Administration (Q3); Sociology and Political Science (Q3)";"Social Sciences"
868;21101233918;"Ojkumena Regional Researches";journal;"19986785";"Vladivostok State University";No;No;0,216;Q3;2;66;198;1338;22;176;0,11;20,27;50,00;0;19;Russian Federation;Eastern Europe;"Vladivostok State University";"2020-2024";"History (Q1); Political Science and International Relations (Q3); Sociology and Political Science (Q3)";"Arts and Humanities; Social Sciences"
869;21101040605;"Turyzm/Tourism";journal;"08675856, 20806922";"Lodz University Press";Yes;Yes;0,216;Q3;12;28;74;1729;94;74;1,33;61,75;47,22;0;16;Poland;Eastern Europe;"Lodz University Press";"2001-2024";"Economics, Econometrics and Finance (miscellaneous) (Q3); Geography, Planning and Development (Q3); Social Sciences (miscellaneous) (Q3); Sociology and Political Science (Q3); Tourism, Leisure and Hospitality Management (Q4)";"Business, Management and Accounting; Economics, Econometrics and Finance; Social Sciences"
870;21100855754;"Australian Journal of Human Rights";journal;"2573573X, 1323238X";"Taylor and Francis Ltd.";No;No;0,214;Q3;19;6;97;363;68;84;0,57;60,50;33,33;0;6;Australia;Pacific Region;"Taylor and Francis Ltd.";"1994, 1996-2024";"History (Q1); Philosophy (Q2); Law (Q3); Sociology and Political Science (Q3)";"Arts and Humanities; Social Sciences"
871;21100838844;"Eastern Journal of European Studies";journal;"20686633, 2068651X";"Universitatea Alexandru Ioan Cuza";Yes;Yes;0,214;Q3;11;47;122;2394;98;119;0,90;50,94;50,54;0;21;Romania;Eastern Europe;"Universitatea Alexandru Ioan Cuza";"2017-2024";"History (Q1); Economics, Econometrics and Finance (miscellaneous) (Q3); Political Science and International Relations (Q3); Sociology and Political Science (Q3)";"Arts and Humanities; Economics, Econometrics and Finance; Social Sciences"
872;15860;"Journal of Contemporary History";journal;"00220094, 14617250";"SAGE Publications Ltd";No;No;0,214;Q3;45;44;136;0;99;132;0,68;0,00;36,36;0;13;United Kingdom;Western Europe;"SAGE Publications Ltd";"1966-1990, 1993-2025";"History (Q1); Cultural Studies (Q2); Sociology and Political Science (Q3)";"Arts and Humanities; Social Sciences"
873;21101266016;"Jurnal Hukum Islam";journal;"25027719, 18297382";"Faculty of Sharia, Universitas Islam Negeri K.H. Abdurrahman Wahid Pekalongan";Yes;No;0,214;Q3;3;14;49;772;25;49;0,58;55,14;27,59;0;8;Indonesia;Asiatic Region;"Faculty of Sharia, Universitas Islam Negeri K.H. Abdurrahman Wahid Pekalongan";"2020-2024";"Religious Studies (Q1); Law (Q3); Sociology and Political Science (Q3)";"Arts and Humanities; Social Sciences"
874;5700167216;"Stato e Mercato";journal;"03929701";"Societa Editrice Il Mulino";No;No;0,214;Q3;21;20;42;977;29;42;0,96;48,85;47,06;0;14;Italy;Western Europe;"Societa Editrice Il Mulino";"1997-2018, 2020-2024";"Sociology and Political Science (Q3)";"Social Sciences"
875;21101017895;"Jurnal Ilmu Sosial dan Ilmu Politik";journal;"14104946, 25027883";"Universitas Gadjah Mada - Faculty of Social and Political Sciences";Yes;No;0,213;Q3;8;16;62;932;64;62;0,91;58,25;54,84;0;11;Indonesia;Asiatic Region;"Universitas Gadjah Mada - Faculty of Social and Political Sciences";"2019-2024";"Sociology and Political Science (Q3)";"Social Sciences"
876;21100927978;"Vestnik Volgogradskogo Gosudarstvennogo Universiteta, Seriia 4: Istoriia, Regionovedenie, Mezhdunarodnye Otnosheniia";journal;"19989938, 23128704";"Volgograd State University";Yes;Yes;0,211;Q3;5;119;392;4328;59;391;0,17;36,37;33,95;0;27;Russian Federation;Eastern Europe;"Volgograd State University";"2019-2024";"History (Q1); Cultural Studies (Q2); Political Science and International Relations (Q3); Sociology and Political Science (Q3)";"Arts and Humanities; Social Sciences"
877;5600155405;"Asian Ethnicity";journal;"14692953, 14631369";"Routledge";No;No;0,210;Q3;26;53;101;2910;107;96;1,16;54,91;40,58;0;15;United Kingdom;Western Europe;"Routledge";"2008-2025";"Cultural Studies (Q2); Sociology and Political Science (Q3)";"Social Sciences"
878;19900192456;"Culture, Theory and Critique";journal;"14735776, 14735784";"Routledge";No;No;0,210;Q3;19;13;60;546;44;56;0,62;42,00;15,38;0;0;United Kingdom;Western Europe;"Routledge";"2010-2025";"Cultural Studies (Q2); Sociology and Political Science (Q3)";"Social Sciences"
879;5600152864;"Education et Societes";journal;"1373847X, 17821428";"De Boeck Supérieur";No;No;0,210;Q3;15;21;39;886;11;39;0,21;42,19;56,10;0;0;Belgium;Western Europe;"De Boeck Supérieur";"2001-2024";"Sociology and Political Science (Q3); Education (Q4)";"Social Sciences"
880;21100942897;"Historia, Instituciones, Documentos";journal;"02107716, 22538291";"Universidad de Sevilla";Yes;Yes;0,210;Q3;3;16;64;782;9;63;0,12;48,88;28,57;0;2;Spain;Western Europe;"Universidad de Sevilla";"2019-2024";"History (Q1); Cultural Studies (Q2); Law (Q3); Sociology and Political Science (Q3)";"Arts and Humanities; Social Sciences"
881;21100881506;"Przestrzen Spoleczna";journal;"20841558, 20847696";"";Yes;No;0,210;Q3;7;0;64;0;84;59;1,44;0,00;0,00;0;0;Poland;Eastern Europe;"";"2018-2022";"Cultural Studies (Q2); Demography (Q3); Economics, Econometrics and Finance (miscellaneous) (Q3); Education (Q3); Geography, Planning and Development (Q3); Social Sciences (miscellaneous) (Q3); Sociology and Political Science (Q3); Urban Studies (Q3); Social Psychology (Q4)";"Economics, Econometrics and Finance; Psychology; Social Sciences"
882;21100316466;"Ab Imperio";journal;"21649731, 21664072";"Ab Imperio";No;No;0,209;Q3;14;18;133;383;32;107;0,26;21,28;22,22;1;2;United States;Northern America;"Ab Imperio";"2013-2024";"History (Q1); Sociology and Political Science (Q3)";"Arts and Humanities; Social Sciences"
883;21101136847;"International Tax Studies";journal;"25901117";"International Bureau of Fiscal Documentation (IBFD)";No;No;0,209;Q3;3;9;29;134;8;29;0,33;14,89;26,67;0;9;Netherlands;Western Europe;"International Bureau of Fiscal Documentation (IBFD)";"2019-2024";"Economics, Econometrics and Finance (miscellaneous) (Q3); Law (Q3); Social Sciences (miscellaneous) (Q3); Sociology and Political Science (Q3)";"Economics, Econometrics and Finance; Social Sciences"
884;19300157026;"Journal of Chinese Overseas";journal;"17930391, 17932548";"Brill Academic Publishers";No;No;0,209;Q3;12;14;44;414;31;44;0,57;29,57;45,45;0;3;Netherlands;Western Europe;"Brill Academic Publishers";"2007-2024";"History (Q1); Cultural Studies (Q2); Anthropology (Q3); Sociology and Political Science (Q3)";"Arts and Humanities; Social Sciences"
885;21101152866;"Lentera Hukum";journal;"23554673, 26213710";"University of Jember";Yes;No;0,209;Q3;5;10;48;526;33;47;0,77;52,60;25,00;0;6;Indonesia;Asiatic Region;"University of Jember";"2019-2024";"Law (Q3); Sociology and Political Science (Q3)";"Social Sciences"
886;21100901047;"Pedagogia Social";journal;"19899742, 11391723";"Sociedad Iberoamericana de Pedagogia Social";Yes;Yes;0,209;Q3;8;29;85;1278;66;81;0,60;44,07;66,67;0;22;Spain;Western Europe;"Sociedad Iberoamericana de Pedagogia Social";"2018-2025";"Sociology and Political Science (Q3); Education (Q4)";"Social Sciences"
887;11600153627;"Zhurnal Issledovanii Sotsial'noi Politiki";journal;"17270634";"Tsentr Social'noi Politiki i Gendernykh Issledovanii";Yes;No;0,209;Q3;10;46;171;1505;77;168;0,37;32,72;76,92;0;21;Russian Federation;Eastern Europe;"Tsentr Social'noi Politiki i Gendernykh Issledovanii";"2016-2024";"Sociology and Political Science (Q3); Public Administration (Q4)";"Social Sciences"
888;15024;"Africa Today";journal;"15271978, 00019887";"Indiana University Press";No;No;0,208;Q3;40;19;78;1038;71;75;0,69;54,63;38,10;0;7;United States;Northern America;"Indiana University Press";"1981, 1984, 1993, 1996-2024";"Geography, Planning and Development (Q3); Sociology and Political Science (Q3)";"Social Sciences"
889;21100874136;"Sozialer Fortschritt";journal;"18655386, 0038609X";"Duncker und Humblot GmbH";No;No;0,208;Q3;9;63;163;1563;43;145;0,20;24,81;44,00;1;32;Germany;Western Europe;"Duncker und Humblot GmbH";"2008-2025";"Social Sciences (miscellaneous) (Q3); Sociology and Political Science (Q3)";"Social Sciences"
890;21100825345;"Ekonomicheskaya Politika";journal;"19945124, 24112658";"Editorial Board of the Journal Economic Policy";Yes;No;0,207;Q3;13;30;97;870;50;97;0,60;29,00;52,38;0;22;Russian Federation;Eastern Europe;"Editorial Board of the Journal Economic Policy";"2013-2024";"Finance (Q3); Sociology and Political Science (Q3); Economics and Econometrics (Q4)";"Economics, Econometrics and Finance; Social Sciences"
891;21100868416;"Laboratorium: Russian Review of Social Research";journal;"20781938, 20768214";"Institute for European Russian and Eurasian Studies, The George Washington University";No;No;0,207;Q3;8;10;59;473;32;59;0,47;47,30;53,85;0;1;United States;Northern America;"Institute for European Russian and Eurasian Studies, The George Washington University";"2018-2024";"History (Q1); Cultural Studies (Q2); Anthropology (Q3); Gender Studies (Q3); Political Science and International Relations (Q3); Social Sciences (miscellaneous) (Q3); Sociology and Political Science (Q3)";"Arts and Humanities; Social Sciences"
892;21100244228;"International Area Studies Review";journal;"20491123, 22338659";"";No;No;0,206;Q3;20;27;68;1640;77;67;1,23;60,74;29,17;0;12;South Korea;Asiatic Region;"";"1997-2024";"Political Science and International Relations (Q3); Sociology and Political Science (Q3)";"Social Sciences"
893;21101074578;"Populism";journal;"25888072, 25888064";"Brill Academic Publishers";No;No;0,206;Q3;9;11;27;772;31;26;1,06;70,18;45,00;0;2;Netherlands;Western Europe;"Brill Academic Publishers";"2018-2025";"Political Science and International Relations (Q3); Sociology and Political Science (Q3)";"Social Sciences"
894;5600155275;"Historia y Comunicacion Social";journal;"19883056, 11370734";"Universidad Complutense Madrid";Yes;Yes;0,204;Q3;17;44;167;1771;71;160;0,25;40,25;52,44;0;13;Spain;Western Europe;"Universidad Complutense Madrid";"2010-2024";"History (Q1); Communication (Q3); Sociology and Political Science (Q3)";"Arts and Humanities; Social Sciences"
895;21100860693;"Iberoamerica (Russian Federation)";journal;"20759711, 20768400";"Institute of Latin American Studies, Russian Academy of Sciences";No;No;0,204;Q3;5;39;109;1033;21;109;0,22;26,49;53,33;0;21;Russian Federation;Eastern Europe;"Institute of Latin American Studies, Russian Academy of Sciences";"2017-2024";"Economics, Econometrics and Finance (miscellaneous) (Q3); Law (Q3); Political Science and International Relations (Q3); Sociology and Political Science (Q3); Safety Research (Q4)";"Economics, Econometrics and Finance; Social Sciences"
896;21100259507;"International Journal of Public Law and Policy";journal;"20447671, 20447663";"Inderscience";No;No;0,204;Q3;8;29;71;1281;48;71;0,51;44,17;32,69;0;17;Switzerland;Western Europe;"Inderscience";"2011-2017, 2019-2024";"Law (Q3); Sociology and Political Science (Q3)";"Social Sciences"
897;21100216568;"Revista d'Estudis Autonomics i Federals";journal;"18862632";"Institut d'Estudis Autonomics";Yes;Yes;0,204;Q3;9;37;55;534;22;53;0,46;14,43;39,29;0;4;Spain;Western Europe;"Institut d'Estudis Autonomics";"2012-2024";"Law (Q3); Political Science and International Relations (Q3); Sociology and Political Science (Q3)";"Social Sciences"
898;21100793924;"TRaNS: Trans-Regional and -National Studies of Southeast Asia";journal;"2051364X, 20513658";"Cambridge University Press";No;No;0,204;Q3;17;20;44;1523;46;42;0,89;76,15;27,27;0;9;United Kingdom;Western Europe;"Cambridge University Press";"2013-2024";"History (Q1); Cultural Studies (Q2); Anthropology (Q3); Geography, Planning and Development (Q3); Sociology and Political Science (Q3)";"Arts and Humanities; Social Sciences"
899;21100942847;"European Journal of Pragmatism and American Philosophy";journal;"20364091";"Associazone culturale Pragma";Yes;Yes;0,203;Q3;6;45;131;1568;47;121;0,34;34,84;27,27;0;0;Italy;Western Europe;"Associazone culturale Pragma";"2018-2024";"Philosophy (Q2); Sociology and Political Science (Q3); Applied Psychology (Q4)";"Arts and Humanities; Psychology; Social Sciences"
900;22339;"Nigerian Journal of Economic and Social Studies";journal;"00290092";"Nigerian Economic Society";No;No;0,203;Q3;6;6;53;289;19;53;0,31;48,17;16,67;0;4;Nigeria;Africa;"Nigerian Economic Society";"1967, 1974-1977, 1982, 1984-1988, 1992, 1996-2009, 2016-2024";"Finance (Q3); Social Sciences (miscellaneous) (Q3); Sociology and Political Science (Q3); Economics and Econometrics (Q4)";"Economics, Econometrics and Finance; Social Sciences"
901;21100896853;"Small Axe";journal;"15346714, 07990537";"Duke University Press";No;No;0,203;Q3;9;38;135;1525;45;124;0,35;40,13;53,13;0;0;United States;Northern America;"Duke University Press";"2018-2024";"Literature and Literary Theory (Q1); Cultural Studies (Q2); Sociology and Political Science (Q3)";"Arts and Humanities; Social Sciences"
902;21100421902;"Iberoamerican Journal of Development Studies";journal;"22542035";"University of Zaragoza";Yes;Yes;0,202;Q3;10;19;71;1180;43;71;0,60;62,11;48,89;0;14;Spain;Western Europe;"University of Zaragoza";"2012-2024";"History (Q2); Geography, Planning and Development (Q3); Law (Q3); Sociology and Political Science (Q3); Development (Q4)";"Arts and Humanities; Social Sciences"
903;17356;"Revista Mexicana de Sociologia";journal;"25940651, 01882503";"Universidad Nacional Autonoma de Mexico";Yes;Yes;0,202;Q3;18;37;124;1727;58;124;0,41;46,68;50,00;0;14;Mexico;Latin America;"Universidad Nacional Autonoma de Mexico";"1976, 1978-1979, 1981, 1983, 1985, 1988, 1990, 1993, 1995-1996, 2011-2025";"Social Sciences (miscellaneous) (Q3); Sociology and Political Science (Q3)";"Social Sciences"
904;18217;"Acta Oeconomica";journal;"00016373, 15882659";"Akademiai Kiado ZRt.";No;No;0,201;Q3;21;16;112;902;90;111;0,74;56,38;24,24;0;10;Hungary;Eastern Europe;"Akademiai Kiado ZRt.";"1995-2000, 2002-2024";"Geography, Planning and Development (Q3); Political Science and International Relations (Q3); Sociology and Political Science (Q3); Economics and Econometrics (Q4)";"Economics, Econometrics and Finance; Social Sciences"
905;5700162393;"India Review";journal;"14736489";"Routledge";No;No;0,201;Q3;17;18;81;295;66;79;0,75;16,39;18,18;1;6;United Kingdom;Western Europe;"Routledge";"2010-2024";"Political Science and International Relations (Q3); Sociology and Political Science (Q3)";"Social Sciences"
906;25764;"Internasjonal Politikk";journal;"18911757, 0020577X";"Cappelen Damm Akademisk";Yes;Yes;0,201;Q3;9;19;108;827;20;104;0,24;43,53;33,33;9;4;Norway;Western Europe;"Cappelen Damm Akademisk";"1996-2025";"Political Science and International Relations (Q3); Sociology and Political Science (Q3)";"Social Sciences"
907;5700160350;"Israel Studies";journal;"10849513, 1527201X";"Indiana University Press";No;No;0,201;Q3;9;31;86;1740;42;80;0,50;56,13;27,27;0;5;United States;Northern America;"Indiana University Press";"2001, 2017-2024";"Cultural Studies (Q2); History (Q2); Anthropology (Q3); Political Science and International Relations (Q3); Sociology and Political Science (Q3)";"Arts and Humanities; Social Sciences"
908;21101055967;"Journal of Language and Discrimination";journal;"23972645, 23972637";"Equinox Publishing Ltd";No;No;0,201;Q3;7;5;40;243;37;36;1,22;48,60;85,71;0;2;United Kingdom;Western Europe;"Equinox Publishing Ltd";"2019-2024";"Linguistics and Language (Q2); Social Sciences (miscellaneous) (Q3); Sociology and Political Science (Q3)";"Social Sciences"
909;26143;"Middle Eastern Studies";journal;"17437881, 00263206";"Routledge";No;No;0,201;Q3;43;70;167;109;93;164;0,48;1,56;38,36;0;14;United Kingdom;Western Europe;"Routledge";"1964-2025";"Cultural Studies (Q2); History (Q2); Geography, Planning and Development (Q3); Sociology and Political Science (Q3)";"Arts and Humanities; Social Sciences"
910;21100812388;"Revista Criminalidad";journal;"17943108, 22565531";"Policia Nacional de Colombia";Yes;Yes;0,201;Q3;8;10;104;421;49;97;0,51;42,10;52,00;0;5;Colombia;Latin America;"Policia Nacional de Colombia";"2015-2024";"Arts and Humanities (miscellaneous) (Q2); Law (Q3); Social Sciences (miscellaneous) (Q3); Sociology and Political Science (Q3); Social Psychology (Q4)";"Arts and Humanities; Psychology; Social Sciences"
911;21100812584;"Revista Republicana";journal;"19094450, 22565027";"Corporacion Universitaria Republicana";Yes;No;0,201;Q3;8;15;65;580;21;65;0,27;38,67;30,77;0;12;Colombia;Latin America;"Corporacion Universitaria Republicana";"2016-2024";"Law (Q3); Sociology and Political Science (Q3)";"Social Sciences"
912;5600152937;"French Politics, Culture and Society";journal;"15376370, 15585271";"Berghahn Journals";No;No;0,199;Q3;8;9;48;534;25;48;0,11;59,33;62,50;0;4;United States;Northern America;"Berghahn Journals";"2015-2024";"Cultural Studies (Q2); History (Q2); Anthropology (Q3); Sociology and Political Science (Q3)";"Arts and Humanities; Social Sciences"
913;6600153108;"International Journal of Public Policy";journal;"17400600, 17400619";"Inderscience Enterprises Ltd";No;No;0,199;Q3;17;14;26;884;23;26;1,00;63,14;50,00;0;10;United Kingdom;Western Europe;"Inderscience Enterprises Ltd";"2005-2024";"Political Science and International Relations (Q3); Sociology and Political Science (Q3); Public Administration (Q4)";"Social Sciences"
914;21100887717;"Journal of Contemporary Central and Eastern Europe";journal;"25739638, 25739646";"Taylor and Francis Ltd.";No;No;0,199;Q3;18;45;79;2293;61;69;0,73;50,96;36,23;1;16;United Kingdom;Western Europe;"Taylor and Francis Ltd.";"2015-2025";"Cultural Studies (Q2); History (Q2); Economics, Econometrics and Finance (miscellaneous) (Q3); Sociology and Political Science (Q3)";"Arts and Humanities; Economics, Econometrics and Finance; Social Sciences"
915;14600154704;"Pacific Focus";journal;"12254657, 19765118";"Wiley-Blackwell";No;No;0,199;Q3;16;25;55;1571;52;55;0,69;62,84;40,54;0;11;United States;Northern America;"Wiley-Blackwell";"1986-2024";"Political Science and International Relations (Q3); Sociology and Political Science (Q3)";"Social Sciences"
916;8300153102;"Religion and Human Rights";journal;"18710328, 1871031X";"Martinus Nijhoff Publishers";No;No;0,199;Q3;11;8;23;676;14;21;0,42;84,50;50,00;0;8;Netherlands;Western Europe;"Martinus Nijhoff Publishers";"2006-2024";"Religious Studies (Q2); Political Science and International Relations (Q3); Social Sciences (miscellaneous) (Q3); Sociology and Political Science (Q3)";"Arts and Humanities; Social Sciences"
917;24262;"Revue Francaise de Science Politique";journal;"00352950, 19506686";"Presses de Sciences Po";No;No;0,199;Q3;35;138;178;1086;24;167;0,10;7,87;35,20;0;4;France;Western Europe;"Presses de Sciences Po";"1989, 1992, 2001-2024";"Political Science and International Relations (Q3); Sociology and Political Science (Q3)";"Social Sciences"
918;21101233761;"Desde el Sur";journal;"20762674, 24150959";"Universidad Cientifica del Sur";Yes;Yes;0,198;Q3;6;69;130;2145;61;120;0,38;31,09;40,45;0;19;Peru;Latin America;"Universidad Cientifica del Sur";"2021-2025";"Cultural Studies (Q2); Gender Studies (Q3); Library and Information Sciences (Q3); Sociology and Political Science (Q3); Education (Q4); Public Administration (Q4); Safety Research (Q4)";"Social Sciences"
919;5700162134;"Journal of Modern Jewish Studies";journal;"14725886";"Routledge";No;No;0,198;Q3;11;52;79;2129;25;71;0,32;40,94;49,12;0;5;United Kingdom;Western Europe;"Routledge";"2002, 2010-2025";"Cultural Studies (Q2); History (Q2); Political Science and International Relations (Q3); Sociology and Political Science (Q3)";"Arts and Humanities; Social Sciences"
920;14000155892;"Insight Turkey";journal;"1302177X";"SETA";Yes;No;0,197;Q3;27;49;142;2103;65;105;0,33;42,92;22,22;0;17;Turkey;Middle East;"SETA";"2009-2024";"Political Science and International Relations (Q3); Sociology and Political Science (Q3)";"Social Sciences"
921;21100889438;"International Journal of Pluralism and Economics Education";journal;"17575656, 17575648";"Inderscience Enterprises Ltd";No;No;0,197;Q3;6;14;55;765;29;54;0,59;54,64;33,33;0;3;Switzerland;Western Europe;"Inderscience Enterprises Ltd";"2018-2024";"Economics, Econometrics and Finance (miscellaneous) (Q3); Sociology and Political Science (Q3); Education (Q4)";"Economics, Econometrics and Finance; Social Sciences"
922;21101075355;"Journal of Southeast Asian Human Rights";journal;"25992147";"University of Jember";No;No;0,197;Q3;7;8;42;585;54;37;1,45;73,13;30,77;0;8;Indonesia;Asiatic Region;"University of Jember";"2019-2024";"Law (Q3); Sociology and Political Science (Q3)";"Social Sciences"
923;21101105294;"Revista Brasileira de Seguranca Publica";journal;"19811659, 25950258";"Forum Brasileiro de Seguranca Publica";Yes;Yes;0,197;Q3;3;38;108;1633;20;106;0,16;42,97;35,29;0;13;Brazil;Latin America;"Forum Brasileiro de Seguranca Publica";"2019-2024";"Law (Q3); Sociology and Political Science (Q3)";"Social Sciences"
924;21101121575;"American Journal of Islam and Society";journal;"26903733, 26903741";"International Institute of Islamic Thought";Yes;Yes;0,196;Q3;3;21;37;863;22;30;0,67;41,10;10,53;0;1;United States;Northern America;"International Institute of Islamic Thought";"2020-2024";"Cultural Studies (Q2); History (Q2); Philosophy (Q2); Religious Studies (Q2); Law (Q3); Social Sciences (miscellaneous) (Q3); Sociology and Political Science (Q3)";"Arts and Humanities; Social Sciences"
925;21100889430;"China Quarterly of International Strategic Studies";journal;"23777400, 23777419";"World Scientific Publishing Co. Pte Ltd";Yes;Yes;0,196;Q3;14;15;58;891;32;58;0,36;59,40;39,13;0;8;Singapore;Asiatic Region;"World Scientific Publishing Co. Pte Ltd";"2015-2025";"Political Science and International Relations (Q3); Sociology and Political Science (Q3)";"Social Sciences"
926;15675;"Journal of Social History";journal;"15271897, 00224529";"Oxford University Press";No;No;0,196;Q3;44;25;108;1975;55;108;0,29;79,00;54,17;0;8;United States;Northern America;"Oxford University Press";"1967-2024";"History (Q2); Sociology and Political Science (Q3)";"Arts and Humanities; Social Sciences"
927;5600153144;"Polis (Italy)";journal;"11209488";"Societa Editrice Il Mulino";No;No;0,196;Q3;15;15;66;800;37;65;0,50;53,33;41,67;0;9;Italy;Western Europe;"Societa Editrice Il Mulino";"1990, 1997, 2000-2008, 2010-2024";"Sociology and Political Science (Q3)";"Social Sciences"
928;21100857117;"Politics in Central Europe";journal;"18013422";"De Gruyter Open Ltd";Yes;Yes;0,196;Q3;13;2;100;129;76;100;0,72;64,50;50,00;0;1;Poland;Eastern Europe;"De Gruyter Open Ltd";"2010, 2016-2024";"Political Science and International Relations (Q3); Sociology and Political Science (Q3)";"Social Sciences"
929;5600157032;"Australian Slavonic and East European Studies";journal;"08188149";"University of Queensland Press";Yes;No;0,195;Q3;4;1;23;69;12;23;0,00;69,00;0,00;0;0;Australia;Pacific Region;"University of Queensland Press";"2013-2017, 2020-2021, 2023-2024";"Literature and Literary Theory (Q1); Visual Arts and Performing Arts (Q1); Cultural Studies (Q2); History (Q2); Linguistics and Language (Q2); Sociology and Political Science (Q3)";"Arts and Humanities; Social Sciences"
930;5800169849;"Colombia Internacional";journal;"19006004, 01215612";"Universidad de los Andes, Colombia";Yes;Yes;0,195;Q3;17;28;82;1619;63;82;0,54;57,82;42,86;1;10;Colombia;Latin America;"Universidad de los Andes, Colombia";"2011-2025";"History (Q2); Political Science and International Relations (Q3); Sociology and Political Science (Q3)";"Arts and Humanities; Social Sciences"
931;21100945168;"Contemporary Review of the Middle East";journal;"23490055, 23477989";"SAGE Publications Ltd";No;No;0,194;Q3;12;27;74;1643;66;62;0,51;60,85;25,81;0;10;United Kingdom;Western Europe;"SAGE Publications Ltd";"2014-2025";"Cultural Studies (Q2); Political Science and International Relations (Q3); Sociology and Political Science (Q3); Economics and Econometrics (Q4)";"Economics, Econometrics and Finance; Social Sciences"
932;21100258911;"Izquierdas";journal;"07185049";"Ariadna Ediciones";Yes;Yes;0,194;Q3;11;57;287;2348;58;285;0,17;41,19;29,03;0;12;Chile;Latin America;"Ariadna Ediciones";"2013-2024";"History (Q2); Political Science and International Relations (Q3); Sociology and Political Science (Q3)";"Arts and Humanities; Social Sciences"
933;21101146446;"Japanese Political Economy";journal;"23291958, 2329194X";"Routledge";No;No;0,194;Q3;11;22;50;655;37;45;0,73;29,77;16,67;0;6;United States;Northern America;"Routledge";"1997-2000, 2002-2012, 2014-2025";"Economics, Econometrics and Finance (miscellaneous) (Q3); Sociology and Political Science (Q3)";"Economics, Econometrics and Finance; Social Sciences"
934;27456;"Peace Review";journal;"14699982, 10402659";"Taylor and Francis Ltd.";Yes;No;0,194;Q3;22;80;186;2158;111;169;0,68;26,98;29,49;0;19;United Kingdom;Western Europe;"Taylor and Francis Ltd.";"1989-1996, 2005-2025";"Arts and Humanities (miscellaneous) (Q2); Social Sciences (miscellaneous) (Q3); Sociology and Political Science (Q3); Safety Research (Q4); Safety, Risk, Reliability and Quality (Q4); Transportation (Q4)";"Arts and Humanities; Engineering; Social Sciences"
935;5700168238;"Politologicky Casopis";journal;"12113247";"International Institute of Political Science and the Masaryk University Press";No;No;0,194;Q3;12;0;40;0;31;40;0,44;0,00;0,00;0;0;Czech Republic;Eastern Europe;"International Institute of Political Science and the Masaryk University Press";"2015-2023";"Political Science and International Relations (Q3); Sociology and Political Science (Q3)";"Social Sciences"
936;87222;"Review of Politics";journal;"00346705";"Cambridge University Press";No;No;0,194;Q3;27;41;93;1706;37;86;0,40;41,61;38,24;0;6;United Kingdom;Western Europe;"Cambridge University Press";"1939-2025";"Political Science and International Relations (Q3); Sociology and Political Science (Q3)";"Social Sciences"
937;5700163444;"Russian Review";journal;"00360341";"Wiley-Blackwell Publishing Ltd";No;No;0,194;Q3;32;41;99;1003;39;92;0,18;24,46;62,16;1;5;United Kingdom;Western Europe;"Wiley-Blackwell Publishing Ltd";"1973, 1978, 1981, 1983, 1985, 1987, 1996-2025";"Literature and Literary Theory (Q1); Cultural Studies (Q2); History (Q2); Linguistics and Language (Q2); Sociology and Political Science (Q3)";"Arts and Humanities; Social Sciences"
938;21100885612;"Journal of Migration History";journal;"23519924, 23519916";"Brill Academic Publishers";No;No;0,193;Q3;8;16;48;1555;14;48;0,19;97,19;56,25;0;9;Netherlands;Western Europe;"Brill Academic Publishers";"2015-2024";"Cultural Studies (Q2); History (Q2); Anthropology (Q3); Demography (Q3); Sociology and Political Science (Q3)";"Arts and Humanities; Social Sciences"
939;5700152892;"New Political Science";journal;"07393148";"Routledge";No;No;0,193;Q3;32;20;109;609;68;100;0,60;30,45;21,05;0;8;United Kingdom;Western Europe;"Routledge";"1979-1986, 1989-2024";"Sociology and Political Science (Q3)";"Social Sciences"
940;21101151828;"Journal of Cultural Analysis and Social Change";journal;"25891316";"Lectito";Yes;Yes;0,192;Q3;6;9;39;439;23;37;0,31;48,78;54,55;0;3;Netherlands;Western Europe;"Lectito";"2019-2024";"Cultural Studies (Q2); Anthropology (Q3); Sociology and Political Science (Q3)";"Social Sciences"
941;19700190300;"WSEAS Transactions on Power Systems";journal;"17905060, 2224350X";"World Scientific and Engineering Academy and Society";Yes;No;0,192;Q3;18;41;127;1133;104;127;0,81;27,63;24,18;0;29;Greece;Western Europe;"World Scientific and Engineering Academy and Society";"2010-2014, 2018-2025";"Cultural Studies (Q2); Anthropology (Q3); Industrial and Manufacturing Engineering (Q3); Sociology and Political Science (Q3); Urban Studies (Q3); Electrical and Electronic Engineering (Q4); Energy (miscellaneous) (Q4)";"Energy; Engineering; Social Sciences"
942;7200153158;"Law and Practice of International Courts and Tribunals";journal;"15691853, 15718034";"Brill Academic Publishers";No;No;0,191;Q3;16;19;57;2604;25;52;0,56;137,05;31,58;0;2;Netherlands;Western Europe;"Brill Academic Publishers";"2007-2024";"Law (Q3); Political Science and International Relations (Q3); Sociology and Political Science (Q3)";"Social Sciences"
943;11600153566;"Revista Espanola de Ciencia Politica";journal;"21739870, 15756548";"Asociacion Espanola de Ciencia Politica y de la Administracion";Yes;Yes;0,191;Q3;13;25;85;1102;51;85;0,55;44,08;27,03;12;6;Spain;Western Europe;"Asociacion Espanola de Ciencia Politica y de la Administracion";"2012-2024";"Political Science and International Relations (Q3); Sociology and Political Science (Q3)";"Social Sciences"
944;21101021459;"Canadian Journal of European and Russian Studies";journal;"25628429";"Carleton University - Centre for European Studies";Yes;Yes;0,190;Q3;4;0;17;0;10;16;0,59;0,00;0,00;0;0;Canada;Northern America;"Carleton University - Centre for European Studies";"2019-2020, 2022-2023";"Law (Q3); Political Science and International Relations (Q3); Sociology and Political Science (Q3)";"Social Sciences"
945;21101121705;"Nuova Antologia Militare";journal;"27049795";"Gruppo editoriale Tab S.r.l.";Yes;Yes;0,190;Q3;2;68;224;3235;10;200;0,05;47,57;16,39;0;5;Italy;Western Europe;"Gruppo editoriale Tab S.r.l.";"2020-2024";"Arts and Humanities (miscellaneous) (Q2); History (Q2); Political Science and International Relations (Q3); Sociology and Political Science (Q3)";"Arts and Humanities; Social Sciences"
946;18192;"Soziale Welt";journal;"00386073";"Nomos Verlagsgesellschaft mbH und Co";No;No;0,190;Q3;19;14;69;882;35;67;0,51;63,00;28,57;0;7;Germany;Western Europe;"Nomos Verlagsgesellschaft mbH und Co";"1996-2024";"Sociology and Political Science (Q3)";"Social Sciences"
947;21101079126;"Tecnoscienza";journal;"20383460";"STS Italia";Yes;Yes;0,190;Q3;6;5;50;292;43;45;0,93;58,40;42,86;0;0;Italy;Western Europe;"STS Italia";"2019-2024";"Communication (Q3); Social Sciences (miscellaneous) (Q3); Sociology and Political Science (Q3); Human Factors and Ergonomics (Q4)";"Social Sciences"
948;5700168058;"European Journal of Crime, Criminal Law and Criminal Justice";journal;"15718174, 09289569";"Martinus Nijhoff Publishers";No;No;0,189;Q3;22;16;45;1101;37;39;0,74;68,81;42,11;0;7;Netherlands;Western Europe;"Martinus Nijhoff Publishers";"1993-2000, 2002-2024";"Law (Q3); Political Science and International Relations (Q3); Sociology and Political Science (Q3)";"Social Sciences"
949;21100265696;"International Journal of Euro-Mediterranean Studies";journal;"22326022, 18553362";"EMUNI University";Yes;Yes;0,189;Q3;5;13;31;584;19;27;0,50;44,92;60,00;0;6;Slovenia;Eastern Europe;"EMUNI University";"2012-2024";"History (Q2); Political Science and International Relations (Q3); Sociology and Political Science (Q3); Economics and Econometrics (Q4); Education (Q4)";"Arts and Humanities; Economics, Econometrics and Finance; Social Sciences"
950;21101199909;"Memleket: Siyaset Ve Yonetim";journal;"13068202";"Yerel Yonetim Arastirma Yardim ve Egitim Dernegi";No;No;0,188;Q3;2;33;47;1885;9;45;0,18;57,12;41,03;0;19;Turkey;Middle East;"Yerel Yonetim Arastirma Yardim ve Egitim Dernegi";"2019-2024";"Sociology and Political Science (Q3); Public Administration (Q4)";"Social Sciences"
951;4400151416;"Muslim World Journal of Human Rights";journal;"15544419, 21946558";"Walter de Gruyter GmbH";No;No;0,188;Q3;14;0;18;0;19;18;1,00;0,00;0,00;0;0;Germany;Western Europe;"Walter de Gruyter GmbH";"2006-2007, 2009-2023";"Law (Q3); Political Science and International Relations (Q3); Sociology and Political Science (Q3)";"Social Sciences"
952;5700165656;"Politix";journal;"02952319, 19538286";"Armand Colin Editeur";No;No;0,188;Q3;23;28;89;1386;32;78;0,11;49,50;41,03;0;8;France;Western Europe;"Armand Colin Editeur";"2008-2024";"Sociology and Political Science (Q3)";"Social Sciences"
953;21100783636;"International Political Science Abstracts";journal;"00208345, 17519292";"SAGE Publications Inc.";No;No;0,187;Q3;3;15;7;257;17;7;2,43;17,13;40,00;0;1;United Kingdom;Western Europe;"SAGE Publications Inc.";"2007, 2018, 2022-2024";"Arts and Humanities (miscellaneous) (Q2); Political Science and International Relations (Q3); Sociology and Political Science (Q3)";"Arts and Humanities; Social Sciences"
954;13478;"Journal of Muslim Minority Affairs";journal;"14699591, 13602004";"Routledge";No;No;0,187;Q3;24;0;82;0;52;82;0,49;0,00;0,00;0;0;United Kingdom;Western Europe;"Routledge";"1996, 2010-2023";"Cultural Studies (Q2); Anthropology (Q3); Political Science and International Relations (Q3); Sociology and Political Science (Q3)";"Social Sciences"
955;21100441452;"Journal of Strategic Security";journal;"19440472, 19440464";"Henley-Putnam University Press";Yes;Yes;0,187;Q3;18;30;85;1530;92;85;0,68;51,00;36,11;0;14;United States;Northern America;"Henley-Putnam University Press";"2014-2024";"Law (Q3); Political Science and International Relations (Q3); Sociology and Political Science (Q3); Safety Research (Q4)";"Social Sciences"
956;5700153945;"Alternative Law Journal";journal;"1037969X, 23989084";"SAGE Publications Inc.";No;No;0,186;Q3;17;55;181;0;113;139;0,53;0,00;67,57;0;26;United Kingdom;Western Europe;"SAGE Publications Inc.";"2002-2024";"Law (Q3); Sociology and Political Science (Q3)";"Social Sciences"
957;5600152973;"Analisis Politico";journal;"01214705";"Universidad Nacional de Colombia";Yes;No;0,186;Q3;12;0;67;0;26;63;0,21;0,00;0,00;0;0;Colombia;Latin America;"Universidad Nacional de Colombia";"1996, 2007-2012, 2014-2023";"History (Q2); Political Science and International Relations (Q3); Sociology and Political Science (Q3)";"Arts and Humanities; Social Sciences"
958;24770;"Arbor";journal;"02101963, 1988303X";"CSIC Consejo Superior de Investigaciones Cientificas";Yes;Yes;0,186;Q3;21;25;123;1384;58;108;0,29;55,36;25,00;0;4;Spain;Western Europe;"CSIC Consejo Superior de Investigaciones Cientificas";"1973-1974, 1977, 1982, 1996-2024";"Arts and Humanities (miscellaneous) (Q2); Cultural Studies (Q2); Sociology and Political Science (Q3)";"Arts and Humanities; Social Sciences"
959;21101176030;"Journal of Public Interest Communications";journal;"25734342";"University of Florida College of Journalism and Communications";Yes;Yes;0,186;Q3;6;8;15;269;12;13;0,38;33,63;90,91;0;3;United States;Northern America;"University of Florida College of Journalism and Communications";"2019-2024";"Cultural Studies (Q2); Gender Studies (Q3); Sociology and Political Science (Q3); Health (social science) (Q4)";"Social Sciences"
960;5800170451;"Politologija";journal;"13921681, 24246034";"Polibijaus Fondas";Yes;Yes;0,186;Q3;5;18;53;995;25;53;0,42;55,28;39,13;0;7;Lithuania;Eastern Europe;"Polibijaus Fondas";"2012-2024";"Political Science and International Relations (Q3); Sociology and Political Science (Q3)";"Social Sciences"
961;26486;"Sociologia del Lavoro";journal;"03925048";"FrancoAngeli Edizioni";No;No;0,186;Q3;7;30;116;1465;50;112;0,37;48,83;52,94;0;19;Italy;Western Europe;"FrancoAngeli Edizioni";"1992, 1996, 2015-2024";"Sociology and Political Science (Q3); Economics and Econometrics (Q4); Organizational Behavior and Human Resource Management (Q4)";"Business, Management and Accounting; Economics, Econometrics and Finance; Social Sciences"
962;21101154265;"African Human Mobility Review";journal;"24107972, 24116955";"University of the Western Cape";Yes;Yes;0,185;Q3;5;21;51;1120;31;47;0,66;53,33;34,48;0;18;South Africa;Africa;"University of the Western Cape";"2019-2024";"Law (Q3); Social Sciences (miscellaneous) (Q3); Sociology and Political Science (Q3); Development (Q4)";"Social Sciences"
963;21100945164;"Alternativas";journal;"19899971, 11330473";"University of Alicante - Department of Social Work and Social Services";Yes;Yes;0,185;Q3;5;17;51;943;37;51;0,50;55,47;72,50;0;12;Spain;Western Europe;"University of Alicante - Department of Social Work and Social Services";"2019-2025";"Social Sciences (miscellaneous) (Q3); Sociology and Political Science (Q3); Health (social science) (Q4)";"Social Sciences"
964;21100933962;"Age of Human Rights Journal";journal;"23409592";"Universidad de Jaen";Yes;Yes;0,184;Q3;6;12;99;897;43;98;0,51;74,75;40,00;0;12;Spain;Western Europe;"Universidad de Jaen";"2013-2024";"Law (Q3); Political Science and International Relations (Q3); Sociology and Political Science (Q3)";"Social Sciences"
965;21100889702;"Asia Pacific Journal of Information Systems";journal;"22885404, 22886818";"Korean Society of Management Information Systems";Yes;No;0,184;Q3;11;44;116;3384;101;116;0,77;76,91;32,65;0;6;South Korea;Asiatic Region;"Korean Society of Management Information Systems";"2018-2024";"Sociology and Political Science (Q3); Information Systems and Management (Q4)";"Decision Sciences; Social Sciences"
966;21100899306;"Asian Journal for Public Opinion Research";journal;"22886168";"Center for Asian Public Opinion Research and Collaboration Initiative";Yes;No;0,184;Q3;11;13;52;588;41;44;0,21;45,23;48,48;0;5;South Korea;Asiatic Region;"Center for Asian Public Opinion Research and Collaboration Initiative";"2018-2024";"Communication (Q3); Sociology and Political Science (Q3)";"Social Sciences"
967;5600152968;"Caderno CRH";journal;"01034979";"EDUFBA - Editora Universttaria";Yes;Yes;0,184;Q3;14;35;107;1621;27;100;0,13;46,31;40,35;0;10;Brazil;Latin America;"EDUFBA - Editora Universttaria";"2009-2025";"Cultural Studies (Q2); Sociology and Political Science (Q3)";"Social Sciences"
968;21100268385;"Formation Emploi";journal;"21070946, 07596340";"Documentation Francaise";No;No;0,184;Q3;9;45;121;1550;15;104;0,14;34,44;68,25;0;18;France;Western Europe;"Documentation Francaise";"2012-2024";"Sociology and Political Science (Q3); Organizational Behavior and Human Resource Management (Q4)";"Business, Management and Accounting; Social Sciences"
969;21100904427;"International Journal for Research on Service-Learning and Community Engagement";journal;"23749466";"Tulane University";No;No;0,184;Q3;8;14;39;672;35;39;0,50;48,00;69,09;0;10;United States;Northern America;"Tulane University";"2018-2024";"Political Science and International Relations (Q3); Sociology and Political Science (Q3); Education (Q4)";"Social Sciences"
970;14047;"Muslim World";journal;"14781913, 00274909";"John Wiley and Sons Inc";No;No;0,184;Q3;32;8;91;327;56;90;0,69;40,88;20,00;0;0;United States;Northern America;"John Wiley and Sons Inc";"1911-2024";"History (Q2); Religious Studies (Q2); Political Science and International Relations (Q3); Sociology and Political Science (Q3)";"Arts and Humanities; Social Sciences"
971;21100929891;"Changing Societies and Personalities";journal;"25876104, 25878964";"Ural University Press";Yes;Yes;0,183;Q3;7;51;121;2528;61;110;0,48;49,57;62,61;0;18;Russian Federation;Eastern Europe;"Ural University Press";"2017-2024";"Cultural Studies (Q2); Sociology and Political Science (Q3); Social Psychology (Q4)";"Psychology; Social Sciences"
972;21100872049;"Journal of Information Policy";journal;"23815892, 21583897";"Penn State University Press";Yes;Yes;0,183;Q3;15;1;52;39;60;52;0,33;39,00;50,00;0;1;United States;Northern America;"Penn State University Press";"2017-2024";"Communication (Q3); Sociology and Political Science (Q3); Public Administration (Q4)";"Social Sciences"
973;5700168539;"Political Theology";journal;"1462317X";"Taylor and Francis Ltd.";No;No;0,183;Q3;10;67;224;2248;56;161;0,25;33,55;52,83;0;12;United Kingdom;Western Europe;"Taylor and Francis Ltd.";"2013-2025";"Religious Studies (Q2); Sociology and Political Science (Q3)";"Arts and Humanities; Social Sciences"
974;21100827186;"Socialni Prace";journal;"1805885X, 12136204";"Association of Educators in Social Work";No;No;0,183;Q3;8;34;168;1251;44;130;0,18;36,79;69,57;0;13;Czech Republic;Eastern Europe;"Association of Educators in Social Work";"2017-2024";"Social Sciences (miscellaneous) (Q3); Sociology and Political Science (Q3); Applied Psychology (Q4); Health (social science) (Q4)";"Psychology; Social Sciences"
975;36020;"Society and Animals";journal;"15685306, 10631119";"Brill Academic Publishers";No;No;0,183;Q3;54;50;112;2168;73;107;0,69;43,36;70,49;0;10;Netherlands;Western Europe;"Brill Academic Publishers";"1993-2024";"Philosophy (Q2); Sociology and Political Science (Q3); Veterinary (miscellaneous) (Q3)";"Arts and Humanities; Social Sciences; Veterinary"
976;19700169827;"Sociolinguistic Studies";journal;"17508649, 17508657";"Equinox Publishing Ltd";No;No;0,183;Q3;20;11;51;498;26;48;0,47;45,27;66,67;0;1;United Kingdom;Western Europe;"Equinox Publishing Ltd";"2008-2024";"Linguistics and Language (Q2); Sociology and Political Science (Q3)";"Social Sciences"
977;18032;"Sociologia (Slovakia)";journal;"00491225, 13368613";"Institute for Sociology of Slovak Academy of Sciences";No;No;0,183;Q3;15;21;67;1220;38;66;0,64;58,10;64,29;0;10;Slovakia;Eastern Europe;"Institute for Sociology of Slovak Academy of Sciences";"1998, 2002-2025";"Sociology and Political Science (Q3)";"Social Sciences"
978;21100812618;"Comunicazione Politica";journal;"19725094, 15946061";"Il Mulino publishing house";No;No;0,182;Q3;10;27;102;809;48;102;0,23;29,96;52,17;0;3;Italy;Western Europe;"Il Mulino publishing house";"2016-2024";"Communication (Q3); Sociology and Political Science (Q3)";"Social Sciences"
979;5600152960;"Diaspora";journal;"10442057";"University of Toronto Press";No;No;0,182;Q3;15;0;15;0;15;15;0,00;0,00;0,00;0;0;Canada;Northern America;"University of Toronto Press";"2003-2011, 2021";"Cultural Studies (Q2); History (Q2); Demography (Q3); Sociology and Political Science (Q3)";"Arts and Humanities; Social Sciences"
980;26001;"Drustvena Istrazivanja";journal;"18486096, 13300288";"Institute of Social Sciences Ivo Pilar";Yes;Yes;0,182;Q3;21;27;108;1327;66;105;0,54;49,15;59,68;0;11;Croatia;Eastern Europe;"Institute of Social Sciences Ivo Pilar";"1996-2024";"Social Sciences (miscellaneous) (Q3); Sociology and Political Science (Q3)";"Social Sciences"
981;21101152604;"International Journal of Population Studies";journal;"24248606, 24248150";"AccScience Publishing";No;No;0,182;Q3;4;38;58;1879;28;57;0,43;49,45;42,86;0;32;Singapore;Asiatic Region;"AccScience Publishing";"2019-2025";"Demography (Q3); Social Sciences (miscellaneous) (Q3); Sociology and Political Science (Q3)";"Social Sciences"
982;21100909466;"Slovak Journal of Political Sciences";journal;"13359096";"University of Saints Cyril and Methodius in Trnava - Faculty of Social Sciences";Yes;No;0,182;Q3;8;4;28;203;28;27;0,82;50,75;37,50;0;1;Slovakia;Eastern Europe;"University of Saints Cyril and Methodius in Trnava - Faculty of Social Sciences";"2019-2024";"Political Science and International Relations (Q3); Sociology and Political Science (Q3)";"Social Sciences"
983;14594;"Social Work/Maatskaplike Werk";journal;"23127198, 00378054";"University of Stellenbosch";Yes;No;0,182;Q3;20;44;105;2616;60;94;0,50;59,45;54,24;0;15;South Africa;Africa;"University of Stellenbosch";"1973-1974, 1977, 1994-2024";"Sociology and Political Science (Q3); Social Work (Q4)";"Social Sciences"
984;70577;"Asian and African Studies";journal;"13351257";"Institute of Oriental Studies of the Slovak Academy of Sciences";Yes;Yes;0,181;Q3;6;10;44;513;19;43;0,48;51,30;53,85;0;1;Slovakia;Eastern Europe;"Institute of Oriental Studies of the Slovak Academy of Sciences";"1987, 2008-2024";"Arts and Humanities (miscellaneous) (Q2); Cultural Studies (Q2); Sociology and Political Science (Q3)";"Arts and Humanities; Social Sciences"
985;21100210921;"Central European Journal of Public Policy";journal;"18024866";"";Yes;No;0,181;Q3;13;8;28;588;22;28;0,58;73,50;61,29;1;4;Czech Republic;Eastern Europe;"";"2012-2024";"Law (Q3); Sociology and Political Science (Q3); Public Administration (Q4)";"Social Sciences"
986;5600153675;"Dve Domovini";journal;"15811212, 03536777";"ZRC SAZU, Zalozba ZRC";Yes;Yes;0,181;Q3;12;23;66;952;31;63;0,31;41,39;65,12;0;12;Slovenia;Eastern Europe;"ZRC SAZU, Zalozba ZRC";"2008-2024";"Cultural Studies (Q2); Demography (Q3); Sociology and Political Science (Q3)";"Social Sciences"
987;21100833040;"Geopolitica(s)";journal;"21727155, 21723958";"Universidad Complutense Madrid";No;Yes;0,181;Q3;13;20;57;809;18;56;0,31;40,45;38,89;0;11;Spain;Western Europe;"Universidad Complutense Madrid";"2010-2024";"Political Science and International Relations (Q3); Sociology and Political Science (Q3); Geography, Planning and Development (Q4)";"Social Sciences"
988;5700168391;"Journal of Global Ethics";journal;"17449626";"Routledge";No;No;0,181;Q3;29;35;83;1263;77;75;0,93;36,09;37,21;0;18;United States;Northern America;"Routledge";"2005-2025";"Philosophy (Q2); Sociology and Political Science (Q3)";"Arts and Humanities; Social Sciences"
989;145624;"Black Scholar";journal;"00064246";"Taylor and Francis Ltd.";No;No;0,180;Q3;23;27;71;0;31;51;0,46;0,00;60,00;0;0;United Kingdom;Western Europe;"Taylor and Francis Ltd.";"1969-2024";"Arts and Humanities (miscellaneous) (Q2); Cultural Studies (Q2); Sociology and Political Science (Q3)";"Arts and Humanities; Social Sciences"
990;21100982470;"Contemporary Levant";journal;"20581831, 2058184X";"Taylor and Francis Ltd.";No;No;0,180;Q3;11;16;42;896;23;37;0,29;56,00;38,89;0;5;United Kingdom;Western Europe;"Taylor and Francis Ltd.";"2016-2025";"Cultural Studies (Q2); History (Q2); Sociology and Political Science (Q3)";"Arts and Humanities; Social Sciences"
991;33459;"Desarrollo y Sociedad";journal;"01203584, 19007760";"Universidad de los Andes, Colombia";Yes;Yes;0,180;Q3;11;19;59;762;31;51;0,50;40,11;32,43;0;11;Colombia;Latin America;"Universidad de los Andes, Colombia";"1979-1985, 1994, 2010-2024";"Political Science and International Relations (Q3); Sociology and Political Science (Q3); Development (Q4); Economics and Econometrics (Q4)";"Economics, Econometrics and Finance; Social Sciences"
992;21100310035;"Economic Annals-XXI";journal;"17286239, 17286220";"Institute of Society Transformation";No;No;0,180;Q3;22;10;245;153;164;245;0,59;15,30;60,61;0;6;Ukraine;Eastern Europe;"Institute of Society Transformation";"2013-2024";"Economics, Econometrics and Finance (miscellaneous) (Q3); Sociology and Political Science (Q3)";"Economics, Econometrics and Finance; Social Sciences"
993;7600153110;"Hawwa";journal;"15692078, 15692086";"Brill Academic Publishers";No;No;0,180;Q3;16;17;33;670;11;29;0,36;39,41;65,00;0;10;Netherlands;Western Europe;"Brill Academic Publishers";"2003-2012, 2014-2025";"Cultural Studies (Q2); Gender Studies (Q3); Sociology and Political Science (Q3)";"Social Sciences"
994;21486;"European Human Rights Law Review";journal;"13611526";"Sweet and Maxwell-Thomson Reuters";No;No;0,179;Q3;5;53;175;1258;42;115;0,28;23,74;51,72;0;42;United Kingdom;Western Europe;"Sweet and Maxwell-Thomson Reuters";"1998, 2001, 2003, 2019-2024";"Law (Q3); Political Science and International Relations (Q3); Sociology and Political Science (Q3)";"Social Sciences"
995;19900191907;"International Journal of Asia-Pacific Studies";journal;"18236243";"Universiti Sains Malaysia";Yes;No;0,179;Q3;11;15;52;1014;33;52;0,49;67,60;45,00;1;4;Malaysia;Asiatic Region;"Universiti Sains Malaysia";"2011-2024";"Cultural Studies (Q2); Sociology and Political Science (Q3)";"Social Sciences"
996;21100861121;"Politique Europeenne";journal;"16236297, 21052875";"Pepper-L'Harmattan";No;No;0,179;Q3;8;20;76;1040;26;72;0,15;52,00;38,89;1;5;France;Western Europe;"Pepper-L'Harmattan";"2017-2024";"Political Science and International Relations (Q3); Sociology and Political Science (Q3)";"Social Sciences"
997;21101064918;"Problemy Polityki Spolecznej";journal;"27197328, 16401808";"University of Warsaw";No;No;0,179;Q3;3;20;56;1069;28;54;0,59;53,45;55,88;0;14;Poland;Eastern Europe;"University of Warsaw";"2020-2024";"Political Science and International Relations (Q3); Sociology and Political Science (Q3)";"Social Sciences"
998;25902;"South African Journal on Human Rights";journal;"02587203, 19962126";"Taylor and Francis Ltd.";No;No;0,179;Q3;17;0;64;0;38;60;0,50;0,00;0,00;0;0;United Kingdom;Western Europe;"Taylor and Francis Ltd.";"1986, 1992-1993, 2008-2023";"Law (Q3); Sociology and Political Science (Q3)";"Social Sciences"
999;72646;"Contributions to Indian Sociology";journal;"00699659, 09730648";"Sage Publications India Pvt. Ltd";No;No;0,178;Q3;34;4;48;159;22;38;0,25;39,75;25,00;0;0;India;Asiatic Region;"Sage Publications India Pvt. Ltd";"1967, 1969-1980, 1982-2024";"Sociology and Political Science (Q3)";"Social Sciences"
1000;21100845367;"Las Torres De Lucca";journal;"22553827";"Universidad Complutense Madrid";Yes;Yes;0,178;Q3;5;32;90;888;32;88;0,21;27,75;44,44;0;10;Spain;Western Europe;"Universidad Complutense Madrid";"2017-2025";"Philosophy (Q2); Sociology and Political Science (Q3)";"Arts and Humanities; Social Sciences"
1001;21100199115;"Rusin";journal;"23451149, 18572685";"Association 'Rus'";Yes;No;0,178;Q3;10;18;201;632;32;191;0,18;35,11;59,26;0;3;Moldova;Eastern Europe;"Association 'Rus'";"2011-2024";"Literature and Literary Theory (Q1); History (Q2); Linguistics and Language (Q2); Anthropology (Q3); Sociology and Political Science (Q3)";"Arts and Humanities; Social Sciences"
1002;5700152854;"Journal of Policy History";journal;"08980306, 15284190";"Cambridge University Press";No;No;0,177;Q3;24;17;57;2323;24;57;0,41;136,65;20,00;0;9;United Kingdom;Western Europe;"Cambridge University Press";"1989-2025";"Sociology and Political Science (Q3); Public Administration (Q4)";"Social Sciences"
1003;21100244213;"Mind and Matter";journal;"16118812, 20513003";"Imprint Academic";No;No;0,177;Q3;20;15;33;716;19;26;0,50;47,73;6,67;0;1;United Kingdom;Western Europe;"Imprint Academic";"2003-2024";"Philosophy (Q2); Sociology and Political Science (Q3); Neuroscience (miscellaneous) (Q4)";"Arts and Humanities; Neuroscience; Social Sciences"
1004;16911;"Revija za Sociologiju";journal;"0350154X";"Hrvatsko Sociolosko Drustvo/Croatian Sociological Association";Yes;Yes;0,177;Q3;10;6;51;279;32;46;0,67;46,50;78,57;0;2;Croatia;Eastern Europe;"Hrvatsko Sociolosko Drustvo/Croatian Sociological Association";"1981-1982, 1987, 1989, 1995, 2009-2024";"Sociology and Political Science (Q3)";"Social Sciences"
1005;21100433805;"Youth Voice Journal";journal;"20562969, 20492073";"RJ4All Publications";No;No;0,177;Q3;7;49;212;1773;102;199;0,58;36,18;66,92;0;17;United Kingdom;Western Europe;"RJ4All Publications";"2015-2024";"Sociology and Political Science (Q3); Social Psychology (Q4)";"Psychology; Social Sciences"
1006;21100828130;"Cosmopolitan Civil Societies";journal;"18375391";"UTS ePRESS";Yes;Yes;0,176;Q3;11;25;53;1358;33;51;0,54;54,32;38,10;1;17;Australia;Pacific Region;"UTS ePRESS";"2017-2024";"Cultural Studies (Q2); Anthropology (Q3); Law (Q3); Sociology and Political Science (Q3); Demography (Q4)";"Social Sciences"
1007;21100828754;"Journal of Comparative Social Work";journal;"08099936";"University of Stavanger, Department of Social Studies";Yes;Yes;0,176;Q3;7;7;38;289;22;32;0,13;41,29;33,33;0;4;Norway;Western Europe;"University of Stavanger, Department of Social Studies";"2017-2024";"Social Sciences (miscellaneous) (Q3); Sociology and Political Science (Q3)";"Social Sciences"
1008;21100996940;"Journal of Global Slavery";journal;"2405836X, 24058351";"Brill Academic Publishers";No;No;0,176;Q3;6;12;40;1495;22;36;0,63;124,58;53,85;0;2;Netherlands;Western Europe;"Brill Academic Publishers";"2017, 2019-2024";"History (Q2); Political Science and International Relations (Q3); Sociology and Political Science (Q3)";"Arts and Humanities; Social Sciences"
1009;21100451196;"Online Journal Modelling the New Europe";journal;"22470514";"Faculty of European Studies, Babes-Bolyai University";Yes;Yes;0,176;Q3;10;20;62;1046;36;62;0,52;52,30;45,16;0;9;Romania;Eastern Europe;"Faculty of European Studies, Babes-Bolyai University";"2015-2024";"Political Science and International Relations (Q3); Sociology and Political Science (Q3)";"Social Sciences"
1010;19700170230;"Sibirica";journal;"13617362, 14766787";"Berghahn Journals";Yes;Yes;0,176;Q3;9;11;49;566;28;47;0,68;51,45;40,00;0;5;United States;Northern America;"Berghahn Journals";"2014-2024";"Cultural Studies (Q2); History (Q2); Anthropology (Q3); Sociology and Political Science (Q3)";"Arts and Humanities; Social Sciences"
1011;21101170212;"Sociology Lens";journal;"28325796, 2832580X";"John Wiley and Sons Inc";No;No;0,176;Q3;31;41;119;2364;71;110;0,51;57,66;47,62;0;6;United States;Northern America;"John Wiley and Sons Inc";"2023-2025";"History (Q2); Sociology and Political Science (Q3)";"Arts and Humanities; Social Sciences"
1012;5600152881;"Human Affairs";journal;"12103055, 1337401X";"Walter de Gruyter GmbH";No;No;0,175;Q3;20;40;124;1445;62;118;0,51;36,13;44,07;0;12;Germany;Western Europe;"Walter de Gruyter GmbH";"1991-2025";"Philosophy (Q2); Law (Q3); Sociology and Political Science (Q3)";"Arts and Humanities; Social Sciences"
1013;5600152970;"Japanese Studies";journal;"10371397";"Routledge";No;No;0,175;Q3;23;18;60;937;29;57;0,38;52,06;61,29;0;5;United Kingdom;Western Europe;"Routledge";"1981-2025";"Cultural Studies (Q2); History (Q2); Political Science and International Relations (Q3); Sociology and Political Science (Q3)";"Arts and Humanities; Social Sciences"
1014;21100898633;"Journal of Contemporary Eastern Asia";journal;"23839449";"World Association for Triple helix and Future strategy studies";Yes;Yes;0,175;Q3;10;4;36;208;36;36;1,17;52,00;25,00;0;1;South Korea;Asiatic Region;"World Association for Triple helix and Future strategy studies";"2018-2024";"Communication (Q3); Economics, Econometrics and Finance (miscellaneous) (Q3); Sociology and Political Science (Q3); Computer Networks and Communications (Q4)";"Computer Science; Economics, Econometrics and Finance; Social Sciences"
1015;21101037319;"Journal of Social Inclusion";journal;"18368808";"Griffith University";Yes;Yes;0,175;Q3;15;0;34;0;18;23;0,50;0,00;0,00;0;0;Australia;Pacific Region;"Griffith University";"2010-2023";"Health Professions (miscellaneous) (Q3); Sociology and Political Science (Q3); Health (social science) (Q4)";"Health Professions; Social Sciences"
1016;21100201069;"Philippine Studies: Historical and Ethnographic Viewpoints";journal;"22441093, 22441638";"Ateneo de Manila University";No;No;0,175;Q3;13;18;68;1097;19;52;0,18;60,94;37,50;0;4;Philippines;Asiatic Region;"Ateneo de Manila University";"2012-2024";"Arts and Humanities (miscellaneous) (Q2); Cultural Studies (Q2); History (Q2); Sociology and Political Science (Q3)";"Arts and Humanities; Social Sciences"
1017;21100780829;"Ekonomicheskaya Sotsiologiya";journal;"17263247";"National Research University Higher School of Economics";Yes;No;0,174;Q3;8;33;86;2049;32;83;0,38;62,09;47,17;0;16;Russian Federation;Eastern Europe;"National Research University Higher School of Economics";"2016-2024";"Sociology and Political Science (Q3); Economics and Econometrics (Q4)";"Economics, Econometrics and Finance; Social Sciences"
1018;19700202605;"Law and Ethics of Human Rights";journal;"19382545, 21946531";"Walter de Gruyter GmbH";No;No;0,174;Q3;16;9;30;811;18;30;0,71;90,11;40,00;0;5;Germany;Western Europe;"Walter de Gruyter GmbH";"2010-2024";"Law (Q3); Sociology and Political Science (Q3)";"Social Sciences"
1019;3900148501;"North American Journal of Psychology";journal;"15277143";"North American Journal of Psychology";No;No;0,174;Q3;33;62;148;2760;80;144;0,42;44,52;50,76;0;15;United States;Northern America;"North American Journal of Psychology";"2005-2024";"Sociology and Political Science (Q3); Developmental and Educational Psychology (Q4); Education (Q4); Psychology (miscellaneous) (Q4)";"Psychology; Social Sciences"
1020;5600153356;"Perfiles Latinoamericanos";journal;"01887653";"FLASCO-MEXICO";Yes;Yes;0,174;Q3;15;21;101;941;47;100;0,47;44,81;55,00;0;12;Mexico;Latin America;"FLASCO-MEXICO";"2008-2024";"Sociology and Political Science (Q3)";"Social Sciences"
1021;19600157014;"Soviet and Post Soviet Review";journal;"18763324, 10751262";"Brill Academic Publishers";No;No;0,174;Q3;11;17;51;1158;15;41;0,20;68,12;47,06;0;4;Netherlands;Western Europe;"Brill Academic Publishers";"1974-1977, 1979, 1981, 1983-1984, 1987-1990, 1993-1997, 1999-2000, 2009-2025";"History (Q2); Sociology and Political Science (Q3)";"Arts and Humanities; Social Sciences"
1022;21100805774;"Acta Politologica";journal;"18038220, 18041302";"Institute of Political Studies";Yes;Yes;0,173;Q3;7;10;30;711;16;29;0,50;71,10;28,57;0;3;Czech Republic;Eastern Europe;"Institute of Political Studies";"2016-2024";"Sociology and Political Science (Q3)";"Social Sciences"
1023;21100824449;"Norteamerica";journal;"18703550, 24487228";"Universidad Nacional Autonoma de Mexico";Yes;Yes;0,173;Q3;7;27;71;1143;30;71;0,41;42,33;48,39;0;9;Mexico;Latin America;"Universidad Nacional Autonoma de Mexico";"2016-2025";"Cultural Studies (Q2); Economics, Econometrics and Finance (miscellaneous) (Q3); Law (Q3); Political Science and International Relations (Q3); Sociology and Political Science (Q3); Demography (Q4)";"Economics, Econometrics and Finance; Social Sciences"
1024;21101076095;"Information and Media";journal;"27836207";"Vilnius University Press";Yes;Yes;0,172;Q3;6;18;51;892;25;51;0,50;49,56;54,55;0;7;Lithuania;Eastern Europe;"Vilnius University Press";"2021-2024";"Library and Information Sciences (Q3); Media Technology (Q3); Political Science and International Relations (Q3); Sociology and Political Science (Q3); Information Systems and Management (Q4); Management of Technology and Innovation (Q4); Physics and Astronomy (miscellaneous) (Q4)";"Business, Management and Accounting; Decision Sciences; Engineering; Physics and Astronomy; Social Sciences"
1025;21101098754;"Isonomia";journal;"14050218, 26832593";"Instituto Tecnologico Autonomo de Mexico";No;Yes;0,172;Q3;3;23;45;940;6;42;0,18;40,87;40,00;0;8;Mexico;Latin America;"Instituto Tecnologico Autonomo de Mexico";"2019-2024";"Philosophy (Q2); Law (Q3); Social Sciences (miscellaneous) (Q3); Sociology and Political Science (Q3)";"Arts and Humanities; Social Sciences"
1026;21100409809;"Studies in Ethnicity and Nationalism";journal;"14738481, 17549469";"John Wiley and Sons Ltd";No;No;0,172;Q3;26;38;59;2362;41;56;0,60;62,16;32,76;0;9;United Kingdom;Western Europe;"John Wiley and Sons Ltd";"2001-2025";"Sociology and Political Science (Q3)";"Social Sciences"
1027;21101023975;"European Public and Social Innovation Review";journal;"25299824";"HISIN (History of Information Systems)";Yes;Yes;0,171;Q3;6;753;37;25395;40;36;0,68;33,73;56,68;0;380;Spain;Western Europe;"HISIN (History of Information Systems)";"2019-2025";"Sociology and Political Science (Q3); Development (Q4); Economics, Econometrics and Finance (miscellaneous) (Q4)";"Economics, Econometrics and Finance; Social Sciences"
1028;19700169127;"Lithuanian historical studies / Lithuanian Institute of History";journal;"13922343";"Brill Schoningh";Yes;No;0,171;Q3;6;0;15;0;4;15;0,00;0,00;0,00;0;0;Germany;Western Europe;"Brill Schoningh";"1996-2015, 2017-2023";"Cultural Studies (Q2); History (Q2); Religious Studies (Q2); Sociology and Political Science (Q3)";"Arts and Humanities; Social Sciences"
1029;4000152126;"Research in the Sociology of Organizations";book series;"0733558X";"Emerald Group Publishing Ltd.";No;No;0,171;Q3;51;46;133;2112;259;14;2,91;45,91;0,00;0;7;United Kingdom;Western Europe;"Emerald Group Publishing Ltd.";"2000-2007, 2009-2011, 2013-2024";"Social Sciences (miscellaneous) (Q3); Sociology and Political Science (Q3); Organizational Behavior and Human Resource Management (Q4)";"Business, Management and Accounting; Social Sciences"
1030;14214;"Critical Horizons";journal;"14409917, 15685160";"Maney Publishing";No;No;0,170;Q3;22;25;78;802;35;74;0,41;32,08;25,00;0;6;United Kingdom;Western Europe;"Maney Publishing";"2003-2025";"Philosophy (Q2); Sociology and Political Science (Q3)";"Arts and Humanities; Social Sciences"
1031;5700166475;"European Journal of East Asian Studies";journal;"15700615, 15680584";"Brill Academic Publishers";No;No;0,170;Q3;15;14;42;835;17;38;0,21;59,64;68,42;0;4;Netherlands;Western Europe;"Brill Academic Publishers";"2001, 2003, 2007-2024";"Cultural Studies (Q2); History (Q2); Political Science and International Relations (Q3); Social Sciences (miscellaneous) (Q3); Sociology and Political Science (Q3); Development (Q4); Geography, Planning and Development (Q4)";"Arts and Humanities; Social Sciences"
1032;21100935790;"Journal of Holocaust Research";journal;"25785656";"Taylor and Francis Inc.";No;No;0,170;Q3;6;21;74;82;36;71;0,34;3,90;65,00;0;9;United States;Northern America;"Taylor and Francis Inc.";"2019-2024";"History (Q2); Law (Q3); Political Science and International Relations (Q3); Sociology and Political Science (Q3)";"Arts and Humanities; Social Sciences"
1033;21101093350;"Kriminologie";journal;"26986779";"Universitat zu Koln";Yes;Yes;0,170;Q3;5;13;67;549;19;61;0,20;42,23;43,48;0;4;Germany;Western Europe;"Universitat zu Koln";"2019-2024";"Cultural Studies (Q2); Law (Q3); Social Sciences (miscellaneous) (Q3); Sociology and Political Science (Q3)";"Social Sciences"
1034;16843;"Rassegna Italiana di Sociologia";journal;"04860349";"Sociologia Editrice il Mulino";No;No;0,170;Q3;15;46;142;2129;39;134;0,22;46,28;52,11;0;23;Italy;Western Europe;"Sociologia Editrice il Mulino";"1979, 1997-2024";"Sociology and Political Science (Q3)";"Social Sciences"
1035;17700155038;"Droit et Societe";journal;"19696973, 07693362";"Editions Juridiques Associees";No;No;0,169;Q3;18;21;90;1376;46;85;0,39;65,52;73,08;0;8;France;Western Europe;"Editions Juridiques Associees";"2001-2024";"Law (Q3); Sociology and Political Science (Q3)";"Social Sciences"
1036;21101201499;"Galactica Media: Journal of Media Studies";journal;"26587734";"LLC Scientific Industrial Enterprise “Genesis. Frontier. Science”";Yes;Yes;0,169;Q3;2;60;50;2250;20;50;0,40;37,50;43,02;0;10;Russian Federation;Eastern Europe;"LLC Scientific Industrial Enterprise “Genesis. Frontier. Science”";"2023-2024";"Cultural Studies (Q2); Philosophy (Q2); Anthropology (Q3); Sociology and Political Science (Q3)";"Arts and Humanities; Social Sciences"
1037;21101215777;"Justicia (Barranquilla)";journal;"25904566, 01247441";"Simon Bolivar University (Barranquilla)";Yes;Yes;0,169;Q3;3;33;96;1739;32;96;0,36;52,70;48,48;3;25;Colombia;Latin America;"Simon Bolivar University (Barranquilla)";"2020-2025";"Political Science and International Relations (Q3); Sociology and Political Science (Q3)";"Social Sciences"
1038;23461;"Politique Africaine";journal;"02447827, 22645047";"Editions Karthala";No;No;0,169;Q3;5;34;87;1463;34;82;0,24;43,03;51,61;0;5;France;Western Europe;"Editions Karthala";"1984-1985, 1991, 1997, 2019-2024";"Political Science and International Relations (Q3); Sociology and Political Science (Q3)";"Social Sciences"
1039;11600153630;"Innovar";journal;"22486968, 01215051";"Universidad Nacional de Colombia";Yes;Yes;0,168;Q3;19;28;156;1641;99;141;0,54;58,61;43,55;0;12;Colombia;Latin America;"Universidad Nacional de Colombia";"2008-2025";"Sociology and Political Science (Q3); Accounting (Q4); Marketing (Q4); Public Administration (Q4); Strategy and Management (Q4)";"Business, Management and Accounting; Social Sciences"
1040;21101158583;"International Journal of Religion";journal;"26333538, 2633352X";"Transnational Press London Ltd";No;No;0,168;Q3;4;0;32;0;12;27;0,32;0,00;0,00;0;0;United Kingdom;Western Europe;"Transnational Press London Ltd";"2020-2023";"Political Science and International Relations (Q3); Social Sciences (miscellaneous) (Q3); Sociology and Political Science (Q3)";"Social Sciences"
1041;21101076306;"International Journal of Taiwan Studies";journal;"24688800, 24688797";"Brill Academic Publishers";No;No;0,168;Q3;8;13;63;634;35;60;0,46;48,77;62,50;0;5;Netherlands;Western Europe;"Brill Academic Publishers";"2018-2025";"Visual Arts and Performing Arts (Q1); Cultural Studies (Q2); History (Q2); Anthropology (Q3); Political Science and International Relations (Q3); Sociology and Political Science (Q3)";"Arts and Humanities; Social Sciences"
1042;50047;"Journal of Southeast Asian Studies";journal;"14740680, 00224634";"Cambridge University Press";No;No;0,168;Q3;38;12;111;1243;46;99;0,37;103,58;58,33;0;3;United Kingdom;Western Europe;"Cambridge University Press";"1970-2024";"History (Q2); Sociology and Political Science (Q3); Geography, Planning and Development (Q4)";"Arts and Humanities; Social Sciences"
1043;21100923619;"Economic Research Guardian";journal;"22478531";"Mihai Mutascu";Yes;Yes;0,167;Q3;6;11;36;638;21;36;0,38;58,00;42,11;0;4;Romania;Eastern Europe;"Mihai Mutascu";"2019-2024";"Sociology and Political Science (Q3); Economics and Econometrics (Q4); Economics, Econometrics and Finance (miscellaneous) (Q4); Geography, Planning and Development (Q4)";"Economics, Econometrics and Finance; Social Sciences"
1044;5800205583;"Fascism";journal;"22116249, 22116257";"Brill Academic Publishers";Yes;No;0,167;Q3;11;11;45;1369;24;45;0,32;124,45;28,57;0;1;Netherlands;Western Europe;"Brill Academic Publishers";"2012-2024";"History (Q2); Sociology and Political Science (Q3)";"Arts and Humanities; Social Sciences"
1045;19177;"History of Political Thought";journal;"0143781X";"Imprint Academic";No;No;0,167;Q3;28;30;91;200;41;89;0,38;6,67;33,33;0;5;United Kingdom;Western Europe;"Imprint Academic";"1984, 1987, 1996-2024";"History (Q2); Philosophy (Q2); Sociology and Political Science (Q3)";"Arts and Humanities; Social Sciences"
1046;5700167337;"Medijska Istrazivanja";journal;"13306928";"University of Zagreb";Yes;Yes;0,167;Q3;8;14;40;680;17;33;0,42;48,57;52,00;0;1;Croatia;Eastern Europe;"University of Zagreb";"2011-2024";"Communication (Q3); Sociology and Political Science (Q3)";"Social Sciences"
1047;18128;"Sociologisk Forskning";journal;"00380342";"Swedish Sociological Association";Yes;Yes;0,167;Q3;12;29;98;872;42;81;0,25;30,07;52,94;0;6;Sweden;Western Europe;"Swedish Sociological Association";"1996-2024";"Sociology and Political Science (Q3)";"Social Sciences"
1048;19700181417;"Acta Borealia";journal;"1503111X, 08003831";"Routledge";No;No;0,166;Q3;21;12;25;391;15;25;0,63;32,58;61,90;0;0;United Kingdom;Western Europe;"Routledge";"1984-1994, 1996-2024";"Cultural Studies (Q2); History (Q2); Anthropology (Q3); Sociology and Political Science (Q3)";"Arts and Humanities; Social Sciences"
1049;19700169886;"Journal of Philosophical Economics: Reflections on Economic and Social Issues";journal;"18432298, 18448208";"Bucharest University of Economic Studies Publishing House";Yes;Yes;0,166;Q3;5;10;30;707;23;29;0,67;70,70;15,38;0;0;Romania;Eastern Europe;"Bucharest University of Economic Studies Publishing House";"2017-2024";"Philosophy (Q2); Sociology and Political Science (Q3); Economics and Econometrics (Q4)";"Arts and Humanities; Economics, Econometrics and Finance; Social Sciences"
1050;5800169741;"Social Work and Society";journal;"16138953";"University of Duisburg";Yes;Yes;0,166;Q3;15;19;70;814;30;70;0,22;42,84;61,54;0;16;Germany;Western Europe;"University of Duisburg";"2012-2024";"Social Sciences (miscellaneous) (Q3); Sociology and Political Science (Q3)";"Social Sciences"
1051;21100891788;"African Renaissance";journal;"25165305, 17442532";"Adonis &amp; Abbey Publishers Ltd.";No;No;0,165;Q3;9;120;209;5291;101;196;0,46;44,09;25,00;0;75;United Kingdom;Western Europe;"Adonis &amp; Abbey Publishers Ltd.";"2004-2024";"Political Science and International Relations (Q3); Sociology and Political Science (Q3); Development (Q4); Public Administration (Q4)";"Social Sciences"
1052;21101088439;"Canadian Journal of Nonprofit and Social Economy Research";journal;"19209355";"University of Alberta Library";Yes;Yes;0,165;Q3;13;24;79;952;37;69;0,41;39,67;59,42;0;12;Canada;Northern America;"University of Alberta Library";"2010-2024";"Social Sciences (miscellaneous) (Q3); Sociology and Political Science (Q3)";"Social Sciences"
1053;21100258751;"International Journal of Sustainability in Economic, Social, and Cultural Context";journal;"2325114X, 23251115";"Common Ground Research Networks";No;No;0,165;Q3;7;15;32;986;22;32;0,45;65,73;46,43;0;12;United States;Northern America;"Common Ground Research Networks";"2013-2024";"Sociology and Political Science (Q3); Environmental Science (miscellaneous) (Q4); Geography, Planning and Development (Q4)";"Environmental Science; Social Sciences"
1054;12431;"Prace i Studia Geograficzne";journal;"25437313, 02084589";"";Yes;No;0,165;Q3;12;39;104;1691;37;101;0,40;43,36;52,46;0;12;Poland;Eastern Europe;"";"1979, 1983-1985, 1988, 1992, 1994-2005, 2008-2024";"Cultural Studies (Q2); Sociology and Political Science (Q3); Urban Studies (Q3); Earth and Planetary Sciences (miscellaneous) (Q4); Geography, Planning and Development (Q4); Tourism, Leisure and Hospitality Management (Q4)";"Business, Management and Accounting; Earth and Planetary Sciences; Social Sciences"
1055;21101257866;"Journal of Indentureship and its Legacies";journal;"26342006, 26341999";"Pluto Journals";Yes;Yes;0,164;Q3;2;25;37;377;12;32;0,11;15,08;70,59;0;1;United Kingdom;Western Europe;"Pluto Journals";"2021-2024";"Linguistics and Language (Q3); Sociology and Political Science (Q3)";"Social Sciences"
1056;16800154750;"Middle East Journal of Culture and Communication";journal;"18739857, 18739865";"Brill Academic Publishers";No;No;0,164;Q3;17;23;59;786;40;57;0,64;34,17;60,00;0;5;Netherlands;Western Europe;"Brill Academic Publishers";"2008-2024";"Arts and Humanities (miscellaneous) (Q2); Cultural Studies (Q2); Communication (Q3); Political Science and International Relations (Q3); Sociology and Political Science (Q3)";"Arts and Humanities; Social Sciences"
1057;19400158636;"Sociologija i Prostor";journal;"18465226";"Institute for Social Research in Zagreb";Yes;No;0,164;Q3;12;18;93;815;42;84;0,35;45,28;41,46;0;5;Croatia;Eastern Europe;"Institute for Social Research in Zagreb";"2009-2024";"Sociology and Political Science (Q3); Urban Studies (Q3); Education (Q4); Geography, Planning and Development (Q4)";"Social Sciences"
1058;16885;"African and Asian Studies";journal;"15692108, 15692094";"Brill Academic Publishers";No;No;0,163;Q3;23;31;54;1464;24;51;0,47;47,23;37,04;0;14;Netherlands;Western Europe;"Brill Academic Publishers";"1966, 1971, 1975-1979, 1981-1982, 1984-1988, 1990-1991, 1993-1994, 1996-2025";"History (Q2); Sociology and Political Science (Q3); Development (Q4)";"Arts and Humanities; Social Sciences"
1059;21101045759;"Encuentros (Maracaibo)";journal;"26108046, 23436131";"Rafael Maria Baralt National Experimental University";Yes;Yes;0,163;Q3;4;88;181;3050;61;175;0,39;34,66;48,21;0;46;Venezuela;Latin America;"Rafael Maria Baralt National Experimental University";"2019-2025";"History (Q2); Philosophy (Q2); Anthropology (Q3); Social Sciences (miscellaneous) (Q3); Sociology and Political Science (Q3); Education (Q4)";"Arts and Humanities; Social Sciences"
1060;21101049060;"Challenges to National Defence in Contemporary Geopolitical Situation";conference and proceedings;"25388959";"General Jonas Zemaitis Military Academy of Lithuania";No;No;0,163;-;5;79;39;1727;32;38;0,82;21,86;27,49;0;20;Lithuania;Eastern Europe;"General Jonas Zemaitis Military Academy of Lithuania";"2018, 2020, 2022, 2024";"Artificial Intelligence; Computer Science Applications; Information Systems and Management; Mechanical Engineering; Political Science and International Relations; Safety Research; Safety, Risk, Reliability and Quality; Sociology and Political Science";"Computer Science; Decision Sciences; Engineering; Social Sciences"
1061;13474;"Africa Development/Afrique et Developpement";journal;"08503907";"Council for the Development of Social Science Research in Africa";Yes;No;0,162;Q3;20;13;106;663;53;103;0,49;51,00;33,33;0;10;Senegal;Africa;"Council for the Development of Social Science Research in Africa";"1978-1979, 1981-1986, 1990, 1994-1995, 2007-2024";"Political Science and International Relations (Q3); Sociology and Political Science (Q3); Development (Q4)";"Social Sciences"
1062;21101053580;"Journal of Psychosocial Studies";journal;"14786737";"Policy Press";No;No;0,162;Q3;6;27;60;1189;27;55;0,34;44,04;39,39;0;6;United Kingdom;Western Europe;"Policy Press";"2019-2024";"Cultural Studies (Q2); Social Sciences (miscellaneous) (Q3); Sociology and Political Science (Q3); Social Psychology (Q4)";"Psychology; Social Sciences"
1063;144678;"Revija Za Socijalnu Politiku";journal;"18456014, 13302965";"Faculty of Political Sciences, University of Zagreb";Yes;Yes;0,162;Q3;16;10;63;518;24;57;0,33;51,80;67,74;0;8;Croatia;Eastern Europe;"Faculty of Political Sciences, University of Zagreb";"2005-2024";"Political Science and International Relations (Q3); Sociology and Political Science (Q3)";"Social Sciences"
1064;25098;"Future of Children";journal;"15501558, 10548289";"Princeton University";No;No;0,161;Q3;104;0;11;0;5;7;0,00;0,00;0,00;0;0;United States;Northern America;"Princeton University";"1994-2021";"Sociology and Political Science (Q3); Health (social science) (Q4); Public Health, Environmental and Occupational Health (Q4)";"Medicine; Social Sciences"
1065;21100301442;"International Journal of Electronic Governance";journal;"17427517, 17427509";"Inderscience";No;No;0,161;Q3;23;21;62;1201;48;59;0,67;57,19;24,56;0;12;Switzerland;Western Europe;"Inderscience";"2007-2024";"Sociology and Political Science (Q3); Computer Science Applications (Q4); Public Administration (Q4)";"Computer Science; Social Sciences"
1066;21100456188;"Journal of the Middle East and Africa";journal;"21520844, 21520852";"Taylor and Francis Ltd.";No;No;0,161;Q3;13;19;60;0;36;59;0,78;0,00;36,00;0;5;United Kingdom;Western Europe;"Taylor and Francis Ltd.";"2010-2025";"Cultural Studies (Q2); History (Q2); Political Science and International Relations (Q3); Sociology and Political Science (Q3)";"Arts and Humanities; Social Sciences"
1067;19700173159;"Reforma y Democracia";journal;"13152378";"Centro Latinoamericano de Administracion para el Desarrollo";No;No;0,161;Q3;9;6;65;287;9;65;0,05;47,83;35,71;0;4;Venezuela;Latin America;"Centro Latinoamericano de Administracion para el Desarrollo";"2008-2024";"Sociology and Political Science (Q3); Public Administration (Q4)";"Social Sciences"
1068;11600153664;"Filosofija, Sociologija";journal;"02357186";"Lithuanian Academy of Sciences Publishers";No;No;0,160;Q3;12;59;146;1673;45;142;0,29;28,36;45,12;0;18;Lithuania;Eastern Europe;"Lithuanian Academy of Sciences Publishers";"2008-2024";"Philosophy (Q2); Sociology and Political Science (Q3)";"Arts and Humanities; Social Sciences"
1069;21100227015;"Studies of Transition States and Societies";journal;"17368758, 1736874X";"Tallinn University";Yes;Yes;0,160;Q3;16;6;24;312;16;20;0,50;52,00;58,33;0;3;Estonia;Eastern Europe;"Tallinn University";"2009-2024";"Sociology and Political Science (Q3)";"Social Sciences"
1070;21100887621;"Contemporary Japan";journal;"18692737, 18692729";"Taylor and Francis Ltd.";No;No;0,159;Q3;13;23;50;986;38;40;0,75;42,87;58,33;0;11;United Kingdom;Western Europe;"Taylor and Francis Ltd.";"2012-2025";"Cultural Studies (Q2); History (Q2); Sociology and Political Science (Q3); Social Sciences (miscellaneous) (Q4)";"Arts and Humanities; Social Sciences"
1071;5700164225;"Diplomacy and Statecraft";journal;"1557301X, 09592296";"Routledge";No;No;0,159;Q3;19;17;99;0;41;99;0,26;0,00;6,67;0;4;United Kingdom;Western Europe;"Routledge";"1990-1996, 1998, 2001-2003, 2010-2024";"History (Q2); Political Science and International Relations (Q3); Sociology and Political Science (Q3)";"Arts and Humanities; Social Sciences"
1072;21101060203;"Interdisciplinary Political Studies";journal;"20398573";"ESE - Salento University Publishing";Yes;Yes;0,159;Q3;6;10;46;709;27;45;0,69;70,90;33,33;0;3;Italy;Western Europe;"ESE - Salento University Publishing";"2017-2024";"Political Science and International Relations (Q3); Sociology and Political Science (Q3)";"Social Sciences"
1073;21100940537;"Journal of Vietnamese Studies";journal;"1559372X, 15593738";"University of California Press";No;No;0,159;Q3;4;21;71;852;15;65;0,20;40,57;40,00;0;3;United States;Northern America;"University of California Press";"2019-2024";"Cultural Studies (Q2); History (Q2); Anthropology (Q3); Linguistics and Language (Q3); Sociology and Political Science (Q3)";"Arts and Humanities; Social Sciences"
1074;20500195092;"International Journal of Sustainable Society";journal;"17562546, 17562538";"Inderscience Enterprises Ltd";No;No;0,158;Q3;19;20;60;931;47;59;0,85;46,55;43,64;0;9;United Kingdom;Western Europe;"Inderscience Enterprises Ltd";"2008-2024";"Sociology and Political Science (Q3); Environmental Science (miscellaneous) (Q4); Geography, Planning and Development (Q4); Management, Monitoring, Policy and Law (Q4)";"Environmental Science; Social Sciences"
1075;5600153617;"Irish Studies Review";journal;"09670882";"Taylor and Francis Ltd.";No;No;0,158;Q3;14;30;87;1512;34;81;0,43;50,40;45,71;0;7;United Kingdom;Western Europe;"Taylor and Francis Ltd.";"1992-2002, 2010-2025";"Literature and Literary Theory (Q1); Cultural Studies (Q2); History (Q2); Sociology and Political Science (Q3)";"Arts and Humanities; Social Sciences"
1076;5600152947;"Telos";journal;"00906514";"Telos Press";No;No;0,158;Q3;11;32;160;813;34;143;0,23;25,41;4,17;0;1;United States;Northern America;"Telos Press";"2010-2024";"Cultural Studies (Q2); Philosophy (Q2); Sociology and Political Science (Q3)";"Arts and Humanities; Social Sciences"
1077;21100219932;"Temas Americanistas";journal;"02124408, 19887868";"Departamento de Historia de America, Universidad de Sevilla";Yes;No;0,158;Q3;6;35;105;1903;25;103;0,15;54,37;47,62;0;6;Spain;Western Europe;"Departamento de Historia de America, Universidad de Sevilla";"2012-2024";"History (Q2); Sociology and Political Science (Q3)";"Arts and Humanities; Social Sciences"
1078;17700156011;"Enfances et Psy";journal;"12865559, 17762820";"Editions Eres";No;No;0,157;Q3;10;36;137;394;17;122;0,14;10,94;69,57;0;5;France;Western Europe;"Editions Eres";"2000-2024";"Sociology and Political Science (Q3); Developmental and Educational Psychology (Q4); Education (Q4)";"Psychology; Social Sciences"
1079;15256;"Korean Journal of Defense Analysis";journal;"19414641, 10163271";"Korea Institute for Defense Analyses";No;No;0,157;Q3;13;16;79;931;23;79;0,22;58,19;23,81;0;6;South Korea;Asiatic Region;"Korea Institute for Defense Analyses";"1996-2024";"Political Science and International Relations (Q3); Sociology and Political Science (Q3); Safety Research (Q4)";"Social Sciences"
1080;7200153148;"Revista Brasileira de Gestao e Desenvolvimento Regional";journal;"1809239X";"Universidade de Taubate";Yes;No;0,157;Q3;9;59;163;2289;41;153;0,23;38,80;49,63;0;39;Brazil;Latin America;"Universidade de Taubate";"2007-2025";"Sociology and Political Science (Q3); Urban Studies (Q3); Environmental Science (miscellaneous) (Q4); Geography, Planning and Development (Q4)";"Environmental Science; Social Sciences"
1081;15344;"International History Review";journal;"07075332";"Taylor and Francis Ltd.";No;No;0,156;Q3;30;72;206;1269;121;202;0,53;17,63;31,08;0;14;United Kingdom;Western Europe;"Taylor and Francis Ltd.";"1979-2025";"Cultural Studies (Q2); History (Q2); Sociology and Political Science (Q3)";"Arts and Humanities; Social Sciences"
1082;19900188035;"International Journal of Conflict and Violence";journal;"18641385";"Universitaet Bielefeld";Yes;Yes;0,156;Q3;27;0;25;0;12;24;0,38;0,00;0,00;0;0;Germany;Western Europe;"Universitaet Bielefeld";"2010-2023";"Law (Q3); Sociology and Political Science (Q3)";"Social Sciences"
1083;5600153516;"International Journal of Iberian Studies";journal;"17589150, 1364971X";"Intellect Ltd.";No;No;0,156;Q3;9;18;49;530;16;45;0,37;29,44;36,84;0;7;United Kingdom;Western Europe;"Intellect Ltd.";"2012-2024";"Cultural Studies (Q2); History (Q2); Political Science and International Relations (Q3); Sociology and Political Science (Q3)";"Arts and Humanities; Social Sciences"
1084;21100893272;"Lecturas de Economia";journal;"23230622, 01202596";"Universidad de Antioquia";Yes;Yes;0,156;Q3;9;18;69;886;32;66;0,29;49,22;36,67;0;12;Colombia;Latin America;"Universidad de Antioquia";"2005-2024";"Sociology and Political Science (Q3); Business, Management and Accounting (miscellaneous) (Q4); Economics and Econometrics (Q4); Finance (Q4); Social Sciences (miscellaneous) (Q4); Statistics, Probability and Uncertainty (Q4)";"Business, Management and Accounting; Decision Sciences; Economics, Econometrics and Finance; Social Sciences"
1085;21100229170;"Revista Portuguesa de Estudos Regionais";journal;"1645586X";"Associacao Portuguesa para o Desenvolvimento Regional (APDR)";Yes;Yes;0,156;Q3;9;29;94;1524;38;93;0,46;52,55;50,00;0;25;Portugal;Western Europe;"Associacao Portuguesa para o Desenvolvimento Regional (APDR)";"2012-2025";"Sociology and Political Science (Q3); Urban Studies (Q3); Geography, Planning and Development (Q4)";"Social Sciences"
1086;5700165092;"Global Change, Peace and Security";journal;"14781158";"Routledge";No;No;0,155;Q3;25;2;43;218;21;40;0,15;109,00;0,00;0;0;United Kingdom;Western Europe;"Routledge";"2008-2025";"Political Science and International Relations (Q3); Sociology and Political Science (Q3)";"Social Sciences"
1087;5600156595;"Historical Research";journal;"14682281, 09503471";"Wiley-Blackwell Publishing Ltd";No;No;0,155;Q3;29;32;105;3391;41;101;0,31;105,97;34,48;0;10;United Kingdom;Western Europe;"Wiley-Blackwell Publishing Ltd";"1923-2024";"Cultural Studies (Q2); History (Q2); Sociology and Political Science (Q3)";"Arts and Humanities; Social Sciences"
1088;21100274247;"International Journal of Sustainability Policy and Practice";journal;"23251166, 23251182";"Common Ground Research Networks";No;No;0,155;Q3;6;12;19;769;10;19;0,50;64,08;41,18;0;9;United States;Northern America;"Common Ground Research Networks";"2013-2025";"Sociology and Political Science (Q3); Geography, Planning and Development (Q4); Management, Monitoring, Policy and Law (Q4); Renewable Energy, Sustainability and the Environment (Q4)";"Energy; Environmental Science; Social Sciences"
1089;21101034376;"Journal of Time Use Research";journal;"26647958";"International Association for Time Use Research";No;No;0,155;Q3;2;0;11;0;8;11;0,17;0,00;0,00;0;0;Belgium;Western Europe;"International Association for Time Use Research";"2020-2023";"Sociology and Political Science (Q3); Economics, Econometrics and Finance (miscellaneous) (Q4)";"Economics, Econometrics and Finance; Social Sciences"
1090;21101070991;"Pravni Zapisi";journal;"24061387, 22172815";"Faculty of Law, Union University in Belgrade";Yes;Yes;0,155;Q3;4;19;75;1048;20;63;0,22;55,16;71,43;0;9;Serbia;Eastern Europe;"Faculty of Law, Union University in Belgrade";"2019-2024";"Law (Q3); Sociology and Political Science (Q3)";"Social Sciences"
1091;19700177314;"Revista de Cercetare si Interventie Sociala";journal;"15833410, 15845397";"Expert Projects";Yes;No;0,155;Q3;18;59;151;1808;134;151;0,74;30,64;58,28;0;30;Romania;Eastern Europe;"Expert Projects";"2008-2024";"Sociology and Political Science (Q3); Health (social science) (Q4); Social Psychology (Q4)";"Psychology; Social Sciences"
1092;82318;"Revista de Estudios Regionales";journal;"02137585";"Departamento de Politica Economica, Facultad de Ciencias Economicas y Empresariales";No;No;0,155;Q3;11;23;57;1217;18;57;0,26;52,91;28,89;0;17;Spain;Western Europe;"Departamento de Politica Economica, Facultad de Ciencias Economicas y Empresariales";"1978, 2006, 2012-2024";"Sociology and Political Science (Q3); Development (Q4); Economics and Econometrics (Q4)";"Economics, Econometrics and Finance; Social Sciences"
1093;21101272602;"Contemporary Issues on Interfaith Law and Society";journal;"28298624, 28298373";"Universitas Negeri Semarang";Yes;Yes;0,154;Q4;2;7;20;461;13;20;0,65;65,86;53,85;0;5;Indonesia;Asiatic Region;"Universitas Negeri Semarang";"2022-2024";"Religious Studies (Q2); Law (Q3); Sociology and Political Science (Q4)";"Arts and Humanities; Social Sciences"
1094;21100823440;"Corvinus Journal of Sociology and Social Policy";journal;"2062087X, 20615558";"Corvinus University of Budapest";Yes;Yes;0,154;Q4;9;8;57;403;16;54;0,28;50,38;60,00;0;6;Hungary;Eastern Europe;"Corvinus University of Budapest";"2016-2024";"Economics, Econometrics and Finance (miscellaneous) (Q4); Social Sciences (miscellaneous) (Q4); Sociology and Political Science (Q4)";"Economics, Econometrics and Finance; Social Sciences"
1095;21100887432;"International Journal of Intelligence, Security, and Public Affairs";journal;"23800992, 2380100X";"Taylor and Francis Ltd.";No;No;0,154;Q4;8;0;22;0;22;22;0,00;0,00;0,00;0;0;United Kingdom;Western Europe;"Taylor and Francis Ltd.";"2016-2021";"Political Science and International Relations (Q3); Information Systems and Management (Q4); Sociology and Political Science (Q4)";"Decision Sciences; Social Sciences"
1096;27980;"Modern Judaism";journal;"10863273, 02761114";"Oxford University Press";No;No;0,154;Q4;18;12;45;1060;11;44;0,20;88,33;36,36;0;1;United States;Northern America;"Oxford University Press";"1981-2024";"Cultural Studies (Q2); History (Q2); Religious Studies (Q2); Political Science and International Relations (Q3); Sociology and Political Science (Q4)";"Arts and Humanities; Social Sciences"
1097;21101045754;"Southern African Journal of Social Work and Social Development";journal;"27089355, 25200097";"Unisa Press";No;No;0,154;Q4;8;31;86;1434;35;86;0,44;46,26;52,08;0;16;South Africa;Africa;"Unisa Press";"2017-2024";"Development (Q4); Health (social science) (Q4); Sociology and Political Science (Q4)";"Social Sciences"
1098;21101070310;"Thammasat Review";journal;"08595747, 26300303";"Thammasat University";No;No;0,154;Q4;5;30;69;1753;41;69;0,51;58,43;44,74;0;18;Thailand;Asiatic Region;"Thammasat University";"2019-2024";"Religious Studies (Q2); History and Philosophy of Science (Q3); Political Science and International Relations (Q3); Sociology and Political Science (Q4)";"Arts and Humanities; Social Sciences"
1099;21100898604;"Vibrant Virtual Brazilian Anthropology";journal;"18094341";"Brazilian Anthropology Association";Yes;Yes;0,154;Q4;6;42;103;1926;20;93;0,19;45,86;44,90;0;16;Brazil;Latin America;"Brazilian Anthropology Association";"2018-2025";"Cultural Studies (Q2); Anthropology (Q3); Urban Studies (Q3); Sociology and Political Science (Q4)";"Social Sciences"
1100;26718;"Zeitschrift fur Dialektologie und Linguistik";journal;"23662395, 00441449";"Franz Steiner Verlag GmbH";No;No;0,154;Q4;10;10;46;556;12;45;0,26;55,60;53,33;0;0;Germany;Western Europe;"Franz Steiner Verlag GmbH";"2003-2024";"Linguistics and Language (Q3); Sociology and Political Science (Q4)";"Social Sciences"
1101;14529;"Eire-Ireland; a journal of Irish studies";journal;"00132683, 15505162";"Irish American Cultural Institute";No;No;0,153;Q4;17;26;78;1319;21;66;0,09;50,73;31,82;0;0;United States;Northern America;"Irish American Cultural Institute";"1976-1977, 1979-1980, 1982, 1987, 2000-2024";"Cultural Studies (Q2); Arts and Humanities (miscellaneous) (Q3); Sociology and Political Science (Q4)";"Arts and Humanities; Social Sciences"
1102;21100258750;"International Journal of Interdisciplinary Civic and Political Studies";journal;"23272481, 23270071";"Common Ground Research Networks";No;No;0,153;Q4;4;10;42;555;15;42;0,38;55,50;39,13;0;4;United States;Northern America;"Common Ground Research Networks";"2012-2024";"Sociology and Political Science (Q4)";"Social Sciences"
1103;21101079113;"Journal of Advanced Military Studies";journal;"27702596, 2770260X";"Marine Corps University Press";No;No;0,153;Q4;4;21;68;1308;41;68;0,55;62,29;22,22;0;2;United States;Northern America;"Marine Corps University Press";"2020-2024";"History (Q2); Political Science and International Relations (Q4); Sociology and Political Science (Q4)";"Arts and Humanities; Social Sciences"
1104;17700156014;"Travail, Genre et Societes";journal;"12946303";"Editions La Decouverte";No;No;0,153;Q4;18;18;89;438;26;83;0,29;24,33;76,19;0;0;France;Western Europe;"Editions La Decouverte";"2001-2024";"Gender Studies (Q3); Business and International Management (Q4); Economics and Econometrics (Q4); Organizational Behavior and Human Resource Management (Q4); Sociology and Political Science (Q4)";"Business, Management and Accounting; Economics, Econometrics and Finance; Social Sciences"
1105;5700163865;"Critique Internationale";journal;"12907839";"Presses de Sciences Po";No;No;0,152;Q4;22;31;99;1471;23;93;0,17;47,45;46,88;0;5;France;Western Europe;"Presses de Sciences Po";"2001-2024";"Political Science and International Relations (Q4); Sociology and Political Science (Q4)";"Social Sciences"
1106;5600155273;"Cuadernos de Relaciones Laborales";journal;"11318635, 19882572";"Universidad Complutense Madrid";Yes;Yes;0,152;Q4;11;25;65;1163;22;62;0,30;46,52;55,81;0;12;Spain;Western Europe;"Universidad Complutense Madrid";"2016-2024";"Industrial Relations (Q4); Organizational Behavior and Human Resource Management (Q4); Sociology and Political Science (Q4)";"Business, Management and Accounting; Social Sciences"
1107;21101209979;"Journal of Law and Legal Reform";journal;"27150968, 27150941";"Universitas Negeri Semarang";Yes;Yes;0,152;Q4;3;69;29;3510;13;29;0,45;50,87;29,01;0;44;Indonesia;Asiatic Region;"Universitas Negeri Semarang";"2023-2025";"History (Q2); Law (Q3); Public Administration (Q4); Sociology and Political Science (Q4)";"Arts and Humanities; Social Sciences"
1108;21100259514;"Confluenze";journal;"20360967";"University of Bologna";Yes;Yes;0,151;Q4;5;37;169;1282;17;167;0,08;34,65;57,89;0;6;Italy;Western Europe;"University of Bologna";"2013-2024";"Cultural Studies (Q2); History (Q2); Anthropology (Q3); Sociology and Political Science (Q4)";"Arts and Humanities; Social Sciences"
1109;20600195513;"Etnografia e Ricerca Qualitativa";journal;"19733194";"Il Mulino publishing house";No;No;0,151;Q4;13;26;81;1245;36;78;0,33;47,88;44,12;0;9;Italy;Western Europe;"Il Mulino publishing house";"2012-2024";"Cultural Studies (Q2); Anthropology (Q3); Sociology and Political Science (Q4)";"Social Sciences"
1110;21100465083;"Israel Studies Review";journal;"21590370, 21590389";"Berghahn Books Inc.";No;No;0,151;Q4;10;21;65;1131;25;61;0,35;53,86;33,33;0;3;United States;Northern America;"Berghahn Books Inc.";"2015-2024";"Cultural Studies (Q2); History (Q2); Sociology and Political Science (Q4)";"Arts and Humanities; Social Sciences"
1111;21100855843;"Public Policy and Administration";journal;"16482603, 20292872";"Mykolo Romerio Universitetas";Yes;No;0,151;Q4;14;42;176;1427;96;174;0,56;33,98;50,00;0;27;Lithuania;Eastern Europe;"Mykolo Romerio Universitetas";"2011-2024";"Economics, Econometrics and Finance (miscellaneous) (Q4); Public Administration (Q4); Sociology and Political Science (Q4)";"Economics, Econometrics and Finance; Social Sciences"
1112;16023;"Dissent";journal;"00123846";"Foundation for the Study of Independent Social Ideas";No;No;0,150;Q4;25;54;204;0;58;195;0,36;0,00;24,14;0;2;United States;Northern America;"Foundation for the Study of Independent Social Ideas";"1976-1977, 1979, 1981, 1983, 1986-1988, 1994, 1996-2025";"Social Sciences (miscellaneous) (Q4); Sociology and Political Science (Q4)";"Social Sciences"
1113;21100834985;"Journal of Nationalism Memory and Language Politics";journal;"25705857";"";Yes;No;0,150;Q4;10;8;37;402;17;36;0,60;50,25;60,00;0;2;Germany;Western Europe;"";"2017-2025";"Cultural Studies (Q2); History (Q2); Linguistics and Language (Q3); Sociology and Political Science (Q4)";"Arts and Humanities; Social Sciences"
1114;21101197191;"Military Operations Research (United States)";journal;"10825983, 21632758";"Military Operations Research Society";No;No;0,150;Q4;4;12;51;425;19;47;0,34;35,42;12,20;0;2;United States;Northern America;"Military Operations Research Society";"2020-2024";"Political Science and International Relations (Q4); Safety Research (Q4); Sociology and Political Science (Q4)";"Social Sciences"
1115;19600157363;"Rossiiskaia Istoria";journal;"08695687";"Russian Academy of Sciences";No;No;0,150;Q4;5;0;112;0;9;76;0,00;0,00;0,00;0;0;Russian Federation;Eastern Europe;"Russian Academy of Sciences";"1999, 2001-2002, 2009-2021";"History (Q2); Sociology and Political Science (Q4)";"Arts and Humanities; Social Sciences"
1116;16020;"Administration";journal;"00018325, 24499471";"De Gruyter Open Ltd.";Yes;Yes;0,149;Q4;12;32;92;1126;38;89;0,25;35,19;38,10;0;6;Germany;Western Europe;"De Gruyter Open Ltd.";"2015-2024";"Economics, Econometrics and Finance (miscellaneous) (Q4); Public Administration (Q4); Sociology and Political Science (Q4)";"Economics, Econometrics and Finance; Social Sciences"
1117;19700187711;"African and Black Diaspora";journal;"17528631, 1752864X";"Routledge";No;No;0,149;Q4;15;0;8;0;7;8;0,00;0,00;0,00;0;0;United Kingdom;Western Europe;"Routledge";"2010-2021";"Cultural Studies (Q2); Anthropology (Q3); Arts and Humanities (miscellaneous) (Q3); Demography (Q4); Sociology and Political Science (Q4)";"Arts and Humanities; Social Sciences"
1118;21101128471;"Asian Development Policy Review";journal;"23138343, 25182544";"Asian Economic and Social Society";No;No;0,149;Q4;7;30;51;1534;53;51;0,78;51,13;31,82;0;21;United States;Northern America;"Asian Economic and Social Society";"2019-2025";"Development (Q4); Economics, Econometrics and Finance (miscellaneous) (Q4); Management, Monitoring, Policy and Law (Q4); Sociology and Political Science (Q4)";"Economics, Econometrics and Finance; Environmental Science; Social Sciences"
1119;19400157109;"China Nonprofit Review";journal;"18765149, 18765092";"Tsinghua University Press";No;No;0,149;Q4;6;0;10;0;7;10;0,40;0,00;0,00;0;0;Netherlands;Western Europe;"Tsinghua University Press";"2009-2022";"Economics and Econometrics (Q4); Social Sciences (miscellaneous) (Q4); Sociology and Political Science (Q4)";"Economics, Econometrics and Finance; Social Sciences"
1120;17700156010;"Ethics and Global Politics";journal;"16546369, 16544951";"Taylor and Francis Ltd.";Yes;Yes;0,149;Q4;18;10;39;383;21;38;0,57;38,30;33,33;0;7;United Kingdom;Western Europe;"Taylor and Francis Ltd.";"2009-2025";"Political Science and International Relations (Q4); Sociology and Political Science (Q4)";"Social Sciences"
1121;23149;"Language Problems and Language Planning";journal;"15699889, 02722690";"John Benjamins Publishing Company";No;No;0,149;Q4;27;7;37;444;24;37;0,65;63,43;75,00;0;0;Netherlands;Western Europe;"John Benjamins Publishing Company";"1977-2025";"Linguistics and Language (Q3); Communication (Q4); Sociology and Political Science (Q4)";"Social Sciences"
1122;21101039807;"Revue de Philosophie Economique";journal;"21184852, 13760971";"Vrin";No;No;0,149;Q4;3;0;53;0;16;51;0,28;0,00;0,00;0;0;France;Western Europe;"Vrin";"2019-2023";"Philosophy (Q2); Economics and Econometrics (Q4); Social Sciences (miscellaneous) (Q4); Sociology and Political Science (Q4)";"Arts and Humanities; Economics, Econometrics and Finance; Social Sciences"
1123;21100223327;"Calitatea Vietii";journal;"10180389";"Publishing House of the Romanian Academy";Yes;No;0,148;Q4;8;12;61;479;21;54;0,17;39,92;88,46;0;9;Romania;Eastern Europe;"Publishing House of the Romanian Academy";"2012-2024";"Health (social science) (Q4); Life-span and Life-course Studies (Q4); Sociology and Political Science (Q4)";"Social Sciences"
1124;5700164339;"Lua Nova";journal;"01026445";"CEDEC";Yes;Yes;0,148;Q4;19;23;88;901;28;88;0,18;39,17;37,50;0;8;Brazil;Latin America;"CEDEC";"2006-2024";"Sociology and Political Science (Q4)";"Social Sciences"
1125;21101037141;"RUDN Journal of Russian History";journal;"23128674, 23128690";"RUDN University";Yes;Yes;0,148;Q4;4;40;132;766;23;132;0,21;19,15;61,11;0;13;Russian Federation;Eastern Europe;"RUDN University";"2019-2024";"History (Q2); Political Science and International Relations (Q4); Sociology and Political Science (Q4)";"Arts and Humanities; Social Sciences"
1126;5600153193;"Social Science Forum";journal;"03523608";"Univerza v Ljubljani";Yes;Yes;0,148;Q4;5;17;53;731;36;45;0,33;43,00;47,37;0;8;Slovenia;Eastern Europe;"Univerza v Ljubljani";"2017-2024";"Cultural Studies (Q2); Communication (Q4); Social Sciences (miscellaneous) (Q4); Sociology and Political Science (Q4)";"Social Sciences"
1127;4100151509;"Advances in Group Processes";book series;"08826145";"Emerald Group Publishing Ltd.";No;No;0,147;Q4;33;10;18;591;4;8;0,00;59,10;0,00;0;3;United Kingdom;Western Europe;"Emerald Group Publishing Ltd.";"2000-2021, 2023-2024";"Sociology and Political Science (Q4)";"Social Sciences"
1128;16000154750;"Cahiers du Monde Russe";journal;"12526576, 17775388";"Editions EHESS: Ecole des Hautes Etudes en Sciences Sociales";No;No;0,147;Q4;15;18;107;1488;17;101;0,16;82,67;35,29;0;0;France;Western Europe;"Editions EHESS: Ecole des Hautes Etudes en Sciences Sociales";"1999, 2001-2024";"History (Q2); Political Science and International Relations (Q4); Sociology and Political Science (Q4)";"Arts and Humanities; Social Sciences"
1129;21100454915;"Cliodynamics";journal;"23737530";"University of California eScholarship Repository";Yes;Yes;0,147;Q4;11;3;13;175;6;11;0,75;58,33;0,00;0;1;United States;Northern America;"University of California eScholarship Repository";"2015-2024";"History (Q2); Cultural Studies (Q3); Modeling and Simulation (Q4); Sociology and Political Science (Q4)";"Arts and Humanities; Mathematics; Social Sciences"
1130;21101060471;"East/West: Journal of Ukrainian Studies";journal;"22927956";"University of Alberta";Yes;Yes;0,147;Q4;4;0;61;0;30;46;0,69;0,00;0,00;0;0;Canada;Northern America;"University of Alberta";"2019-2023";"History (Q2); Literature and Literary Theory (Q2); Linguistics and Language (Q3); Sociology and Political Science (Q4)";"Arts and Humanities; Social Sciences"
1131;24864;"Oriente Moderno";journal;"22138617, 00305472";"Brill Academic Publishers";No;No;0,147;Q4;13;0;63;0;32;61;0,13;0,00;0,00;0;0;United States;Northern America;"Brill Academic Publishers";"1978, 1996-2023";"Cultural Studies (Q2); History (Q2); Literature and Literary Theory (Q2); Sociology and Political Science (Q4)";"Arts and Humanities; Social Sciences"
1132;5700160560;"Islamic Law and Society";journal;"15685195, 09289380";"Brill Academic Publishers";No;No;0,146;Q4;35;15;33;2451;24;33;0,56;163,40;21,43;0;2;Netherlands;Western Europe;"Brill Academic Publishers";"1994-2024";"Law (Q3); Sociology and Political Science (Q4)";"Social Sciences"
1133;21100825849;"Archivio di Studi Urbani e Regionali";journal;"00040177, 19718519";"FrancoAngeli Edizioni";Yes;No;0,145;Q4;7;16;111;659;37;110;0,28;41,19;52,00;0;11;Italy;Western Europe;"FrancoAngeli Edizioni";"2017-2024";"Sociology and Political Science (Q4); Urban Studies (Q4)";"Social Sciences"
1134;13203;"Contemporary Pacific";journal;"1043898X, 15279464";"University of Hawaii Press";No;No;0,145;Q4;38;0;84;0;27;65;0,29;0,00;0,00;0;0;United States;Northern America;"University of Hawaii Press";"1992, 1996-2023";"Geography, Planning and Development (Q4); Sociology and Political Science (Q4)";"Social Sciences"
1135;21101054424;"Contemporary Southeastern Europe";journal;"23103612";"University of Graz";Yes;Yes;0,145;Q4;4;15;28;673;12;27;0,38;44,87;54,55;0;6;Austria;Western Europe;"University of Graz";"2019-2025";"History (Q2); Anthropology (Q3); Arts and Humanities (miscellaneous) (Q3); Cultural Studies (Q3); Gender Studies (Q3); Law (Q3); Sociology and Political Science (Q4)";"Arts and Humanities; Social Sciences"
1136;21100326093;"ESSACHESS - Journal for Communication Studies";journal;"1775352X, 20665083";"";Yes;No;0,145;Q4;11;20;49;769;24;48;0,49;38,45;72,97;0;6;France;Western Europe;"";"2014-2024";"Religious Studies (Q2); Cultural Studies (Q3); Linguistics and Language (Q3); Communication (Q4); Sociology and Political Science (Q4)";"Arts and Humanities; Social Sciences"
1137;21100785521;"Islamic Africa";journal;"2333262X, 21540993";"Brill Academic Publishers";No;No;0,145;Q4;13;2;45;205;19;44;0,37;102,50;0,00;0;0;Netherlands;Western Europe;"Brill Academic Publishers";"2010-2019, 2021-2024";"History (Q2); Literature and Literary Theory (Q2); Religious Studies (Q2); Cultural Studies (Q3); Sociology and Political Science (Q4)";"Arts and Humanities; Social Sciences"
1138;5600155107;"Journal of Australian Studies";journal;"0314769X, 14443058";"Taylor and Francis Ltd.";No;No;0,145;Q4;24;34;117;90;51;105;0,30;2,65;57,14;0;4;United Kingdom;Western Europe;"Taylor and Francis Ltd.";"1977-2024";"History (Q2); Literature and Literary Theory (Q2); Cultural Studies (Q3); Political Science and International Relations (Q4); Sociology and Political Science (Q4)";"Arts and Humanities; Social Sciences"
1139;21101190434;"Notebooks: The Journal for Studies on Power";journal;"26667177, 26667185";"Brill Academic Publishers";No;No;0,145;Q4;2;11;39;378;15;33;0,36;34,36;0,00;0;1;Netherlands;Western Europe;"Brill Academic Publishers";"2021-2024";"Anthropology (Q3); Law (Q3); Political Science and International Relations (Q4); Sociology and Political Science (Q4)";"Social Sciences"
1140;21101186907;"Archiwum Kryminologii";journal;"27194280, 00666890";"Institute of Law Studies of the Polish Academy of Sciences and the Committee on Legal Sciences of the Polish Academy of Sciences";Yes;Yes;0,144;Q4;4;14;69;944;16;69;0,26;67,43;60,87;0;10;Poland;Eastern Europe;"Institute of Law Studies of the Polish Academy of Sciences and the Committee on Legal Sciences of the Polish Academy of Sciences";"2019-2024";"Law (Q3); Sociology and Political Science (Q4)";"Social Sciences"
1141;20600195533;"Baltic Journal of Law and Politics";journal;"20290454";"";Yes;Yes;0,144;Q4;10;34;42;1639;13;42;0,25;48,21;45,45;0;18;Germany;Western Europe;"";"2012-2024";"Law (Q3); Sociology and Political Science (Q4)";"Social Sciences"
1142;21101267554;"Indonesian State Law Review";journal;"26548763, 26543125";"Universitas Negeri Semarang";No;No;0,144;Q4;4;0;19;0;16;19;1,07;0,00;0,00;0;0;Indonesia;Asiatic Region;"Universitas Negeri Semarang";"2020-2023";"Law (Q3); Political Science and International Relations (Q4); Public Administration (Q4); Sociology and Political Science (Q4)";"Social Sciences"
1143;21101037169;"Journal of Community Positive Practices";journal;"22476571, 15828344";"Catalactica Association";No;No;0,144;Q4;4;25;100;1110;30;100;0,33;44,40;45,71;0;19;Romania;Eastern Europe;"Catalactica Association";"2019-2024";"Social Sciences (miscellaneous) (Q4); Sociology and Political Science (Q4)";"Social Sciences"
1144;5800207887;"Journal of Modern Greek Studies";journal;"10863265, 07381727";"Johns Hopkins University Press";No;No;0,144;Q4;18;11;43;1031;18;43;0,37;93,73;30,77;0;1;United States;Northern America;"Johns Hopkins University Press";"2002-2024";"History (Q2); Cultural Studies (Q3); Sociology and Political Science (Q4)";"Arts and Humanities; Social Sciences"
1145;19900194804;"Journal of the Statistical and Social Inquiry Society of Ireland";journal;"00814776";"Statistical and Social Inquiry Society of Ireland";No;No;0,144;Q4;9;9;25;258;5;18;0,23;28,67;20,00;0;4;Ireland;Western Europe;"Statistical and Social Inquiry Society of Ireland";"2009-2011, 2014-2015, 2017-2024";"Economics and Econometrics (Q4); Sociology and Political Science (Q4); Statistics, Probability and Uncertainty (Q4)";"Decision Sciences; Economics, Econometrics and Finance; Social Sciences"
1146;23052;"Politicka Ekonomie";journal;"23368225, 00323233";"Prague University of Economics and Business";No;No;0,144;Q4;17;37;94;2239;44;94;0,43;60,51;26,37;0;25;Czech Republic;Eastern Europe;"Prague University of Economics and Business";"1980, 1982, 1986-1987, 1993, 1996-2024";"Economics and Econometrics (Q4); Sociology and Political Science (Q4)";"Economics, Econometrics and Finance; Social Sciences"
1147;21100872361;"American Political Thought";journal;"21611599, 21611580";"University of Chicago Press";No;No;0,143;Q4;7;19;66;853;17;61;0,26;44,89;15,00;0;3;United States;Northern America;"University of Chicago Press";"2015-2024";"Political Science and International Relations (Q4); Sociology and Political Science (Q4)";"Social Sciences"
1148;60672;"Arab Studies Quarterly";journal;"02713519";"Association of Arab-American University Graduates";Yes;Yes;0,143;Q4;6;16;51;375;29;40;0,34;23,44;33,33;0;2;United Kingdom;Western Europe;"Association of Arab-American University Graduates";"1979, 1981, 2001, 2018-2024";"Cultural Studies (Q3); Political Science and International Relations (Q4); Sociology and Political Science (Q4)";"Social Sciences"
1149;21100229212;"Asian Women";journal;"1225925X";"Sookmyung Women's University";Yes;No;0,143;Q4;12;19;60;967;27;58;0,50;50,89;65,52;0;13;South Korea;Asiatic Region;"Sookmyung Women's University";"2008-2024";"Gender Studies (Q3); Sociology and Political Science (Q4)";"Social Sciences"
1150;21101039258;"Political Economy of Communication";journal;"23571705";"International Association of Media Communication Research";No;No;0,143;Q4;12;6;23;363;10;21;0,00;60,50;33,33;0;1;New Zealand;Pacific Region;"International Association of Media Communication Research";"2013-2018, 2020-2021, 2023-2024";"Communication (Q4); Political Science and International Relations (Q4); Sociology and Political Science (Q4)";"Social Sciences"
1151;21101039072;"Praktyka Teoretyczna";journal;"20818130";"University of Wroclaw";Yes;Yes;0,143;Q4;5;30;107;1407;15;104;0,15;46,90;51,72;0;4;Poland;Eastern Europe;"University of Wroclaw";"2019-2024";"History (Q2); Literature and Literary Theory (Q2); Anthropology (Q3); Cultural Studies (Q3); Philosophy (Q3); Sociology and Political Science (Q4)";"Arts and Humanities; Social Sciences"
1152;21100937582;"Economia y Politica";journal;"07194714, 07194803";"Universidad Adolfo Ibanez";Yes;Yes;0,142;Q4;4;0;28;0;8;28;0,30;0,00;0,00;0;0;Chile;Latin America;"Universidad Adolfo Ibanez";"2019-2023";"Cultural Studies (Q3); Economics and Econometrics (Q4); Political Science and International Relations (Q4); Sociology and Political Science (Q4)";"Economics, Econometrics and Finance; Social Sciences"
1153;21100892768;"Filozofija i Drustvo";journal;"03535738, 23348577";"University of Belgrade - Institute for Philosophy and Social Theory";Yes;Yes;0,142;Q4;4;38;141;1624;41;130;0,28;42,74;27,50;0;2;Serbia;Eastern Europe;"University of Belgrade - Institute for Philosophy and Social Theory";"2018-2024";"Philosophy (Q3); Sociology and Political Science (Q4)";"Arts and Humanities; Social Sciences"
1154;21101049052;"Jindal Global Law Review";journal;"09752498, 23644869";"Springer Science and Business Media B.V.";No;No;0,142;Q4;4;29;61;0;22;47;0,30;0,00;60,47;0;19;Germany;Western Europe;"Springer Science and Business Media B.V.";"2015-2017, 2020-2024";"Law (Q3); Sociology and Political Science (Q4)";"Social Sciences"
1155;19900192529;"Journal of Iberian and Latin American Research";journal;"21519668, 13260219";"Routledge";No;No;0,142;Q4;11;5;74;94;24;67;0,30;18,80;75,00;0;0;United Kingdom;Western Europe;"Routledge";"1995-2008, 2010-2024";"Literature and Literary Theory (Q2); Cultural Studies (Q3); Sociology and Political Science (Q4)";"Arts and Humanities; Social Sciences"
1156;23425;"Politicka Misao";journal;"18468721, 00323241";"Faculty of Political Sciences, University of Zagreb";Yes;No;0,142;Q4;11;19;89;792;30;83;0,28;41,68;20,00;0;4;Croatia;Eastern Europe;"Faculty of Political Sciences, University of Zagreb";"1985, 2015-2024";"History (Q2); Political Science and International Relations (Q4); Sociology and Political Science (Q4)";"Arts and Humanities; Social Sciences"
1157;18157;"Sojourn";journal;"17932858, 02179520";"ISEAS - Yusof Ishak Institute";No;No;0,142;Q4;24;19;51;686;28;46;0,52;36,11;33,33;0;1;Singapore;Asiatic Region;"ISEAS - Yusof Ishak Institute";"1988-1993, 1995-1996, 1999-2001, 2003-2024";"Anthropology (Q3); Sociology and Political Science (Q4)";"Social Sciences"
1158;19980;"Economic and Social Review";journal;"00129984";"Economic and Social Studies";No;No;0,141;Q4;33;20;38;969;21;37;0,52;48,45;40,00;0;17;Ireland;Western Europe;"Economic and Social Studies";"1979-2024";"Economics and Econometrics (Q4); Sociology and Political Science (Q4)";"Economics, Econometrics and Finance; Social Sciences"
1159;21101272595;"International Journal of Law and Society";journal;"28279050, 28279042";"CV Najaha";No;No;0,141;Q4;2;13;36;531;15;36;0,42;40,85;25,00;0;6;Indonesia;Asiatic Region;"CV Najaha";"2022-2024";"Arts and Humanities (miscellaneous) (Q3); Political Science and International Relations (Q4); Social Sciences (miscellaneous) (Q4); Sociology and Political Science (Q4)";"Arts and Humanities; Social Sciences"
1160;21101072517;"International Journal of Social Quality (United States)";journal;"17570352, 17570344";"Berghahn Journals";Yes;Yes;0,141;Q4;5;0;38;0;22;28;0,68;0,00;0,00;0;0;United Kingdom;Western Europe;"Berghahn Journals";"2019, 2021-2023";"Geography, Planning and Development (Q4); Health (social science) (Q4); Sociology and Political Science (Q4)";"Social Sciences"
1161;19700169859;"Journal for the Study of Radicalism";journal;"19301197, 19301189";"Michigan State University";No;No;0,141;Q4;13;6;43;546;16;35;0,31;91,00;37,50;0;1;United States;Northern America;"Michigan State University";"2010-2024";"History (Q2); Sociology and Political Science (Q4)";"Arts and Humanities; Social Sciences"
1162;5600155520;"Journal of Church and State";journal;"0021969X";"Oxford University Press";No;No;0,141;Q4;21;12;83;827;28;80;0,30;68,92;23,53;1;2;United States;Northern America;"Oxford University Press";"1959-1978, 1980-1992, 1994, 2002-2025";"History (Q2); Religious Studies (Q2); Sociology and Political Science (Q4)";"Arts and Humanities; Social Sciences"
1163;16608;"Slavonic and East European Review";journal;"00376795";"Maney Publishing";No;No;0,141;Q4;19;22;106;2284;20;106;0,20;103,82;45,83;0;0;United Kingdom;Western Europe;"Maney Publishing";"1971, 1979-1981, 1999, 2002-2024";"History (Q2); Literature and Literary Theory (Q2); Cultural Studies (Q3); Linguistics and Language (Q3); Sociology and Political Science (Q4)";"Arts and Humanities; Social Sciences"
1164;19400157211;"Civil Szemle";journal;"30042119, 17863341";"";No;No;0,140;Q4;4;39;50;1442;5;29;0,07;36,97;48,98;0;25;Hungary;Eastern Europe;"";"2008-2011, 2013, 2020-2025";"Political Science and International Relations (Q4); Public Administration (Q4); Sociology and Political Science (Q4)";"Social Sciences"
1165;21100815552;"Ideology and Politics Journal";journal;"22276068";"Foundation for Good Politics";Yes;Yes;0,140;Q4;6;20;67;914;25;67;0,26;45,70;58,62;0;1;Ukraine;Eastern Europe;"Foundation for Good Politics";"2016-2024";"Sociology and Political Science (Q4)";"Social Sciences"
1166;21100923520;"Avances del Cesor";journal;"15143899, 24226580";"Investigaciones-Sociohistoricas Regionales";Yes;Yes;0,139;Q4;4;17;56;1066;7;55;0,11;62,71;45,00;0;3;Argentina;Latin America;"Investigaciones-Sociohistoricas Regionales";"2019-2024";"History (Q2); Sociology and Political Science (Q4)";"Arts and Humanities; Social Sciences"
1167;21100889706;"Ekonomiaz";journal;"23404051, 02133865";"Servicio Central Publicaciones. Gobierno vasco";Yes;Yes;0,139;Q4;7;5;66;59;10;66;0,13;11,80;0,00;0;1;Spain;Western Europe;"Servicio Central Publicaciones. Gobierno vasco";"2016-2024";"Cultural Studies (Q3); Economics, Econometrics and Finance (miscellaneous) (Q4); Sociology and Political Science (Q4)";"Economics, Econometrics and Finance; Social Sciences"
1168;21101028122;"Esbocos";journal;"1414722X, 21757976";"Universidade Federal de Santa Catarina";Yes;Yes;0,139;Q4;5;33;113;1047;22;105;0,18;31,73;28,57;0;10;Brazil;Latin America;"Universidade Federal de Santa Catarina";"2019-2024";"History (Q2); Anthropology (Q3); History and Philosophy of Science (Q3); Sociology and Political Science (Q4)";"Arts and Humanities; Social Sciences"
1169;19556;"Holocaust and Genocide Studies";journal;"14767937, 87566583";"Oxford University Press";No;No;0,139;Q4;24;13;70;1502;32;66;0,38;115,54;76,92;0;3;United Kingdom;Western Europe;"Oxford University Press";"1986-2024";"History (Q2); Political Science and International Relations (Q4); Sociology and Political Science (Q4)";"Arts and Humanities; Social Sciences"
1170;21100784268;"International Human Rights Law Review";journal;"22131027, 22131035";"Brill Academic Publishers";No;No;0,139;Q4;10;14;32;2546;19;32;0,40;181,86;47,37;0;13;Netherlands;Western Europe;"Brill Academic Publishers";"2012-2024";"Law (Q3); Sociology and Political Science (Q4)";"Social Sciences"
1171;11600153439;"North Korean Review";journal;"15512789, 19412886";"McFarland and Company, Inc";No;No;0,139;Q4;10;7;38;287;15;33;0,20;41,00;100,00;0;3;United States;Northern America;"McFarland and Company, Inc";"2010-2017, 2019-2024";"History (Q2); Cultural Studies (Q3); Economics, Econometrics and Finance (miscellaneous) (Q4); Political Science and International Relations (Q4); Sociology and Political Science (Q4)";"Arts and Humanities; Economics, Econometrics and Finance; Social Sciences"
1172;14403;"Victorian Studies";journal;"15272052, 00425222";"Indiana University Press";No;No;0,139;Q4;29;19;87;484;24;76;0,23;25,47;50,00;0;1;United States;Northern America;"Indiana University Press";"1969-1972, 1976-1978, 1980-1982, 1984-1986, 1988, 1990-1992, 1995, 1999, 2001-2024";"History (Q2); Literature and Literary Theory (Q2); Visual Arts and Performing Arts (Q2); Cultural Studies (Q3); Philosophy (Q3); Sociology and Political Science (Q4)";"Arts and Humanities; Social Sciences"
1173;5800170561;"Mediterranean Historical Review";journal;"1743940X, 09518967";"Routledge";No;No;0,138;Q4;23;9;31;463;14;30;0,24;51,44;16,67;0;0;United Kingdom;Western Europe;"Routledge";"1986-2024";"History (Q2); Cultural Studies (Q3); Sociology and Political Science (Q4)";"Arts and Humanities; Social Sciences"
1174;5600152872;"Societes Contemporaines";journal;"11501944, 19506899";"Presses de Sciences Po";No;No;0,138;Q4;23;5;76;290;24;72;0,23;58,00;50,00;0;3;France;Western Europe;"Presses de Sciences Po";"2001-2024";"Sociology and Political Science (Q4)";"Social Sciences"
1175;19600157304;"Southeastern Europe";journal;"00944467, 18763332";"Brill Academic Publishers";No;No;0,138;Q4;15;0;43;0;27;37;0,46;0,00;0,00;0;0;Netherlands;Western Europe;"Brill Academic Publishers";"1976-1980, 1983-1990, 2002, 2005, 2007, 2009-2023";"History (Q2); Cultural Studies (Q3); Political Science and International Relations (Q4); Sociology and Political Science (Q4)";"Arts and Humanities; Social Sciences"
1176;21100901027;"Annali di Ca Foscari Serie Orientale";journal;"23853042";"Edizioni Ca' Foscari";Yes;Yes;0,137;Q4;3;23;101;1221;18;100;0,17;53,09;60,00;0;1;Italy;Western Europe;"Edizioni Ca' Foscari";"2018-2024";"Religious Studies (Q2); Cultural Studies (Q3); Linguistics and Language (Q3); Political Science and International Relations (Q4); Sociology and Political Science (Q4)";"Arts and Humanities; Social Sciences"
1177;21100786959;"Austrian Journal of Political Science";journal;"23135433";"Osterreichischen Gesellschaft fur Politikwissenschaft";Yes;Yes;0,137;Q4;11;8;19;272;9;19;0,09;34,00;40,00;0;0;Germany;Western Europe;"Osterreichischen Gesellschaft fur Politikwissenschaft";"2015-2025";"Sociology and Political Science (Q4)";"Social Sciences"
1178;19700169837;"America Latina Hoy";journal;"23404396, 11302887";"University of Salamanca";Yes;Yes;0,136;Q4;13;13;57;590;21;56;0,31;45,38;56,67;0;7;Spain;Western Europe;"University of Salamanca";"2011-2025";"History (Q2); Sociology and Political Science (Q4)";"Arts and Humanities; Social Sciences"
1179;21100265641;"Etica e Politica";journal;"18255167";"Universita di Trieste";Yes;Yes;0,136;Q4;8;37;231;1075;30;231;0,14;29,05;27,91;0;10;Italy;Western Europe;"Universita di Trieste";"2013-2024";"Philosophy (Q3); Sociology and Political Science (Q4)";"Arts and Humanities; Social Sciences"
1180;21100931308;"Labor: Studies in Working-Class History";journal;"15581454, 15476715";"Duke University Press";No;No;0,136;Q4;6;36;108;1432;16;90;0,13;39,78;48,48;0;1;United States;Northern America;"Duke University Press";"2019-2024";"History (Q2); Industrial Relations (Q4); Sociology and Political Science (Q4)";"Arts and Humanities; Business, Management and Accounting; Social Sciences"
1181;21100814517;"Space and Culture, India";journal;"20528396";"ACCB Publishing";Yes;No;0,136;Q4;16;35;94;1731;40;82;0,34;49,46;43,06;0;19;United Kingdom;Western Europe;"ACCB Publishing";"2013-2024";"Arts and Humanities (miscellaneous) (Q3); Cultural Studies (Q3); Development (Q4); Economics, Econometrics and Finance (miscellaneous) (Q4); Education (Q4); Gender Studies (Q4); Sociology and Political Science (Q4)";"Arts and Humanities; Economics, Econometrics and Finance; Social Sciences"
1182;21101043801;"Urban Social Work";journal;"24748684, 24748692";"Springer Publishing Company";No;No;0,136;Q4;5;12;51;452;9;42;0,27;37,67;66,67;0;4;United States;Northern America;"Springer Publishing Company";"2017-2024";"Health (social science) (Q4); Sociology and Political Science (Q4)";"Social Sciences"
1183;18400156703;"Actuel Marx";journal;"09944524";"Presses Universitaires de France";No;No;0,135;Q4;8;16;55;532;6;49;0,07;33,25;18,75;0;0;France;Western Europe;"Presses Universitaires de France";"2008-2024";"Philosophy (Q3); Economics and Econometrics (Q4); Sociology and Political Science (Q4)";"Arts and Humanities; Economics, Econometrics and Finance; Social Sciences"
1184;17600155220;"Geneses";journal;"11553219";"Editions Belin";No;No;0,135;Q4;25;16;62;670;23;60;0,16;41,88;36,84;0;0;France;Western Europe;"Editions Belin";"2000-2024";"History (Q2); Cultural Studies (Q3); Public Administration (Q4); Sociology and Political Science (Q4)";"Arts and Humanities; Social Sciences"
1185;19700188310;"Italian Culture";journal;"15590909, 01614622";"Maney Publishing";No;No;0,134;Q4;7;16;39;872;13;35;0,39;54,50;58,82;0;2;United Kingdom;Western Europe;"Maney Publishing";"1978, 1980-1981, 1983-1986, 1990-1995, 2009-2024";"Literature and Literary Theory (Q2); Visual Arts and Performing Arts (Q2); Cultural Studies (Q3); Sociology and Political Science (Q4)";"Arts and Humanities; Social Sciences"
1186;21100811505;"Symposion";journal;"23926260, 1584174X";"Gheorghe Zane Institute for Economic and Social Research, Romanian Academy, Iasi Branch";Yes;Yes;0,134;Q4;6;14;39;314;12;39;0,35;22,43;16,67;0;3;Romania;Eastern Europe;"Gheorghe Zane Institute for Economic and Social Research, Romanian Academy, Iasi Branch";"2014-2024";"Philosophy (Q3); Sociology and Political Science (Q4)";"Arts and Humanities; Social Sciences"
1187;21101021924;"Translocal Chinese: East Asian Perspectives";journal;"24522007, 24522015";"Brill Academic Publishers";No;No;0,134;Q4;4;10;33;433;9;27;0,31;43,30;33,33;0;2;Netherlands;Western Europe;"Brill Academic Publishers";"2016-2024";"History (Q2); Anthropology (Q3); Cultural Studies (Q3); Geography, Planning and Development (Q4); Sociology and Political Science (Q4)";"Arts and Humanities; Social Sciences"
1188;21101154806;"Proceedings of the European Conference on Management, Leadership and Governance";conference and proceedings;"2048903X, 20489021";"Academic Conferences and Publishing International Limited";No;No;0,134;-;4;91;141;3046;65;137;0,46;33,47;57,23;0;44;United Kingdom;Western Europe;"Academic Conferences and Publishing International Limited";"2022-2024";"Health (social science); Public Administration; Sociology and Political Science; Strategy and Management";"Business, Management and Accounting; Social Sciences"
1189;21100406907;"Africa Yearbook";book series;"18729037, 18712525";"Brill Academic Publishers";No;No;0,133;Q4;2;56;1;0;0;1;0,00;0,00;0,00;0;0;Netherlands;Western Europe;"Brill Academic Publishers";"2009-2020, 2022, 2024";"Political Science and International Relations (Q4); Sociology and Political Science (Q4)";"Social Sciences"
1190;21100243004;"Cahiers du Genre";journal;"19683928, 12986046";"L'Harmattan";No;No;0,133;Q4;12;31;63;835;18;61;0,09;26,94;69,44;0;12;France;Western Europe;"L'Harmattan";"2011-2024";"Demography (Q4); Gender Studies (Q4); Sociology and Political Science (Q4)";"Social Sciences"
1191;21101078107;"Children: Global Posthumanist Perspectives and Materialist Theories";book series;"25233416, 25233408";"Springer Nature";No;No;0,133;Q4;4;0;51;0;14;1;0,32;0,00;0,00;0;0;Singapore;Asiatic Region;"Springer Nature";"2019-2023";"Education (Q4); Sociology and Political Science (Q4)";"Social Sciences"
1192;21100451314;"Chinese and Comparative Law Series";book series;"22134875";"Brill Academic Publishers";No;No;0,133;Q4;4;2;16;1546;1;1;0,00;773,00;100,00;0;0;Netherlands;Western Europe;"Brill Academic Publishers";"2012, 2015, 2017-2024";"Law (Q4); Sociology and Political Science (Q4)";"Social Sciences"
1193;21101144492;"Contributions to International Relations";book series;"27315061, 2731507X";"Springer Nature";No;No;0,133;Q4;3;86;401;5954;55;1;0,11;69,23;0,00;0;29;Switzerland;Western Europe;"Springer Nature";"2021-2024";"Political Science and International Relations (Q4); Social Sciences (miscellaneous) (Q4); Sociology and Political Science (Q4)";"Social Sciences"
1194;21101198442;"Critical Cultural Studies of Childhood";book series;"2731636X, 27316378";"Palgrave Macmillan";No;No;0,133;Q4;7;17;55;609;18;1;0,33;35,82;0,00;0;3;United Kingdom;Western Europe;"Palgrave Macmillan";"2006, 2009-2012, 2014-2016, 2018-2019, 2023-2024";"Cultural Studies (Q3); Education (Q4); Life-span and Life-course Studies (Q4); Sociology and Political Science (Q4)";"Social Sciences"
1195;21100900553;"Cultural Studies and Transdisciplinarity in Education";book series;"23457708";"Springer Nature";No;No;0,133;Q4;8;0;59;0;12;1;0,36;0,00;0,00;0;0;United States;Northern America;"Springer Nature";"2014-2023";"Cultural Studies (Q3); Education (Q4); Sociology and Political Science (Q4)";"Social Sciences"
1196;5600153254;"Dirasat: Human and Social Sciences";journal;"10263721, 26636190";"The University of Jordan";No;No;0,133;Q4;8;313;854;8518;148;853;0,20;27,21;35,60;0;86;Jordan;Middle East;"The University of Jordan";"2007-2025";"Literature and Literary Theory (Q2); Arts and Humanities (miscellaneous) (Q3); Cultural Studies (Q3); Health (social science) (Q4); Social Sciences (miscellaneous) (Q4); Sociology and Political Science (Q4)";"Arts and Humanities; Social Sciences"
1197;21101028201;"Divergencia";journal;"07192398";"Taller de Historia Politica O.C.F.";No;Yes;0,133;Q4;3;16;44;818;4;41;0,07;51,13;20,00;0;4;Chile;Latin America;"Taller de Historia Politica O.C.F.";"2019-2024";"History (Q2); Sociology and Political Science (Q4)";"Arts and Humanities; Social Sciences"
1198;21100406310;"International Humanitarian Law Series";book series;"13896776";"Brill Academic Publishers";No;No;0,133;Q4;9;14;20;2355;7;1;0,35;168,21;33,33;0;1;Netherlands;Western Europe;"Brill Academic Publishers";"2006-2016, 2018-2020, 2022-2025";"Law (Q4); Political Science and International Relations (Q4); Sociology and Political Science (Q4)";"Social Sciences"
1199;21100258854;"International Journal of Interdisciplinary Social and Community Studies";journal;"23247584, 23247576";"Common Ground Research Networks";No;No;0,133;Q4;7;24;63;1072;25;63;0,46;44,67;40,35;0;18;United States;Northern America;"Common Ground Research Networks";"2012-2025";"Cultural Studies (Q3); Sociology and Political Science (Q4)";"Social Sciences"
1200;21100775395;"Journal of Information Technology Education: Discussion Cases";journal;"21661324, 21661316";"Informing Science Institute";No;No;0,133;Q4;2;0;1;0;0;1;0,00;0,00;0,00;0;0;United States;Northern America;"Informing Science Institute";"2012-2017, 2021";"Computer Science (miscellaneous) (Q4); Education (Q4); Sociology and Political Science (Q4)";"Computer Science; Social Sciences"
1201;21101232976;"Knowledge Hegemonies in the Early Modern World";book series;"27241394, 27241572";"Fondazione Universita Ca Foscari";No;No;0,133;Q4;1;0;2;0;0;1;0,00;0,00;0,00;0;0;Italy;Western Europe;"Fondazione Universita Ca Foscari";"2020, 2023";"History and Philosophy of Science (Q3); Philosophy (Q3); Physics and Astronomy (miscellaneous) (Q4); Sociology and Political Science (Q4)";"Arts and Humanities; Physics and Astronomy; Social Sciences"
1202;21100214706;"Review of Middle East Studies";journal;"23293225";"Cambridge University Press";No;No;0,133;Q4;11;1;67;66;16;61;0,16;66,00;100,00;0;0;United States;Northern America;"Cambridge University Press";"2007-2025";"History (Q2); Cultural Studies (Q3); Sociology and Political Science (Q4)";"Arts and Humanities; Social Sciences"
1203;21100427160;"Rulers and Elites";book series;"22114629, 22114610";"Brill Academic Publishers";No;No;0,133;Q4;10;0;11;0;3;1;0,00;0,00;0,00;0;0;Netherlands;Western Europe;"Brill Academic Publishers";"2011, 2013-2014, 2016-2021, 2023";"History (Q3); Economics, Econometrics and Finance (miscellaneous) (Q4); Sociology and Political Science (Q4)";"Arts and Humanities; Economics, Econometrics and Finance; Social Sciences"
1204;21100905630;"Series on Chinese Economics Research";book series;"22511644";"World Scientific";No;No;0,133;Q4;2;0;21;0;2;1;0,00;0,00;0,00;0;0;Singapore;Asiatic Region;"World Scientific";"2019-2021, 2023";"Economics, Econometrics and Finance (miscellaneous) (Q4); Political Science and International Relations (Q4); Sociology and Political Science (Q4)";"Economics, Econometrics and Finance; Social Sciences"
1205;21100856758;"Series on Contemporary China";book series;"17930847";"World Scientific";No;No;0,133;Q4;2;0;17;0;1;1;0,00;0,00;0,00;0;0;Singapore;Asiatic Region;"World Scientific";"2017-2021, 2023";"Anthropology (Q3); Cultural Studies (Q3); History (Q3); Economics, Econometrics and Finance (miscellaneous) (Q4); Political Science and International Relations (Q4); Sociology and Political Science (Q4)";"Arts and Humanities; Economics, Econometrics and Finance; Social Sciences"
1206;21100425312;"Social and Critical Theory";book series;"1572459X";"Brill Academic Publishers";No;No;0,133;Q4;11;0;12;0;0;1;0,00;0,00;0,00;0;0;Netherlands;Western Europe;"Brill Academic Publishers";"2007, 2009-2015, 2017-2021, 2023";"Philosophy (Q3); Sociology and Political Science (Q4)";"Arts and Humanities; Social Sciences"
1207;21101039099;"Societies and Political Orders in Transition";book series;"25112201, 2511221X";"Springer Science and Business Media Deutschland GmbH";No;No;0,133;Q4;20;0;182;0;167;1;1,22;0,00;0,00;0;0;Netherlands;Western Europe;"Springer Science and Business Media Deutschland GmbH";"2017-2023";"Development (Q4); Economics, Econometrics and Finance (miscellaneous) (Q4); Sociology and Political Science (Q4)";"Economics, Econometrics and Finance; Social Sciences"
1208;21100406934;"Studies in Global Social History";book series;"18746705";"Brill Academic Publishers";No;No;0,133;Q4;11;41;90;3242;14;1;0,11;79,07;0,00;0;31;Netherlands;Western Europe;"Brill Academic Publishers";"2008-2024";"Cultural Studies (Q3); History (Q3); Demography (Q4); Sociology and Political Science (Q4)";"Arts and Humanities; Social Sciences"
1209;21100423705;"Studies in Public and Non-Profit Governance";book series;"20516630, 20516649";"Emerald Group Publishing Ltd.";No;No;0,133;Q4;10;0;7;0;4;1;0,57;0,00;0,00;0;0;United Kingdom;Western Europe;"Emerald Group Publishing Ltd.";"2013-2016, 2018, 2023";"Public Administration (Q4); Sociology and Political Science (Q4)";"Social Sciences"
1210;5700160810;"Boundary 2";journal;"01903659, 15272141";"Duke University Press";No;No;0,132;Q4;31;33;123;1080;33;104;0,31;32,73;41,94;0;0;United States;Northern America;"Duke University Press";"2002-2024";"Literature and Literary Theory (Q2); Cultural Studies (Q3); History (Q3); Sociology and Political Science (Q4)";"Arts and Humanities; Social Sciences"
1211;20500195077;"Historia Constitucional";journal;"15764729";"Seminario de Historia Constitucional "MartÃ­nez Marina"";Yes;Yes;0,132;Q4;8;44;107;4979;10;106;0,06;113,16;28,89;0;13;Spain;Western Europe;"Seminario de Historia Constitucional "MartÃ­nez Marina"";"2011-2024";"History (Q3); Law (Q4); Political Science and International Relations (Q4); Sociology and Political Science (Q4)";"Arts and Humanities; Social Sciences"
1212;5600156881;"Intellectual Discourse";journal;"22895639, 01284878";"International Islamic University Malaysia";Yes;No;0,132;Q4;14;26;82;1091;30;74;0,23;41,96;24,49;0;12;Malaysia;Asiatic Region;"International Islamic University Malaysia";"2011-2025";"Philosophy (Q3); Sociology and Political Science (Q4)";"Arts and Humanities; Social Sciences"
1213;21100227421;"Quinto Sol";journal;"03292665, 18512879";"Universidad Nacional de La Pampa";Yes;Yes;0,132;Q4;7;34;83;945;8;81;0,11;27,79;57,14;0;5;Argentina;Latin America;"Universidad Nacional de La Pampa";"2012-2025";"Cultural Studies (Q3); History (Q3); Sociology and Political Science (Q4)";"Arts and Humanities; Social Sciences"
1214;21100278321;"International Journal of China Studies";journal;"21803250";"Institute of China Studies, University of Malaya";No;No;0,131;Q4;14;15;37;625;16;37;0,33;41,67;42,11;0;5;Malaysia;Asiatic Region;"Institute of China Studies, University of Malaya";"2010-2024";"Cultural Studies (Q3); Political Science and International Relations (Q4); Sociology and Political Science (Q4)";"Social Sciences"
1215;15671;"Journal of Political and Military Sociology";journal;"00472697";"Journal of Political and Military Sociology";No;No;0,131;Q4;22;4;27;210;8;27;0,17;52,50;33,33;0;3;United States;Northern America;"Journal of Political and Military Sociology";"1996-2017, 2019-2023";"Social Sciences (miscellaneous) (Q4); Sociology and Political Science (Q4)";"Social Sciences"
1216;19900191837;"Parliaments, Estates and Representation";journal;"1947248X, 02606755";"Taylor and Francis Ltd.";No;No;0,131;Q4;9;26;57;345;16;52;0,35;13,27;48,39;0;11;United Kingdom;Western Europe;"Taylor and Francis Ltd.";"1981-2024";"History (Q3); Sociology and Political Science (Q4)";"Arts and Humanities; Social Sciences"
1217;19400157126;"Secuencia";journal;"23958464, 01860348";"Instituto de Investigaciones Dr. Jose Maria Luis Mora";Yes;Yes;0,131;Q4;5;22;148;1000;16;147;0,12;45,45;23,81;0;11;Mexico;Latin America;"Instituto de Investigaciones Dr. Jose Maria Luis Mora";"1987, 1989, 2001-2002, 2016-2025";"Cultural Studies (Q3); History (Q3); Sociology and Political Science (Q4)";"Arts and Humanities; Social Sciences"
1218;21100403807;"African Journal of Legal Studies";journal;"17087384, 22109730";"Brill Academic Publishers";No;No;0,130;Q4;14;19;63;2123;14;56;0,26;111,74;33,33;0;7;Netherlands;Western Europe;"Brill Academic Publishers";"2004-2006, 2008-2009, 2011-2024";"Law (Q4); Political Science and International Relations (Q4); Sociology and Political Science (Q4)";"Social Sciences"
1219;21081;"Contributions to Political Economy";journal;"14643588, 02775921";"Oxford University Press";No;No;0,130;Q4;22;12;27;742;14;26;0,38;61,83;46,67;0;0;United Kingdom;Western Europe;"Oxford University Press";"1982-2003, 2005-2024";"Economics and Econometrics (Q4); Sociology and Political Science (Q4)";"Economics, Econometrics and Finance; Social Sciences"
1220;5700162645;"Jewish Culture and History";journal;"1462169X";"Routledge";No;No;0,130;Q4;6;29;73;46;18;66;0,15;1,59;46,43;0;2;United Kingdom;Western Europe;"Routledge";"1999, 2001, 2014-2025";"Cultural Studies (Q3); History (Q3); Sociology and Political Science (Q4)";"Arts and Humanities; Social Sciences"
1221;21100897230;"Studies in Church History";book series;"04242084, 20590644";"Cambridge University Press";No;No;0,130;Q4;5;26;61;2338;16;57;0,30;89,92;45,45;0;3;United Kingdom;Western Europe;"Cambridge University Press";"2018-2024";"History (Q3); Religious Studies (Q3); Sociology and Political Science (Q4)";"Arts and Humanities; Social Sciences"
1222;5600153156;"Eastern European Countryside";book series;"12328855";"De Gruyter Open Ltd.";Yes;No;0,129;Q4;12;0;19;0;8;19;0,38;0,00;0,00;0;0;Germany;Western Europe;"De Gruyter Open Ltd.";"2009-2022";"Geography, Planning and Development (Q4); Sociology and Political Science (Q4)";"Social Sciences"
1223;21101174187;"Journal of Global Diaspora and Media";journal;"26325853, 26325861";"Intellect Ltd.";No;No;0,129;Q4;3;0;26;0;15;22;0,41;0,00;0,00;0;0;United Kingdom;Western Europe;"Intellect Ltd.";"2020-2023";"Communication (Q4); Political Science and International Relations (Q4); Social Sciences (miscellaneous) (Q4); Sociology and Political Science (Q4)";"Social Sciences"
1224;16957;"Analise Social";journal;"00032573";"Instituto de Ciencias Sociais da Universidade de Lisboa";Yes;Yes;0,128;Q4;20;44;110;2623;20;103;0,22;59,61;41,89;0;9;Portugal;Western Europe;"Instituto de Ciencias Sociais da Universidade de Lisboa";"1977-1978, 1981-1984, 1990, 1993-1994, 1996-2024";"History (Q3); Political Science and International Relations (Q4); Social Sciences (miscellaneous) (Q4); Sociology and Political Science (Q4)";"Arts and Humanities; Social Sciences"
1225;21101041549;"Contradictions";journal;"25707485";"Filosoficky Ustav AV CR";No;No;0,128;Q4;3;0;60;0;5;51;0,11;0,00;0,00;0;0;Czech Republic;Eastern Europe;"Filosoficky Ustav AV CR";"2017-2023";"History (Q3); Philosophy (Q3); Sociology and Political Science (Q4)";"Arts and Humanities; Social Sciences"
1226;5800159959;"Indonesia";journal;"00197289";"Cornell University";No;No;0,128;Q4;17;15;34;287;12;28;0,36;19,13;43,75;0;3;United States;Northern America;"Cornell University";"2011-2024";"Cultural Studies (Q3); History (Q3); Sociology and Political Science (Q4)";"Arts and Humanities; Social Sciences"
1227;21100891827;"Journal of African Union Studies";journal;"20504306, 20504292";"Adonis &amp; Abbey Publishers Ltd.";No;No;0,128;Q4;8;16;59;802;13;56;0,27;50,13;39,39;0;12;United Kingdom;Western Europe;"Adonis &amp; Abbey Publishers Ltd.";"2012-2024";"Development (Q4); Political Science and International Relations (Q4); Sociology and Political Science (Q4)";"Social Sciences"
1228;21101190206;"Journal of Islamic and Muslim Studies";journal;"24707074, 24707066";"Indiana University Press";No;No;0,128;Q4;3;5;31;28;8;26;0,26;5,60;60,00;0;0;United States;Northern America;"Indiana University Press";"2019-2024";"Anthropology (Q3); Cultural Studies (Q3); Social Sciences (miscellaneous) (Q4); Sociology and Political Science (Q4)";"Social Sciences"
1229;18775;"Sociologie du Travail";journal;"00380296";"Elsevier Masson s.r.l.";No;No;0,128;Q4;30;41;154;1287;16;151;0,09;31,39;43,75;0;7;France;Western Europe;"Elsevier Masson s.r.l.";"1972, 1980, 1988, 1994-2024";"Industrial Relations (Q4); Sociology and Political Science (Q4)";"Business, Management and Accounting; Social Sciences"
1230;21100222908;"Filosofia Politica";journal;"03947297";"Il Mulino publishing house";No;No;0,127;Q4;4;35;95;1941;6;89;0,06;55,46;28,95;0;3;Italy;Western Europe;"Il Mulino publishing house";"2012-2024";"History (Q3); Philosophy (Q3); Sociology and Political Science (Q4)";"Arts and Humanities; Social Sciences"
1231;21101263031;"Humanimalia";journal;"21518645";"OpenJournals";Yes;Yes;0,127;Q4;3;15;26;621;8;23;0,31;41,40;57,14;0;2;Netherlands;Western Europe;"OpenJournals";"2020, 2022-2024";"Cultural Studies (Q3); Gender Studies (Q4); Social Sciences (miscellaneous) (Q4); Sociology and Political Science (Q4)";"Social Sciences"
1232;17700154915;"Multitudes";journal;"17775841, 02920107";"Association Multitudes";No;No;0,127;Q4;14;70;260;566;21;235;0,04;8,09;47,27;0;2;France;Western Europe;"Association Multitudes";"2000-2024";"Philosophy (Q3); Sociology and Political Science (Q4)";"Arts and Humanities; Social Sciences"
1233;21101163298;"Women, Gender, and Families of Color";journal;"23260947, 23260939";"University of Illinois Press";No;No;0,127;Q4;4;0;28;0;7;25;0,14;0,00;0,00;0;0;United States;Northern America;"University of Illinois Press";"2019-2023";"Cultural Studies (Q3); History (Q3); Gender Studies (Q4); Sociology and Political Science (Q4)";"Arts and Humanities; Social Sciences"
1234;21100900373;"Asian International Studies Review";journal;"12268240";"Brill Academic Publishers";No;No;0,126;Q4;6;9;31;592;6;30;0,20;65,78;42,86;0;2;Netherlands;Western Europe;"Brill Academic Publishers";"2018-2024";"Cultural Studies (Q3); History (Q3); Business and International Management (Q4); Industrial Relations (Q4); Sociology and Political Science (Q4)";"Arts and Humanities; Business, Management and Accounting; Social Sciences"
1235;21101044796;"Confluences Mediterranee";journal;"11482664, 21025991";"Pepper-L'Harmattan";No;No;0,126;Q4;4;31;92;905;17;85;0,22;29,19;30,43;0;12;France;Western Europe;"Pepper-L'Harmattan";"2019-2024";"Political Science and International Relations (Q4); Sociology and Political Science (Q4)";"Social Sciences"
1236;19300156907;"Feministische Studien";journal;"23659920, 07235186";"Walter de Gruyter GmbH";No;No;0,126;Q4;8;28;97;364;15;86;0,11;13,00;79,31;0;1;Germany;Western Europe;"Walter de Gruyter GmbH";"2008-2024";"Gender Studies (Q4); Sociology and Political Science (Q4)";"Social Sciences"
1237;21100202947;"History of Economic Ideas";journal;"11228792, 17242169";"Fabrizio Serra Editore Srl";No;No;0,126;Q4;9;16;60;973;9;53;0,10;60,81;30,00;0;2;Italy;Western Europe;"Fabrizio Serra Editore Srl";"2011-2024";"History (Q3); Economics and Econometrics (Q4); Sociology and Political Science (Q4)";"Arts and Humanities; Economics, Econometrics and Finance; Social Sciences"
1238;20067;"Irish Economic and Social History";journal;"03324893, 20504918";"SAGE Publications Inc.";No;No;0,126;Q4;7;7;25;0;5;25;0,00;0,00;44,44;0;2;United Kingdom;Western Europe;"SAGE Publications Inc.";"1975-1976, 1979, 1999-2024";"History (Q3); Sociology and Political Science (Q4)";"Arts and Humanities; Social Sciences"
1239;5600156553;"Journal of Pacific History";journal;"00223344";"Taylor and Francis Ltd.";No;No;0,126;Q4;23;30;71;123;28;67;0,35;4,10;27,91;2;9;United Kingdom;Western Europe;"Taylor and Francis Ltd.";"1966-2025";"Cultural Studies (Q3); History (Q3); Sociology and Political Science (Q4)";"Arts and Humanities; Social Sciences"
1240;16000154770;"Tijdschrift voor Sociale en Economische Geschiedenis";journal;"15721701";"International Institute of Social History";Yes;Yes;0,126;Q4;15;19;62;1193;16;60;0,14;62,79;26,32;0;4;Netherlands;Western Europe;"International Institute of Social History";"2004-2024";"History (Q3); Economics, Econometrics and Finance (miscellaneous) (Q4); Sociology and Political Science (Q4)";"Arts and Humanities; Economics, Econometrics and Finance; Social Sciences"
1241;21100887850;"Estudos Historicos";journal;"01032186, 21781494";"Fundacao Getulio Vargas";Yes;Yes;0,125;Q4;6;39;80;1629;20;68;0,14;41,77;44,19;0;8;Brazil;Latin America;"Fundacao Getulio Vargas";"2018-2024";"Literature and Literary Theory (Q2); Cultural Studies (Q3); History (Q3); Sociology and Political Science (Q4)";"Arts and Humanities; Social Sciences"
1242;21100876243;"Itinerarios";journal;"15077241";"University of Warsaw";No;No;0,125;Q4;4;15;96;464;12;96;0,16;30,93;63,16;0;3;Poland;Eastern Europe;"University of Warsaw";"2018-2024";"Literature and Literary Theory (Q2); History (Q3); Linguistics and Language (Q3); Anthropology (Q4); Sociology and Political Science (Q4)";"Arts and Humanities; Social Sciences"
1243;21101075056;"Redescriptions: Political Thought, Conceptual History and Feminist Theory";journal;"23080914, 23080906";"Helsinki University Press";Yes;Yes;0,125;Q4;4;13;30;655;20;24;0,70;50,38;40,00;1;3;Finland;Western Europe;"Helsinki University Press";"2021-2024";"History (Q3); Gender Studies (Q4); Sociology and Political Science (Q4)";"Arts and Humanities; Social Sciences"
1244;21101133220;"Sortuz";journal;"19880847";"Onati International Institute for the Sociology of Law";Yes;Yes;0,125;Q4;2;26;32;1135;10;31;0,34;43,65;51,43;0;12;Spain;Western Europe;"Onati International Institute for the Sociology of Law";"2019, 2021-2024";"Law (Q4); Sociology and Political Science (Q4)";"Social Sciences"
1245;21101270126;"Vierteljahrschrift fur Sozial und Wirtschaftsgeschichte";journal;"03408728, 03410846";"Franz Steiner Verlag GmbH";No;No;0,125;Q4;8;71;175;1466;13;175;0,03;20,65;14,49;0;10;Germany;Western Europe;"Franz Steiner Verlag GmbH";"2002-2024";"Cultural Studies (Q3); History (Q3); Economics, Econometrics and Finance (miscellaneous) (Q4); Sociology and Political Science (Q4)";"Arts and Humanities; Economics, Econometrics and Finance; Social Sciences"
1246;20600195060;"Cadernos de Linguagem e Sociedade";journal;"01049712, 21794790";"";No;No;0,124;Q4;4;18;128;360;7;121;0,08;20,00;47,83;0;3;Brazil;Latin America;"";"2012-2024";"Linguistics and Language (Q3); Sociology and Political Science (Q4)";"Social Sciences"
1247;21100455214;"Caritas et Veritas";journal;"18050948";"University of South Bohemia";Yes;No;0,124;Q4;3;13;73;646;11;70;0,06;49,69;66,67;0;5;Czech Republic;Eastern Europe;"University of South Bohemia";"2015-2024";"Philosophy (Q3); Religious Studies (Q3); Education (Q4); Sociology and Political Science (Q4)";"Arts and Humanities; Social Sciences"
1248;21101146416;"Journal on Ethnopolitics and Minority Issues in Europe";journal;"16175247";"European Centre for Minority Issues";Yes;Yes;0,124;Q4;3;14;31;746;17;30;0,70;53,29;40,00;0;4;Germany;Western Europe;"European Centre for Minority Issues";"2019-2024";"Cultural Studies (Q3); Political Science and International Relations (Q4); Social Sciences (miscellaneous) (Q4); Sociology and Political Science (Q4)";"Social Sciences"
1249;12100156089;"Ljetopis Socijalnog Rada";journal;"18465412";"University of Zagreb";Yes;Yes;0,124;Q4;12;15;77;634;21;73;0,24;42,27;83,33;0;6;Croatia;Eastern Europe;"University of Zagreb";"2008-2024";"Developmental and Educational Psychology (Q4); Education (Q4); Social Work (Q4); Sociology and Political Science (Q4)";"Psychology; Social Sciences"
1250;16583;"Quaderni Storici";journal;"03016307";"Societa Editrice Il Mulino";No;No;0,124;Q4;13;20;98;1817;18;95;0,05;90,85;40,00;0;2;Italy;Western Europe;"Societa Editrice Il Mulino";"1976-1977, 1979-1987, 1999, 2001-2024";"History (Q3); Sociology and Political Science (Q4)";"Arts and Humanities; Social Sciences"
1251;21100842804;"Sociologia Urbana e Rurale";journal;"03924939, 19718403";"FrancoAngeli Edizioni";No;No;0,124;Q4;7;35;102;1511;15;102;0,05;43,17;49,29;0;18;Italy;Western Europe;"FrancoAngeli Edizioni";"2017-2024";"Demography (Q4); Geography, Planning and Development (Q4); Nature and Landscape Conservation (Q4); Sociology and Political Science (Q4); Urban Studies (Q4)";"Environmental Science; Social Sciences"
1252;5600152882;"Cultures et Conflits";journal;"17775345, 1157996X";"Pepper-L'Harmattan";No;No;0,123;Q4;8;8;42;399;10;40;0,07;49,88;40,00;0;0;France;Western Europe;"Pepper-L'Harmattan";"1997, 2016-2024";"Law (Q4); Political Science and International Relations (Q4); Sociology and Political Science (Q4)";"Social Sciences"
1253;16445;"Mouvement Social";journal;"00272671, 19618646";"Association Le Movement social";No;No;0,123;Q4;15;35;238;2235;15;227;0,04;63,86;32,50;0;8;France;Western Europe;"Association Le Movement social";"1975, 1978-1980, 1983, 1987, 1996-2024";"History (Q3); Sociology and Political Science (Q4)";"Arts and Humanities; Social Sciences"
1254;18035;"Sociologia (Italy)";journal;"00380156";"Gangemi Editore S.p.A.";No;No;0,123;Q4;5;42;115;1353;6;59;0,04;32,21;48,48;0;8;Italy;Western Europe;"Gangemi Editore S.p.A.";"1996-2024";"Sociology and Political Science (Q4)";"Social Sciences"
1255;21100244904;"Studia Universitatis Babes-Bolyai Sociologia";journal;"20660464, 12248703";"Universitatea Babes-Bolyai";Yes;Yes;0,123;Q4;7;0;31;0;15;30;0,55;0,00;0,00;0;0;Romania;Eastern Europe;"Universitatea Babes-Bolyai";"2013-2023";"Sociology and Political Science (Q4)";"Social Sciences"
1256;5700161893;"Revue Internationale de Politique Comparee";journal;"13700731, 17821533";"De Boeck Supérieur";No;No;0,122;Q4;15;0;58;0;11;56;0,08;0,00;0,00;0;0;Belgium;Western Europe;"De Boeck Supérieur";"2001-2023";"Political Science and International Relations (Q4); Sociology and Political Science (Q4)";"Social Sciences"
1257;100147340;"Socialism and Democracy";journal;"08854300, 17452635";"Taylor and Francis Ltd.";No;No;0,122;Q4;19;21;79;383;16;72;0,20;18,24;15,00;0;2;United Kingdom;Western Europe;"Taylor and Francis Ltd.";"1985-1992, 1995-1997, 1999, 2001-2002, 2004-2024";"Sociology and Political Science (Q4)";"Social Sciences"
1258;5700168298;"Souls";journal;"10999949, 15483843";"Taylor and Francis Ltd.";No;No;0,122;Q4;26;0;25;0;4;21;0,33;0,00;0,00;0;0;United Kingdom;Western Europe;"Taylor and Francis Ltd.";"1999-2000, 2002-2022";"Cultural Studies (Q3); Sociology and Political Science (Q4)";"Social Sciences"
1259;21101104841;"Topos";journal;"2538886X";"European Humanities University";Yes;Yes;0,122;Q4;2;16;69;740;12;63;0,23;46,25;40,00;0;3;Lithuania;Eastern Europe;"European Humanities University";"2019-2024";"Cultural Studies (Q3); Philosophy (Q3); Sociology and Political Science (Q4)";"Arts and Humanities; Social Sciences"
1260;21100854425;"Annals of the Fondazione Luigi Einaudi";journal;"25324969";"Casa Editrice Leo S. Olschki";No;No;0,121;Q4;7;0;84;0;15;69;0,04;0,00;0,00;0;0;Italy;Western Europe;"Casa Editrice Leo S. Olschki";"2017-2023";"History (Q3); Economics, Econometrics and Finance (miscellaneous) (Q4); Social Sciences (miscellaneous) (Q4); Sociology and Political Science (Q4)";"Arts and Humanities; Economics, Econometrics and Finance; Social Sciences"
1261;21100307490;"Cahiers des Ameriques Latines";book series;"11417161";"Institut des Hautes Etudes de l'Amerique Latine (IHEAL)";Yes;Yes;0,121;Q4;7;17;125;898;19;107;0,13;52,82;42,11;0;5;France;Western Europe;"Institut des Hautes Etudes de l'Amerique Latine (IHEAL)";"1972, 1976, 1979, 1987, 2001-2002, 2012-2024";"Cultural Studies (Q3); Demography (Q4); Sociology and Political Science (Q4); Urban Studies (Q4)";"Social Sciences"
1262;21101021441;"European Journal of American Studies";journal;"19919336";"European Association for American Studies";Yes;Yes;0,121;Q4;5;40;145;1388;32;140;0,16;34,70;72,97;0;4;France;Western Europe;"European Association for American Studies";"2018-2024";"Literature and Literary Theory (Q2); Cultural Studies (Q3); History (Q3); Geography, Planning and Development (Q4); Social Sciences (miscellaneous) (Q4); Sociology and Political Science (Q4)";"Arts and Humanities; Social Sciences"
1263;22166;"Osteuropa";journal;"00306428";"Berliner Wissenschafts-Verlag";No;No;0,121;Q4;12;99;295;3918;23;276;0,07;39,58;27,84;0;0;Germany;Western Europe;"Berliner Wissenschafts-Verlag";"1974, 1976, 1978-1979, 1984, 1986, 1996-2024";"Sociology and Political Science (Q4)";"Social Sciences"
1264;21101149133;"Res Publica. Revista de Historia de las Ideas Politicas";journal;"15764184, 19896115";"Universidad Complutense Madrid";No;Yes;0,121;Q4;4;34;143;1034;19;133;0,11;30,41;42,42;0;13;Spain;Western Europe;"Universidad Complutense Madrid";"2019-2024";"Philosophy (Q3); Sociology and Political Science (Q4)";"Arts and Humanities; Social Sciences"
1265;21100291843;"Seoul Journal of Korean Studies";journal;"12250201";"Kyujanggak Institute for Korean Studies, Seoul National University";No;No;0,121;Q4;4;14;55;646;9;47;0,13;46,14;27,27;0;2;South Korea;Asiatic Region;"Kyujanggak Institute for Korean Studies, Seoul National University";"2013-2024";"Archeology (Q3); Arts and Humanities (miscellaneous) (Q3); Cultural Studies (Q3); Linguistics and Language (Q3); Sociology and Political Science (Q4)";"Arts and Humanities; Social Sciences"
1266;5600153212;"Durkheimian Studies";journal;"17522307, 1362024X";"Berghahn Journals";No;No;0,120;Q4;7;0;22;0;3;22;0,00;0,00;0,00;0;0;United Kingdom;Western Europe;"Berghahn Journals";"2011-2015, 2017, 2020-2023";"Philosophy (Q3); Religious Studies (Q3); Anthropology (Q4); Sociology and Political Science (Q4)";"Arts and Humanities; Social Sciences"
1267;5600156482;"Dutch Crossing";journal;"03096564";"Maney Publishing";No;No;0,120;Q4;7;13;54;368;13;43;0,31;28,31;41,67;0;1;United Kingdom;Western Europe;"Maney Publishing";"2011-2025";"Arts and Humanities (miscellaneous) (Q3); Cultural Studies (Q3); Sociology and Political Science (Q4)";"Arts and Humanities; Social Sciences"
1268;21100258625;"International Journal of Diverse Identities";journal;"23277866, 23278560";"Common Ground Research Networks";No;No;0,120;Q4;3;6;12;325;7;12;0,88;54,17;46,67;0;1;United States;Northern America;"Common Ground Research Networks";"2013-2025";"Cultural Studies (Q3); Anthropology (Q4); Gender Studies (Q4); Sociology and Political Science (Q4)";"Social Sciences"
1269;5700165614;"Journal of Middle East Women's Studies";journal;"15525864";"Duke University Press";No;No;0,120;Q4;15;29;100;1005;23;92;0,21;34,66;66,67;0;12;United States;Northern America;"Duke University Press";"2013-2024";"Cultural Studies (Q3); History (Q3); Gender Studies (Q4); Sociology and Political Science (Q4)";"Arts and Humanities; Social Sciences"
1270;21101090844;"Revista del Ministerio de Trabajo y Economia Social";journal;"26604655, 26604647";"Ministerio de Empleo y Seguridad Social";No;No;0,120;Q4;2;0;119;0;12;111;0,10;0,00;0,00;0;0;Spain;Western Europe;"Ministerio de Empleo y Seguridad Social";"2020-2023";"Demography (Q4); Economics, Econometrics and Finance (miscellaneous) (Q4); Law (Q4); Sociology and Political Science (Q4)";"Economics, Econometrics and Finance; Social Sciences"
1271;21100206613;"Passato e Presente";journal;"19725493, 11200650";"FrancoAngeli Edizioni";No;No;0,119;Q4;6;30;115;1359;12;115;0,06;45,30;32,14;0;6;Italy;Western Europe;"FrancoAngeli Edizioni";"2011-2024";"History (Q3); Sociology and Political Science (Q4)";"Arts and Humanities; Social Sciences"
1272;21100900136;"Perspectiva Teologica";journal;"21768757, 01024469";"Faculdade Jesuita de Filosofia e Teologia";Yes;Yes;0,119;Q4;4;56;111;1763;9;102;0,08;31,48;16,33;0;1;Brazil;Latin America;"Faculdade Jesuita de Filosofia e Teologia";"2018-2024";"Philosophy (Q3); Religious Studies (Q3); Education (Q4); Sociology and Political Science (Q4)";"Arts and Humanities; Social Sciences"
1273;21100813711;"Ragion Pratica";journal;"17202396";"Societa Editrice Il Mulino";No;No;0,119;Q4;6;23;89;1426;12;89;0,18;62,00;55,17;0;9;Italy;Western Europe;"Societa Editrice Il Mulino";"2016-2024";"Philosophy (Q3); Law (Q4); Sociology and Political Science (Q4)";"Arts and Humanities; Social Sciences"
1274;17100154728;"African Diaspora";book series;"18725457, 18725465";"Brill Academic Publishers";Yes;No;0,118;Q4;21;2;21;41;6;18;0,29;20,50;100,00;0;0;Netherlands;Western Europe;"Brill Academic Publishers";"2008-2016, 2018-2024";"Cultural Studies (Q3); History (Q3); Linguistics and Language (Q3); Sociology and Political Science (Q4)";"Arts and Humanities; Social Sciences"
1275;21100241803;"Amme Idaresi Dergisi";journal;"13001795";"Turkiye ve Orta Dogu Amme Idaresi Enstitusu";No;No;0,118;Q4;8;16;45;972;8;45;0,27;60,75;37,50;0;7;Turkey;Middle East;"Turkiye ve Orta Dogu Amme Idaresi Enstitusu";"2008-2024";"Public Administration (Q4); Sociology and Political Science (Q4)";"Social Sciences"
1276;5700177049;"CR: The New Centennial Review";journal;"1532687X, 15396630";"Michigan State University, Department of English";No;No;0,118;Q4;23;0;94;0;13;78;0,15;0,00;0,00;0;0;United States;Northern America;"Michigan State University, Department of English";"2002-2023";"Literature and Literary Theory (Q2); Cultural Studies (Q3); Sociology and Political Science (Q4)";"Arts and Humanities; Social Sciences"
1277;5600155082;"Cultural Critique";journal;"15345203, 08824371";"University of Minnesota Press";No;No;0,118;Q4;30;31;91;1249;19;81;0,15;40,29;36,00;0;0;United States;Northern America;"University of Minnesota Press";"2002-2024";"Literature and Literary Theory (Q2); Cultural Studies (Q3); Philosophy (Q3); Anthropology (Q4); Sociology and Political Science (Q4)";"Arts and Humanities; Social Sciences"
1278;20300195060;"Journal of Song-Yuan Studies";journal;"21546665, 10593152";"Society for Song, Yuan, and Conquest Dynasties Studies";No;No;0,118;Q4;7;8;43;1164;3;40;0,00;145,50;57,14;0;0;United States;Northern America;"Society for Song, Yuan, and Conquest Dynasties Studies";"2010-2012, 2014-2015, 2019-2024";"Literature and Literary Theory (Q2); Cultural Studies (Q3); History (Q3); Sociology and Political Science (Q4)";"Arts and Humanities; Social Sciences"
1279;21101039620;"Archivos de Historia del Movimiento Obrero y la Izquierda";journal;"26839601, 23139749";"Centro de Estudios Historicos de los Trabajadores y las Izquierdas";Yes;Yes;0,117;Q4;4;24;58;534;13;45;0,13;22,25;40,91;0;4;Argentina;Latin America;"Centro de Estudios Historicos de los Trabajadores y las Izquierdas";"2019-2024";"History (Q3); Sociology and Political Science (Q4)";"Arts and Humanities; Social Sciences"
1280;21100901025;"Derrida Today";journal;"17548519, 17548500";"Edinburgh University Press";No;No;0,117;Q4;11;22;43;361;8;37;0,10;16,41;20,00;0;1;United Kingdom;Western Europe;"Edinburgh University Press";"2008-2024";"Philosophy (Q3); Sociology and Political Science (Q4)";"Arts and Humanities; Social Sciences"
1281;7200153149;"Journal of Jewish Thought and Philosophy";journal;"1053699X, 1477285X";"Brill Academic Publishers";No;No;0,117;Q4;12;11;40;894;7;37;0,25;81,27;10,00;0;0;Netherlands;Western Europe;"Brill Academic Publishers";"1993-1995, 1997-2004, 2006-2024";"Literature and Literary Theory (Q2); Cultural Studies (Q3); Philosophy (Q3); Religious Studies (Q3); Anthropology (Q4); Sociology and Political Science (Q4)";"Arts and Humanities; Social Sciences"
1282;21100254486;"Studia Politica";journal;"15824551";"Institute for Political Research of the Department of Political Science, University of Bucharest";No;No;0,117;Q4;6;5;47;0;9;45;0,18;0,00;14,29;0;2;Romania;Eastern Europe;"Institute for Political Research of the Department of Political Science, University of Bucharest";"2013-2024";"Political Science and International Relations (Q4); Sociology and Political Science (Q4)";"Social Sciences"
1283;21100455681;"Analele Universitatii din Bucuresti, Seria Stiinte Politice";journal;"15822486, 28218078";"Institute for Political Research of the Department of Political Science, University of Bucharest";Yes;Yes;0,116;Q4;3;0;21;0;4;21;0,33;0,00;0,00;0;0;Romania;Eastern Europe;"Institute for Political Research of the Department of Political Science, University of Bucharest";"2015-2022";"Political Science and International Relations (Q4); Sociology and Political Science (Q4)";"Social Sciences"
1284;12561;"Chinese Law and Government";journal;"19447051, 00094609";"M.E. Sharpe Inc.";No;No;0,116;Q4;6;0;2;0;0;2;0,00;0,00;0,00;0;0;United States;Northern America;"M.E. Sharpe Inc.";"1968-1995, 2002-2020, 2022";"Law (Q4); Sociology and Political Science (Q4)";"Social Sciences"
1285;17681;"Contemporary Sociology";journal;"19398638, 00943061";"American Sociological Association";No;No;0,116;Q4;30;4;59;5;10;50;0,67;1,25;66,67;0;0;United States;Northern America;"American Sociological Association";"1979, 1996-1998, 2000, 2002, 2004-2025";"Sociology and Political Science (Q4)";"Social Sciences"
1286;21100407611;"International Comparative Social Studies";book series;"15684474";"Brill Academic Publishers";No;No;0,116;Q4;10;46;19;2472;3;2;0,00;53,74;0,00;0;9;Netherlands;Western Europe;"Brill Academic Publishers";"2006-2013, 2015-2021, 2023-2025";"Social Sciences (miscellaneous) (Q4); Sociology and Political Science (Q4); Urban Studies (Q4)";"Social Sciences"
1287;19079;"International Journal of African Historical Studies";journal;"03617882";"Boston University";No;No;0,116;Q4;25;10;52;225;13;50;0,19;22,50;50,00;0;2;United States;Northern America;"Boston University";"1976, 1979-1981, 1985-1989, 1999-2024";"Cultural Studies (Q3); History (Q3); Sociology and Political Science (Q4)";"Arts and Humanities; Social Sciences"
1288;21100244606;"International Journal of Civic, Political, and Community Studies";journal;"23270047, 23272155";"Common Ground Research Networks";No;No;0,116;Q4;4;0;2;0;0;2;0,00;0,00;0,00;0;0;United States;Northern America;"Common Ground Research Networks";"2013-2021";"Sociology and Political Science (Q4)";"Social Sciences"
1289;21100406913;"International Studies in Sociology and Social Anthropology";book series;"00748684";"Brill Academic Publishers";No;No;0,116;Q4;9;14;55;641;6;2;0,00;45,79;0,00;0;2;Netherlands;Western Europe;"Brill Academic Publishers";"1969, 2007-2012, 2014-2015, 2017-2022, 2024-2025";"Anthropology (Q4); Sociology and Political Science (Q4)";"Social Sciences"
1290;5600156898;"Journal of Social Structure";journal;"15291227";"Sciendo";Yes;Yes;0,116;Q4;9;0;2;0;0;2;0,00;0,00;0,00;0;0;United States;Northern America;"Sciendo";"2012-2020, 2022";"Social Sciences (miscellaneous) (Q4); Sociology and Political Science (Q4)";"Social Sciences"
1291;21100407997;"Ottoman Empire and its Heritage";book series;"13806076";"Brill Academic Publishers";No;No;0,116;Q4;11;16;13;888;1;2;0,08;55,50;100,00;0;0;Netherlands;Western Europe;"Brill Academic Publishers";"2007-2017, 2020-2021, 2023-2024";"History (Q3); Political Science and International Relations (Q4); Sociology and Political Science (Q4)";"Arts and Humanities; Social Sciences"
1292;21101157248;"Radical Philosophy Review";journal;"15691659";"Philosophy Documentation Center";No;No;0,116;Q4;4;0;60;0;14;55;0,31;0,00;0,00;0;0;United States;Northern America;"Philosophy Documentation Center";"2019-2023";"Philosophy (Q3); Sociology and Political Science (Q4)";"Arts and Humanities; Social Sciences"
1293;21101066525;"RECMA";journal;"16261682, 22612599";"Association Recma";No;No;0,116;Q4;4;0;103;0;9;94;0,10;0,00;0,00;0;0;France;Western Europe;"Association Recma";"2019-2023";"Economics and Econometrics (Q4); Sociology and Political Science (Q4)";"Economics, Econometrics and Finance; Social Sciences"
1294;21100406737;"Studies in the History of Political Thought";book series;"18736548";"Brill Academic Publishers";No;No;0,116;Q4;5;0;35;0;2;2;0,00;0,00;0,00;0;0;Netherlands;Western Europe;"Brill Academic Publishers";"2009-2012, 2014-2015, 2018-2022, 2025";"History (Q3); Sociology and Political Science (Q4)";"Arts and Humanities; Social Sciences"
1295;12100157012;"Maghreb - Machrek";journal;"22716815, 17623162";"Editions ESKA";No;No;0,115;Q4;6;6;60;299;9;58;0,08;49,83;60,00;0;1;France;Western Europe;"Editions ESKA";"1987, 1989-1990, 2007-2024";"Cultural Studies (Q3); History (Q3); Literature and Literary Theory (Q3); Law (Q4); Political Science and International Relations (Q4); Sociology and Political Science (Q4)";"Arts and Humanities; Social Sciences"
1296;5700172274;"Meanjin";journal;"14488094, 00256293";"University of Melbourne";No;No;0,115;Q4;10;64;380;436;16;360;0,04;6,81;46,67;0;0;Australia;Pacific Region;"University of Melbourne";"2002-2003, 2005-2024";"Cultural Studies (Q3); Literature and Literary Theory (Q3); Sociology and Political Science (Q4)";"Arts and Humanities; Social Sciences"
1297;21100944137;"Plural. History. Culture. Society";journal;"2345184X, 23451262";"Ion Creanga State Pedagogical University";Yes;Yes;0,115;Q4;4;14;68;988;11;68;0,04;70,57;61,29;0;6;Moldova;Eastern Europe;"Ion Creanga State Pedagogical University";"2018-2024";"Cultural Studies (Q3); History (Q3); Sociology and Political Science (Q4)";"Arts and Humanities; Social Sciences"
1298;21100455134;"Queensland Review";journal;"20497792, 13218166";"Equinox Publishing Ltd";No;No;0,115;Q4;6;0;34;0;10;33;0,06;0,00;0,00;0;0;United Kingdom;Western Europe;"Equinox Publishing Ltd";"2011-2013, 2015-2023";"Cultural Studies (Q3); History (Q3); Literature and Literary Theory (Q3); Sociology and Political Science (Q4)";"Arts and Humanities; Social Sciences"
1299;21100815472;"Region: Regional Studies of Russia, Eastern Europe, and Central Asia";journal;"21650659, 21664307";"Slavica Publishers";No;No;0,115;Q4;9;7;37;307;8;32;0,18;43,86;88,89;0;0;United States;Northern America;"Slavica Publishers";"2012-2023";"History (Q3); Economics and Econometrics (Q4); Sociology and Political Science (Q4)";"Arts and Humanities; Economics, Econometrics and Finance; Social Sciences"
1300;19700188379;"Arbeiderhistorie";journal;"08017778";"Arbeiderbevegelsens arkiv og bibliotek";Yes;Yes;0,114;Q4;3;9;43;368;9;37;0,22;40,89;44,44;0;4;Norway;Western Europe;"Arbeiderbevegelsens arkiv og bibliotek";"2001, 2011, 2013-2024";"History (Q3); Sociology and Political Science (Q4)";"Arts and Humanities; Social Sciences"
1301;13131;"Columbia Journal of Law and Social Problems";journal;"00101923";"Columbia Law Review Association";No;No;0,114;Q4;14;20;43;5121;12;43;0,25;256,05;40,00;0;12;United States;Northern America;"Columbia Law Review Association";"1973, 1975-1976, 1978, 1980, 1985-1986, 1989-1990, 1992-2024";"Law (Q4); Social Sciences (miscellaneous) (Q4); Sociology and Political Science (Q4)";"Social Sciences"
1302;145698;"Cyprus Review";journal;"10152881";"University of Nicosia";No;No;0,114;Q4;19;10;42;458;10;33;0,21;45,80;50,00;0;4;Cyprus;Western Europe;"University of Nicosia";"1996-2024";"Economics and Econometrics (Q4); Law (Q4); Social Sciences (miscellaneous) (Q4); Sociology and Political Science (Q4)";"Economics, Econometrics and Finance; Social Sciences"
1303;21100894867;"International Journal of Cuban Studies";journal;"17563461, 1756347X";"Pluto Journals";Yes;Yes;0,114;Q4;4;14;49;441;17;41;0,38;31,50;35,29;0;6;United Kingdom;Western Europe;"Pluto Journals";"2018-2024";"Cultural Studies (Q3); Political Science and International Relations (Q4); Sociology and Political Science (Q4)";"Social Sciences"
1304;21100903716;"Journal of Belarusian Studies";journal;"00754161, 20526512";"Brill Academic Publishers";No;No;0,114;Q4;4;5;12;66;3;9;0,00;13,20;0,00;0;0;United Kingdom;Western Europe;"Brill Academic Publishers";"2016-2025";"Arts and Humanities (miscellaneous) (Q3); Cultural Studies (Q3); Linguistics and Language (Q4); Political Science and International Relations (Q4); Sociology and Political Science (Q4)";"Arts and Humanities; Social Sciences"
1305;21100464632;"Ramon Llull Journal of Applied Ethics";journal;"2229578X, 20138393";"Universitat Ramon Llull";No;No;0,114;Q4;7;8;43;334;13;43;0,40;41,75;20,00;0;4;Spain;Western Europe;"Universitat Ramon Llull";"2015-2019, 2021-2024";"Philosophy (Q3); Sociology and Political Science (Q4)";"Arts and Humanities; Social Sciences"
1306;21101082209;"Revista Brasileira de Ciencias Policiais";journal;"23186917, 21780013";"National Police Academy";Yes;Yes;0,114;Q4;2;0;122;0;12;113;0,09;0,00;0,00;0;0;Brazil;Latin America;"National Police Academy";"2019-2023";"Law (Q4); Political Science and International Relations (Q4); Safety Research (Q4); Social Sciences (miscellaneous) (Q4); Sociology and Political Science (Q4)";"Social Sciences"
1307;21475;"East Central Europe";journal;"00943037, 18763308";"Brill Academic Publishers";No;No;0,113;Q4;11;14;43;792;7;42;0,13;56,57;40,00;0;4;Netherlands;Western Europe;"Brill Academic Publishers";"1975-1983, 1985-1987, 1989-1990, 1992-1993, 1999-2006, 2009-2024";"Cultural Studies (Q3); History (Q3); Sociology and Political Science (Q4)";"Arts and Humanities; Social Sciences"
1308;24268;"Korean Studies";journal;"0145840X, 15291529";"University of Hawaii Press";No;No;0,113;Q4;7;17;41;1473;5;37;0,13;86,65;50,00;0;7;United States;Northern America;"University of Hawaii Press";"1991-1998, 2017-2024";"Arts and Humanities (miscellaneous) (Q3); Cultural Studies (Q3); History (Q3); Literature and Literary Theory (Q3); Visual Arts and Performing Arts (Q3); Anthropology (Q4); Geography, Planning and Development (Q4); Social Sciences (miscellaneous) (Q4); Sociology and Political Science (Q4)";"Arts and Humanities; Social Sciences"
1309;11700154341;"Mediterranean Studies";journal;"1074164X, 21614741";"Manchester University Press";No;No;0,113;Q4;9;0;32;0;4;26;0,00;0,00;0,00;0;0;United Kingdom;Western Europe;"Manchester University Press";"2001, 2007-2010, 2012-2023";"Arts and Humanities (miscellaneous) (Q3); Cultural Studies (Q3); Sociology and Political Science (Q4)";"Arts and Humanities; Social Sciences"
1310;18007;"Societes";book series;"07653697, 1782155X";"De Boeck Supérieur";No;No;0,113;Q4;8;21;131;664;10;121;0,08;31,62;17,65;0;1;Belgium;Western Europe;"De Boeck Supérieur";"1996-2024";"Arts and Humanities (miscellaneous) (Q4); Demography (Q4); Sociology and Political Science (Q4)";"Arts and Humanities; Social Sciences"
1311;17386;"Sociological Theory and Methods";journal;"09131442";"Japanese Association for Mathematical Sociology";No;No;0,113;Q4;8;11;44;396;10;38;0,18;36,00;8,33;0;4;Japan;Asiatic Region;"Japanese Association for Mathematical Sociology";"1986-1987, 1989-1994, 1996-2024";"Social Sciences (miscellaneous) (Q4); Sociology and Political Science (Q4)";"Social Sciences"
1312;21101064976;"Acta Universitatis Carolinae Studia Territorialia";journal;"12134449, 23363231";"Karolinum - Nakladatelstvi Univerzity Karlovy";Yes;Yes;0,112;Q4;2;4;27;467;5;21;0,28;116,75;33,33;0;0;Czech Republic;Eastern Europe;"Karolinum - Nakladatelstvi Univerzity Karlovy";"2019, 2021-2024";"History (Q3); Cultural Studies (Q4); Geography, Planning and Development (Q4); Political Science and International Relations (Q4); Sociology and Political Science (Q4)";"Arts and Humanities; Social Sciences"
1313;5700161424;"Asia Pacific Journal on Human Rights and the Law";journal;"13881906, 15718158";"Martinus Nijhoff Publishers";No;No;0,112;Q4;14;13;37;1238;23;35;0,31;95,23;25,00;0;11;Netherlands;Western Europe;"Martinus Nijhoff Publishers";"2000-2024";"Law (Q4); Political Science and International Relations (Q4); Sociology and Political Science (Q4)";"Social Sciences"
1314;21100867680;"Gosudarstvo, Religiia, Tserkov' v Rossii i za Rubezhom/State, Religion and Church in Russia and Worldwide";journal;"20737211, 20737203";"Russian Presidential Academy of National Economy and Public Administration";No;No;0,112;Q4;8;0;184;0;25;182;0,12;0,00;0,00;0;0;Russian Federation;Eastern Europe;"Russian Presidential Academy of National Economy and Public Administration";"2012-2023";"Religious Studies (Q3); Sociology and Political Science (Q4)";"Arts and Humanities; Social Sciences"
1315;21101050911;"Historijski Pogledi";journal;"26371502, 27120651";"Centar za istrazivanje moderne i savremene historije Tuzla";Yes;Yes;0,112;Q4;2;37;103;1561;14;98;0,15;42,19;29,41;0;13;Bosnia and Herzegovina;Eastern Europe;"Centar za istrazivanje moderne i savremene historije Tuzla";"2018-2024";"History (Q3); Demography (Q4); Sociology and Political Science (Q4)";"Arts and Humanities; Social Sciences"
1316;21100901578;"Indonesian Journal of International and Comparative Law";journal;"2338770X, 23387602";"Institute for Migrant Rights Press";No;No;0,112;Q4;3;9;50;79;5;36;0,03;8,78;22,22;0;3;Indonesia;Asiatic Region;"Institute for Migrant Rights Press";"2018-2024";"Cultural Studies (Q4); Law (Q4); Sociology and Political Science (Q4)";"Social Sciences"
1317;21101193867;"Journal of Finnish Studies";journal;"12066516, 28315081";"University of Illinois Press";No;No;0,112;Q4;4;5;32;263;7;29;0,17;52,60;71,43;0;0;United States;Northern America;"University of Illinois Press";"2019-2024";"History (Q3); Cultural Studies (Q4); Geography, Planning and Development (Q4); Sociology and Political Science (Q4)";"Arts and Humanities; Social Sciences"
1318;21101142416;"Journal of Underrepresented and Minority Progress";journal;"25743465, 25743481";"STAR Scholars Network";No;No;0,112;Q4;5;37;42;1836;7;41;0,25;49,62;68,49;0;18;United States;Northern America;"STAR Scholars Network";"2019-2025";"Philosophy (Q3); Cultural Studies (Q4); Education (Q4); Psychology (miscellaneous) (Q4); Sociology and Political Science (Q4)";"Arts and Humanities; Psychology; Social Sciences"
1319;21100215942;"Social Sciences and Missions";journal;"18748945, 18748937";"Brill Academic Publishers";No;No;0,112;Q4;6;14;39;699;9;38;0,36;49,93;30,77;0;0;Netherlands;Western Europe;"Brill Academic Publishers";"2012-2024";"Religious Studies (Q3); Cultural Studies (Q4); Social Sciences (miscellaneous) (Q4); Sociology and Political Science (Q4)";"Arts and Humanities; Social Sciences"
1320;5600152896;"Sociologia e Ricerca Sociale";journal;"11211148";"FrancoAngeli Edizioni";No;No;0,112;Q4;4;15;81;795;10;80;0,14;53,00;59,38;0;2;Italy;Western Europe;"FrancoAngeli Edizioni";"2016-2024";"Social Sciences (miscellaneous) (Q4); Sociology and Political Science (Q4)";"Social Sciences"
1321;145911;"American Scholar";journal;"00030937";"Phi Beta Kappa Society";No;No;0,111;Q4;10;74;213;0;5;165;0,01;0,00;42,00;0;0;United States;Northern America;"Phi Beta Kappa Society";"1983, 1999, 2001-2025";"History (Q3); Literature and Literary Theory (Q3); Cultural Studies (Q4); Sociology and Political Science (Q4)";"Arts and Humanities; Social Sciences"
1322;21100888596;"Colloquia";journal;"18223737";"Institute of Lithuanian Literature and Folklore";No;No;0,111;Q4;3;17;88;466;7;77;0,14;27,41;81,25;0;0;Lithuania;Eastern Europe;"Institute of Lithuanian Literature and Folklore";"2018-2024";"Literature and Literary Theory (Q3); Music (Q3); Arts and Humanities (miscellaneous) (Q4); Cultural Studies (Q4); Sociology and Political Science (Q4)";"Arts and Humanities; Social Sciences"
1323;21101038733;"Communication, Culture and Change in Asia";book series;"23664665, 23664673";"Springer Science and Business Media B.V.";No;No;0,111;Q4;5;1;48;764;12;17;0,16;764,00;0,00;0;1;Netherlands;Western Europe;"Springer Science and Business Media B.V.";"2016-2018, 2021-2024";"Communication (Q4); Cultural Studies (Q4); Development (Q4); Sociology and Political Science (Q4)";"Social Sciences"
1324;21100902943;"Discourse Approaches to Politics, Society and Culture";book series;"15699463";"John Benjamins Publishing Company";No;No;0,111;Q4;7;0;92;0;48;3;0,66;0,00;0,00;0;0;Netherlands;Western Europe;"John Benjamins Publishing Company";"2018-2023, 2025";"Communication (Q4); Gender Studies (Q4); Linguistics and Language (Q4); Social Psychology (Q4); Sociology and Political Science (Q4)";"Psychology; Social Sciences"
1325;21101251521;"Estudios en Derecho a la Informacion";journal;"25940082, 26832038";"Universidad Nacional Autonoma de Mexico";Yes;Yes;0,111;Q4;2;17;30;697;4;27;0,14;41,00;36,84;0;15;Mexico;Latin America;"Universidad Nacional Autonoma de Mexico";"2019-2025";"Education (Q4); Law (Q4); Public Administration (Q4); Sociology and Political Science (Q4)";"Social Sciences"
1326;21100409542;"Eurasian Studies Library";book series;"18779484";"Brill Academic Publishers";No;No;0,111;Q4;3;0;5;0;0;3;0,00;0,00;0,00;0;0;Netherlands;Western Europe;"Brill Academic Publishers";"2010, 2013-2016, 2018-2023";"History (Q3); Cultural Studies (Q4); Sociology and Political Science (Q4)";"Arts and Humanities; Social Sciences"
1327;21100891828;"Journal of Somali Studies";journal;"20565682, 20565674";"Adonis &amp; Abbey Publishers Ltd.";No;No;0,111;Q4;6;24;47;1040;13;43;0,17;43,33;31,25;0;18;United Kingdom;Western Europe;"Adonis &amp; Abbey Publishers Ltd.";"2014-2024";"History (Q3); Cultural Studies (Q4); Linguistics and Language (Q4); Sociology and Political Science (Q4)";"Arts and Humanities; Social Sciences"
1328;21100898965;"Modernist Cultures";journal;"20411022, 17538629";"Edinburgh University Press";No;No;0,111;Q4;9;14;54;697;7;52;0,07;49,79;53,85;0;2;United Kingdom;Western Europe;"Edinburgh University Press";"2005-2024";"History (Q3); Literature and Literary Theory (Q3); Music (Q3); Visual Arts and Performing Arts (Q3); Cultural Studies (Q4); Sociology and Political Science (Q4)";"Arts and Humanities; Social Sciences"
1329;21101155958;"On the Boundary of Two Worlds";book series;"15707121";"Brill: Rodopi";No;No;0,111;Q4;6;0;3;0;0;3;0,00;0,00;0,00;0;0;Netherlands;Western Europe;"Brill: Rodopi";"2004-2011, 2013-2016, 2020-2022";"History (Q3); Cultural Studies (Q4); Sociology and Political Science (Q4)";"Arts and Humanities; Social Sciences"
1330;21100874343;"Politics and Religion Journal";journal;"18206581, 1820659X";"Center for Study of Religion and Religious Tolerance";Yes;Yes;0,111;Q4;9;19;57;682;19;48;0,24;35,89;36,36;0;4;Serbia;Eastern Europe;"Center for Study of Religion and Religious Tolerance";"2007-2024";"Religious Studies (Q3); Sociology and Political Science (Q4)";"Arts and Humanities; Social Sciences"
1331;21100432248;"Social, Economic and Political Studies of the Middle East and Asia";book series;"13853376";"Brill Academic Publishers";No;No;0,111;Q4;11;1;31;339;2;3;0,06;339,00;0,00;0;0;Netherlands;Western Europe;"Brill Academic Publishers";"2006-2009, 2012-2025";"Religious Studies (Q3); Anthropology (Q4); Economics, Econometrics and Finance (miscellaneous) (Q4); Philosophy (Q4); Sociology and Political Science (Q4)";"Arts and Humanities; Economics, Econometrics and Finance; Social Sciences"
1332;21101145628;"Studies in Global Slavery";book series;"24054585";"Brill Academic Publishers";No;No;0,111;Q4;5;17;33;703;12;3;0,36;41,35;0,00;0;1;Netherlands;Western Europe;"Brill Academic Publishers";"2016, 2018-2020, 2022-2024";"History (Q3); Sociology and Political Science (Q4)";"Arts and Humanities; Social Sciences"
1333;21101168050;"Yearbook of Muslims in Europe";book series;"18771432";"Brill Academic Publishers";No;No;0,111;Q4;8;0;137;0;10;134;0,10;0,00;0,00;0;0;Netherlands;Western Europe;"Brill Academic Publishers";"2009-2014, 2016-2023";"Anthropology (Q4); Sociology and Political Science (Q4)";"Social Sciences"
1334;19700173013;"Co-herencia";journal;"17945887";"Universidad EAFIT";Yes;Yes;0,110;Q4;8;29;85;1222;7;80;0,04;42,14;26,67;0;4;Colombia;Latin America;"Universidad EAFIT";"2009-2024";"History (Q3); Literature and Literary Theory (Q3); Music (Q3); Visual Arts and Performing Arts (Q3); Philosophy (Q4); Sociology and Political Science (Q4)";"Arts and Humanities; Social Sciences"
1335;21100873331;"Debats";journal;"02120585, 25303074";"Institucio Alfons el Magnanim-Centre Valencia d'Estudis i d'Investigacio. Diputacio de Valencia";Yes;Yes;0,110;Q4;5;10;83;388;13;80;0,17;38,80;50,00;0;1;Spain;Western Europe;"Institucio Alfons el Magnanim-Centre Valencia d'Estudis i d'Investigacio. Diputacio de Valencia";"2018-2024";"Cultural Studies (Q4); Sociology and Political Science (Q4)";"Social Sciences"
1336;14973;"Histoire Sociale";journal;"19186576, 00182257";"University of Toronto Press";No;No;0,110;Q4;14;7;65;0;9;61;0,16;0,00;62,50;0;1;Canada;Northern America;"University of Toronto Press";"1976-1977, 1979, 1981, 1983-1987, 1996-2024";"History (Q3); Sociology and Political Science (Q4)";"Arts and Humanities; Social Sciences"
1337;21101133340;"Journal of Global Postcolonial Studies";journal;"26438380, 26438399";"University of Florida Press";No;No;0,110;Q4;5;17;26;605;4;24;0,06;35,59;27,78;0;3;United States;Northern America;"University of Florida Press";"2020-2024";"History (Q3); Literature and Literary Theory (Q3); Visual Arts and Performing Arts (Q3); Political Science and International Relations (Q4); Sociology and Political Science (Q4)";"Arts and Humanities; Social Sciences"
1338;5700164110;"Retraite et Societe";journal;"11674687";"Documentation Francaise";No;No;0,110;Q4;12;17;54;612;9;45;0,13;36,00;55,56;0;4;France;Western Europe;"Documentation Francaise";"2001-2009, 2011-2024";"Industrial Relations (Q4); Organizational Behavior and Human Resource Management (Q4); Sociology and Political Science (Q4)";"Business, Management and Accounting; Social Sciences"
1339;17367;"Revue Francaise d'Etudes Americaines";journal;"03977870";"Association Francaise d'Etudes Americaines";No;No;0,110;Q4;7;25;73;703;2;68;0,05;28,12;66,67;0;1;France;Western Europe;"Association Francaise d'Etudes Americaines";"1990, 1996-2024";"Arts and Humanities (miscellaneous) (Q4); Cultural Studies (Q4); Sociology and Political Science (Q4)";"Arts and Humanities; Social Sciences"
1340;5600156254;"Slavonica";journal;"13617427";"Maney Publishing";No;No;0,110;Q4;4;3;32;97;5;29;0,00;32,33;50,00;0;0;United Kingdom;Western Europe;"Maney Publishing";"1994-1995, 2012-2014, 2016-2025";"History (Q3); Literature and Literary Theory (Q3); Visual Arts and Performing Arts (Q3); Cultural Studies (Q4); Linguistics and Language (Q4); Sociology and Political Science (Q4)";"Arts and Humanities; Social Sciences"
1341;21100203918;"Social Evolution and History";journal;"16814363";"Uchitel Publishing House";No;No;0,110;Q4;15;16;53;1009;23;48;0,50;63,06;41,94;0;5;Russian Federation;Eastern Europe;"Uchitel Publishing House";"2011-2024";"History (Q3); Anthropology (Q4); Sociology and Political Science (Q4)";"Arts and Humanities; Social Sciences"
1342;21100464920;"Storia del Pensiero Politico";journal;"22799818";"Societa Editrice Il Mulino";No;No;0,110;Q4;3;26;108;1317;4;107;0,05;50,65;25,00;0;3;Italy;Western Europe;"Societa Editrice Il Mulino";"2016-2024";"History (Q3); Philosophy (Q4); Sociology and Political Science (Q4)";"Arts and Humanities; Social Sciences"
1343;21101171690;"Yakin Donem Turkiye Arastirmalari";journal;"13049720, 25479679";"Istanbul University Press";Yes;Yes;0,110;Q4;1;27;63;1333;6;63;0,09;49,37;27,59;0;6;Turkey;Middle East;"Istanbul University Press";"2019-2024";"History (Q3); Sociology and Political Science (Q4)";"Arts and Humanities; Social Sciences"
1344;5700164170;"Central Europe";journal;"14790963";"Maney Publishing";No;No;0,109;Q4;20;19;26;0;5;24;0,06;0,00;25,00;0;2;United Kingdom;Western Europe;"Maney Publishing";"2003-2025";"Arts and Humanities (miscellaneous) (Q4); Cultural Studies (Q4); Political Science and International Relations (Q4); Sociology and Political Science (Q4)";"Arts and Humanities; Social Sciences"
1345;21100871688;"Contemporary Chinese Political Economy and Strategic Relations";journal;"24109681";"Institue of China and Asia-Pacific Studies, National Sun Yat-sen University";Yes;Yes;0,109;Q4;8;9;79;450;11;78;0,03;50,00;45,45;0;5;Taiwan;Asiatic Region;"Institue of China and Asia-Pacific Studies, National Sun Yat-sen University";"2015-2024";"Economics and Econometrics (Q4); Political Science and International Relations (Q4); Sociology and Political Science (Q4)";"Economics, Econometrics and Finance; Social Sciences"
1346;21100899913;"Espacio, Tiempo y Educacion";journal;"23407263";"FahrenHouse";Yes;Yes;0,109;Q4;6;0;64;0;18;62;0,20;0,00;0,00;0;0;Spain;Western Europe;"FahrenHouse";"2018-2023";"History (Q3); Education (Q4); Philosophy (Q4); Sociology and Political Science (Q4)";"Arts and Humanities; Social Sciences"
1347;23567;"Estudios de Asia y Africa";journal;"01850164";"Colegio de Mexico, A.C., Departamento de Publicaciones";Yes;Yes;0,109;Q4;3;13;67;563;8;66;0,12;43,31;21,43;0;4;Mexico;Latin America;"Colegio de Mexico, A.C., Departamento de Publicaciones";"1984, 2014-2024";"Anthropology (Q4); Cultural Studies (Q4); Linguistics and Language (Q4); Sociology and Political Science (Q4)";"Social Sciences"
1348;21100902912;"European Yearbook of Minority Issues";journal;"15707865, 22116117";"Brill Academic Publishers";No;No;0,109;Q4;13;1;48;0;8;46;0,15;0,00;0,00;0;0;Netherlands;Western Europe;"Brill Academic Publishers";"2001, 2003-2005, 2008, 2010-2024";"Anthropology (Q4); Cultural Studies (Q4); Geography, Planning and Development (Q4); Law (Q4); Sociology and Political Science (Q4)";"Social Sciences"
1349;21100943308;"Human Rights";journal;"24236489, 25386360";"Mofid University - Center for Human Rights Studies";Yes;Yes;0,109;Q4;2;0;48;0;1;48;0,03;0,00;0,00;0;0;Iran;Middle East;"Mofid University - Center for Human Rights Studies";"2019-2023";"Law (Q4); Political Science and International Relations (Q4); Sociology and Political Science (Q4)";"Social Sciences"
1350;17363;"Revue Francaise de Sociologie";journal;"00352969";"Editions Ophrys";No;No;0,109;Q4;38;27;41;976;5;41;0,09;36,15;36,84;0;9;France;Western Europe;"Editions Ophrys";"1977-1978, 1981-1983, 1985-1991, 1994, 1996-2024";"Sociology and Political Science (Q4)";"Social Sciences"
1351;21101245238;"Tietolipas";book series;"05626129, 26702584";"Suomalaisen Kirjallisuuden Seura";No;No;0,109;Q4;1;3;50;1;1;13;0,02;0,33;0,00;0;0;Finland;Western Europe;"Suomalaisen Kirjallisuuden Seura";"2022-2024";"Cultural Studies (Q4); Social Sciences (miscellaneous) (Q4); Sociology and Political Science (Q4)";"Social Sciences"
1352;14000155239;"Capitalism and Society";journal;"21946140, 19320213";"Walter de Gruyter GmbH";No;No;0,108;Q4;13;6;22;44;5;21;0,21;7,33;16,67;0;3;United States;Northern America;"Walter de Gruyter GmbH";"2009-2012, 2014-2017, 2021-2024";"History (Q3); Economics and Econometrics (Q4); Sociology and Political Science (Q4)";"Arts and Humanities; Economics, Econometrics and Finance; Social Sciences"
1353;5700164093;"Comparative American Studies";journal;"17412676, 14775700";"Maney Publishing";No;No;0,108;Q4;8;17;79;708;8;73;0,13;41,65;56,25;0;5;United Kingdom;Western Europe;"Maney Publishing";"2008-2025";"Arts and Humanities (miscellaneous) (Q4); Cultural Studies (Q4); Sociology and Political Science (Q4)";"Arts and Humanities; Social Sciences"
1354;13138;"German Life and Letters";journal;"00168777, 14680483";"Wiley-Blackwell Publishing Ltd";No;No;0,108;Q4;15;29;94;468;7;89;0,08;16,14;53,57;0;5;United Kingdom;Western Europe;"Wiley-Blackwell Publishing Ltd";"1936-1939, 1947-2025";"Literature and Literary Theory (Q3); Cultural Studies (Q4); Sociology and Political Science (Q4)";"Arts and Humanities; Social Sciences"
1355;21100467355;"Historicka Sociologie";journal;"18040616, 23363525";"Charles University";Yes;Yes;0,108;Q4;4;20;65;663;10;63;0,15;33,15;26,32;0;3;Czech Republic;Eastern Europe;"Charles University";"2016-2024";"History (Q3); Cultural Studies (Q4); Sociology and Political Science (Q4)";"Arts and Humanities; Social Sciences"
1356;29759;"Indian Journal of Social Work";journal;"24567809, 00195634";"Tata Institute of Social Sciences";No;No;0,108;Q4;10;9;95;234;11;78;0,16;26,00;40,00;0;6;India;Asiatic Region;"Tata Institute of Social Sciences";"1945-1948, 1977, 1982, 1991, 1996-2024";"Social Sciences (miscellaneous) (Q4); Social Work (Q4); Sociology and Political Science (Q4)";"Social Sciences"
1357;21101239988;"Journal of Romanian Studies";journal;"2754415X, 26275325";"Liverpool University Press";No;No;0,108;Q4;2;11;42;71;8;34;0,20;6,45;30,00;0;0;United Kingdom;Western Europe;"Liverpool University Press";"2020-2024";"Cultural Studies (Q4); Social Sciences (miscellaneous) (Q4); Sociology and Political Science (Q4)";"Social Sciences"
1358;65014;"Polish American Studies";journal;"00322806, 23300833";"University of Illinois Press";No;No;0,108;Q4;2;0;7;0;0;4;0,00;0,00;0,00;0;0;United States;Northern America;"University of Illinois Press";"1981, 1985, 2019-2021";"History (Q3); Sociology and Political Science (Q4)";"Arts and Humanities; Social Sciences"
1359;21100857116;"American, British and Canadian Studies";journal;"18411487, 1841964X";"";Yes;Yes;0,107;Q4;4;21;61;529;10;55;0,21;25,19;20,00;0;6;Poland;Eastern Europe;"";"2017-2024";"Literature and Literary Theory (Q3); Anthropology (Q4); Computer Science Applications (Q4); Cultural Studies (Q4); Linguistics and Language (Q4); Sociology and Political Science (Q4)";"Arts and Humanities; Computer Science; Social Sciences"
1360;6000160653;"British Journal of Canadian Studies";journal;"17578078, 02699222";"Liverpool University Press";No;No;0,107;Q4;8;11;36;321;5;32;0,14;29,18;30,00;0;3;United Kingdom;Western Europe;"Liverpool University Press";"2011-2018, 2020-2024";"History (Q3); Literature and Literary Theory (Q3); Cultural Studies (Q4); Sociology and Political Science (Q4)";"Arts and Humanities; Social Sciences"
1361;21101164611;"Environment, Space, Place";journal;"20689616, 20665377";"University of Minnesota Press";No;No;0,107;Q4;3;0;34;0;2;32;0,04;0,00;0,00;0;0;United States;Northern America;"University of Minnesota Press";"2019-2023";"Arts and Humanities (miscellaneous) (Q4); Demography (Q4); Environmental Science (miscellaneous) (Q4); Geography, Planning and Development (Q4); Sociology and Political Science (Q4)";"Arts and Humanities; Environmental Science; Social Sciences"
1362;21100824547;"History and Sociology of South Asia";journal;"22308075, 22495312";"SAGE Publications Ltd";No;No;0,107;Q4;6;27;23;0;7;21;0,35;0,00;48,39;0;9;United Kingdom;Western Europe;"SAGE Publications Ltd";"2011-2024";"History (Q3); Cultural Studies (Q4); Sociology and Political Science (Q4)";"Arts and Humanities; Social Sciences"
1363;4700153010;"Journal of Social, Political, and Economic Studies";journal;"0278839X";"Council for Social and Economic Studies";No;No;0,107;Q4;12;0;34;0;9;34;0,22;0,00;0,00;0;0;United States;Northern America;"Council for Social and Economic Studies";"1978, 1980, 1982, 1984-1986, 1993-1996, 2006-2023";"Economics, Econometrics and Finance (miscellaneous) (Q4); Political Science and International Relations (Q4); Sociology and Political Science (Q4)";"Economics, Econometrics and Finance; Social Sciences"
1364;21100898308;"Languages Cultures Mediation";journal;"22841881, 24210293";"LED Edizioni Universitarie";Yes;Yes;0,107;Q4;7;7;66;263;8;65;0,05;37,57;62,50;0;5;Italy;Western Europe;"LED Edizioni Universitarie";"2014-2024";"Communication (Q4); Cultural Studies (Q4); Linguistics and Language (Q4); Sociology and Political Science (Q4)";"Social Sciences"
1365;5700168382;"Raisons Politiques";journal;"12911941, 19506708";"Presses de Sciences Po";No;No;0,107;Q4;18;16;76;1189;13;70;0,05;74,31;33,33;0;1;France;Western Europe;"Presses de Sciences Po";"2001-2024";"Political Science and International Relations (Q4); Sociology and Political Science (Q4)";"Social Sciences"
1366;21100283371;"Revue des Mondes Musulmans et de la Mediterranee";journal;"21052271, 09971327";"Edisud Publishers";Yes;Yes;0,107;Q4;7;41;154;857;11;141;0,11;20,90;45,24;0;2;France;Western Europe;"Edisud Publishers";"2002, 2011, 2013-2024";"Cultural Studies (Q4); History (Q4); Religious Studies (Q4); Sociology and Political Science (Q4)";"Arts and Humanities; Social Sciences"
1367;21101124075;"Dotawo";journal;"23732571";"eScholarship Publishing";Yes;Yes;0,106;Q4;2;0;6;0;1;5;0,17;0,00;0,00;0;0;United States;Northern America;"eScholarship Publishing";"2019-2020, 2023";"Anthropology (Q4); Gender Studies (Q4); Linguistics and Language (Q4); Sociology and Political Science (Q4)";"Social Sciences"
1368;21100258616;"International Journal of Community Diversity";journal;"23272147, 23270004";"Common Ground Research Networks";No;No;0,106;Q4;3;6;19;358;5;19;0,17;59,67;64,29;0;3;United States;Northern America;"Common Ground Research Networks";"2013-2024";"Anthropology (Q4); Cultural Studies (Q4); Sociology and Political Science (Q4)";"Social Sciences"
1369;21100842565;"Journal of New Zealand and Pacific Studies";journal;"20504039, 20504047";"Intellect Ltd.";No;No;0,106;Q4;3;6;56;149;2;51;0,08;24,83;40,00;0;0;United Kingdom;Western Europe;"Intellect Ltd.";"2017-2024";"Literature and Literary Theory (Q3); Cultural Studies (Q4); History (Q4); Sociology and Political Science (Q4)";"Arts and Humanities; Social Sciences"
1370;26307;"Journal of the Early Republic";journal;"02751275, 15530620";"University of North Carolina Press";No;No;0,106;Q4;21;44;159;1506;27;153;0,13;34,23;43,90;0;2;United States;Northern America;"University of North Carolina Press";"1983, 1987, 2002-2024";"Cultural Studies (Q4); History (Q4); Sociology and Political Science (Q4)";"Arts and Humanities; Social Sciences"
1371;21100845232;"Memoria e Ricerca";journal;"11270195, 1972523X";"Societa Editrice Il Mulino";No;No;0,106;Q4;5;28;83;2107;3;81;0,04;75,25;24,00;0;8;Italy;Western Europe;"Societa Editrice Il Mulino";"2015-2024";"History (Q4); Sociology and Political Science (Q4)";"Arts and Humanities; Social Sciences"
1372;5700162050;"Revue Francaise d'Administration Publique";journal;"01527401";"Ecole Nationale d'Administration";No;No;0,106;Q4;17;0;100;0;25;92;0,32;0,00;0,00;0;0;France;Western Europe;"Ecole Nationale d'Administration";"2002-2022";"Public Administration (Q4); Sociology and Political Science (Q4)";"Social Sciences"
1373;5600153103;"Tocqueville Review";journal;"0730479X";"University of Toronto Press";No;No;0,106;Q4;8;30;58;1056;9;56;0,19;35,20;32,26;0;3;Canada;Northern America;"University of Toronto Press";"2009-2024";"History (Q4); Sociology and Political Science (Q4)";"Arts and Humanities; Social Sciences"
1374;26615;"Afrique Contemporaine";journal;"00020478";"De Boeck Supérieur";No;No;0,105;Q4;14;0;19;0;3;18;0,00;0,00;0,00;0;0;Belgium;Western Europe;"De Boeck Supérieur";"1982, 1985, 1987-1988, 1990, 1992-1993, 2003-2018, 2020-2021";"Cultural Studies (Q4); Development (Q4); Political Science and International Relations (Q4); Sociology and Political Science (Q4)";"Social Sciences"
1375;21101061923;"Direito, Estado e Sociedade";journal;"19820879, 15166104";"Pontificia Universidade Catolica do Rio de Janeiro";Yes;No;0,105;Q4;3;11;77;442;3;77;0,04;40,18;35,71;0;6;Brazil;Latin America;"Pontificia Universidade Catolica do Rio de Janeiro";"2019-2024";"Law (Q4); Social Sciences (miscellaneous) (Q4); Sociology and Political Science (Q4)";"Social Sciences"
1376;17600155214;"Empan";journal;"11523336";"Editions Eres";No;No;0,105;Q4;8;44;177;298;5;154;0,03;6,77;34,04;0;0;France;Western Europe;"Editions Eres";"2002-2024";"Health (social science) (Q4); Social Psychology (Q4); Sociology and Political Science (Q4)";"Psychology; Social Sciences"
1377;25082;"Foreign Policy";journal;"00157228";"Carnegie Endowment for International Peace";No;No;0,105;Q4;43;0;70;0;4;57;0,06;0,00;0,00;0;0;United States;Northern America;"Carnegie Endowment for International Peace";"1979, 1981, 1984-1985, 1998-2015, 2017-2018, 2020, 2022-2023";"Political Science and International Relations (Q4); Sociology and Political Science (Q4)";"Social Sciences"
1378;21101095658;"Indian Journal of Law and Justice";journal;"09763570";"Department of Law, University of North Bengal";No;No;0,105;Q4;3;23;103;69;28;95;0,32;3,00;56,67;0;15;India;Asiatic Region;"Department of Law, University of North Bengal";"2019-2024";"Law (Q4); Sociology and Political Science (Q4)";"Social Sciences"
1379;21100843484;"Journal of Global South Studies";journal;"24761397, 24761419";"University of Florida Press";No;No;0,105;Q4;4;12;51;851;8;39;0,19;70,92;0,00;0;5;United States;Northern America;"University of Florida Press";"2016-2024";"Development (Q4); History (Q4); Political Science and International Relations (Q4); Sociology and Political Science (Q4)";"Arts and Humanities; Social Sciences"
1380;21101062039;"Journal of Posthuman Studies";journal;"24714461, 24724513";"Penn State University Press";No;No;0,105;Q4;4;8;42;332;5;36;0,10;41,50;66,67;0;0;United States;Northern America;"Penn State University Press";"2019-2024";"Arts and Humanities (miscellaneous) (Q4); Cultural Studies (Q4); Gender Studies (Q4); Sociology and Political Science (Q4)";"Arts and Humanities; Social Sciences"
1381;21100227422;"Revista da Abordagem Gestaltica";journal;"19843542, 18096867";"Institute for Research and Training in Gestalt therapy Goiania";No;Yes;0,105;Q4;6;0;51;0;3;48;0,00;0,00;0,00;0;0;Brazil;Latin America;"Institute for Research and Training in Gestalt therapy Goiania";"2012-2022";"Social Psychology (Q4); Sociology and Political Science (Q4)";"Psychology; Social Sciences"
1382;5600152922;"Revue du MAUSS";journal;"12474819";"Editions La Decouverte";No;No;0,105;Q4;15;21;186;695;5;178;0,01;33,10;21,74;0;0;France;Western Europe;"Editions La Decouverte";"2001-2024";"Philosophy (Q4); Sociology and Political Science (Q4)";"Arts and Humanities; Social Sciences"
1383;19900192704;"Romanian Journal of Political Science";journal;"20687613, 1582456X";"Publishing House of the Romanian Academy";No;No;0,105;Q4;12;0;28;0;2;28;0,00;0,00;0,00;0;0;Romania;Eastern Europe;"Publishing House of the Romanian Academy";"2009-2013, 2015-2023";"Political Science and International Relations (Q4); Sociology and Political Science (Q4)";"Social Sciences"
1384;21101145627;"Youth in a Globalizing World";book series;"22129383";"Brill Academic Publishers";No;No;0,105;Q4;5;1;66;453;14;6;0,28;453,00;0,00;0;0;Netherlands;Western Europe;"Brill Academic Publishers";"2014-2015, 2017-2024";"Development (Q4); Sociology and Political Science (Q4)";"Social Sciences"
1385;21100902940;"Advances in Historical Sociolinguistics";book series;"22141057";"John Benjamins Publishing Company";No;No;0,104;Q4;3;13;10;970;2;9;0,00;74,62;0,00;0;0;Netherlands;Western Europe;"John Benjamins Publishing Company";"2018, 2020-2022, 2024";"Communication (Q4); History (Q4); Linguistics and Language (Q4); Social Psychology (Q4); Sociology and Political Science (Q4)";"Arts and Humanities; Psychology; Social Sciences"
1386;21100980650;"Asia Maior";journal;"23852526";"Viella";Yes;Yes;0,104;Q4;4;0;70;0;7;66;0,08;0,00;0,00;0;0;Italy;Western Europe;"Viella";"2018-2023";"Cultural Studies (Q4); History (Q4); Political Science and International Relations (Q4); Sociology and Political Science (Q4)";"Arts and Humanities; Social Sciences"
1387;21100247075;"Codrul Cosminului";journal;"1224032X, 20675860";"Stefan cel Mare University of Suceava";Yes;Yes;0,104;Q4;5;10;53;467;7;53;0,06;46,70;30,77;0;3;Romania;Eastern Europe;"Stefan cel Mare University of Suceava";"2013-2024";"Cultural Studies (Q4); History (Q4); Political Science and International Relations (Q4); Religious Studies (Q4); Sociology and Political Science (Q4)";"Arts and Humanities; Social Sciences"
1388;19700182807;"Contagion: Journal of Violence, Mimesis, and Culture";journal;"10757201, 19301200";"Michigan State University";No;No;0,104;Q4;5;15;35;812;3;33;0,09;54,13;7,69;0;0;United States;Northern America;"Michigan State University";"2010-2024";"Literature and Literary Theory (Q3); Cultural Studies (Q4); Philosophy (Q4); Religious Studies (Q4); Sociology and Political Science (Q4)";"Arts and Humanities; Social Sciences"
1389;18736;"Cuadernos del Cendes";journal;"10122508";"Universidad Central de Venezuela";Yes;No;0,104;Q4;9;0;87;0;7;77;0,11;0,00;0,00;0;0;Venezuela;Latin America;"Universidad Central de Venezuela";"1989-1991, 2008-2023";"Geography, Planning and Development (Q4); Political Science and International Relations (Q4); Sociology and Political Science (Q4)";"Social Sciences"
1390;19900191879;"Informacao e Sociedade";journal;"18094783, 01040146";"Universidade Federal de Campina Grande";Yes;Yes;0,104;Q4;9;0;46;0;4;41;0,00;0,00;0,00;0;0;Brazil;Latin America;"Universidade Federal de Campina Grande";"2011-2023";"Communication (Q4); Sociology and Political Science (Q4)";"Social Sciences"
1391;21100885609;"Journal of American-East Asian Relations";journal;"10583947, 18765610";"Brill Academic Publishers";No;No;0,104;Q4;11;18;44;996;2;32;0,06;55,33;38,46;0;3;Netherlands;Western Europe;"Brill Academic Publishers";"1996, 1998-2000, 2002-2003, 2007-2024";"Cultural Studies (Q4); History (Q4); Political Science and International Relations (Q4); Sociology and Political Science (Q4)";"Arts and Humanities; Social Sciences"
1392;16000154719;"Liberte";journal;"00242020";"Collectif Liberte Inc";No;No;0,104;Q4;3;78;297;0;7;222;0,03;0,00;60,98;0;1;Canada;Northern America;"Collectif Liberte Inc";"2002-2024";"Literature and Literary Theory (Q3); Visual Arts and Performing Arts (Q3); Philosophy (Q4); Sociology and Political Science (Q4)";"Arts and Humanities; Social Sciences"
1393;21100396382;"Materiali per una Storia della Cultura Giuridica";journal;"11209607";"Societa Editrice Il Mulino";No;No;0,104;Q4;5;32;82;1921;10;80;0,13;60,03;34,48;0;9;Italy;Western Europe;"Societa Editrice Il Mulino";"2015-2024";"Law (Q4); Sociology and Political Science (Q4)";"Social Sciences"
1394;5600154152;"Modernism - Modernity";journal;"10806601, 10716068";"Johns Hopkins University Press";No;No;0,104;Q4;28;16;100;925;13;99;0,12;57,81;37,50;0;2;United States;Northern America;"Johns Hopkins University Press";"1999, 2002-2024";"Literature and Literary Theory (Q3); Visual Arts and Performing Arts (Q3); Cultural Studies (Q4); History (Q4); Music (Q4); Sociology and Political Science (Q4)";"Arts and Humanities; Social Sciences"
1395;145042;"Perspectives on Political Science";journal;"10457097";"Routledge";No;No;0,104;Q4;9;24;84;211;8;66;0,08;8,79;20,00;1;3;United States;Northern America;"Routledge";"1990-2025";"Political Science and International Relations (Q4); Sociology and Political Science (Q4)";"Social Sciences"
1396;17600154906;"Pouvoirs: Revue d'Etudes Constitutionnelles et Politiques";journal;"21010390, 01520768";"Editions du Seuil";No;No;0,104;Q4;11;25;90;354;9;85;0,14;14,16;20,00;0;0;France;Western Europe;"Editions du Seuil";"2001-2024";"Political Science and International Relations (Q4); Sociology and Political Science (Q4)";"Social Sciences"
1397;21100239603;"Public Reason";journal;"20657285, 20658958";"Universitatea din Bucuresti";Yes;Yes;0,104;Q4;6;0;15;0;2;13;0,20;0,00;0,00;0;0;Romania;Eastern Europe;"Universitatea din Bucuresti";"2012-2022";"Philosophy (Q4); Sociology and Political Science (Q4)";"Arts and Humanities; Social Sciences"
1398;21101086774;"Sixties";journal;"17541336, 17541328";"Routledge";No;No;0,104;Q4;9;0;8;0;2;8;0,00;0,00;0,00;0;0;United Kingdom;Western Europe;"Routledge";"2008-2022";"Cultural Studies (Q4); History (Q4); Sociology and Political Science (Q4)";"Arts and Humanities; Social Sciences"
1399;17700155415;"Sungkyun Journal of East Asian Studies";journal;"25860380, 15982661";"Duke University Press";Yes;Yes;0,104;Q4;7;11;36;1046;5;35;0,17;95,09;21,43;0;2;South Korea;Asiatic Region;"Duke University Press";"2010-2024";"Literature and Literary Theory (Q3); Anthropology (Q4); Cultural Studies (Q4); Religious Studies (Q4); Sociology and Political Science (Q4)";"Arts and Humanities; Social Sciences"
1400;5800170732;"American Communist History";journal;"14743892, 14743906";"Taylor and Francis Ltd.";No;No;0,103;Q4;6;6;28;9;8;26;0,26;1,50;66,67;0;2;United Kingdom;Western Europe;"Taylor and Francis Ltd.";"2010-2024";"History (Q4); Sociology and Political Science (Q4)";"Arts and Humanities; Social Sciences"
1401;21101042951;"Estonian Discussions on Economic Policy";journal;"22281878, 17365597";"Mattimar OU";Yes;Yes;0,103;Q4;3;14;103;160;4;86;0,03;11,43;50,00;0;3;Estonia;Eastern Europe;"Mattimar OU";"2019-2024";"Development (Q4); Economics and Econometrics (Q4); Finance (Q4); Public Administration (Q4); Sociology and Political Science (Q4)";"Economics, Econometrics and Finance; Social Sciences"
1402;21100937581;"Genocide Studies International";journal;"22911855, 22911847";"University of Toronto Press";No;No;0,103;Q4;5;0;15;0;3;13;0,13;0,00;0,00;0;0;Canada;Northern America;"University of Toronto Press";"2018-2021, 2023";"Law (Q4); Political Science and International Relations (Q4); Sociology and Political Science (Q4)";"Social Sciences"
1403;5700177271;"Matatu";journal;"09329714";"Brill Academic Publishers";No;No;0,103;Q4;6;18;49;568;3;46;0,09;31,56;57,14;0;3;Netherlands;Western Europe;"Brill Academic Publishers";"2011-2017, 2019-2024";"Literature and Literary Theory (Q3); Cultural Studies (Q4); History (Q4); Sociology and Political Science (Q4)";"Arts and Humanities; Social Sciences"
1404;21100891034;"Asian Review of World Histories";journal;"22879811, 2287965X";"Brill Academic Publishers";No;No;0,102;Q4;8;19;31;619;4;27;0,11;32,58;37,50;0;4;Netherlands;Western Europe;"Brill Academic Publishers";"2013-2025";"Cultural Studies (Q4); History (Q4); Sociology and Political Science (Q4)";"Arts and Humanities; Social Sciences"
1405;13818;"Cornell Journal of Law and Public Policy";journal;"10690565";"Joe Christensen, Inc.";No;No;0,102;Q4;13;0;31;0;7;29;0,06;0,00;0,00;0;0;United States;Northern America;"Joe Christensen, Inc.";"1993, 1997-2002, 2004-2007, 2009, 2011-2023";"Law (Q4); Sociology and Political Science (Q4)";"Social Sciences"
1406;19700182806;"French Colonial History";journal;"15393402, 15437787";"Michigan State University";No;No;0,102;Q4;7;0;23;0;0;20;0,00;0,00;0,00;0;0;United States;Northern America;"Michigan State University";"2010-2014, 2016-2017, 2019-2021, 2023";"History (Q4); Sociology and Political Science (Q4)";"Arts and Humanities; Social Sciences"
1407;25867;"Internationale Politik";journal;"1430175X";"Deutsche Gesellschaft für Auswartige Politik e.V.";No;No;0,102;Q4;8;0;129;0;2;86;0,02;0,00;0,00;0;0;Germany;Western Europe;"Deutsche Gesellschaft für Auswartige Politik e.V.";"1996-2020, 2022-2023";"Political Science and International Relations (Q4); Sociology and Political Science (Q4)";"Social Sciences"
1408;16300154709;"Journal of Asian History";journal;"0021910X";"Otto Harrassowitz GmbH. Co.KG";No;No;0,102;Q4;9;0;22;0;3;17;0,18;0,00;0,00;0;0;Germany;Western Europe;"Otto Harrassowitz GmbH. Co.KG";"2002-2018, 2021-2023";"Cultural Studies (Q4); History (Q4); Sociology and Political Science (Q4)";"Arts and Humanities; Social Sciences"
1409;21100896265;"Journal of China and International Relations";journal;"22458921";"";Yes;Yes;0,102;Q4;3;0;13;0;0;13;0,00;0,00;0,00;0;0;Denmark;Western Europe;"";"2018-2019, 2022";"Economics, Econometrics and Finance (miscellaneous) (Q4); Political Science and International Relations (Q4); Sociology and Political Science (Q4)";"Economics, Econometrics and Finance; Social Sciences"
1410;21100925891;"Journal of Early Modern Studies";journal;"22797149";"Firenze University Press";Yes;Yes;0,102;Q4;4;17;39;1218;8;35;0,19;71,65;44,44;0;3;Italy;Western Europe;"Firenze University Press";"2019-2024";"Literature and Literary Theory (Q3); Visual Arts and Performing Arts (Q3); Cultural Studies (Q4); History (Q4); Linguistics and Language (Q4); Religious Studies (Q4); Sociology and Political Science (Q4)";"Arts and Humanities; Social Sciences"
1411;17100154725;"Journal of Persianate Studies";journal;"18747094, 18747167";"Brill Academic Publishers";No;No;0,102;Q4;12;14;31;805;6;30;0,23;57,50;26,67;0;0;Netherlands;Western Europe;"Brill Academic Publishers";"2008-2024";"Cultural Studies (Q4); History (Q4); Sociology and Political Science (Q4)";"Arts and Humanities; Social Sciences"
1412;21101039070;"Montesquieu.it";journal;"24214124";"Dipartimento di Filosofia e Comunicazione";Yes;Yes;0,102;Q4;1;7;22;176;0;20;0,00;25,14;20,00;0;1;Italy;Western Europe;"Dipartimento di Filosofia e Comunicazione";"2019-2024";"History (Q4); Law (Q4); Philosophy (Q4); Sociology and Political Science (Q4)";"Arts and Humanities; Social Sciences"
1413;5800169375;"Parlement[s]";journal;"17686520, 17606233";"Pepper-L'Harmattan";No;No;0,102;Q4;3;0;17;0;0;15;0,00;0,00;0,00;0;0;France;Western Europe;"Pepper-L'Harmattan";"2011-2013, 2019-2020, 2022";"History (Q4); Political Science and International Relations (Q4); Sociology and Political Science (Q4)";"Arts and Humanities; Social Sciences"
1414;19700169125;"Trajecta";journal;"26659484, 07788304";"Amsterdam University Press";No;No;0,102;Q4;4;4;23;171;4;23;0,00;42,75;0,00;0;1;Netherlands;Western Europe;"Amsterdam University Press";"1999, 2002, 2019-2024";"History (Q4); Religious Studies (Q4); Social Sciences (miscellaneous) (Q4); Sociology and Political Science (Q4)";"Arts and Humanities; Social Sciences"
1415;21100788207;"Whitehall Papers";journal;"02681307";"Taylor and Francis Ltd.";No;No;0,102;Q4;4;0;23;0;0;15;0,00;0,00;0,00;0;0;United Kingdom;Western Europe;"Taylor and Francis Ltd.";"1996-2022";"Archeology (Q4); Safety Research (Q4); Sociology and Political Science (Q4)";"Social Sciences"
1416;5700161051;"A Contrario";journal;"16607880, 16628667";"Editions Antipodes";No;No;0,101;Q4;7;0;43;0;1;36;0,00;0,00;0,00;0;0;Switzerland;Western Europe;"Editions Antipodes";"2003-2007, 2009-2018, 2020-2023";"Cultural Studies (Q4); Literature and Literary Theory (Q4); Political Science and International Relations (Q4); Sociology and Political Science (Q4)";"Arts and Humanities; Social Sciences"
1417;18303;"Acta Poloniae Historica";journal;"00016829";"Polska Akademia Nauk";Yes;No;0,101;Q4;8;24;48;272;1;47;0,03;11,33;51,35;0;3;Poland;Eastern Europe;"Polska Akademia Nauk";"1968, 1999, 2001-2024";"Cultural Studies (Q4); Gender Studies (Q4); History (Q4); Sociology and Political Science (Q4)";"Arts and Humanities; Social Sciences"
1418;21101140504;"Bolivian Studies Journal";journal;"21565163, 10742247";"University Library System, University of Pittsburgh";Yes;Yes;0,101;Q4;2;11;31;548;0;29;0,00;49,82;50,00;0;3;United States;Northern America;"University Library System, University of Pittsburgh";"2019, 2021-2024";"Anthropology (Q4); Cultural Studies (Q4); History (Q4); Political Science and International Relations (Q4); Social Sciences (miscellaneous) (Q4); Sociology and Political Science (Q4)";"Arts and Humanities; Social Sciences"
1419;12390;"Canadian journal of women and the law = Revue juridique La femme et le droit";journal;"08328781, 19110235";"University of Toronto Press";No;No;0,101;Q4;21;5;23;1120;2;23;0,08;224,00;100,00;0;4;Canada;Northern America;"University of Toronto Press";"1986-1987, 1989-1990, 1993-1994, 2003, 2009-2022, 2024";"Gender Studies (Q4); Law (Q4); Sociology and Political Science (Q4)";"Social Sciences"
1420;6500153157;"Caribbean Quarterly";journal;"00086495";"Extra Mural Department of the University College of the West Indies";No;No;0,101;Q4;14;17;110;0;6;71;0,03;0,00;54,55;0;1;United Kingdom;Western Europe;"Extra Mural Department of the University College of the West Indies";"1996-2024";"Anthropology (Q4); Cultural Studies (Q4); History (Q4); Political Science and International Relations (Q4); Sociology and Political Science (Q4)";"Arts and Humanities; Social Sciences"
1421;20259;"Casopis Matice Moravske";journal;"0323052X";"Matice Moravska";No;No;0,101;Q4;2;7;41;645;1;36;0,05;92,14;28,57;0;1;Czech Republic;Eastern Europe;"Matice Moravska";"1983, 2001, 2019-2024";"History (Q4); Sociology and Political Science (Q4)";"Arts and Humanities; Social Sciences"
1422;21101072519;"Connexe";journal;"26732750, 24065749";"";Yes;Yes;0,101;Q4;2;8;32;201;1;29;0,00;25,13;85,71;0;2;Switzerland;Western Europe;"";"2019-2024";"Arts and Humanities (miscellaneous) (Q4); History (Q4); Political Science and International Relations (Q4); Sociology and Political Science (Q4)";"Arts and Humanities; Social Sciences"
1423;21100236209;"Diasporas";journal;"16375823";"Universite de Toulouse-Le Mirail";Yes;Yes;0,101;Q4;5;3;89;129;8;83;0,08;43,00;33,33;0;0;France;Western Europe;"Universite de Toulouse-Le Mirail";"2008-2024";"Cultural Studies (Q4); Demography (Q4); History (Q4); Sociology and Political Science (Q4)";"Arts and Humanities; Social Sciences"
1424;81529;"Eighteenth-Century Ireland";journal;"07907915";"Eighteenth-Century Ireland Society";No;No;0,101;Q4;10;8;27;734;2;23;0,10;91,75;0,00;0;0;Ireland;Western Europe;"Eighteenth-Century Ireland Society";"1986, 2002-2019, 2021-2024";"Arts and Humanities (miscellaneous) (Q4); Cultural Studies (Q4); Sociology and Political Science (Q4)";"Arts and Humanities; Social Sciences"
1425;5600153227;"Family and Community History";journal;"14631180";"Maney Publishing";No;No;0,101;Q4;5;10;44;0;7;34;0,22;0,00;42,86;0;0;United Kingdom;Western Europe;"Maney Publishing";"1999, 2001, 2013-2024";"History (Q4); Sociology and Political Science (Q4)";"Arts and Humanities; Social Sciences"
1426;19700182415;"Good Society";journal;"10890017, 15389731";"Penn State University Press";No;No;0,101;Q4;11;0;28;0;0;24;0,00;0,00;0,00;0;0;United States;Northern America;"Penn State University Press";"2010-2022";"Philosophy (Q4); Sociology and Political Science (Q4)";"Arts and Humanities; Social Sciences"
1427;5900152888;"Grey Room";journal;"15263819";"";No;No;0,101;Q4;23;26;61;1016;20;23;0,43;39,08;56,25;0;0;United States;Northern America;"";"2002-2024";"Architecture (Q4); Communication (Q4); Sociology and Political Science (Q4); Visual Arts and Performing Arts (Q4)";"Arts and Humanities; Engineering; Social Sciences"
1428;5700154199;"Index on Censorship";journal;"17466067, 03064220";"SAGE Publications Inc.";No;No;0,101;Q4;11;130;345;0;29;50;0,09;0,00;47,92;0;5;United Kingdom;Western Europe;"SAGE Publications Inc.";"1972-1993, 1995-2024";"History (Q4); Philosophy (Q4); Political Science and International Relations (Q4); Sociology and Political Science (Q4)";"Arts and Humanities; Social Sciences"
1429;5700154365;"International Journal of Francophone Studies";journal;"13682679, 17589142";"Intellect Ltd.";No;No;0,101;Q4;6;0;25;0;2;25;0,07;0,00;0,00;0;0;United Kingdom;Western Europe;"Intellect Ltd.";"2012-2023";"Cultural Studies (Q4); Gender Studies (Q4); History (Q4); Linguistics and Language (Q4); Literature and Literary Theory (Q4); Sociology and Political Science (Q4); Visual Arts and Performing Arts (Q4)";"Arts and Humanities; Social Sciences"
1430;21101045768;"Journal for Interdisciplinary Middle Eastern Studies";journal;"2522347X, 25226959";"Ariel University Press";No;No;0,101;Q4;2;6;21;442;1;21;0,00;73,67;16,67;0;2;Israel;Middle East;"Ariel University Press";"2017-2024";"Political Science and International Relations (Q4); Sociology and Political Science (Q4)";"Social Sciences"
1431;21101044944;"Journal of Austrian-American History";journal;"24750913, 24750905";"Penn State University Press";Yes;Yes;0,101;Q4;2;10;35;733;3;34;0,07;73,30;11,11;0;1;United States;Northern America;"Penn State University Press";"2017-2024";"Cultural Studies (Q4); Geography, Planning and Development (Q4); History (Q4); Political Science and International Relations (Q4); Sociology and Political Science (Q4)";"Arts and Humanities; Social Sciences"
1432;27223;"Luso-Brazilian Review";journal;"15489957, 00247413";"University of Wisconsin Press";No;No;0,101;Q4;7;16;46;1430;7;39;0,20;89,38;57,14;0;2;United States;Northern America;"University of Wisconsin Press";"1978, 1980-1981, 1999, 2001, 2009-2024";"Cultural Studies (Q4); History (Q4); Literature and Literary Theory (Q4); Sociology and Political Science (Q4)";"Arts and Humanities; Social Sciences"
1433;22413;"Northern Scotland";journal;"03065278";"Centre for Scottish Studies, University of Aberdeen";No;No;0,101;Q4;10;11;28;524;1;27;0,06;47,64;18,18;0;4;United Kingdom;Western Europe;"Centre for Scottish Studies, University of Aberdeen";"1979, 1981, 1996-2004, 2007, 2010-2024";"Anthropology (Q4); Cultural Studies (Q4); Economics, Econometrics and Finance (miscellaneous) (Q4); Geography, Planning and Development (Q4); History (Q4); Sociology and Political Science (Q4)";"Arts and Humanities; Economics, Econometrics and Finance; Social Sciences"
1434;21101054425;"Orbis Idearum";journal;"23533900";"History of Ideas Research Centre, Jagiellonian University Krakow";Yes;Yes;0,101;Q4;3;11;37;443;3;34;0,09;40,27;14,29;0;3;Poland;Eastern Europe;"History of Ideas Research Centre, Jagiellonian University Krakow";"2013-2024";"Arts and Humanities (miscellaneous) (Q4); History and Philosophy of Science (Q4); Philosophy (Q4); Religious Studies (Q4); Sociology and Political Science (Q4)";"Arts and Humanities; Social Sciences"
1435;6500153163;"Parliamentary History";journal;"02642824";"Wiley-Blackwell";No;No;0,101;Q4;15;18;83;0;11;74;0,17;0,00;8,33;0;5;United States;Northern America;"Wiley-Blackwell";"1982-2024";"History (Q4); Sociology and Political Science (Q4)";"Arts and Humanities; Social Sciences"
1436;21100786380;"Perspectives on Federalism";journal;"20365438";"Centro Studi Sul Federalismo";Yes;Yes;0,101;Q4;7;14;29;597;0;27;0,00;42,64;35,71;0;3;Italy;Western Europe;"Centro Studi Sul Federalismo";"2016-2024";"Law (Q4); Political Science and International Relations (Q4); Sociology and Political Science (Q4)";"Social Sciences"
1437;21100902868;"Punjab Geographer";journal;"09733485";"Institute For Spatial Planning And Environment Research";No;No;0,101;Q4;3;8;27;113;1;21;0,06;14,13;70,00;0;4;India;Asiatic Region;"Institute For Spatial Planning And Environment Research";"2018-2024";"Geography, Planning and Development (Q4); Sociology and Political Science (Q4)";"Social Sciences"
1438;21101264301;"Revista do CAAP";journal;"14150344, 22383840";"Faculdade de Direito da Universidade Federal de Minas Gerais";Yes;No;0,101;Q4;0;22;43;388;0;39;0,00;17,64;55,56;0;11;Brazil;Latin America;"Faculdade de Direito da Universidade Federal de Minas Gerais";"2020-2025";"Anthropology (Q4); Gender Studies (Q4); Law (Q4); Philosophy (Q4); Social Sciences (miscellaneous) (Q4); Sociology and Political Science (Q4)";"Arts and Humanities; Social Sciences"
1439;21100256129;"Societate si Politica";journal;"20677812, 18431348";"Universitatea de Vest Vasile Goldis din Arad";Yes;Yes;0,101;Q4;6;0;27;0;0;27;0,00;0,00;0,00;0;0;Romania;Eastern Europe;"Universitatea de Vest Vasile Goldis din Arad";"2013-2023";"History (Q4); Philosophy (Q4); Sociology and Political Science (Q4)";"Arts and Humanities; Social Sciences"
1440;17608;"Soundings";journal;"21616302, 00381861";"Society for Values in Higher Education";No;No;0,101;Q4;8;0;44;0;2;38;0,00;0,00;0,00;0;0;United States;Northern America;"Society for Values in Higher Education";"1975-1977, 1979-1980, 1982-1985, 1989, 1994, 2002-2023";"Arts and Humanities (miscellaneous) (Q4); Cultural Studies (Q4); Sociology and Political Science (Q4)";"Arts and Humanities; Social Sciences"
1441;21100865030;"Soviet and Post-Soviet Politics and Society";book series;"16143515";"Ibidem Verlag";No;No;0,101;Q4;3;15;291;773;8;128;0,02;51,53;0,00;0;1;Germany;Western Europe;"Ibidem Verlag";"2018-2024";"History (Q4); Political Science and International Relations (Q4); Sociology and Political Science (Q4)";"Arts and Humanities; Social Sciences"
1442;21100901132;"Studia Universitatis Cibiniensis, Series Historica";journal;"15843165";"Lucian Blaga University of Sibiu";No;No;0,101;Q4;1;5;24;300;0;24;0,00;60,00;16,67;0;1;Romania;Eastern Europe;"Lucian Blaga University of Sibiu";"2018-2023";"Archeology (arts and humanities) (Q4); Cultural Studies (Q4); History (Q4); Literature and Literary Theory (Q4); Sociology and Political Science (Q4)";"Arts and Humanities; Social Sciences"
1443;21100406922;"Studies in Critical Social Sciences";book series;"15734234";"Brill Academic Publishers";No;No;0,101;Q4;10;122;239;11468;20;38;0,09;94,00;14,29;0;8;Netherlands;Western Europe;"Brill Academic Publishers";"2007-2025";"Social Sciences (miscellaneous) (Q4); Sociology and Political Science (Q4)";"Social Sciences"
1444;21101083581;"Sulla Via del Catai";journal;"19703449";"Centro Studi Martino Martini";No;No;0,101;Q4;1;0;43;0;2;41;0,07;0,00;0,00;0;0;Italy;Western Europe;"Centro Studi Martino Martini";"2019-2023";"Arts and Humanities (miscellaneous) (Q4); History (Q4); Political Science and International Relations (Q4); Sociology and Political Science (Q4)";"Arts and Humanities; Social Sciences"
1445;17700155419;"Sur";journal;"19833342, 18066445";"Sur - Rede Universitaria de Direitos Humanos";Yes;Yes;0,101;Q4;12;0;33;0;1;30;0,00;0,00;0,00;0;0;Brazil;Latin America;"Sur - Rede Universitaria de Direitos Humanos";"2012-2022";"Law (Q4); Sociology and Political Science (Q4)";"Social Sciences"
1446;21100899526;"Synergies Afrique des Grands Lacs";journal;"22604278, 22584307";"GERFLINT (Groupe d'Etudes et de Recherches pour le Francais Langue Internationale)";Yes;Yes;0,101;Q4;2;0;31;0;0;28;0,00;0,00;0,00;0;0;France;Western Europe;"GERFLINT (Groupe d'Etudes et de Recherches pour le Francais Langue Internationale)";"2018-2023";"Cultural Studies (Q4); Linguistics and Language (Q4); Literature and Literary Theory (Q4); Sociology and Political Science (Q4)";"Arts and Humanities; Social Sciences"
1447;21100464929;"Taiwanese Political Science Review";journal;"10270221";"Taiwanese Political Science Association";No;No;0,101;Q4;3;0;25;0;1;25;0,07;0,00;0,00;0;0;Taiwan;Asiatic Region;"Taiwanese Political Science Association";"2015-2023";"Political Science and International Relations (Q4); Sociology and Political Science (Q4)";"Social Sciences"
1448;5700179313;"Yale French Studies";book series;"00440078";"Yale University Press";No;No;0,101;Q4;14;8;41;289;4;36;0,08;36,13;42,86;0;0;United States;Northern America;"Yale University Press";"2002-2014, 2018-2019, 2021-2024";"Cultural Studies (Q4); History (Q4); Literature and Literary Theory (Q4); Sociology and Political Science (Q4); Visual Arts and Performing Arts (Q4)";"Arts and Humanities; Social Sciences"
1449;24887;"Dalhousie Review";journal;"00115827";"Dalhousie University Press, Ltd.";No;No;0,100;Q4;6;0;88;0;0;71;0,00;0,00;0,00;0;0;Canada;Northern America;"Dalhousie University Press, Ltd.";"1973, 1975, 1980, 1985, 1999, 2002-2023";"Literature and Literary Theory (Q4); Philosophy (Q4); Sociology and Political Science (Q4)";"Arts and Humanities; Social Sciences"
1450;21100407477;"Historical Materialism Book Series";book series;"15701522";"Brill Academic Publishers";No;No;0,100;Q4;11;93;195;14886;1;58;0,00;160,06;6,90;0;0;Netherlands;Western Europe;"Brill Academic Publishers";"2007-2009, 2011-2025";"History (Q4); Social Sciences (miscellaneous) (Q4); Sociology and Political Science (Q4)";"Arts and Humanities; Social Sciences"
1451;17700155036;"Pensee Plurielle";journal;"17821479, 13760963";"De Boeck Supérieur";No;No;0,100;Q4;7;0;76;0;3;73;0,02;0,00;0,00;0;0;Belgium;Western Europe;"De Boeck Supérieur";"2001-2023";"Sociology and Political Science (Q4)";"Social Sciences"
1452;21473;"Polish Review";journal;"00322970, 23300841";"University of Illinois Press";No;No;0,100;Q4;3;26;95;515;10;78;0,03;19,81;50,00;0;5;United States;Northern America;"University of Illinois Press";"1986, 2019-2024";"Cultural Studies (Q4); History (Q4); Literature and Literary Theory (Q4); Sociology and Political Science (Q4)";"Arts and Humanities; Social Sciences"
1453;21100944258;"Revista de Direito Civil Contemporaneo";journal;"23581433";"Thomson Reuters Brasil Conteudo e Tecnologia";No;No;0,100;Q4;3;0;182;0;1;154;0,01;0,00;0,00;0;0;Brazil;Latin America;"Thomson Reuters Brasil Conteudo e Tecnologia";"2018-2023";"Law (Q4); Sociology and Political Science (Q4)";"Social Sciences"
1454;21101274418;"Revista do Instituto Historico e Geografico do Rio Grande do Sul";journal;"25957031, 16783484";"Historical and Geographical Institute of Rio Grande do Sul";No;No;0,100;Q4;1;33;68;1005;0;55;0,00;30,45;62,07;0;3;Brazil;Latin America;"Historical and Geographical Institute of Rio Grande do Sul";"2020, 2024";"Cultural Studies (Q4); Geography, Planning and Development (Q4); History (Q4); Law (Q4); Sociology and Political Science (Q4)";"Arts and Humanities; Social Sciences"
1455;21101132933;"Sguardo";journal;"20366558";"InSchibboleth Edizioni";Yes;Yes;0,100;Q4;2;0;97;0;2;91;0,00;0,00;0,00;0;0;Italy;Western Europe;"InSchibboleth Edizioni";"2019-2023";"History and Philosophy of Science (Q4); Philosophy (Q4); Political Science and International Relations (Q4); Sociology and Political Science (Q4)";"Arts and Humanities; Social Sciences"
1456;21101257959;"Studia Polonijne";journal;"2544526X, 01375210";"John Paul II Catholic University of Lublin";No;No;0,100;Q4;1;17;72;457;5;68;0,04;26,88;20,00;0;2;Poland;Eastern Europe;"John Paul II Catholic University of Lublin";"2021-2024";"History and Philosophy of Science (Q4); Sociology and Political Science (Q4)";"Arts and Humanities; Social Sciences"
1457;5800172539;"Virginia Quarterly Review";journal;"0042675X";"University of Virginia";No;No;0,100;Q4;7;38;149;6;1;122;0,01;0,16;45,16;0;0;United States;Northern America;"University of Virginia";"1970, 1978-1979, 1981, 1987-1988, 2002-2024";"Literature and Literary Theory (Q4); Sociology and Political Science (Q4); Visual Arts and Performing Arts (Q4)";"Arts and Humanities; Social Sciences"
1458;21101203742;"Asia Pacific Journal of Social Work and Development";journal;"29949769, 21650993";"Routledge";No;No;;-;2;53;0;2661;0;0;0,00;50,21;55,65;0;14;United Kingdom;Western Europe;"Routledge";"2014, 2024-2025";"Social Sciences (miscellaneous); Sociology and Political Science";"Social Sciences"
1459;62388;"Esprit";journal;"00140759, 21114579";"";No;No;;-;11;65;0;406;0;0;0,00;6,25;18,18;0;0;France;Western Europe;"";"1973, 1975, 1981-1983, 2010-2020, 2024";"Arts and Humanities (miscellaneous); Political Science and International Relations; Religious Studies; Sociology and Political Science";"Arts and Humanities; Social Sciences"
1460;21101074927;"International Development Policy";book series;"16639383, 16639391";"Brill Academic Publishers";Yes;Yes;;-;12;35;0;2232;0;0;0,00;63,77;33,33;0;23;Netherlands;Western Europe;"Brill Academic Publishers";"2014-2020, 2024";"Development; Law; Political Science and International Relations; Sociology and Political Science";"Social Sciences"
1461;4100151522;"Political Power and Social Theory";book series;"01988719";"Emerald Group Publishing Ltd.";No;No;;-;20;9;29;872;21;0;0,30;96,89;71,43;0;4;United Kingdom;Western Europe;"Emerald Group Publishing Ltd.";"2000, 2002-2003, 2005-2024";"Political Science and International Relations; Sociology and Political Science";"Social Sciences"
