Rank;Sourceid;Title;Type;Issn;Publisher;Open Access;Open Access Diamond;SJR;SJR Quartile;H index;Total Docs. (2024);Total Docs. (3years);Total Refs.;Total Citations (3years);Citable Docs. (3years);Citations / Doc. (2years);Ref. / Doc.;%Female;Overton;SDG;Country;Region;Publisher;Coverage;Categories;Areas
1;5700169428;"Nous";journal;"14680068, 00294624";"Wiley-Blackwell";No;No;2,795;Q1;88;80;131;4505;499;131;3,18;56,31;19,01;1;1;United States;Northern America;"Wiley-Blackwell";"1989, 1996-2025";"Philosophy (Q1)";"Arts and Humanities"
2;22861;"Political Psychology";journal;"0162895X, 14679221";"Wiley-Blackwell Publishing Ltd";No;No;2,047;Q1;125;126;196;10045;1177;195;5,30;79,72;46,15;0;43;United Kingdom;Western Europe;"Wiley-Blackwell Publishing Ltd";"1996-2025";"Clinical Psychology (Q1); Experimental and Cognitive Psychology (Q1); Philosophy (Q1); Political Science and International Relations (Q1); Social Psychology (Q1); Sociology and Political Science (Q1)";"Arts and Humanities; Psychology; Social Sciences"
3;22717;"Business Ethics Quarterly";journal;"1052150X";"Cambridge University Press";No;No;2,018;Q1;99;35;75;3393;371;70;4,13;96,94;33,33;2;6;United Kingdom;Western Europe;"Cambridge University Press";"1993, 1996-2024";"Business, Management and Accounting (miscellaneous) (Q1); Economics and Econometrics (Q1); Philosophy (Q1)";"Arts and Humanities; Business, Management and Accounting; Economics, Econometrics and Finance"
4;25403;"Mind";journal;"00264423, 14602113";"Oxford University Press";No;No;1,978;Q1;71;33;117;1348;266;112;2,04;40,85;15,79;0;1;United Kingdom;Western Europe;"Oxford University Press";"1876-1901, 1903-1904, 1908, 1911-1913, 1921-1951, 1959-1960, 1963-1965, 1967, 1970-2025";"Philosophy (Q1)";"Arts and Humanities"
5;19977;"British Journal for the Philosophy of Science";journal;"14643537, 00070882";"University of Chicago Press";No;No;1,923;Q1;70;32;137;1821;368;137;2,17;56,91;9,09;0;2;United States;Northern America;"University of Chicago Press";"1950-2024";"History (Q1); History and Philosophy of Science (Q1); Philosophy (Q1)";"Arts and Humanities"
6;19700182304;"Philosophy and Technology";journal;"22105433, 22105441";"Springer Netherlands";No;No;1,862;Q1;56;139;289;6263;2099;223;5,40;45,06;26,67;4;10;Netherlands;Western Europe;"Springer Netherlands";"2011-2025";"History and Philosophy of Science (Q1); Philosophy (Q1)";"Arts and Humanities"
7;26107;"Philosophical Review";journal;"00318108, 15581470";"Duke University Press";No;No;1,771;Q1;70;8;27;543;78;23;3,17;67,88;25,00;0;1;United States;Northern America;"Duke University Press";"1970, 1977-1978, 1984, 1996-2024";"Philosophy (Q1)";"Arts and Humanities"
8;85519;"Ethics";journal;"1539297X, 00141704";"University of Chicago Press";No;No;1,725;Q1;93;18;70;0;221;67;2,49;0,00;33,33;0;4;United States;Northern America;"University of Chicago Press";"1973-1990, 1992-1993, 1996-2025";"Philosophy (Q1)";"Arts and Humanities"
9;25408;"Mind and Language";journal;"14680017, 02681064";"Wiley-Blackwell Publishing Ltd";No;No;1,668;Q1;83;53;167;2804;479;158;2,50;52,91;42,31;0;1;United Kingdom;Western Europe;"Wiley-Blackwell Publishing Ltd";"1986-2025";"Linguistics and Language (Q1); Philosophy (Q1)";"Arts and Humanities; Social Sciences"
10;26151;"Philosophy and Phenomenological Research";journal;"00318205, 19331592";"Wiley-Blackwell";No;No;1,573;Q1;62;121;268;5760;535;226;1,60;47,60;24,64;0;1;United States;Northern America;"Wiley-Blackwell";"1970, 1988, 2006, 2008-2025";"History and Philosophy of Science (Q1); Philosophy (Q1)";"Arts and Humanities"
11;15382;"Journal of Applied Behavior Analysis";journal;"19383703, 00218855";"Wiley-Blackwell";No;No;1,557;Q1;93;75;236;3097;879;230;3,76;41,29;53,37;0;4;United States;Northern America;"Wiley-Blackwell";"1968-2025";"Applied Psychology (Q1); Philosophy (Q1); Sociology and Political Science (Q1)";"Arts and Humanities; Psychology; Social Sciences"
12;11600153483;"Philosophy Compass";journal;"17479991";"John Wiley and Sons Inc";No;No;1,533;Q1;47;66;196;4057;581;182;2,57;61,47;28,21;1;1;United States;Northern America;"John Wiley and Sons Inc";"2012-2025";"Philosophy (Q1)";"Arts and Humanities"
13;16000154743;"Nous-Supplement: Philosophical Perspectives";journal;"17582245, 15208583";"Wiley-Blackwell Publishing Ltd";No;No;1,525;Q1;52;0;54;0;84;54;1,47;0,00;0,00;0;0;United Kingdom;Western Europe;"Wiley-Blackwell Publishing Ltd";"1997, 1999-2000, 2002-2009, 2014-2023";"Philosophy (Q1)";"Arts and Humanities"
14;24829;"Journal of Political Philosophy";journal;"14679760, 09638016";"Wiley-Blackwell Publishing Ltd";No;No;1,501;Q1;80;0;78;0;312;66;3,87;0,00;0,00;0;0;United Kingdom;Western Europe;"Wiley-Blackwell Publishing Ltd";"1993-2023";"Philosophy (Q1); Sociology and Political Science (Q1)";"Arts and Humanities; Social Sciences"
15;4700152621;"Journal of Philosophical Logic";journal;"00223611, 15730433";"Springer Netherlands";No;No;1,497;Q1;49;54;156;2211;260;155;1,44;40,94;14,86;0;0;Netherlands;Western Europe;"Springer Netherlands";"1972-2025";"Philosophy (Q1)";"Arts and Humanities"
16;21100256974;"Philosophers Imprint";journal;"1533628X";"University of Michigan Press";Yes;Yes;1,458;Q1;34;23;89;1064;178;86;2,04;46,26;19,23;0;2;United States;Northern America;"University of Michigan Press";"2012-2024";"Philosophy (Q1)";"Arts and Humanities"
17;6500153208;"Philosophical Quarterly";journal;"00318094, 14679213";"Oxford University Press";No;No;1,388;Q1;60;65;151;2897;301;149;1,76;44,57;24,10;0;5;United Kingdom;Western Europe;"Oxford University Press";"1950-1978, 1980-1994, 1996-2024";"Philosophy (Q1)";"Arts and Humanities"
18;22208;"Australasian Journal of Philosophy";journal;"14716828, 00048402";"Taylor and Francis Ltd.";No;No;1,374;Q1;56;102;182;3613;311;163;1,48;35,42;19,81;0;4;United Kingdom;Western Europe;"Taylor and Francis Ltd.";"1947-2025";"Philosophy (Q1)";"Arts and Humanities"
19;26109;"Philosophical Studies";journal;"00318116";"Springer Netherlands";No;No;1,343;Q1;94;209;536;9310;1011;534;1,67;44,55;18,33;1;10;Netherlands;Western Europe;"Springer Netherlands";"1950-2025";"Philosophy (Q1)";"Arts and Humanities"
20;24777;"Minds and Machines";journal;"09246495, 15728641";"Springer Netherlands";No;No;1,339;Q1;56;51;96;3415;602;91;5,29;66,96;28,26;2;5;Netherlands;Western Europe;"Springer Netherlands";"1991-2025";"Artificial Intelligence (Q1); Philosophy (Q1)";"Arts and Humanities; Computer Science"
21;21100286342;"Philosophical Topics";journal;"02762080, 2154154X";"The University of Arkansas Press";No;No;1,303;Q1;23;0;76;0;183;74;1,39;0,00;0,00;0;0;United States;Northern America;"The University of Arkansas Press";"2011-2023";"Philosophy (Q1)";"Arts and Humanities"
22;23715;"Science Technology and Human Values";journal;"01622439, 15528251";"SAGE Publications Inc.";No;No;1,290;Q1;96;97;179;5946;757;163;3,83;61,30;62,42;2;44;United States;Northern America;"SAGE Publications Inc.";"1976-2025";"Anthropology (Q1); Economics and Econometrics (Q1); Engineering (miscellaneous) (Q1); Human-Computer Interaction (Q1); Philosophy (Q1); Social Sciences (miscellaneous) (Q1); Sociology and Political Science (Q1)";"Arts and Humanities; Computer Science; Economics, Econometrics and Finance; Engineering; Social Sciences"
23;144636;"Linguistics and Philosophy";journal;"01650157";"Springer Netherlands";No;No;1,242;Q1;64;30;107;1851;152;107;1,44;61,70;19,57;0;0;Netherlands;Western Europe;"Springer Netherlands";"1977-2002, 2005-2025";"Linguistics and Language (Q1); Philosophy (Q1)";"Arts and Humanities; Social Sciences"
24;23616;"AI and Society";journal;"09515666, 14355655";"Springer London";No;No;1,208;Q1;55;551;485;26690;3069;433;6,03;48,44;35,24;48;94;United Kingdom;Western Europe;"Springer London";"1987-1996, 1998-2025";"Artificial Intelligence (Q1); Human-Computer Interaction (Q1); Philosophy (Q1)";"Arts and Humanities; Computer Science"
25;15330;"Thinking and Reasoning";journal;"14640708, 13546783";"Taylor and Francis Ltd.";No;No;1,164;Q1;58;41;70;2486;243;67;3,29;60,63;33,95;0;1;United Kingdom;Western Europe;"Taylor and Francis Ltd.";"1995, 2000-2025";"Experimental and Cognitive Psychology (Q1); Philosophy (Q1); Psychology (miscellaneous) (Q1)";"Arts and Humanities; Psychology"
26;19500157063;"International Journal of Social Robotics";journal;"18754805, 18754791";"Springer Verlag";No;No;1,157;Q1;85;152;400;10082;2620;386;5,51;66,33;36,90;3;30;Germany;Western Europe;"Springer Verlag";"2009-2025";"Computer Science (miscellaneous) (Q1); Control and Systems Engineering (Q1); Electrical and Electronic Engineering (Q1); Human-Computer Interaction (Q1); Philosophy (Q1); Social Psychology (Q1)";"Arts and Humanities; Computer Science; Engineering; Psychology"
27;24826;"Journal of Philosophy";journal;"0022362X, 19398549";"Journal of Philosophy, Inc.";No;No;1,145;Q1;66;20;35;1398;64;33;1,58;69,90;14,29;0;0;United States;Northern America;"Journal of Philosophy, Inc.";"1977, 1980, 1989-1990, 2002-2021, 2023-2024";"Philosophy (Q1)";"Arts and Humanities"
28;21100284946;"Journal of Critical Realism";journal;"14767430, 15725138";"Maney Publishing";No;No;1,144;Q1;21;28;103;1749;342;91;2,83;62,46;34,38;0;6;United Kingdom;Western Europe;"Maney Publishing";"2013-2025";"Philosophy (Q1)";"Arts and Humanities"
29;100147345;"Journal of Sociolinguistics";journal;"13606441, 14679841";"Wiley-Blackwell Publishing Ltd";No;No;1,057;Q1;68;33;111;1287;256;87;2,14;39,00;43,75;0;2;United Kingdom;Western Europe;"Wiley-Blackwell Publishing Ltd";"2004-2025";"History and Philosophy of Science (Q1); Linguistics and Language (Q1); Philosophy (Q1); Sociology and Political Science (Q1)";"Arts and Humanities; Social Sciences"
30;27699;"Synthese";journal;"00397857, 15730964";"Springer Netherlands";No;No;1,052;Q1;89;384;2435;22305;4721;2385;1,55;58,09;22,32;2;13;Netherlands;Western Europe;"Springer Netherlands";"1936-1939, 1946-1949, 1955-1956, 1959-1963, 1966-2025";"Philosophy (Q1); Social Sciences (miscellaneous) (Q1)";"Arts and Humanities; Social Sciences"
31;21100466413;"Life Sciences, Society and Policy";journal;"21957819";"Springer International Publishing AG";Yes;No;1,035;Q1;27;0;10;0;78;10;0,00;0,00;0,00;0;0;Switzerland;Western Europe;"Springer International Publishing AG";"2013-2021";"Biochemistry, Genetics and Molecular Biology (miscellaneous) (Q1); Management, Monitoring, Policy and Law (Q1); Philosophy (Q1)";"Arts and Humanities; Biochemistry, Genetics and Molecular Biology; Environmental Science"
32;21101059716;"Al-Ihkam: Jurnal Hukum dan Pranata Sosial";journal;"24423084, 1907591X";"Faculty of Shariah Institut Agama Islam Negeri Madura";Yes;No;1,015;Q1;12;18;75;747;310;75;4,55;41,50;25,49;0;6;Indonesia;Asiatic Region;"Faculty of Shariah Institut Agama Islam Negeri Madura";"2018-2024";"Arts and Humanities (miscellaneous) (Q1); Law (Q1); Philosophy (Q1); Religious Studies (Q1); Social Sciences (miscellaneous) (Q1); Sociology and Political Science (Q1); Social Psychology (Q2)";"Arts and Humanities; Psychology; Social Sciences"
33;19800188078;"Review of Symbolic Logic";journal;"17550211, 17550203";"Cambridge University Press";No;No;0,999;Q1;33;56;123;1919;148;123;1,35;34,27;8,24;0;0;United Kingdom;Western Europe;"Cambridge University Press";"2008-2025";"Logic (Q1); Mathematics (miscellaneous) (Q1); Philosophy (Q1)";"Arts and Humanities; Mathematics"
34;19400158521;"Review of Philosophy and Psychology";journal;"18785166, 18785158";"Springer Verlag";No;No;0,983;Q1;48;99;172;6783;430;166;2,44;68,52;32,65;0;2;Germany;Western Europe;"Springer Verlag";"2010-2025";"Philosophy (Q1); Experimental and Cognitive Psychology (Q2)";"Arts and Humanities; Psychology"
35;144733;"Phenomenology and the Cognitive Sciences";journal;"15687759";"Springer Netherlands";No;No;0,972;Q1;59;115;218;8054;585;203;2,46;70,03;27,56;0;4;Netherlands;Western Europe;"Springer Netherlands";"2004-2025";"Philosophy (Q1); Cognitive Neuroscience (Q2)";"Arts and Humanities; Neuroscience"
36;19700181414;"European Journal for Philosophy of Science";journal;"18794920, 18794912";"Springer Netherlands";No;No;0,971;Q1;32;62;241;3775;516;238;2,04;60,89;38,10;0;1;Netherlands;Western Europe;"Springer Netherlands";"2011-2025";"History and Philosophy of Science (Q1); Philosophy (Q1)";"Arts and Humanities"
37;25005;"Natural Language Semantics";journal;"0925854X";"Springer Netherlands";No;No;0,969;Q1;55;14;41;853;41;40;0,84;60,93;38,46;0;0;Netherlands;Western Europe;"Springer Netherlands";"1992-1993, 1995-2002, 2004-2025";"Linguistics and Language (Q1); Philosophy (Q1)";"Arts and Humanities; Social Sciences"
38;21101272014;"Ergo";journal;"23304014";"Michigan Publishing";Yes;Yes;0,961;Q1;8;46;180;2412;223;174;1,10;52,43;17,24;0;2;United States;Northern America;"Michigan Publishing";"2021-2025";"Philosophy (Q1)";"Arts and Humanities"
39;5700168982;"Pacific Philosophical Quarterly";journal;"02790750, 14680114";"Wiley-Blackwell";No;No;0,955;Q1;40;27;106;1372;163;106;1,40;50,81;0,00;0;4;United States;Northern America;"Wiley-Blackwell";"1996-2025";"Philosophy (Q1)";"Arts and Humanities"
40;4700152618;"Erkenntnis";journal;"15728420, 01650106";"Springer Netherlands";No;No;0,945;Q1;51;294;441;13348;598;439;1,36;45,40;17,06;0;3;Netherlands;Western Europe;"Springer Netherlands";"1919-1921, 1924-1925, 1928-1932, 1934-1937, 1939, 1975-2002, 2004, 2006-2025";"Logic (Q1); Philosophy (Q1)";"Arts and Humanities; Mathematics"
41;24888;"Economics and Philosophy";journal;"02662671, 14740028";"Cambridge University Press";No;No;0,936;Q1;47;55;68;2114;120;67;1,81;38,44;21,21;0;4;United Kingdom;Western Europe;"Cambridge University Press";"1985-2025";"Philosophy (Q1); Economics and Econometrics (Q2)";"Arts and Humanities; Economics, Econometrics and Finance"
42;22730;"Canadian Journal of Philosophy";journal;"00455091, 19110820";"Cambridge University Press";No;No;0,934;Q1;39;38;102;1460;192;101;2,54;38,42;22,50;0;0;United Kingdom;Western Europe;"Cambridge University Press";"1971-2025";"Philosophy (Q1)";"Arts and Humanities"
43;21908;"Journal of School Health";journal;"00224391, 17461561";"Wiley-Blackwell";No;No;0,922;Q1;100;112;374;4751;897;346;2,04;42,42;71,60;0;69;United States;Northern America;"Wiley-Blackwell";"1930-2025";"Education (Q1); Philosophy (Q1); Public Health, Environmental and Occupational Health (Q2)";"Arts and Humanities; Medicine; Social Sciences"
44;145253;"Journal of Linguistics";journal;"14697742, 00222267";"Cambridge University Press";No;No;0,902;Q1;50;46;93;3325;145;91;1,39;72,28;39,71;0;1;United Kingdom;Western Europe;"Cambridge University Press";"1965-2025";"Linguistics and Language (Q1); Philosophy (Q1)";"Arts and Humanities; Social Sciences"
45;18402;"Medicine, Health Care and Philosophy";journal;"15728633, 13867423";"Springer Netherlands";No;No;0,893;Q1;55;51;191;2797;679;177;3,82;54,84;50,00;1;10;Netherlands;Western Europe;"Springer Netherlands";"1998-2025";"Education (Q1); Health Policy (Q1); Health (social science) (Q1); Philosophy (Q1)";"Arts and Humanities; Medicine; Social Sciences"
46;145523;"Cognition, Technology and Work";journal;"14355558, 14355566";"Springer London";No;No;0,869;Q1;55;45;123;2714;561;122;4,94;60,31;30,51;2;12;United Kingdom;Western Europe;"Springer London";"2002-2025";"Philosophy (Q1); Computer Science Applications (Q2); Human-Computer Interaction (Q2)";"Arts and Humanities; Computer Science"
47;19900191537;"International Theory";journal;"17529727, 17529719";"Cambridge University Press";No;No;0,856;Q1;43;18;84;1847;179;83;2,18;102,61;24,00;0;3;United Kingdom;Western Europe;"Cambridge University Press";"2009-2025";"Law (Q1); Philosophy (Q1); Political Science and International Relations (Q1)";"Arts and Humanities; Social Sciences"
48;19600163000;"Inquiry (United Kingdom)";journal;"15023923, 0020174X";"Routledge";No;No;0,848;Q1;43;318;443;12619;535;439;0,94;39,68;21,89;0;5;United Kingdom;Western Europe;"Routledge";"1958-2025";"Philosophy (Q1); Health Policy (Q2)";"Arts and Humanities; Medicine"
49;21101053582;"Business Ethics, the Environment and Responsibility";journal;"26946424, 26946416";"John Wiley and Sons Inc";No;No;0,840;Q1;56;165;271;15660;1414;253;5,83;94,91;44,42;0;91;United Kingdom;Western Europe;"John Wiley and Sons Inc";"2021-2025";"Philosophy (Q1); Business and International Management (Q2); Economics and Econometrics (Q2); Management, Monitoring, Policy and Law (Q2); Organizational Behavior and Human Resource Management (Q2)";"Arts and Humanities; Business, Management and Accounting; Economics, Econometrics and Finance; Environmental Science"
50;23974;"Journal of Symbolic Logic";journal;"00224812";"Cambridge University Press";No;No;0,831;Q1;49;123;256;3192;181;255;0,66;25,95;11,27;0;0;United Kingdom;Western Europe;"Cambridge University Press";"1938, 1996-2025";"Logic (Q1); Philosophy (Q1)";"Arts and Humanities; Mathematics"
51;5700163963;"Politics, Philosophy and Economics";journal;"1470594X";"SAGE Publications Inc.";No;No;0,828;Q1;40;32;59;1713;138;57;2,36;53,53;17,95;0;12;United States;Northern America;"SAGE Publications Inc.";"2002-2025";"Philosophy (Q1); Sociology and Political Science (Q1); Economics and Econometrics (Q2)";"Arts and Humanities; Economics, Econometrics and Finance; Social Sciences"
52;11700154508;"Ethics in Science and Environmental Politics";journal;"16118014, 18635415";"Inter-Research";Yes;Yes;0,824;Q1;23;7;15;427;110;15;1,90;61,00;26,32;0;3;Germany;Western Europe;"Inter-Research";"2001-2024";"Ecology (Q1); Education (Q1); Philosophy (Q1); Sociology and Political Science (Q1); Management, Monitoring, Policy and Law (Q2)";"Arts and Humanities; Environmental Science; Social Sciences"
53;13699;"Biology and Philosophy";journal;"15728404, 01693867";"Springer Science and Business Media B.V.";No;No;0,815;Q1;62;34;159;2065;364;159;1,75;60,74;29,55;0;3;Netherlands;Western Europe;"Springer Science and Business Media B.V.";"1986-2025";"Agricultural and Biological Sciences (miscellaneous) (Q1); History and Philosophy of Science (Q1); Philosophy (Q1)";"Agricultural and Biological Sciences; Arts and Humanities"
54;22103;"Analysis";journal;"14678284, 00032638";"Oxford University Press";No;No;0,814;Q1;56;44;217;1011;183;208;0,54;22,98;16,00;0;0;United Kingdom;Western Europe;"Oxford University Press";"1933-1940, 1947-1994, 1996-2024";"Philosophy (Q1)";"Arts and Humanities"
55;12824;"Philosophical Psychology";journal;"09515089, 1465394X";"Routledge";No;No;0,809;Q1;58;218;205;12930;417;197;1,92;59,31;30,38;1;14;United Kingdom;Western Europe;"Routledge";"1988-2025";"Philosophy (Q1); Applied Psychology (Q2)";"Arts and Humanities; Psychology"
56;21101049148;"Kantian Journal";journal;"02076918, 23103701";"Immanuel Kant Baltic Federal University";Yes;Yes;0,804;Q1;4;19;76;1036;36;73;0,44;54,53;27,78;0;3;Russian Federation;Eastern Europe;"Immanuel Kant Baltic Federal University";"2019-2024";"Philosophy (Q1)";"Arts and Humanities"
57;29632;"Review of Religious Research";journal;"22114866, 0034673X";"Sage Publications";No;No;0,778;Q1;50;41;87;2025;184;86;1,98;49,39;45,33;0;13;United States;Northern America;"Sage Publications";"1977, 1979, 1985, 1989-1990, 1992, 1996-2025";"Philosophy (Q1); Religious Studies (Q1)";"Arts and Humanities"
58;22258;"Bioethics";journal;"14678519, 02699702";"Wiley-Blackwell Publishing Ltd";No;No;0,769;Q1;70;120;358;1125;860;309;2,37;9,38;43,75;2;37;United Kingdom;Western Europe;"Wiley-Blackwell Publishing Ltd";"1987-2025";"Philosophy (Q1); Health Policy (Q2); Health (social science) (Q2)";"Arts and Humanities; Medicine; Social Sciences"
59;22086;"American Philosophical Quarterly";journal;"00030481";"University of Illinois Press";No;No;0,766;Q1;36;29;88;1111;105;87;0,90;38,31;15,15;0;3;United States;Northern America;"University of Illinois Press";"1973, 1977, 1979-1980, 1988, 2001-2025";"Philosophy (Q1)";"Arts and Humanities"
60;21101270277;"Philosophy and the Mind Sciences";journal;"26990369";"Ruhr-University of Bochum";Yes;Yes;0,766;Q1;15;39;49;2340;95;46;1,51;60,00;36,73;0;0;Germany;Western Europe;"Ruhr-University of Bochum";"2020-2025";"Philosophy (Q1); Psychology (miscellaneous) (Q2); Cognitive Neuroscience (Q3)";"Arts and Humanities; Neuroscience; Psychology"
61;21100821145;"Journal of the American Philosophical Association";journal;"20534477, 20534485";"Cambridge University Press";No;No;0,755;Q1;25;40;137;1710;205;137;1,48;42,75;17,02;0;4;United Kingdom;Western Europe;"Cambridge University Press";"2015-2025";"Philosophy (Q1)";"Arts and Humanities"
62;12100156093;"Sport, Ethics and Philosophy";journal;"17511321, 1751133X";"Routledge";No;No;0,749;Q1;27;60;109;2648;265;100;2,81;44,13;22,11;0;8;United Kingdom;Western Europe;"Routledge";"2007-2025";"Philosophy (Q1); Physical Therapy, Sports Therapy and Rehabilitation (Q2); Sports Science (Q3)";"Arts and Humanities; Health Professions"
63;25433;"Monist";journal;"00269662, 21533601";"Oxford University Press";No;No;0,718;Q1;38;30;103;1458;162;102;1,40;48,60;31,25;0;3;United Kingdom;Western Europe;"Oxford University Press";"1973, 1976-1977, 1981, 1984, 1987, 1993, 2002-2008, 2014-2025";"Philosophy (Q1)";"Arts and Humanities"
64;5600155308;"Canadian Slavonic Papers";journal;"00085006";"Taylor and Francis Ltd.";No;No;0,716;Q1;16;28;78;1385;90;64;1,28;49,46;66,67;0;3;United Kingdom;Western Europe;"Taylor and Francis Ltd.";"1977-1979, 1996-2024";"Cultural Studies (Q1); History (Q1); Linguistics and Language (Q1); Literature and Literary Theory (Q1); Philosophy (Q1); Sociology and Political Science (Q1); Visual Arts and Performing Arts (Q1)";"Arts and Humanities; Social Sciences"
65;14300154705;"Neuroethics";journal;"18745490, 18745504";"Springer Netherlands";No;No;0,709;Q1;42;36;126;2266;389;126;4,13;62,94;33,68;2;4;Netherlands;Western Europe;"Springer Netherlands";"2007, 2009-2025";"Issues, Ethics and Legal Aspects (Q1); Philosophy (Q1); Health Policy (Q2); Psychiatry and Mental Health (Q2); Neurology (Q3)";"Arts and Humanities; Medicine; Neuroscience; Nursing"
66;27207;"Social Epistemology";journal;"02691728, 14645297";"Routledge";No;No;0,705;Q1;44;102;169;4941;401;167;2,20;48,44;33,87;0;15;United Kingdom;Western Europe;"Routledge";"1987-2025";"Philosophy (Q1); Social Sciences (miscellaneous) (Q1)";"Arts and Humanities; Social Sciences"
67;22308;"Philosophy of Science";journal;"1539767X, 00318248";"Cambridge University Press";No;No;0,695;Q1;89;115;180;4503;218;179;1,02;39,16;34,15;0;6;United Kingdom;Western Europe;"Cambridge University Press";"1949, 1980, 1996-2025";"History (Q1); History and Philosophy of Science (Q1); Philosophy (Q1)";"Arts and Humanities"
68;25207;"Archive for Mathematical Logic";journal;"14320665, 09335846";"Springer New York";No;No;0,689;Q1;33;61;146;1175;72;145;0,46;19,26;9,18;0;0;United States;Northern America;"Springer New York";"1988-2025";"Logic (Q1); Philosophy (Q1)";"Arts and Humanities; Mathematics"
69;5000157103;"Continental Philosophy Review";journal;"13872842";"Springer Netherlands";No;No;0,688;Q1;32;36;92;1501;146;91;1,03;41,69;30,23;0;2;Netherlands;Western Europe;"Springer Netherlands";"1996-2002, 2005-2025";"Philosophy (Q1)";"Arts and Humanities"
70;4900152613;"Husserl Studies";journal;"01679848";"Springer Netherlands";No;No;0,688;Q1;20;18;42;683;60;41;1,43;37,94;31,25;0;0;Netherlands;Western Europe;"Springer Netherlands";"1984-2002, 2006-2025";"Philosophy (Q1)";"Arts and Humanities"
71;95587;"Thought";journal;"21612234";"John Wiley and Sons Ltd";No;No;0,688;Q1;15;0;32;0;41;32;0,00;0,00;0,00;0;0;United States;Northern America;"John Wiley and Sons Ltd";"2012, 2014-2021";"Philosophy (Q1)";"Arts and Humanities"
72;145538;"Argumentation";journal;"15728374, 0920427X";"Springer Netherlands";No;No;0,679;Q1;40;25;83;1272;145;83;1,79;50,88;30,23;0;4;Netherlands;Western Europe;"Springer Netherlands";"1987-2025";"Linguistics and Language (Q1); Philosophy (Q1)";"Arts and Humanities; Social Sciences"
73;15982;"Journal of Medicine and Philosophy (United Kingdom)";journal;"03605310, 17445019";"Oxford University Press";No;No;0,663;Q1;61;43;149;2259;284;148;1,90;52,53;22,22;0;7;United Kingdom;Western Europe;"Oxford University Press";"1976-2025";"Philosophy (Q1); Issues, Ethics and Legal Aspects (Q2); Medicine (miscellaneous) (Q2)";"Arts and Humanities; Medicine; Nursing"
74;21100999215;"Analytic Philosophy";journal;"2153960X, 21539596";"John Wiley and Sons Ltd";No;No;0,659;Q1;6;60;95;2340;80;88;0,85;39,00;14,29;0;3;United States;Northern America;"John Wiley and Sons Ltd";"2020-2025";"Philosophy (Q1)";"Arts and Humanities"
75;1000147118;"Journal of Academic Ethics";journal;"15701727";"Springer Netherlands";No;No;0,659;Q1;34;102;107;5662;402;103;4,04;55,51;50,78;1;15;Netherlands;Western Europe;"Springer Netherlands";"2003, 2005-2025";"Arts and Humanities (miscellaneous) (Q1); Philosophy (Q1); Sociology and Political Science (Q1); Education (Q2)";"Arts and Humanities; Social Sciences"
76;21101185196;"Nazhruna: Jurnal Pendidikan Islam";journal;"26148013";"Institut Pesantren KH Abdul Chalim";Yes;No;0,657;Q1;8;35;31;1853;107;31;3,45;52,94;22,62;0;9;Indonesia;Asiatic Region;"Institut Pesantren KH Abdul Chalim";"2023-2024";"History (Q1); Philosophy (Q1); Religious Studies (Q1); Social Sciences (miscellaneous) (Q1); Education (Q2)";"Arts and Humanities; Social Sciences"
77;19700187608;"Reflective Practice";journal;"14623943, 14701103";"Taylor and Francis Ltd.";No;No;0,657;Q1;37;62;164;2727;407;154;2,38;43,98;62,11;0;13;United Kingdom;Western Europe;"Taylor and Francis Ltd.";"2003, 2009-2025";"Philosophy (Q1)";"Arts and Humanities"
78;21100344997;"Research Ethics";journal;"17470161, 20476094";"SAGE Publications Ltd";Yes;No;0,657;Q1;21;68;95;3561;294;89;2,95;52,37;59,57;1;17;United Kingdom;Western Europe;"SAGE Publications Ltd";"2014-2025";"Philosophy (Q1); Education (Q2)";"Arts and Humanities; Social Sciences"
79;145571;"Journal for General Philosophy of Science";journal;"09254560, 15728587";"Springer Netherlands";No;No;0,654;Q1;22;40;94;1727;162;89;1,61;43,18;25,49;0;0;Netherlands;Western Europe;"Springer Netherlands";"1980, 1986, 1990-2025";"History and Philosophy of Science (Q1); Philosophy (Q1); Social Sciences (miscellaneous) (Q1)";"Arts and Humanities; Social Sciences"
80;19900191624;"Utilitas";journal;"17416183, 09538208";"Cambridge University Press";No;No;0,649;Q1;31;18;84;716;104;80;1,02;39,78;22,73;0;1;United Kingdom;Western Europe;"Cambridge University Press";"1989-2007, 2010-2025";"Philosophy (Q1); Sociology and Political Science (Q1)";"Arts and Humanities; Social Sciences"
81;21100324708;"AJOB Empirical Bioethics";journal;"23294523, 23294515";"Taylor and Francis Ltd.";No;No;0,643;Q1;28;34;66;1569;141;65;2,19;46,15;59,31;0;12;United Kingdom;Western Europe;"Taylor and Francis Ltd.";"2014-2025";"Philosophy (Q1); Health Policy (Q2); Health (social science) (Q2)";"Arts and Humanities; Medicine; Social Sciences"
82;5800170566;"Journal of Moral Philosophy";journal;"17404681, 17455243";"Brill Academic Publishers";No;No;0,643;Q1;29;34;64;1422;69;63;0,90;41,82;19,51;0;3;Netherlands;Western Europe;"Brill Academic Publishers";"2004-2025";"Philosophy (Q1)";"Arts and Humanities"
83;4700152866;"Topoi";journal;"01677411, 15728749";"Springer Netherlands";Yes;No;0,642;Q1;36;184;299;8721;553;270;1,72;47,40;31,98;0;19;Netherlands;Western Europe;"Springer Netherlands";"1982-1996, 2004, 2006-2025";"Philosophy (Q1)";"Arts and Humanities"
84;5800224528;"Journal of Aesthetics and Art Criticism";journal;"15406245, 00218529";"Oxford University Press";No;No;0,640;Q1;44;35;153;1523;152;137;0,94;43,51;36,11;0;1;United Kingdom;Western Europe;"Oxford University Press";"1996-2024";"Music (Q1); Philosophy (Q1); Visual Arts and Performing Arts (Q1)";"Arts and Humanities"
85;6000152912;"British Journal of Aesthetics";journal;"00070904, 14682842";"Oxford University Press";No;No;0,638;Q1;36;40;109;1402;130;98;0,87;35,05;29,79;0;2;United Kingdom;Western Europe;"Oxford University Press";"1960-2025";"Philosophy (Q1)";"Arts and Humanities"
86;19700169834;"Gender and Language";journal;"1747633X, 17476321";"Equinox Publishing Ltd";No;No;0,634;Q1;20;20;101;791;189;100;1,48;39,55;55,56;0;1;United Kingdom;Western Europe;"Equinox Publishing Ltd";"2013-2024";"Gender Studies (Q1); Linguistics and Language (Q1); Philosophy (Q1)";"Arts and Humanities; Social Sciences"
87;21101155811;"Memory, Mind and Media";journal;"26350238";"Cambridge University Press";No;No;0,634;Q1;7;27;27;1671;75;24;2,78;61,89;60,78;0;1;United Kingdom;Western Europe;"Cambridge University Press";"2022-2025";"Communication (Q1); History (Q1); Philosophy (Q1); Social Psychology (Q2)";"Arts and Humanities; Psychology; Social Sciences"
88;15540;"Journal of Humanistic Psychology";journal;"1552650X, 00221678";"SAGE Publications Inc.";No;No;0,622;Q1;48;109;269;4599;557;257;1,63;42,19;46,60;1;22;United States;Northern America;"SAGE Publications Inc.";"1961-2025";"Philosophy (Q1); Sociology and Political Science (Q1); Social Psychology (Q2)";"Arts and Humanities; Psychology; Social Sciences"
89;23509;"Ethical Theory and Moral Practice";journal;"13862820, 15728447";"Springer Netherlands";No;No;0,602;Q1;39;67;193;2420;308;179;1,78;36,12;25,33;0;12;Netherlands;Western Europe;"Springer Netherlands";"1999-2002, 2004-2025";"Philosophy (Q1); Social Sciences (miscellaneous) (Q1)";"Arts and Humanities; Social Sciences"
90;145560;"Diachronica";journal;"01764225, 15699714";"John Benjamins Publishing Company";No;No;0,591;Q1;32;24;55;1620;67;50;1,18;67,50;45,00;0;0;Netherlands;Western Europe;"John Benjamins Publishing Company";"1984-2025";"Linguistics and Language (Q1); Philosophy (Q1)";"Arts and Humanities; Social Sciences"
91;16800154737;"Archive for the Psychology of Religion";journal;"00846724, 15736121";"Sage Publications";No;No;0,581;Q1;23;30;44;2318;69;44;1,82;77,27;43,75;0;4;Netherlands;Western Europe;"Sage Publications";"1914, 1921, 1929, 1936, 1964, 1967, 1976, 1980, 1982-1983, 1985, 1988, 1990, 1992, 1997, 2000, 2003-2025";"Philosophy (Q1); Religious Studies (Q1); Psychology (miscellaneous) (Q2)";"Arts and Humanities; Psychology"
92;21100242617;"Journal of Information, Communication and Ethics in Society";journal;"17588871, 1477996X";"Emerald Group Publishing Ltd.";No;No;0,578;Q1;30;28;93;1893;353;89;3,38;67,61;40,58;0;8;United Kingdom;Western Europe;"Emerald Group Publishing Ltd.";"2003-2025";"Communication (Q1); Philosophy (Q1); Computer Networks and Communications (Q2); E-learning (Q2); Sociology and Political Science (Q2)";"Arts and Humanities; Computer Science; Social Sciences"
93;16200154754;"Journal of the British Society for Phenomenology";journal;"23320486, 00071773";"Taylor and Francis Ltd.";No;No;0,575;Q1;16;28;80;1061;95;74;1,32;37,89;28,00;0;3;United Kingdom;Western Europe;"Taylor and Francis Ltd.";"1970-2025";"Philosophy (Q1)";"Arts and Humanities"
94;5600155103;"European Journal of Philosophy";journal;"09668373";"Wiley-Blackwell Publishing Ltd";No;No;0,573;Q1;46;123;240;5601;259;236;0,94;45,54;19,05;0;5;United Kingdom;Western Europe;"Wiley-Blackwell Publishing Ltd";"1993-2025";"Philosophy (Q1)";"Arts and Humanities"
95;5700172674;"Ratio";journal;"14679329, 00340006";"Wiley-Blackwell Publishing Ltd";No;No;0,571;Q1;39;32;92;1101;75;90;0,80;34,41;21,05;0;1;United Kingdom;Western Europe;"Wiley-Blackwell Publishing Ltd";"1988-2025";"Philosophy (Q1)";"Arts and Humanities"
96;21100896140;"Global Constitutionalism";journal;"20453825, 20453817";"Cambridge University Press";No;No;0,566;Q1;17;41;89;3924;173;88;2,16;95,71;47,06;0;14;United Kingdom;Western Europe;"Cambridge University Press";"2018-2025";"History (Q1); Philosophy (Q1); Sociology and Political Science (Q2)";"Arts and Humanities; Social Sciences"
97;15367;"Journal for the Theory of Social Behaviour";journal;"14685914, 00218308";"Wiley-Blackwell Publishing Ltd";No;No;0,564;Q1;67;36;112;2215;228;103;1,99;61,53;17,78;0;1;United Kingdom;Western Europe;"Wiley-Blackwell Publishing Ltd";"1971-2025";"Philosophy (Q1); Psychology (miscellaneous) (Q2); Social Psychology (Q2)";"Arts and Humanities; Psychology"
98;23699;"Hypatia";journal;"08875367, 15272001";"Cambridge University Press";No;No;0,562;Q1;49;78;144;4981;227;138;1,59;63,86;63,75;0;35;United States;Northern America;"Cambridge University Press";"1986-1999, 2001-2002, 2004, 2006-2007, 2011-2025";"Philosophy (Q1); Gender Studies (Q2)";"Arts and Humanities; Social Sciences"
99;21100204110;"Logic and Logical Philosophy";journal;"23009802, 14253305";"Nicolaus Copernicus University";Yes;No;0,557;Q1;15;20;85;702;53;83;0,44;35,10;21,88;0;0;Poland;Eastern Europe;"Nicolaus Copernicus University";"2011-2024";"Philosophy (Q1)";"Arts and Humanities"
100;21100202948;"Nous-Supplement: Philosophical Issues";journal;"15336077, 17582237";"Wiley-VCH Verlag";No;No;0,553;Q1;32;21;66;915;75;66;1,32;43,57;27,27;0;1;Germany;Western Europe;"Wiley-VCH Verlag";"2011-2024";"Philosophy (Q1)";"Arts and Humanities"
101;4000148017;"Journal of Bioethical Inquiry";journal;"18724353, 11767529";"Springer";No;No;0,551;Q1;40;103;219;4339;410;191;1,57;42,13;45,23;1;34;Singapore;Asiatic Region;"Springer";"2004-2025";"Philosophy (Q1); Health Policy (Q2); Health (social science) (Q2); Issues, Ethics and Legal Aspects (Q2)";"Arts and Humanities; Medicine; Nursing; Social Sciences"
102;21100900143;"Journal of Social Ontology";journal;"21969663";"University of Vienna";Yes;Yes;0,549;Q1;14;20;30;515;56;30;0,36;25,75;33,33;0;1;Australia;Pacific Region;"University of Vienna";"2015-2024";"Anthropology (Q1); Economics, Econometrics and Finance (miscellaneous) (Q1); Linguistics and Language (Q1); Philosophy (Q1); Communication (Q2); Social Psychology (Q3)";"Arts and Humanities; Economics, Econometrics and Finance; Psychology; Social Sciences"
103;21100208022;"Ethics, Policy and Environment";journal;"21550093, 21550085";"Taylor and Francis Ltd.";No;No;0,544;Q1;26;49;87;2748;150;81;1,37;56,08;32,14;2;27;United Kingdom;Western Europe;"Taylor and Francis Ltd.";"2011-2025";"Philosophy (Q1); Geography, Planning and Development (Q2); Management, Monitoring, Policy and Law (Q2)";"Arts and Humanities; Environmental Science; Social Sciences"
104;24830;"Journal of Social Philosophy";journal;"00472786, 14679833";"Wiley-Blackwell Publishing Ltd";No;No;0,544;Q1;45;67;120;3108;243;107;2,05;46,39;48,48;1;10;United Kingdom;Western Europe;"Wiley-Blackwell Publishing Ltd";"1970-2025";"Philosophy (Q1)";"Arts and Humanities"
105;21100203112;"Philosophy, Psychiatry and Psychology";journal;"10863303, 10716076";"Johns Hopkins University Press";No;No;0,540;Q1;24;57;163;1440;140;69;0,62;25,26;41,67;0;4;United States;Northern America;"Johns Hopkins University Press";"2011-2025";"Philosophy (Q1); Ecology (Q2); Psychiatry and Mental Health (Q3)";"Arts and Humanities; Environmental Science; Medicine"
106;21100199534;"Teoria de la Educacion";journal;"11303743, 23865660";"Universidad de Salamanca, Facultad de EducaciOn";Yes;Yes;0,539;Q1;19;21;70;1110;151;70;2,24;52,86;48,65;0;9;Spain;Western Europe;"Universidad de Salamanca, Facultad de EducaciOn";"2008-2025";"Philosophy (Q1); Education (Q2)";"Arts and Humanities; Social Sciences"
107;24187;"Human Studies";journal;"1572851X, 01638548";"Springer Netherlands";No;No;0,533;Q1;39;68;112;3466;170;109;1,17;50,97;42,11;0;9;Netherlands;Western Europe;"Springer Netherlands";"1978-1980, 1982-2025";"Philosophy (Q1); Sociology and Political Science (Q2)";"Arts and Humanities; Social Sciences"
108;6500153159;"Philosophical Explorations";journal;"17415918, 13869795";"Routledge";No;No;0,533;Q1;39;31;83;1237;95;74;1,25;39,90;27,78;0;2;United Kingdom;Western Europe;"Routledge";"1998-2025";"Philosophy (Q1)";"Arts and Humanities"
109;21101080475;"Asian Journal of Business Ethics";journal;"22106731, 22106723";"Springer Science and Business Media B.V.";No;No;0,532;Q1;16;43;63;3013;292;61;4,95;70,07;42,22;0;26;Netherlands;Western Europe;"Springer Science and Business Media B.V.";"2012-2025";"Philosophy (Q1); Business, Management and Accounting (miscellaneous) (Q2); Economics, Econometrics and Finance (miscellaneous) (Q2); Social Sciences (miscellaneous) (Q2)";"Arts and Humanities; Business, Management and Accounting; Economics, Econometrics and Finance; Social Sciences"
110;6500153189;"British Journal for the History of Philosophy";journal;"09608788";"Taylor and Francis Ltd.";No;No;0,532;Q1;27;103;187;3491;165;169;0,95;33,89;36,05;0;10;United Kingdom;Western Europe;"Taylor and Francis Ltd.";"1993-2025";"Philosophy (Q1)";"Arts and Humanities"
111;21100195305;"Law, Probability and Risk";journal;"1470840X, 14708396";"Oxford University Press";No;No;0,531;Q1;22;16;23;584;34;19;1,00;36,50;34,38;0;1;United Kingdom;Western Europe;"Oxford University Press";"2011-2025";"Law (Q1); Philosophy (Q1); Statistics, Probability and Uncertainty (Q2)";"Arts and Humanities; Decision Sciences; Social Sciences"
112;145432;"Pragmatics";journal;"10182101";"International Pragmatics Association";No;No;0,523;Q1;32;42;76;2155;96;76;1,23;51,31;48,48;0;1;Belgium;Western Europe;"International Pragmatics Association";"2005-2025";"Linguistics and Language (Q1); Philosophy (Q1)";"Arts and Humanities; Social Sciences"
113;25301;"Bulletin of Symbolic Logic";journal;"10798986";"Cambridge University Press";No;No;0,519;Q1;42;16;60;497;49;60;0,72;31,06;11,11;0;0;United Kingdom;Western Europe;"Cambridge University Press";"1995-2025";"Philosophy (Q1); Logic (Q2)";"Arts and Humanities; Mathematics"
114;19700181331;"International Journal of Children's Spirituality";journal;"14698455, 1364436X";"Routledge";No;No;0,519;Q1;26;9;33;497;53;30;1,50;55,22;47,06;0;1;United Kingdom;Western Europe;"Routledge";"1996-2025";"Philosophy (Q1); Religious Studies (Q1); Education (Q2); Developmental and Educational Psychology (Q3)";"Arts and Humanities; Psychology; Social Sciences"
115;5700162015;"Public Integrity";journal;"15580989, 10999922";"Taylor and Francis Ltd.";No;No;0,517;Q1;32;86;158;5461;355;149;2,21;63,50;40,10;1;51;United Kingdom;Western Europe;"Taylor and Francis Ltd.";"2000-2025";"Law (Q1); Philosophy (Q1); Business and International Management (Q2); Public Administration (Q2); Sociology and Political Science (Q2)";"Arts and Humanities; Business, Management and Accounting; Social Sciences"
116;21557;"Environmental Values";journal;"09632719, 17527015";"SAGE Publications Ltd";No;No;0,511;Q1;60;7;114;358;185;96;1,46;51,14;33,33;0;2;United Kingdom;Western Europe;"SAGE Publications Ltd";"1994-2024";"Philosophy (Q1); Environmental Science (miscellaneous) (Q2)";"Arts and Humanities; Environmental Science"
117;5600153503;"Critical Review of International Social and Political Philosophy";journal;"13698230, 17438772";"Routledge";No;No;0,510;Q1;32;109;241;4215;303;233;1,23;38,67;33,61;2;38;United Kingdom;Western Europe;"Routledge";"2008, 2010-2025";"Philosophy (Q1); Sociology and Political Science (Q2)";"Arts and Humanities; Social Sciences"
118;5700172022;"Informal Logic";journal;"08242577";"University of Windsor";Yes;Yes;0,509;Q1;23;22;64;883;72;63;1,22;40,14;28,00;0;0;Canada;Northern America;"University of Windsor";"2010-2024";"Philosophy (Q1)";"Arts and Humanities"
119;7000153254;"Dao";journal;"15697274, 15403009";"Springer Netherlands";No;No;0,506;Q1;23;31;87;1111;71;85;0,79;35,84;28,13;0;2;Netherlands;Western Europe;"Springer Netherlands";"2003, 2007-2025";"Philosophy (Q1)";"Arts and Humanities"
120;21100922650;"Global Bioethics";journal;"11287462, 15917398";"Routledge";Yes;No;0,505;Q1;15;5;25;339;55;23;1,71;67,80;44,00;0;3;United States;Northern America;"Routledge";"1996-2009, 2011, 2014-2025";"Philosophy (Q1); Health (social science) (Q2); Health Policy (Q3)";"Arts and Humanities; Medicine; Social Sciences"
121;21100259593;"Linguistic and Philosophical Investigations";journal;"18412394, 24710881";"Addleton Academic Publishers";No;No;0,504;Q1;19;0;44;0;177;44;5,47;0,00;0,00;0;0;United States;Northern America;"Addleton Academic Publishers";"2013-2023";"Linguistics and Language (Q1); Philosophy (Q1)";"Arts and Humanities; Social Sciences"
122;13318;"Hastings Center Report";journal;"1552146X, 00930334";"Wiley-Blackwell";No;No;0,498;Q1;76;85;263;2376;373;155;1,41;27,95;46,84;1;37;United States;Northern America;"Wiley-Blackwell";"1971-2024";"Philosophy (Q1); Health (social science) (Q2); Issues, Ethics and Legal Aspects (Q2); Health Policy (Q3)";"Arts and Humanities; Medicine; Nursing; Social Sciences"
123;19700173011;"Modern Intellectual History";journal;"14792451, 14792443";"Cambridge University Press";No;No;0,495;Q1;29;52;178;7948;164;177;0,81;152,85;24,14;0;4;United Kingdom;Western Europe;"Cambridge University Press";"2004-2025";"Cultural Studies (Q1); History (Q1); Philosophy (Q1); Sociology and Political Science (Q2)";"Arts and Humanities; Social Sciences"
124;15435;"Journal of Consciousness Studies";journal;"20512201, 13558250";"Imprint Academic";No;No;0,492;Q1;77;64;218;2953;309;192;1,25;46,14;20,00;0;2;United Kingdom;Western Europe;"Imprint Academic";"1996-2025";"Philosophy (Q1); Ecology, Evolution, Behavior and Systematics (Q2); Artificial Intelligence (Q3); Psychology (miscellaneous) (Q3)";"Agricultural and Biological Sciences; Arts and Humanities; Computer Science; Psychology"
125;4700152619;"International Journal for Philosophy of Religion";journal;"00207047";"Springer Netherlands";No;No;0,491;Q1;23;31;91;826;51;77;0,66;26,65;9,68;0;0;Netherlands;Western Europe;"Springer Netherlands";"1970-2025";"Philosophy (Q1)";"Arts and Humanities"
126;21100201981;"Journal of Management, Spirituality and Religion";journal;"1942258X, 14766086";"International Association of Management, Spirituality and Religion";No;No;0,491;Q1;39;37;77;2892;126;75;1,53;78,16;36,07;0;6;United Kingdom;Western Europe;"International Association of Management, Spirituality and Religion";"2004-2025";"Philosophy (Q1); Religious Studies (Q1); Strategy and Management (Q2); Organizational Behavior and Human Resource Management (Q3)";"Arts and Humanities; Business, Management and Accounting"
127;21100867943;"International Journal of Ethics and Systems";journal;"25149369";"Emerald Group Publishing Ltd.";No;No;0,489;Q1;36;103;123;8289;576;120;5,14;80,48;36,29;0;48;United Kingdom;Western Europe;"Emerald Group Publishing Ltd.";"2018-2025";"Philosophy (Q1); Economics and Econometrics (Q2)";"Arts and Humanities; Economics, Econometrics and Finance"
128;21100812553;"Filosofia Theoretica";journal;"22768386, 24085987";"Calabar School of Philosophy";No;No;0,488;Q1;14;15;93;420;58;92;0,73;28,00;12,50;0;3;South Africa;Africa;"Calabar School of Philosophy";"2014-2024";"Cultural Studies (Q1); Philosophy (Q1); Religious Studies (Q1); Sociology and Political Science (Q2)";"Arts and Humanities; Social Sciences"
129;16100154794;"Archiv fur Geschichte der Philosophie";journal;"00039101, 16130650";"Walter de Gruyter GmbH";No;No;0,486;Q1;26;46;76;2331;72;76;1,04;50,67;23,40;0;4;Germany;Western Europe;"Walter de Gruyter GmbH";"1888-1918, 1920-1924, 1926, 1928, 1931, 1933, 1960-2025";"Philosophy (Q1)";"Arts and Humanities"
130;24781;"Journal of Applied Philosophy";journal;"02643758";"Wiley-Blackwell";No;No;0,481;Q1;42;65;179;2758;327;178;1,57;42,43;26,58;0;18;United States;Northern America;"Wiley-Blackwell";"1984-2025";"Philosophy (Q1)";"Arts and Humanities"
131;27956;"Foundations of Physics";journal;"15729516, 00159018";"Springer Netherlands";No;No;0,478;Q1;64;74;320;2977;338;316;1,03;40,23;14,56;0;0;United States;Northern America;"Springer Netherlands";"1970-2025";"History and Philosophy of Science (Q1); Philosophy (Q1); Physics and Astronomy (miscellaneous) (Q2)";"Arts and Humanities; Physics and Astronomy"
132;17832;"Medical Humanities";journal;"14734265, 1468215X";"BMJ Publishing Group";No;No;0,477;Q1;37;54;252;3416;350;241;1,27;63,26;64,96;1;19;United Kingdom;Western Europe;"BMJ Publishing Group";"1997, 2000-2025";"Philosophy (Q1); Pathology and Forensic Medicine (Q2)";"Arts and Humanities; Medicine"
133;5700153823;"Religious Studies";journal;"1469901X, 00344125";"Cambridge University Press";No;No;0,475;Q1;27;110;180;3807;136;177;0,80;34,61;21,50;0;1;United Kingdom;Western Europe;"Cambridge University Press";"1965-2025";"Philosophy (Q1); Religious Studies (Q1)";"Arts and Humanities"
134;10600153338;"Integrative Psychological and Behavioral Science";journal;"19324502, 19363567";"Springer New York";No;No;0,470;Q1;44;112;183;6687;273;182;1,59;59,71;34,01;1;6;United States;Northern America;"Springer New York";"1969, 1976, 2007-2025";"Anthropology (Q1); Cultural Studies (Q1); Philosophy (Q1); Applied Psychology (Q3); Experimental and Cognitive Psychology (Q3); Neuropsychology and Physiological Psychology (Q3); Social Psychology (Q3); Behavioral Neuroscience (Q4)";"Arts and Humanities; Neuroscience; Psychology; Social Sciences"
135;19400158711;"Acta Analytica";journal;"03535150, 18746349";"Springer Netherlands";No;No;0,466;Q1;15;57;117;2412;81;116;0,59;42,32;10,61;0;3;Netherlands;Western Europe;"Springer Netherlands";"2009-2025";"Philosophy (Q1)";"Arts and Humanities"
136;145723;"Philosophia Mathematica";journal;"00318019";"Oxford University Press";No;No;0,465;Q1;27;12;38;492;25;38;0,57;41,00;14,29;0;0;United Kingdom;Western Europe;"Oxford University Press";"1964-1970, 1972-1976, 1978, 1980, 1986-1989, 1991, 1993-1996, 1999, 2001, 2004-2024";"Philosophy (Q1); Mathematics (miscellaneous) (Q2)";"Arts and Humanities; Mathematics"
137;21100942931;"Apeiron";journal;"21567093, 00036390";"Walter de Gruyter GmbH";No;No;0,463;Q1;9;24;81;1698;50;81;0,58;70,75;25,00;0;0;Germany;Western Europe;"Walter de Gruyter GmbH";"2019-2025";"History and Philosophy of Science (Q1); Philosophy (Q1)";"Arts and Humanities"
138;21101046224;"Human Geography (United Kingdom)";journal;"19427786, 2633674X";"SAGE Publications Inc.";No;No;0,459;Q1;27;56;113;3107;189;104;1,66;55,48;48,81;1;28;United States;Northern America;"SAGE Publications Inc.";"2008-2025";"Philosophy (Q1); Geography, Planning and Development (Q2)";"Arts and Humanities; Social Sciences"
139;12456;"Acta Biotheoretica";journal;"00015342, 15728358";"Springer Science and Business Media B.V.";No;No;0,454;Q1;40;12;87;577;178;87;1,73;48,08;26,32;0;4;Netherlands;Western Europe;"Springer Science and Business Media B.V.";"1935-1943, 1946-1949, 1951-1953, 1955-1965, 1967-1988, 1990-2025";"Philosophy (Q1); Agricultural and Biological Sciences (miscellaneous) (Q2); Applied Mathematics (Q2); Biochemistry, Genetics and Molecular Biology (miscellaneous) (Q2); Environmental Science (miscellaneous) (Q2); Medicine (miscellaneous) (Q3)";"Agricultural and Biological Sciences; Arts and Humanities; Biochemistry, Genetics and Molecular Biology; Environmental Science; Mathematics; Medicine"
140;5600155080;"Philosophy and Social Criticism";journal;"01914537";"SAGE Publications Inc.";No;No;0,444;Q1;42;145;265;5690;280;260;1,03;39,24;26,35;2;32;United States;Northern America;"SAGE Publications Inc.";"1973-1982, 1984-2025";"Philosophy (Q1); Sociology and Political Science (Q2)";"Arts and Humanities; Social Sciences"
141;21100794598;"Journal of Media Ethics: Exploring Questions of Media Morality";journal;"2373700X, 23736992";"Taylor and Francis Ltd.";No;No;0,442;Q1;26;32;85;1331;113;73;1,00;41,59;42,86;1;7;United Kingdom;Western Europe;"Taylor and Francis Ltd.";"2015-2025";"Philosophy (Q1); Communication (Q2)";"Arts and Humanities; Social Sciences"
142;21100202749;"Disputatio";journal;"0873626X";"The Philosophy Centre of the University of Lisbon";Yes;Yes;0,440;Q1;16;0;50;0;27;50;0,05;0,00;0,00;0;0;Portugal;Western Europe;"The Philosophy Centre of the University of Lisbon";"1998, 2000-2022";"Philosophy (Q1)";"Arts and Humanities"
143;21100929579;"Secularism and Nonreligion";journal;"20536712";"Ubiquity Press";Yes;No;0,438;Q1;8;4;18;263;25;18;0,63;65,75;28,57;0;0;United Kingdom;Western Europe;"Ubiquity Press";"2019-2024";"Anthropology (Q1); History (Q1); Philosophy (Q1); Religious Studies (Q1); Gender Studies (Q2); Sociology and Political Science (Q2)";"Arts and Humanities; Social Sciences"
144;29448;"Review of Radical Political Economics";journal;"04866134";"SAGE Publications Inc.";No;No;0,437;Q1;43;57;116;2483;164;113;1,22;43,56;28,36;0;22;United States;Northern America;"SAGE Publications Inc.";"1969-2025";"Philosophy (Q1); Economics and Econometrics (Q3)";"Arts and Humanities; Economics, Econometrics and Finance"
145;5600157616;"Text and Talk";journal;"18607330, 18607349";"De Gruyter Mouton";No;No;0,433;Q1;55;50;122;2323;156;116;1,07;46,46;63,41;0;2;Germany;Western Europe;"De Gruyter Mouton";"2005-2025";"Linguistics and Language (Q1); Philosophy (Q1); Communication (Q2)";"Arts and Humanities; Social Sciences"
146;85257;"Studies in Philosophy and Education";journal;"00393746";"Springer Netherlands";No;No;0,432;Q1;41;48;121;1774;151;101;1,10;36,96;41,38;0;6;Netherlands;Western Europe;"Springer Netherlands";"1960-1970, 1972-1976, 1979, 1990-2025";"Philosophy (Q1); Education (Q2)";"Arts and Humanities; Social Sciences"
147;21101121509;"Ulumuna";journal;"14113457, 23557648";"Universitas Islam Negeri (UIN) Mataram";Yes;Yes;0,426;Q1;7;37;70;1797;128;70;2,19;48,57;21,25;0;10;Indonesia;Asiatic Region;"Universitas Islam Negeri (UIN) Mataram";"2019-2024";"Arts and Humanities (miscellaneous) (Q1); Cultural Studies (Q1); History (Q1); Philosophy (Q1); Religious Studies (Q1); Education (Q2); Sociology and Political Science (Q2)";"Arts and Humanities; Social Sciences"
148;21101043444;"European Journal of Analytic Philosophy";journal;"18490514, 18458475";"University of Rijeka, Faculty of Humanities and Social Sciences";Yes;Yes;0,419;Q1;7;19;49;655;54;49;0,73;34,47;12,50;0;0;Croatia;Eastern Europe;"University of Rijeka, Faculty of Humanities and Social Sciences";"2019-2024";"History and Philosophy of Science (Q1); Philosophy (Q1)";"Arts and Humanities"
149;23635;"Adaptive Behavior";journal;"17412633, 10597123";"SAGE Publications Ltd";No;No;0,413;Q1;60;42;142;2973;239;127;1,40;70,79;22,50;0;3;United Kingdom;Western Europe;"SAGE Publications Ltd";"1992-2025";"Philosophy (Q1); Artificial Intelligence (Q3); Experimental and Cognitive Psychology (Q3); Behavioral Neuroscience (Q4)";"Arts and Humanities; Computer Science; Neuroscience; Psychology"
150;21100464933;"Asian Bioethics Review";journal;"17938759, 17939453";"National University of Singapore, Department of Biological Sciences, Centre for Biomedical Ethics";No;No;0,413;Q1;20;56;100;2176;150;85;1,32;38,86;53,72;1;23;Singapore;Asiatic Region;"National University of Singapore, Department of Biological Sciences, Centre for Biomedical Ethics";"2015-2025";"Philosophy (Q1); Health Policy (Q3); Health (social science) (Q3); Issues, Ethics and Legal Aspects (Q3)";"Arts and Humanities; Medicine; Nursing; Social Sciences"
151;24827;"Journal of Philosophy of Education";journal;"14679752, 03098249";"Oxford University Press";No;No;0,412;Q1;51;62;246;2630;266;228;0,84;42,42;48,10;0;13;United Kingdom;Western Europe;"Oxford University Press";"1967-2025";"History (Q1); Philosophy (Q1); Education (Q2)";"Arts and Humanities; Social Sciences"
152;16100154726;"Kantian Review";journal;"13694154";"Cambridge University Press";No;No;0,411;Q1;21;35;109;1330;91;107;0,83;38,00;39,39;0;5;United Kingdom;Western Europe;"Cambridge University Press";"1997-2025";"Philosophy (Q1)";"Arts and Humanities"
153;21100935002;"Revista Espanola de Educacion Comparada";journal;"11378654, 21745382";"Universidad Nacional de Educacion a Distancia (UNED)";Yes;Yes;0,405;Q1;10;46;126;2079;170;125;1,04;45,20;64,29;1;29;Spain;Western Europe;"Universidad Nacional de Educacion a Distancia (UNED)";"2019-2025";"Philosophy (Q1); Education (Q2)";"Arts and Humanities; Social Sciences"
154;19900191410;"Ethics and Social Welfare";journal;"17496535, 17496543";"Routledge";No;No;0,404;Q1;19;32;100;1562;122;86;1,33;48,81;66,67;0;16;United Kingdom;Western Europe;"Routledge";"2015-2025";"Philosophy (Q1); Sociology and Political Science (Q2)";"Arts and Humanities; Social Sciences"
155;21100897523;"Moral Philosophy and Politics";journal;"21945616, 21945624";"Walter de Gruyter GmbH";No;No;0,403;Q1;13;33;57;1546;93;54;1,02;46,85;27,27;0;14;Germany;Western Europe;"Walter de Gruyter GmbH";"2014-2025";"History and Philosophy of Science (Q1); Philosophy (Q1); Sociology and Political Science (Q2)";"Arts and Humanities; Social Sciences"
156;21100825530;"Danish Yearbook of Philosophy";book series;"00702749, 24689300";"Brill Academic Publishers";No;No;0,399;Q1;5;18;28;671;38;23;0,68;37,28;13,33;0;2;Netherlands;Western Europe;"Brill Academic Publishers";"2011-2013, 2015-2024";"Philosophy (Q1)";"Arts and Humanities"
157;24525;"Ethics and International Affairs";journal;"08926794";"Cambridge University Press";No;No;0,393;Q1;59;25;99;1435;122;92;1,11;57,40;62,07;0;10;United Kingdom;Western Europe;"Cambridge University Press";"1987-2024";"Philosophy (Q1); Political Science and International Relations (Q2)";"Arts and Humanities; Social Sciences"
158;21101095939;"Food Ethics";journal;"23646861";"Springer International Publishing AG";No;No;0,391;Q1;14;23;50;1430;111;48;1,92;62,17;52,50;0;13;Switzerland;Western Europe;"Springer International Publishing AG";"2018-2025";"Philosophy (Q1); Food Science (Q2)";"Agricultural and Biological Sciences; Arts and Humanities"
159;21101045753;"RUDN Journal of Philosophy";journal;"24088900, 23132302";"RUDN University";Yes;Yes;0,388;Q1;4;85;186;1713;36;181;0,21;20,15;37,86;0;5;Russian Federation;Eastern Europe;"RUDN University";"2019-2024";"Philosophy (Q1)";"Arts and Humanities"
160;21100876251;"Vestnik Sankt-Peterburgskogo Universiteta, Filosofiia i Konfliktologiia";journal;"25422278, 25419382";"Saint Petersburg State University";Yes;No;0,383;Q1;6;44;166;1006;55;166;0,35;22,86;41,79;0;5;Russian Federation;Eastern Europe;"Saint Petersburg State University";"2017-2024";"Cultural Studies (Q1); Philosophy (Q1); Religious Studies (Q1); Sociology and Political Science (Q2)";"Arts and Humanities; Social Sciences"
161;25432;"Monash Bioethics Review";journal;"18366716, 13212753";"Springer Publishing Company";No;No;0,381;Q1;20;36;58;2107;81;53;1,68;58,53;59,52;1;22;United States;Northern America;"Springer Publishing Company";"1994-2025";"Philosophy (Q1); Social Sciences (miscellaneous) (Q2); Health Policy (Q3); Medicine (miscellaneous) (Q3)";"Arts and Humanities; Medicine; Social Sciences"
162;29243;"Christian Bioethics";journal;"17444195, 13803603";"Oxford University Press";No;No;0,377;Q1;12;19;59;991;33;59;0,77;52,16;21,05;0;4;United Kingdom;Western Europe;"Oxford University Press";"1995-2006, 2010-2024";"Philosophy (Q1); Religious Studies (Q1); Medicine (miscellaneous) (Q3)";"Arts and Humanities; Medicine"
163;21101107566;"Jurnal Ilmiah Islam Futura";journal;"14121190, 24077542";"Universitas Islam Negeri Ar-Raniry";Yes;Yes;0,377;Q1;7;27;52;1194;97;52;2,11;44,22;20,59;0;7;Indonesia;Asiatic Region;"Universitas Islam Negeri Ar-Raniry";"2019-2025";"Philosophy (Q1); Religious Studies (Q1); Arts and Humanities (miscellaneous) (Q2); Gender Studies (Q2); Education (Q3)";"Arts and Humanities; Social Sciences"
164;24010;"Constitutional Political Economy";journal;"15729966, 10434062";"Springer New York";No;No;0,376;Q1;34;51;74;1896;93;72;1,29;37,18;16,46;1;21;United States;Northern America;"Springer New York";"1990-2025";"Philosophy (Q1); Law (Q2); Sociology and Political Science (Q2); Economics and Econometrics (Q3)";"Arts and Humanities; Economics, Econometrics and Finance; Social Sciences"
165;5700154038;"Metaphilosophy";journal;"14679973, 00261068";"Wiley-Blackwell Publishing Ltd";No;No;0,374;Q1;47;37;151;1583;111;148;0,77;42,78;19,57;0;5;United Kingdom;Western Europe;"Wiley-Blackwell Publishing Ltd";"1970-2025";"Philosophy (Q1)";"Arts and Humanities"
166;144984;"Res Publica";journal;"13564765, 15728692";"Springer Netherlands";Yes;No;0,374;Q1;26;77;122;3398;162;110;1,31;44,13;30,00;0;15;Netherlands;Western Europe;"Springer Netherlands";"1994-2025";"Philosophy (Q1); Law (Q2)";"Arts and Humanities; Social Sciences"
167;24784;"Journal of Ethics";journal;"13824554";"Springer Netherlands";No;No;0,373;Q1;44;53;97;2883;101;91;0,88;54,40;25,40;0;7;Netherlands;Western Europe;"Springer Netherlands";"1997-2025";"Philosophy (Q1)";"Arts and Humanities"
168;21101162976;"Theory and Event";journal;"25726633, 1092311X";"Johns Hopkins University Press";No;No;0,373;Q1;10;33;121;1513;138;106;0,46;45,85;41,94;0;3;United States;Northern America;"Johns Hopkins University Press";"2019-2025";"Philosophy (Q1); Arts and Humanities (miscellaneous) (Q2)";"Arts and Humanities"
169;25237;"Philosophy of the Social Sciences";journal;"15527441, 00483931";"SAGE Publications Inc.";No;No;0,372;Q1;44;25;82;1476;64;80;0,50;59,04;25,00;0;2;United States;Northern America;"SAGE Publications Inc.";"1971-2025";"Philosophy (Q1); Social Sciences (miscellaneous) (Q2)";"Arts and Humanities; Social Sciences"
170;21100456774;"Scientia et Fides";journal;"23007648, 23535636";"Nicolaus Copernicus University";Yes;Yes;0,370;Q1;10;27;77;1014;57;76;0,90;37,56;3,13;0;1;Poland;Eastern Europe;"Nicolaus Copernicus University";"2013-2024";"Philosophy (Q1); Religious Studies (Q1)";"Arts and Humanities"
171;26029;"Philosophia (United States)";journal;"00483893, 15749274";"Springer Netherlands";No;No;0,369;Q1;29;96;445;2487;285;439;0,62;25,91;18,56;0;1;Netherlands;Western Europe;"Springer Netherlands";"1971-1995, 1997-1999, 2001-2025";"Philosophy (Q1)";"Arts and Humanities"
172;21100982310;"Logos: Revista de Linguistica, Filosofia y Literatura";journal;"07167520, 07193262";"Universidad de la Serena,Departamento de Artes y Letras";Yes;Yes;0,366;Q1;6;36;81;1295;36;81;0,33;35,97;45,90;0;5;Chile;Latin America;"Universidad de la Serena,Departamento de Artes y Letras";"2019-2024";"Linguistics and Language (Q1); Literature and Literary Theory (Q1); Philosophy (Q1)";"Arts and Humanities; Social Sciences"
173;5700154184;"Legal Theory";journal;"13523252, 14698048";"Cambridge University Press";No;No;0,365;Q1;38;9;40;751;41;37;0,70;83,44;44,44;0;3;United Kingdom;Western Europe;"Cambridge University Press";"1995-2024";"Philosophy (Q1); Law (Q2)";"Arts and Humanities; Social Sciences"
174;21100235821;"Ancient Philosophy";journal;"07402007, 21544689";"Philosophy Documentation Center";No;No;0,363;Q1;25;25;90;1113;35;90;0,30;44,52;24,00;0;0;United States;Northern America;"Philosophy Documentation Center";"1980, 1996-2025";"Classics (Q1); Philosophy (Q1)";"Arts and Humanities"
175;5800207635;"Theoria (Spain)";journal;"04954548, 2171679X";"UPV/EHU Press";Yes;Yes;0,359;Q1;18;20;63;971;40;60;0,46;48,55;17,39;0;0;Spain;Western Europe;"UPV/EHU Press";"2003-2024";"Philosophy (Q1); History and Philosophy of Science (Q2)";"Arts and Humanities"
176;21101198455;"Asian Journal of Philosophy";journal;"27314642";"Springer Nature";No;No;0,354;Q1;6;87;126;2569;97;124;0,77;29,53;21,78;0;4;Netherlands;Western Europe;"Springer Nature";"2022-2025";"Philosophy (Q1)";"Arts and Humanities"
177;19500157012;"Journal of Theoretical and Philosophical Psychology";journal;"10688471";"American Psychological Association";No;No;0,352;Q1;30;43;74;1781;81;71;1,15;41,42;28,81;0;3;United States;Northern America;"American Psychological Association";"1986-2025";"Philosophy (Q1); Psychology (miscellaneous) (Q3)";"Arts and Humanities; Psychology"
178;21100200425;"Bulletin of the Section of Logic";journal;"01380680";"Department of Logic, University of Lodz";Yes;Yes;0,349;Q1;16;21;66;410;40;65;0,47;19,52;13,33;0;0;Poland;Eastern Europe;"Department of Logic, University of Lodz";"1996-2024";"Philosophy (Q1); Logic (Q3)";"Arts and Humanities; Mathematics"
179;21100792095;"Recerca";journal;"22544135, 11306149";"Universitat Jaume I";Yes;Yes;0,347;Q1;10;16;60;620;65;58;0,71;38,75;41,18;0;10;Spain;Western Europe;"Universitat Jaume I";"2016-2024";"Philosophy (Q1); Social Sciences (miscellaneous) (Q2)";"Arts and Humanities; Social Sciences"
180;6500153160;"Asian Philosophy";journal;"09552367, 14692961";"Taylor and Francis Ltd.";No;No;0,346;Q1;21;43;79;1531;40;79;0,43;35,60;38,10;0;1;United Kingdom;Western Europe;"Taylor and Francis Ltd.";"1991-2025";"Philosophy (Q1); Religious Studies (Q1)";"Arts and Humanities"
181;21674;"University of New South Wales Law Journal";journal;"18392881, 03130096";"University of New South Wales Law Journal";No;No;0,344;Q1;12;46;154;4063;133;137;0,65;88,33;51,32;0;19;Australia;Pacific Region;"University of New South Wales Law Journal";"1983, 1991, 1994, 2001-2003, 2018-2024";"Philosophy (Q1); Law (Q2); Sociology and Political Science (Q2)";"Arts and Humanities; Social Sciences"
182;20100195005;"Estetika: The European Journal of Aesthetics";journal;"00141291, 25710915";"Helsinki University Press";Yes;Yes;0,342;Q1;8;12;32;369;26;32;0,59;30,75;42,86;0;0;Finland;Western Europe;"Helsinki University Press";"2008-2024";"Literature and Literary Theory (Q1); Philosophy (Q1); Visual Arts and Performing Arts (Q1)";"Arts and Humanities"
183;19700200843;"Philosophical Papers";journal;"05568641, 19968523";"Taylor and Francis Ltd.";No;No;0,342;Q1;27;1;42;0;46;41;1,58;0,00;0,00;0;0;United Kingdom;Western Europe;"Taylor and Francis Ltd.";"1972-2024";"Philosophy (Q1)";"Arts and Humanities"
184;21100205762;"Journal of Applied Non-Classical Logics";journal;"19585780, 11663081";"Taylor and Francis Inc.";No;No;0,341;Q1;33;30;46;1094;33;45;0,79;36,47;11,11;0;0;United States;Northern America;"Taylor and Francis Inc.";"1991-2025";"Philosophy (Q1); Logic (Q3)";"Arts and Humanities; Mathematics"
185;19900192553;"Ethics and Education";journal;"17449642, 17449650";"Routledge";No;No;0,337;Q1;24;40;93;1763;115;93;0,86;44,08;43,40;0;9;United Kingdom;Western Europe;"Routledge";"2010-2025";"Philosophy (Q1); Education (Q3)";"Arts and Humanities; Social Sciences"
186;21100242832;"Practical Theology";journal;"1756073X, 17560748";"Taylor and Francis Ltd.";No;No;0,336;Q1;11;51;162;1712;70;134;0,39;33,57;43,59;0;6;United Kingdom;Western Europe;"Taylor and Francis Ltd.";"2013-2025";"Philosophy (Q1)";"Arts and Humanities"
187;21100291842;"Revus";journal;"18557112, 15817652";"Revus Klub";No;No;0,336;Q1;9;15;71;531;33;69;0,44;35,40;40,00;0;2;Slovenia;Eastern Europe;"Revus Klub";"2013-2024";"Philosophy (Q1); Law (Q2)";"Arts and Humanities; Social Sciences"
188;27741;"Theoria";journal;"00405825";"John Wiley &amp; Sons Inc.";No;Yes;0,335;Q1;22;65;222;2352;123;190;0,59;36,18;25,00;0;4;United States;Northern America;"John Wiley &amp; Sons Inc.";"1935-2025";"Philosophy (Q1)";"Arts and Humanities"
189;23474;"Environmental Ethics";journal;"01634275";"Environmental Philosophy Inc";No;No;0,334;Q1;37;34;42;1150;41;37;0,93;33,82;30,77;0;6;United States;Northern America;"Environmental Philosophy Inc";"1979-1981, 1984, 1988, 1990, 1996-2024";"Philosophy (Q1); Environmental Science (miscellaneous) (Q3)";"Arts and Humanities; Environmental Science"
190;5700157507;"Philosophical Investigations";journal;"14679205, 01900536";"Wiley-Blackwell Publishing Ltd";No;No;0,333;Q1;19;34;79;588;34;74;0,50;17,29;4,00;0;3;United Kingdom;Western Europe;"Wiley-Blackwell Publishing Ltd";"1978-2025";"Philosophy (Q1)";"Arts and Humanities"
191;7000153207;"NanoEthics";journal;"18714765, 18714757";"Springer Netherlands";Yes;No;0,332;Q1;36;12;65;853;108;56;1,50;71,08;22,73;1;2;Netherlands;Western Europe;"Springer Netherlands";"2007-2025";"Philosophy (Q1); History and Philosophy of Science (Q2); Social Sciences (miscellaneous) (Q2); Sociology and Political Science (Q2); Management of Technology and Innovation (Q3); Nanoscience and Nanotechnology (Q3)";"Arts and Humanities; Business, Management and Accounting; Materials Science; Social Sciences"
192;5600153821;"Philosophy";journal;"00318191, 1469817X";"Cambridge University Press";No;No;0,328;Q1;32;19;80;872;66;77;0,71;45,89;20,00;0;2;United Kingdom;Western Europe;"Cambridge University Press";"1926-2024";"Philosophy (Q1)";"Arts and Humanities"
193;21100943527;"Philosophy of Music Education Review";journal;"10635734, 15433412";"Indiana University Press";No;No;0,328;Q1;7;14;40;602;28;32;0,30;43,00;15,38;0;1;United States;Northern America;"Indiana University Press";"2019-2024";"Music (Q1); Philosophy (Q1); Education (Q3)";"Arts and Humanities; Social Sciences"
194;5600157617;"Criminal Law and Philosophy";journal;"18719791, 18719805";"Springer Netherlands";No;No;0,327;Q1;26;64;121;1128;93;119;0,75;17,63;25,40;0;15;Netherlands;Western Europe;"Springer Netherlands";"2007-2025";"Philosophy (Q1); Law (Q2)";"Arts and Humanities; Social Sciences"
195;21100264008;"Ido Movement for Culture";journal;"20827571, 20843763";"Stowarzyszenie Idokan Polska";Yes;Yes;0,327;Q1;19;46;119;1976;128;117;0,91;42,96;20,41;0;5;Poland;Eastern Europe;"Stowarzyszenie Idokan Polska";"2013-2025";"Philosophy (Q1); Arts and Humanities (miscellaneous) (Q2); Physical Therapy, Sports Therapy and Rehabilitation (Q3)";"Arts and Humanities; Health Professions"
196;24180;"History of European Ideas";journal;"01916599, 1873541X";"Taylor and Francis Ltd.";No;No;0,325;Q1;22;187;267;8044;109;252;0,39;43,02;36,84;0;21;United Kingdom;Western Europe;"Taylor and Francis Ltd.";"1980-2025";"History (Q1); Philosophy (Q1); Sociology and Political Science (Q2)";"Arts and Humanities; Social Sciences"
197;17568;"Law and Philosophy";journal;"15730522, 01675249";"Springer Netherlands";No;No;0,325;Q1;40;33;75;23;78;74;0,78;0,70;14,29;0;6;Netherlands;Western Europe;"Springer Netherlands";"1982-2025";"Philosophy (Q1); Law (Q2)";"Arts and Humanities; Social Sciences"
198;19700170425;"Journal of Military Ethics";journal;"15027570, 15027589";"Routledge";No;No;0,323;Q1;27;24;67;720;65;56;1,11;30,00;29,73;0;2;United Kingdom;Western Europe;"Routledge";"2002-2025";"Philosophy (Q1); Sociology and Political Science (Q2)";"Arts and Humanities; Social Sciences"
199;17100154721;"Journal of Philosophical Research";journal;"10538364";"Philosophy Documentation Center";No;No;0,323;Q1;19;11;43;397;23;43;0,62;36,09;40,00;0;0;United States;Northern America;"Philosophy Documentation Center";"2002-2022, 2024";"Philosophy (Q1)";"Arts and Humanities"
200;1100147107;"Mortality";journal;"13576275, 14699885";"Routledge";No;No;0,320;Q1;34;84;101;4267;147;94;1,57;50,80;62,23;1;26;United Kingdom;Western Europe;"Routledge";"2005-2025";"Philosophy (Q1); Religious Studies (Q1); Health (social science) (Q3)";"Arts and Humanities; Social Sciences"
201;19700181256;"Constructivist Foundations";journal;"1782348X";"Vrije Universiteit Brussel";No;No;0,319;Q1;26;42;276;684;133;275;0,50;16,29;20,51;0;2;Belgium;Western Europe;"Vrije Universiteit Brussel";"2010-2024";"Philosophy (Q1); History and Philosophy of Science (Q2); Multidisciplinary (Q2); Artificial Intelligence (Q3); Education (Q3); Cognitive Neuroscience (Q4)";"Arts and Humanities; Computer Science; Multidisciplinary; Neuroscience; Social Sciences"
202;6500153136;"International Journal of Philosophical Studies";journal;"14664542, 09672559";"Taylor and Francis Ltd.";No;No;0,316;Q1;29;37;102;1149;78;92;0,59;31,05;12,50;0;1;United Kingdom;Western Europe;"Taylor and Francis Ltd.";"1993-2025";"Philosophy (Q1)";"Arts and Humanities"
203;21100827842;"Analisis Filosofico";journal;"03261301, 18519636";"Sociedad Argentina de Analisis Filosofico";Yes;Yes;0,313;Q1;4;25;65;471;16;62;0,11;18,84;14,29;0;2;Argentina;Latin America;"Sociedad Argentina de Analisis Filosofico";"2017-2024";"Philosophy (Q1)";"Arts and Humanities"
204;21213;"Speculum";journal;"20408072, 00387134";"University of Chicago Press";No;No;0,312;Q1;31;35;55;21;56;55;0,76;0,60;50,00;0;3;United States;Northern America;"University of Chicago Press";"1926-1995, 1998-1999, 2001-2024";"Cultural Studies (Q1); History (Q1); Literature and Literary Theory (Q1); Philosophy (Q1); Religious Studies (Q1); Visual Arts and Performing Arts (Q1)";"Arts and Humanities; Social Sciences"
205;21101169012;"Feminist Formations";journal;"21517363, 21517371";"Johns Hopkins University Press";No;No;0,310;Q1;9;36;141;923;89;115;0,43;25,64;96,67;0;8;United States;Northern America;"Johns Hopkins University Press";"2019-2024";"Cultural Studies (Q1); Literature and Literary Theory (Q1); Philosophy (Q1); Gender Studies (Q2)";"Arts and Humanities; Social Sciences"
206;21100935076;"International and Multidisciplinary Journal of Social Sciences";journal;"20143680";"Hipatia Editorial";Yes;No;0,310;Q1;10;14;35;618;61;35;1,74;44,14;62,07;0;6;Spain;Western Europe;"Hipatia Editorial";"2014, 2019-2024";"History (Q1); Philosophy (Q1); Social Sciences (miscellaneous) (Q2); Economics and Econometrics (Q3)";"Arts and Humanities; Economics, Econometrics and Finance; Social Sciences"
207;5700152785;"Voprosy Filosofii";journal;"00428744";"Izdatel'stvo Nauka";No;No;0,310;Q1;10;197;713;2432;138;707;0,22;12,35;37,35;0;17;Russian Federation;Eastern Europe;"Izdatel'stvo Nauka";"2002-2025";"Cultural Studies (Q1); Philosophy (Q1); History and Philosophy of Science (Q2); Linguistics and Language (Q2)";"Arts and Humanities; Social Sciences"
208;21100940504;"Filosofskii Zhurnal";journal;"20720726, 26584883";"Russian Academy of Sciences";No;No;0,309;Q2;4;51;162;1108;25;162;0,22;21,73;33,33;0;6;Russian Federation;Eastern Europe;"Russian Academy of Sciences";"2019-2024";"Cultural Studies (Q1); History and Philosophy of Science (Q2); Linguistics and Language (Q2); Philosophy (Q2)";"Arts and Humanities; Social Sciences"
209;15288;"History and Theory";journal;"14682303, 00182656";"Wiley-Blackwell";No;No;0,309;Q2;57;26;117;601;118;102;1,03;23,12;29,63;0;1;United States;Northern America;"Wiley-Blackwell";"1968-1969, 1977, 1996-2024";"History (Q1); Philosophy (Q2)";"Arts and Humanities"
210;5600153477;"Journal of Contemporary Religion";journal;"14699419, 13537903";"Routledge";No;No;0,309;Q2;40;36;74;1119;63;72;0,80;31,08;51,61;0;5;United Kingdom;Western Europe;"Routledge";"1995-2025";"Cultural Studies (Q1); Religious Studies (Q1); Philosophy (Q2)";"Arts and Humanities; Social Sciences"
211;21101033913;"Journal of the History of Analytical Philosophy";journal;"21590303";"University of Victoria";Yes;Yes;0,309;Q2;7;9;49;499;23;44;0,32;55,44;11,11;0;0;Canada;Northern America;"University of Victoria";"2019-2024";"Philosophy (Q2)";"Arts and Humanities"
212;21100403904;"Journal of Sufi Studies";journal;"22105956, 22105948";"Brill Academic Publishers";No;No;0,303;Q2;9;8;33;959;13;33;0,47;119,88;33,33;0;0;Netherlands;Western Europe;"Brill Academic Publishers";"2012-2018, 2020-2024";"Cultural Studies (Q1); History (Q1); Religious Studies (Q1); Philosophy (Q2)";"Arts and Humanities; Social Sciences"
213;4700152620;"Journal of Indian Philosophy";journal;"00221791";"Springer Netherlands";No;No;0,301;Q2;25;31;100;1543;38;97;0,33;49,77;24,14;0;0;Netherlands;Western Europe;"Springer Netherlands";"1970-2025";"Cultural Studies (Q1); Philosophy (Q2)";"Arts and Humanities; Social Sciences"
214;21100780471;"Asian Studies";journal;"22325131, 23504226";"University of Ljubljana Press";Yes;Yes;0,300;Q2;10;38;123;1386;92;113;0,68;36,47;34,29;0;1;Slovenia;Eastern Europe;"University of Ljubljana Press";"2013-2025";"Cultural Studies (Q1); History (Q1); Literature and Literary Theory (Q1); Philosophy (Q2); Sociology and Political Science (Q2)";"Arts and Humanities; Social Sciences"
215;21100837232;"Epistemology and Philosophy of Science";journal;"1811833X, 23117133";"Institute of Philosophy, Russian Academy of Sciences";Yes;No;0,299;Q2;10;63;215;1494;62;211;0,27;23,71;35,38;0;1;Russian Federation;Eastern Europe;"Institute of Philosophy, Russian Academy of Sciences";"2017-2024";"Cultural Studies (Q1); Arts and Humanities (miscellaneous) (Q2); History and Philosophy of Science (Q2); Philosophy (Q2); Education (Q3)";"Arts and Humanities; Social Sciences"
216;144919;"Ethik in der Medizin";journal;"09357335";"Springer Verlag";No;No;0,297;Q2;15;41;144;1576;98;104;0,77;38,44;60,27;0;7;Germany;Western Europe;"Springer Verlag";"1998, 2001-2002, 2005-2025";"Philosophy (Q2); Health Policy (Q3); Health (social science) (Q3); Issues, Ethics and Legal Aspects (Q3)";"Arts and Humanities; Medicine; Nursing; Social Sciences"
217;21101073951;"Pharos Journal of Theology";journal;"24143324";"Africa Journals";Yes;No;0,297;Q2;6;142;318;5542;152;318;0,57;39,03;41,23;1;51;South Africa;Africa;"Africa Journals";"2019-2025";"Religious Studies (Q1); Archeology (arts and humanities) (Q2); Philosophy (Q2)";"Arts and Humanities"
218;5700160142;"Proceedings of the Aristotelean Society";journal;"14679264, 00667374";"Oxford University Press";No;No;0,294;Q2;54;10;61;294;42;61;0,77;29,40;30,00;0;0;United Kingdom;Western Europe;"Oxford University Press";"1996-2024";"Philosophy (Q2)";"Arts and Humanities"
219;16000154708;"Southern Journal of Philosophy";journal;"20416962, 00384283";"John Wiley and Sons Inc";No;No;0,293;Q2;31;62;117;2179;99;107;0,79;35,15;30,65;0;3;United States;Northern America;"John Wiley and Sons Inc";"1963-2025";"Philosophy (Q2)";"Arts and Humanities"
220;19700182214;"Cultura. International Journal of Philosophy of Culture and Axiology";journal;"15841057, 20655002";"Cultura";No;No;0,289;Q2;10;98;84;2802;164;84;2,24;28,59;42,18;0;23;United States;Northern America;"Cultura";"2009-2025";"Cultural Studies (Q1); Philosophy (Q2)";"Arts and Humanities; Social Sciences"
221;21100896940;"Intellectual Economics";journal;"18228038, 18228011";"Mykolo Romerio Universitetas";Yes;No;0,289;Q2;11;20;62;966;123;59;2,18;48,30;34,43;0;12;Lithuania;Eastern Europe;"Mykolo Romerio Universitetas";"2018-2024";"Economics, Econometrics and Finance (miscellaneous) (Q2); Philosophy (Q2); Sociology and Political Science (Q2); Management of Technology and Innovation (Q3); Organizational Behavior and Human Resource Management (Q3)";"Arts and Humanities; Business, Management and Accounting; Economics, Econometrics and Finance; Social Sciences"
222;21101055468;"Philosophies";journal;"24099287";"Multidisciplinary Digital Publishing Institute (MDPI)";Yes;No;0,286;Q2;16;187;364;8218;338;356;0,90;43,95;28,51;1;29;Switzerland;Western Europe;"Multidisciplinary Digital Publishing Institute (MDPI)";"2016-2024";"History and Philosophy of Science (Q2); Philosophy (Q2)";"Arts and Humanities"
223;21100945170;"Plato Journal";journal;"20797567, 21834105";"Coimbra University Press";Yes;Yes;0,286;Q2;3;9;44;471;16;43;0,11;52,33;22,22;0;0;Portugal;Western Europe;"Coimbra University Press";"2019-2024";"Philosophy (Q2)";"Arts and Humanities"
224;24834;"Journal of Value Inquiry";journal;"15730492, 00225363";"Springer Netherlands";No;No;0,284;Q2;23;74;157;2265;86;154;0,54;30,61;19,75;0;3;Netherlands;Western Europe;"Springer Netherlands";"1967-2025";"Law (Q2); Philosophy (Q2); Social Sciences (miscellaneous) (Q2)";"Arts and Humanities; Social Sciences"
225;21101210514;"Jurnal Studi Ilmu-ilmu al-Qur'an dan Hadis";journal;"14116855, 25484737";"State Islamic University Sunan Kalijaga Faculty of Ushuluddin and Islamic Thought";Yes;Yes;0,283;Q2;3;17;37;884;30;37;0,81;52,00;10,00;0;6;Indonesia;Asiatic Region;"State Islamic University Sunan Kalijaga Faculty of Ushuluddin and Islamic Thought";"2022-2024";"Cultural Studies (Q1); History (Q1); Religious Studies (Q1); Philosophy (Q2)";"Arts and Humanities; Social Sciences"
226;21100201053;"Clinical Ethics";journal;"1758101X, 14777509";"SAGE Publications Ltd";No;No;0,282;Q2;23;52;190;2122;171;168;0,82;40,81;51,40;0;25;United Kingdom;Western Europe;"SAGE Publications Ltd";"2006-2025";"Philosophy (Q2); Issues, Ethics and Legal Aspects (Q3); Medicine (miscellaneous) (Q3)";"Arts and Humanities; Medicine; Nursing"
227;21100975882;"Doxa. Cuadernos de Filosofia del Derecho";journal;"02148676, 23864702";"Universidad de Alicante";Yes;Yes;0,282;Q2;6;23;95;1015;27;92;0,27;44,13;13,64;0;8;Spain;Western Europe;"Universidad de Alicante";"2019-2024";"Law (Q2); Philosophy (Q2)";"Arts and Humanities; Social Sciences"
228;24696;"World Futures";journal;"02604027";"Gordon &amp; Breach";No;No;0,282;Q2;21;33;102;1751;116;98;1,12;53,06;42,59;0;8;United Kingdom;Western Europe;"Gordon &amp; Breach";"1962-1977, 1979-1995, 2006-2007, 2009-2025";"Philosophy (Q2)";"Arts and Humanities"
229;21100226416;"Cauriensia";journal;"18864945";"Universidad de Extremadura";Yes;Yes;0,279;Q2;9;56;139;2292;49;138;0,39;40,93;36,25;0;8;Spain;Western Europe;"Universidad de Extremadura";"2012-2024";"Religious Studies (Q1); Arts and Humanities (miscellaneous) (Q2); Philosophy (Q2); Social Sciences (miscellaneous) (Q2)";"Arts and Humanities; Social Sciences"
230;21101050907;"Revista Bioetica";journal;"19838034, 19838042";"Conselho Federal de Medicina";Yes;Yes;0,279;Q2;10;58;232;1781;119;219;0,47;30,71;55,86;0;18;Brazil;Latin America;"Conselho Federal de Medicina";"2019-2024";"Philosophy (Q2); Health (social science) (Q3); Medicine (miscellaneous) (Q3)";"Arts and Humanities; Medicine; Social Sciences"
231;4700152636;"Mind and Society";journal;"15937879";"Springer Verlag";No;No;0,278;Q2;24;13;50;875;78;47;1,16;67,31;18,18;0;2;Germany;Western Europe;"Springer Verlag";"2005-2025";"Cultural Studies (Q1); History (Q1); Philosophy (Q2); Social Sciences (miscellaneous) (Q2); Sociology and Political Science (Q2); Economics, Econometrics and Finance (miscellaneous) (Q3); Experimental and Cognitive Psychology (Q4); Social Psychology (Q4)";"Arts and Humanities; Economics, Econometrics and Finance; Psychology; Social Sciences"
232;21101045755;"Filosofiya. Zhurnal Vysshey Shkoly Ekonomiki";journal;"25878719";"National Research University, Higher School of Econoimics";No;No;0,276;Q2;4;70;192;1650;28;175;0,17;23,57;38,46;0;5;Russian Federation;Eastern Europe;"National Research University, Higher School of Econoimics";"2019-2024";"History (Q1); Religious Studies (Q1); History and Philosophy of Science (Q2); Philosophy (Q2)";"Arts and Humanities"
233;24448;"Meta (Canada)";journal;"14921421, 00260452";"Presses de l'Universite de Montreal";No;No;0,276;Q2;44;0;85;0;70;75;0,34;0,00;0,00;0;0;Canada;Northern America;"Presses de l'Universite de Montreal";"1974, 2002-2022";"Linguistics and Language (Q2); Philosophy (Q2)";"Arts and Humanities; Social Sciences"
234;21100861082;"Democratic Theory";journal;"23328894, 23328908";"Berghahn Journals";Yes;Yes;0,275;Q2;16;6;42;443;44;40;0,77;73,83;18,18;0;4;United States;Northern America;"Berghahn Journals";"2014-2024";"Philosophy (Q2); Sociology and Political Science (Q2)";"Arts and Humanities; Social Sciences"
235;21100836108;"Knowledge Cultures";journal;"23756527, 23275731";"Addleton Academic Publishers";No;No;0,275;Q2;17;32;74;1484;69;72;1,06;46,38;67,31;0;9;United States;Northern America;"Addleton Academic Publishers";"2013-2024";"Cultural Studies (Q1); History (Q1); Literature and Literary Theory (Q1); Law (Q2); Library and Information Sciences (Q2); Philosophy (Q2); Sociology and Political Science (Q2); Education (Q3)";"Arts and Humanities; Social Sciences"
236;5800208085;"Organon F";journal;"13350668";"Slovak Academy of Sciences - Inst of Philosophy";Yes;Yes;0,275;Q2;10;20;85;629;28;82;0,17;31,45;15,00;0;0;Slovakia;Eastern Europe;"Slovak Academy of Sciences - Inst of Philosophy";"2002-2024";"Philosophy (Q2)";"Arts and Humanities"
237;21100856416;"BioLaw Journal";journal;"22844503";"University of Trento";Yes;No;0,273;Q2;8;114;372;6106;93;366;0,26;53,56;58,96;0;47;Italy;Western Europe;"University of Trento";"2014-2024";"Law (Q2); Philosophy (Q2); Biochemistry, Genetics and Molecular Biology (miscellaneous) (Q3); Biotechnology (Q3); Health Policy (Q3); Medicine (miscellaneous) (Q3)";"Arts and Humanities; Biochemistry, Genetics and Molecular Biology; Medicine; Social Sciences"
238;21100898602;"Vysshee Obrazovanie v Rossii";journal;"08693617, 20720459";"Moscow Polytechnic University";Yes;Yes;0,273;Q2;15;88;357;3039;322;357;1,21;34,53;63,27;0;39;Russian Federation;Eastern Europe;"Moscow Polytechnic University";"2018-2025";"Philosophy (Q2); Sociology and Political Science (Q2); Education (Q3)";"Arts and Humanities; Social Sciences"
239;21100241808;"XLinguae";journal;"13378384";"Slovenska Vzdelavacia a Obstaravacia s.r.o";Yes;No;0,273;Q2;20;72;220;2527;161;220;0,88;35,10;57,45;0;15;Slovakia;Eastern Europe;"Slovenska Vzdelavacia a Obstaravacia s.r.o";"2011-2025";"Linguistics and Language (Q2); Philosophy (Q2)";"Arts and Humanities; Social Sciences"
240;25988;"Social Research";journal;"0037783X";"Johns Hopkins University Press";No;No;0,268;Q2;58;60;153;1713;113;133;0,63;28,55;35,59;0;15;United States;Northern America;"Johns Hopkins University Press";"1946-1947, 1972-1974, 1976, 1979-1980, 1982-1986, 1988, 1995-2024";"Cultural Studies (Q1); History (Q1); Philosophy (Q2); Political Science and International Relations (Q2); Social Sciences (miscellaneous) (Q2); Sociology and Political Science (Q3)";"Arts and Humanities; Social Sciences"
241;21100451199;"Erasmus Journal for Philosophy and Economics";journal;"18769098";"Faculty of Philosophy, Erasmus University Rotterdam";Yes;Yes;0,265;Q2;13;35;73;1160;54;71;0,47;33,14;12,12;0;11;Netherlands;Western Europe;"Faculty of Philosophy, Erasmus University Rotterdam";"2008-2013, 2015-2024";"Philosophy (Q2); Economics, Econometrics and Finance (miscellaneous) (Q3)";"Arts and Humanities; Economics, Econometrics and Finance"
242;5000154601;"Logic Journal of the IGPL";journal;"13689894, 13670751";"Oxford University Press";No;No;0,264;Q2;33;59;191;1631;162;182;0,95;27,64;21,92;0;6;United Kingdom;Western Europe;"Oxford University Press";"1993-1994, 2005-2025";"Philosophy (Q2); Logic (Q3)";"Arts and Humanities; Mathematics"
243;16500154711;"Hobbes Studies";journal;"09215891, 18750257";"Brill Academic Publishers";No;No;0,263;Q2;10;12;35;717;19;32;0,67;59,75;30,00;0;0;Netherlands;Western Europe;"Brill Academic Publishers";"1989-1990, 1992, 1994, 1996-2024";"History (Q1); Philosophy (Q2); Sociology and Political Science (Q3)";"Arts and Humanities; Social Sciences"
244;21100810460;"Logos and Episteme";journal;"20693052, 20690533";"Gheorghe Zane Institute for Economic and Social Research, Romanian Academy, Iasi Branch";Yes;Yes;0,262;Q2;8;25;77;547;31;77;0,45;21,88;12,00;0;1;Romania;Eastern Europe;"Gheorghe Zane Institute for Economic and Social Research, Romanian Academy, Iasi Branch";"2016-2024";"Philosophy (Q2)";"Arts and Humanities"
245;4900152602;"Axiomathes";journal;"11221151";"Springer Netherlands";No;No;0,261;Q2;23;0;180;0;124;180;0,74;0,00;0,00;0;0;Netherlands;Western Europe;"Springer Netherlands";"1993-2023";"Philosophy (Q2); Mathematics (miscellaneous) (Q3)";"Arts and Humanities; Mathematics"
246;24832;"Journal of the History of Philosophy";journal;"00225053, 15384586";"Johns Hopkins University Press";No;No;0,259;Q2;32;24;76;1695;48;76;0,71;70,63;34,78;0;2;United States;Northern America;"Johns Hopkins University Press";"1967, 1975-1977, 1980-1983, 1995, 1999-2025";"Philosophy (Q2)";"Arts and Humanities"
247;21100259594;"Review of Contemporary Philosophy";journal;"2471089X, 18415261";"Addleton Academic Publishers";No;No;0,259;Q2;16;0;44;0;86;44;2,09;0,00;0,00;0;0;United States;Northern America;"Addleton Academic Publishers";"2013, 2015-2023";"Philosophy (Q2)";"Arts and Humanities"
248;21100211326;"Araucaria";journal;"15756823";"Universidad de Sevilla";Yes;Yes;0,258;Q2;9;90;273;3543;74;267;0,26;39,37;31,91;0;30;Spain;Western Europe;"Universidad de Sevilla";"2012-2025";"History (Q1); Arts and Humanities (miscellaneous) (Q2); Philosophy (Q2); Social Sciences (miscellaneous) (Q3); Sociology and Political Science (Q3)";"Arts and Humanities; Social Sciences"
249;21101023427;"Open Philosophy";journal;"25438875";"Walter de Gruyter GmbH";Yes;No;0,256;Q2;9;55;124;2251;56;118;0,32;40,93;27,08;0;6;Germany;Western Europe;"Walter de Gruyter GmbH";"2018-2025";"Philosophy (Q2)";"Arts and Humanities"
250;22811;"Critica-Revista Hispanoamericana de Filosofia";journal;"18704905, 00111503";"Universidad Nacional Autonoma de Mexico, Instituto de Investigaciones Filosoficas";Yes;Yes;0,254;Q2;9;13;36;438;16;35;0,41;33,69;37,50;0;0;Mexico;Latin America;"Universidad Nacional Autonoma de Mexico, Instituto de Investigaciones Filosoficas";"1977, 2002-2024";"Philosophy (Q2)";"Arts and Humanities"
251;21100312001;"Res Philosophica";journal;"21689105, 21689113";"Philosophy Documentation Center";No;No;0,252;Q2;19;42;84;1915;36;80;0,32;45,60;11,63;0;4;United States;Northern America;"Philosophy Documentation Center";"2013-2024";"Philosophy (Q2)";"Arts and Humanities"
252;24281;"Studia Neophilologica";journal;"00393274";"Taylor and Francis Ltd.";No;No;0,251;Q2;13;52;76;2571;40;72;0,43;49,44;49,23;0;4;United Kingdom;Western Europe;"Taylor and Francis Ltd.";"1928-1953, 1955-2025";"Linguistics and Language (Q2); Philosophy (Q2)";"Arts and Humanities; Social Sciences"
253;21100936373;"Medicina e Morale";journal;"22825940, 00257834";"Page Press Publications";No;No;0,250;Q2;5;31;81;1057;44;75;0,61;34,10;50,70;0;8;Italy;Western Europe;"Page Press Publications";"2019-2024";"Philosophy (Q2); Health Policy (Q3); Issues, Ethics and Legal Aspects (Q3); Medicine (miscellaneous) (Q3)";"Arts and Humanities; Medicine; Nursing"
254;21100941616;"Afkar";journal;"25501755, 15118819";"University of Malaya";No;No;0,247;Q2;5;33;81;1525;45;81;0,65;46,21;26,32;0;4;Malaysia;Asiatic Region;"University of Malaya";"2019-2024";"Religious Studies (Q1); Philosophy (Q2)";"Arts and Humanities"
255;12100157008;"Polis (United Kingdom)";journal;"20512996, 0142257X";"Brill Academic Publishers";No;No;0,247;Q2;11;20;81;1813;39;78;0,40;90,65;16,67;0;2;Netherlands;Western Europe;"Brill Academic Publishers";"2009-2025";"Classics (Q1); History (Q1); Philosophy (Q2); Sociology and Political Science (Q3)";"Arts and Humanities; Social Sciences"
256;21100902550;"Humana Mente";journal;"19721293";"Humana Mente";Yes;Yes;0,246;Q2;9;19;56;963;39;53;0,55;50,68;42,11;0;3;Italy;Western Europe;"Humana Mente";"2018-2024";"History and Philosophy of Science (Q2); Linguistics and Language (Q2); Philosophy (Q2); Education (Q3)";"Arts and Humanities; Social Sciences"
257;21100900129;"Childhood and Philosophy";journal;"25255061, 19845987";"State Univ of Rio de Janeiro - Center of Childhood and Philosophy Studies";Yes;Yes;0,245;Q2;6;40;122;1493;36;122;0,22;37,33;45,71;0;11;Brazil;Latin America;"State Univ of Rio de Janeiro - Center of Childhood and Philosophy Studies";"2018-2024";"Philosophy (Q2); Education (Q3); Developmental and Educational Psychology (Q4)";"Arts and Humanities; Psychology; Social Sciences"
258;21101089394;"Hegel Bulletin";journal;"20515367, 20515375";"Cambridge University Press";No;No;0,243;Q2;7;39;60;1473;42;56;0,53;37,77;18,92;0;1;United Kingdom;Western Europe;"Cambridge University Press";"2019-2025";"Philosophy (Q2)";"Arts and Humanities"
259;19900192302;"Schole";journal;"19954336, 19954328";"Novosibirskij Gosudarstvennyj Universitet";Yes;Yes;0,243;Q2;8;51;156;2012;35;156;0,27;39,45;14,00;0;3;Russian Federation;Eastern Europe;"Novosibirskij Gosudarstvennyj Universitet";"2011-2025";"Classics (Q1); Philosophy (Q2)";"Arts and Humanities"
260;21101036620;"Sport und Gesellschaft";journal;"23660465, 16103181";"De Gruyter Oldenbourg";No;No;0,243;Q2;12;17;56;813;17;46;0,26;47,82;19,23;0;2;Germany;Western Europe;"De Gruyter Oldenbourg";"2004-2025";"History (Q1); Philosophy (Q2); Social Sciences (miscellaneous) (Q3)";"Arts and Humanities; Social Sciences"
261;19900193544;"Foucault Studies";journal;"18325203";"Copenhagen Business School, Department of International Business Communication";Yes;Yes;0,242;Q2;31;21;51;1072;27;42;0,15;51,05;26,92;0;2;Denmark;Western Europe;"Copenhagen Business School, Department of International Business Communication";"2004-2005, 2007-2024";"Philosophy (Q2)";"Arts and Humanities"
262;5700153385;"Journal of Human Values";journal;"09730737, 09716858";"Sage Publications India Pvt. Ltd";No;No;0,241;Q2;20;31;61;1653;65;54;0,77;53,32;37,50;0;9;India;Asiatic Region;"Sage Publications India Pvt. Ltd";"1995-2025";"Cultural Studies (Q2); Philosophy (Q2); Sociology and Political Science (Q3); Organizational Behavior and Human Resource Management (Q4); Social Psychology (Q4)";"Arts and Humanities; Business, Management and Accounting; Psychology; Social Sciences"
263;21100937444;"Platonic Investigations";journal;"24103047, 26190745";"Plato Philosophical Society";No;No;0,239;Q2;3;30;90;1047;15;89;0,16;34,90;33,33;0;1;Russian Federation;Eastern Europe;"Plato Philosophical Society";"2019-2024";"Philosophy (Q2)";"Arts and Humanities"
264;7100153146;"Review of Central and East European Law";journal;"09259880, 15730352";"Martinus Nijhoff Publishers";No;No;0,239;Q2;19;17;50;2308;44;47;1,06;135,76;38,10;0;9;Netherlands;Western Europe;"Martinus Nijhoff Publishers";"1975, 1977-1981, 1983-2024";"Classics (Q1); History (Q1); Law (Q2); Philosophy (Q2)";"Arts and Humanities; Social Sciences"
265;21101185842;"Global Philosophy";journal;"29481538, 2948152X";"Springer Science and Business Media B.V.";No;No;0,236;Q2;3;26;45;1089;32;44;0,71;41,88;18,18;0;4;Netherlands;Western Europe;"Springer Science and Business Media B.V.";"2023-2025";"Philosophy (Q2); Mathematics (miscellaneous) (Q4)";"Arts and Humanities; Mathematics"
266;19700186703;"Croatian Journal of Philosophy";journal;"13331108, 18476139";"Institute of Philosophy";Yes;No;0,235;Q2;13;24;67;768;16;64;0,32;32,00;22,22;0;1;Croatia;Eastern Europe;"Institute of Philosophy";"2008-2024";"Philosophy (Q2)";"Arts and Humanities"
267;24136;"Indo-Iranian Journal";journal;"15728536, 00197246";"Brill Academic Publishers";No;No;0,235;Q2;14;6;29;481;12;29;0,32;80,17;11,11;0;1;Netherlands;Western Europe;"Brill Academic Publishers";"1957-2024";"Linguistics and Language (Q2); Philosophy (Q2); Political Science and International Relations (Q3)";"Arts and Humanities; Social Sciences"
268;5600155212;"Analyse und Kritik";journal;"01715860, 23659858";"De Gruyter Oldenbourg";Yes;No;0,234;Q2;16;25;59;716;77;54;1,49;28,64;25,00;0;4;Germany;Western Europe;"De Gruyter Oldenbourg";"2004-2005, 2011-2024";"Philosophy (Q2); Sociology and Political Science (Q3)";"Arts and Humanities; Social Sciences"
269;7200153167;"Phronesis";journal;"00318868, 15685284";"Brill Academic Publishers";No;No;0,234;Q2;34;19;48;1014;19;46;0,37;53,37;33,33;0;0;Netherlands;Western Europe;"Brill Academic Publishers";"1957, 1959-1960, 1962-1970, 1972-1986, 1988-1989, 1991-2025";"History (Q1); History and Philosophy of Science (Q2); Philosophy (Q2)";"Arts and Humanities"
270;21100203108;"Philosophia (Philippines)";journal;"22441883, 22441875";"Philippine National Philosophical Research Society";Yes;No;0,233;Q2;6;20;85;576;20;78;0,28;28,80;13,33;0;1;Philippines;Asiatic Region;"Philippine National Philosophical Research Society";"2007-2025";"Philosophy (Q2)";"Arts and Humanities"
271;21100840730;"Critical Philosophy of Race";journal;"21658692, 21658684";"Penn State University Press";No;No;0,232;Q2;13;18;43;615;33;40;0,90;34,17;50,00;1;6;United States;Northern America;"Penn State University Press";"2017-2024";"Anthropology (Q2); Philosophy (Q2)";"Arts and Humanities; Social Sciences"
272;5800195656;"Idealistic Studies";journal;"00468541";"Philosophy Documentation Center";No;No;0,232;Q2;8;14;25;959;11;25;0,33;68,50;14,29;0;1;United States;Northern America;"Philosophy Documentation Center";"1996-2000, 2002-2024";"Philosophy (Q2)";"Arts and Humanities"
273;145095;"Journal of Logic, Language and Information";journal;"09258531";"Springer Netherlands";No;No;0,231;Q2;37;17;88;658;44;84;0,50;38,71;10,71;0;0;Netherlands;Western Europe;"Springer Netherlands";"1992-2002, 2005-2025";"Linguistics and Language (Q2); Philosophy (Q2); Computer Science (miscellaneous) (Q3)";"Arts and Humanities; Computer Science; Social Sciences"
274;16000154787;"Kant-Studien";journal;"00228877, 16131134";"Walter de Gruyter GmbH";No;No;0,231;Q2;21;24;75;1009;32;72;0,47;42,04;4,76;0;1;Germany;Western Europe;"Walter de Gruyter GmbH";"1897, 1899-1902, 1904, 1906-1907, 1909, 1912-1915, 1918-1919, 1921-1922, 1924-1931, 1933-1936, 1943, 1954-1974, 1976-2024";"Philosophy (Q2)";"Arts and Humanities"
275;22290;"Business and Professional Ethics Journal";journal;"21537828, 02772027";"Philosophy Documentation Center";No;No;0,226;Q2;6;12;60;808;47;49;0,83;67,33;64,71;0;8;United States;Northern America;"Philosophy Documentation Center";"1979, 1985, 1990-1993, 1996, 1998-1999, 2001, 2018-2024";"Philosophy (Q2); Business and International Management (Q3); Economics and Econometrics (Q4)";"Arts and Humanities; Business, Management and Accounting; Economics, Econometrics and Finance"
276;21100898974;"Journal of Scottish Philosophy";journal;"17552001, 14796651";"Edinburgh University Press";No;No;0,226;Q2;13;13;51;386;19;42;0,26;29,69;22,22;0;0;United Kingdom;Western Europe;"Edinburgh University Press";"2003-2024";"History (Q1); Cultural Studies (Q2); Philosophy (Q2)";"Arts and Humanities; Social Sciences"
277;21101090013;"Journal of Confucian Philosophy and Culture";journal;"27341356, 1598267X";"Sungkyunkwan University, Institute of Confucian Philosophy and Culture (ICPC)";Yes;Yes;0,225;Q2;3;16;44;653;23;42;0,66;40,81;26,67;0;4;South Korea;Asiatic Region;"Sungkyunkwan University, Institute of Confucian Philosophy and Culture (ICPC)";"2019-2024";"Cultural Studies (Q2); Philosophy (Q2)";"Arts and Humanities; Social Sciences"
278;21100777305;"Logos (Russian Federation)";journal;"08695377, 24999628";"Gaidar Institute Press";No;No;0,225;Q2;8;62;170;1238;33;165;0,17;19,97;41,79;0;8;Russian Federation;Eastern Europe;"Gaidar Institute Press";"2016-2024";"Literature and Literary Theory (Q1); Cultural Studies (Q2); Philosophy (Q2)";"Arts and Humanities; Social Sciences"
279;21100235607;"Techne: Research in Philosophy and Technology";journal;"01617249";"Philosophy Documentation Center";No;No;0,224;Q2;23;6;59;326;42;59;0,45;54,33;33,33;0;1;United States;Northern America;"Philosophy Documentation Center";"1996-1999, 2001-2004, 2008-2024";"History and Philosophy of Science (Q2); Philosophy (Q2)";"Arts and Humanities"
280;67153;"Notizie di Politeia";journal;"11282401";"Politeia";No;No;0,223;Q2;6;87;207;1330;29;200;0,13;15,29;49,41;0;23;Italy;Western Europe;"Politeia";"2001-2002, 2004, 2015-2024";"Philosophy (Q2)";"Arts and Humanities"
281;27148;"Roczniki Filozoficzne";journal;"00357685, 2450002X";"";Yes;No;0,220;Q2;5;69;226;2007;49;222;0,24;29,09;14,49;0;3;Poland;Eastern Europe;"";"1967, 2015-2024";"Philosophy (Q2)";"Arts and Humanities"
282;21100857102;"Ethics and Bioethics (in Central Europe)";journal;"13385615, 24537829";"Sciendo";Yes;Yes;0,219;Q2;6;21;68;794;53;65;0,86;37,81;27,59;0;3;Poland;Eastern Europe;"Sciendo";"2017-2024";"Philosophy (Q2); Education (Q3); Health Policy (Q4)";"Arts and Humanities; Medicine; Social Sciences"
283;15732;"Journal of the History of Ideas";journal;"00225037, 10863222";"University of Pennsylvania Press";No;No;0,219;Q2;42;32;95;827;46;79;0,38;25,84;31,03;0;0;United States;Northern America;"University of Pennsylvania Press";"1970-2025";"Philosophy (Q2)";"Arts and Humanities"
284;21100202957;"Kriterion (Austria)";journal;"10198288";"Universitat Salzburg";No;No;0,219;Q2;6;0;26;0;19;24;0,30;0,00;0,00;0;0;Austria;Western Europe;"Universitat Salzburg";"2011-2022";"Philosophy (Q2)";"Arts and Humanities"
285;21100780549;"Russian Sociological Review";journal;"1728192X, 17281938";"National Research University Higher School of Economics";Yes;Yes;0,219;Q2;11;53;142;4495;47;139;0,39;84,81;38,89;0;20;Russian Federation;Eastern Europe;"National Research University Higher School of Economics";"2001-2003, 2016-2024";"Cultural Studies (Q2); Philosophy (Q2); Social Sciences (miscellaneous) (Q3); Sociology and Political Science (Q3)";"Arts and Humanities; Social Sciences"
286;21101147344;"Vox Patrum";journal;"27193586, 08609411";"John Paul II Catholic University of Lublin";Yes;Yes;0,218;Q2;3;70;184;2704;42;178;0,19;38,63;25,86;0;2;Poland;Eastern Europe;"John Paul II Catholic University of Lublin";"2019-2024";"Classics (Q1); History (Q1); Religious Studies (Q1); Philosophy (Q2)";"Arts and Humanities"
287;20000195031;"Krisis";journal;"18757103, 0168275X";"Boom Uitgevers";Yes;Yes;0,217;Q2;10;11;79;439;36;76;0,71;39,91;30,00;0;1;Netherlands;Western Europe;"Boom Uitgevers";"2011-2024";"Cultural Studies (Q2); Philosophy (Q2); Sociology and Political Science (Q3)";"Arts and Humanities; Social Sciences"
288;21100201721;"Cosmos and History";journal;"18329101";"Cosmos Publishing Cooperative";Yes;No;0,216;Q2;12;36;131;1822;47;129;0,39;50,61;13,89;0;3;Australia;Pacific Region;"Cosmos Publishing Cooperative";"2011-2024";"Philosophy (Q2)";"Arts and Humanities"
289;21101039834;"Eidos: A Journal for Philosophy of Culture";journal;"2544302X";"University of Warsaw";Yes;Yes;0,216;Q2;5;28;113;874;37;88;0,13;31,21;25,00;0;1;Poland;Eastern Europe;"University of Warsaw";"2017-2024";"Cultural Studies (Q2); Philosophy (Q2); Social Sciences (miscellaneous) (Q3)";"Arts and Humanities; Social Sciences"
290;21101068947;"Sophia (Ecuador)";journal;"13903861, 13908626";"Universidad Politecnica Salesiana";Yes;Yes;0,216;Q2;6;21;65;916;46;60;0,98;43,62;21,74;0;8;Ecuador;Latin America;"Universidad Politecnica Salesiana";"2019-2025";"Arts and Humanities (miscellaneous) (Q2); Philosophy (Q2)";"Arts and Humanities"
291;21101000290;"TheoLogica";journal;"25930265";"Catholic University of Louvain";Yes;Yes;0,216;Q2;6;27;65;924;26;59;0,49;34,22;11,54;0;3;Belgium;Western Europe;"Catholic University of Louvain";"2017-2025";"Religious Studies (Q1); Philosophy (Q2)";"Arts and Humanities"
292;16100154777;"Philosophy Today";journal;"00318256, 23298596";"Philosophy Documentation Center";No;No;0,215;Q2;15;55;133;1453;35;126;0,19;26,42;32,14;0;2;United States;Northern America;"Philosophy Documentation Center";"2002-2024";"Philosophy (Q2)";"Arts and Humanities"
293;21101134692;"Studia Warminskie";journal;"01376624";"University of Warmia and Mazury in Olsztyn";Yes;Yes;0,215;Q2;5;35;92;1039;45;92;0,58;29,69;45,24;0;4;Poland;Eastern Europe;"University of Warmia and Mazury in Olsztyn";"2019-2024";"History (Q1); Religious Studies (Q1); Philosophy (Q2); Law (Q3); Social Sciences (miscellaneous) (Q3); Developmental and Educational Psychology (Q4); Social Psychology (Q4)";"Arts and Humanities; Psychology; Social Sciences"
294;21100855754;"Australian Journal of Human Rights";journal;"2573573X, 1323238X";"Taylor and Francis Ltd.";No;No;0,214;Q2;19;6;97;363;68;84;0,57;60,50;33,33;0;6;Australia;Pacific Region;"Taylor and Francis Ltd.";"1994, 1996-2024";"History (Q1); Philosophy (Q2); Law (Q3); Sociology and Political Science (Q3)";"Arts and Humanities; Social Sciences"
295;21100208046;"Politics, Religion and Ideology";journal;"21567697, 21567689";"Taylor and Francis Ltd.";No;No;0,214;Q2;19;21;67;376;50;67;0,68;17,90;12,00;0;6;United Kingdom;Western Europe;"Taylor and Francis Ltd.";"2011, 2014-2024";"Religious Studies (Q1); Philosophy (Q2); Molecular Biology (Q4)";"Arts and Humanities; Biochemistry, Genetics and Molecular Biology"
296;21100925741;"Spirituality Studies";journal;"13399578";"Society for Spirituality Studies";Yes;Yes;0,214;Q2;3;13;44;515;17;37;0,38;39,62;37,50;0;3;Slovakia;Eastern Europe;"Society for Spirituality Studies";"2019-2024";"Religious Studies (Q1); Philosophy (Q2)";"Arts and Humanities"
297;19700172808;"Isegoria";journal;"19888376, 11302097";"CSIC Consejo Superior de Investigaciones Cientificas";Yes;Yes;0,213;Q2;10;31;153;1200;43;146;0,30;38,71;33,33;0;4;Spain;Western Europe;"CSIC Consejo Superior de Investigaciones Cientificas";"2009-2024";"Philosophy (Q2)";"Arts and Humanities"
298;21101097260;"Chinese Medical Ethics";journal;"10018565";"Editorial department of Chinese Medical Ethics";No;No;0,212;Q2;4;223;764;3724;255;762;0,41;16,70;58,76;0;60;China;Asiatic Region;"Editorial department of Chinese Medical Ethics";"2021-2025";"Philosophy (Q2); Health Policy (Q4); Health (social science) (Q4); Issues, Ethics and Legal Aspects (Q4)";"Arts and Humanities; Medicine; Nursing; Social Sciences"
299;21600;"Studies in East European Thought";journal;"15730948, 09259392";"Springer Netherlands";No;No;0,212;Q2;13;97;129;3344;59;114;0,43;34,47;28,43;0;4;Netherlands;Western Europe;"Springer Netherlands";"1993-2025";"Literature and Literary Theory (Q1); Cultural Studies (Q2); Philosophy (Q2); Law (Q3); Social Sciences (miscellaneous) (Q3)";"Arts and Humanities; Social Sciences"
300;21101053555;"Conatus - Journal of Philosophy";journal;"26539373, 24593842";"NKUA Applied Philosophy Research Laboratory";Yes;Yes;0,211;Q2;5;22;91;795;69;91;0,78;36,14;34,38;0;3;Greece;Western Europe;"NKUA Applied Philosophy Research Laboratory";"2018-2024";"Philosophy (Q2)";"Arts and Humanities"
301;19900193917;"Anales del Seminario de Historia de la Filosofia";journal;"19882564, 02112337";"Universidad Complutense Madrid";Yes;Yes;0,209;Q2;6;73;179;1795;32;176;0,18;24,59;18,52;0;3;Spain;Western Europe;"Universidad Complutense Madrid";"2010-2025";"History and Philosophy of Science (Q2); Philosophy (Q2)";"Arts and Humanities"
302;16300154716;"Journal for the Study of Religions and Ideologies";journal;"15830039";"Universitatea Babes-Bolyai, Catedra de Filosofie Sistematica";Yes;No;0,208;Q2;15;23;96;760;48;96;0,64;33,04;36,67;0;2;Romania;Eastern Europe;"Universitatea Babes-Bolyai, Catedra de Filosofie Sistematica";"2002-2024";"Philosophy (Q2); Religious Studies (Q2)";"Arts and Humanities"
303;21101071124;"Argumenta";journal;"24652334";"University of Sassari";Yes;Yes;0,203;Q2;5;46;75;1921;36;71;0,32;41,76;34,69;0;0;Italy;Western Europe;"University of Sassari";"2019-2024";"Linguistics and Language (Q2); Philosophy (Q2); Logic (Q4)";"Arts and Humanities; Mathematics; Social Sciences"
304;21100942847;"European Journal of Pragmatism and American Philosophy";journal;"20364091";"Associazone culturale Pragma";Yes;Yes;0,203;Q2;6;45;131;1568;47;121;0,34;34,84;27,27;0;0;Italy;Western Europe;"Associazone culturale Pragma";"2018-2024";"Philosophy (Q2); Sociology and Political Science (Q3); Applied Psychology (Q4)";"Arts and Humanities; Psychology; Social Sciences"
305;21100837207;"Con-textos Kantianos";journal;"23867655";"Universidad Complutense Madrid";Yes;Yes;0,202;Q2;5;53;85;1279;15;78;0,17;24,13;35,29;0;3;Spain;Western Europe;"Universidad Complutense Madrid";"2014-2024";"Philosophy (Q2)";"Arts and Humanities"
306;21100378584;"Monumenta Serica";journal;"02549948, 20571690";"Maney Publishing";No;No;0,202;Q2;12;17;52;1077;22;49;0,44;63,35;21,05;0;0;United States;Northern America;"Maney Publishing";"1948-1949, 1956-1964, 1968-1969, 1972, 1974, 1976, 1979, 1981, 1984, 1986, 1988, 1990, 1992-2004, 2013-2024";"History (Q1); Literature and Literary Theory (Q1); Cultural Studies (Q2); Philosophy (Q2); Religious Studies (Q2)";"Arts and Humanities; Social Sciences"
307;21100813726;"Acta Baltica Historiae et Philosophiae Scientiarum";journal;"22282009, 22282017";"Springer International Publishing AG";Yes;Yes;0,198;Q2;8;12;49;442;17;45;0,37;36,83;44,44;0;1;Switzerland;Western Europe;"Springer International Publishing AG";"2013-2024";"History (Q2); Philosophy (Q2)";"Arts and Humanities"
308;21101105302;"Journal of Philosophical Theological Research";journal;"17359791, 25382500";"University of Qom";Yes;No;0,198;Q2;3;28;85;823;13;85;0,15;29,39;7,32;0;0;Iran;Middle East;"University of Qom";"2019-2024";"Philosophy (Q2); Religious Studies (Q2)";"Arts and Humanities"
309;21101121575;"American Journal of Islam and Society";journal;"26903733, 26903741";"International Institute of Islamic Thought";Yes;Yes;0,196;Q2;3;21;37;863;22;30;0,67;41,10;10,53;0;1;United States;Northern America;"International Institute of Islamic Thought";"2020-2024";"Cultural Studies (Q2); History (Q2); Philosophy (Q2); Religious Studies (Q2); Law (Q3); Social Sciences (miscellaneous) (Q3); Sociology and Political Science (Q3)";"Arts and Humanities; Social Sciences"
310;21100211359;"Purushartha";journal;"0975024X";"School of Management Sciences";Yes;No;0,196;Q2;7;8;67;545;43;67;0,68;68,13;23,08;0;1;India;Asiatic Region;"School of Management Sciences";"2011-2013, 2015-2024";"Philosophy (Q2); Strategy and Management (Q4)";"Arts and Humanities; Business, Management and Accounting"
311;5700174038;"Grazer Philosophische Studien";journal;"01659227";"Editions Rodopi B.V.";No;No;0,195;Q2;15;12;76;340;21;74;0,21;28,33;16,67;0;0;Netherlands;Western Europe;"Editions Rodopi B.V.";"1989, 2001, 2006, 2011-2013, 2015-2024";"Philosophy (Q2)";"Arts and Humanities"
312;27133;"Rivista di Estetica";journal;"00356212";"Rosenberg &amp; Sellier";Yes;Yes;0,195;Q2;10;24;103;685;16;95;0,04;28,54;34,38;0;2;Italy;Western Europe;"Rosenberg &amp; Sellier";"1966, 2013-2024";"Philosophy (Q2)";"Arts and Humanities"
313;21100851336;"Manuscrito";journal;"01006045, 2317630X";"Universidade Estadual de Campinas - UNICAMP, Centro de Logica, Epistemologia e Historia da Ciencia";Yes;Yes;0,194;Q2;7;17;90;941;24;87;0,15;55,35;10,53;0;0;Brazil;Latin America;"Universidade Estadual de Campinas - UNICAMP, Centro de Logica, Epistemologia e Historia da Ciencia";"2017-2024";"Philosophy (Q2)";"Arts and Humanities"
314;28401;"Classical Quarterly";journal;"00098388, 14716844";"Cambridge University Press";No;No;0,193;Q2;43;44;259;2269;77;259;0,21;51,57;31,11;0;2;United Kingdom;Western Europe;"Cambridge University Press";"1907-2025";"Classics (Q1); Literature and Literary Theory (Q1); History (Q2); Philosophy (Q2)";"Arts and Humanities"
315;21100992225;"Cuadernos Electronicos de Filosofia del Derecho";journal;"11389877";"University of Valencia, Human Rights Institute.";Yes;Yes;0,191;Q2;4;15;151;354;24;149;0,12;23,60;18,18;0;5;Spain;Western Europe;"University of Valencia, Human Rights Institute.";"2019-2024";"Philosophy (Q2); Law (Q3)";"Arts and Humanities; Social Sciences"
316;21101152598;"Journal for the Philosophy of Language, Mind and the Arts";journal;"27239640";"Edizioni Ca' Foscari";Yes;Yes;0,191;Q2;3;24;60;815;21;52;0,37;33,96;22,73;0;0;Italy;Western Europe;"Edizioni Ca' Foscari";"2020-2024";"Visual Arts and Performing Arts (Q1); Linguistics and Language (Q2); Philosophy (Q2); Cognitive Neuroscience (Q4)";"Arts and Humanities; Neuroscience; Social Sciences"
317;21100427164;"Konstantinove Listy";journal;"13378740";"Constantine the Philosopher University in Nitra";No;No;0,191;Q2;10;21;83;857;31;83;0,48;40,81;30,00;0;0;Slovakia;Eastern Europe;"Constantine the Philosopher University in Nitra";"2015-2024";"History (Q2); Philosophy (Q2); Religious Studies (Q2)";"Arts and Humanities"
318;21101194973;"Secular Studies";journal;"25892525, 25892517";"Brill Academic Publishers";No;No;0,190;Q2;5;13;43;485;19;41;0,13;37,31;20,00;0;1;Netherlands;Western Europe;"Brill Academic Publishers";"2019-2024";"Philosophy (Q2); Religious Studies (Q2)";"Arts and Humanities"
319;21101087368;"Beijing International Review of Education";journal;"25902539, 25902547";"Brill Academic Publishers";No;No;0,189;Q2;10;23;127;678;68;112;0,48;29,48;27,27;0;8;Netherlands;Western Europe;"Brill Academic Publishers";"2019-2024";"Arts and Humanities (miscellaneous) (Q2); History (Q2); Philosophy (Q2); Education (Q4)";"Arts and Humanities; Social Sciences"
320;21100197157;"Elenchos";journal;"20377177, 03927342";"Walter de Gruyter GmbH";No;No;0,187;Q2;9;7;48;256;14;47;0,26;36,57;37,50;0;0;Italy;Western Europe;"Walter de Gruyter GmbH";"2005-2024";"Classics (Q1); Philosophy (Q2)";"Arts and Humanities"
321;6500153169;"Sartre Studies International";journal;"13571559, 15585476";"Berghahn Journals";No;No;0,187;Q2;4;14;35;635;13;29;0,28;45,36;54,55;0;1;United Kingdom;Western Europe;"Berghahn Journals";"2017-2024";"Literature and Literary Theory (Q1); Philosophy (Q2)";"Arts and Humanities"
322;21100896997;"Zagadnienia Filozoficzne w Nauce";journal;"24510602, 08678286";"Copernicus Center Press";Yes;Yes;0,187;Q2;5;17;64;804;15;62;0,23;47,29;12,50;0;2;Poland;Eastern Europe;"Copernicus Center Press";"2018-2024";"Philosophy (Q2); History and Philosophy of Science (Q3)";"Arts and Humanities"
323;19600157917;"Metaphysica";journal;"14372053, 18746373";"Walter de Gruyter GmbH";No;No;0,186;Q2;8;16;65;783;16;65;0,30;48,94;6,25;0;0;Germany;Western Europe;"Walter de Gruyter GmbH";"2014-2025";"Philosophy (Q2); Mathematical Physics (Q4)";"Arts and Humanities; Mathematics"
324;21100896229;"Phenomenology and Mind";journal;"22807853, 22394028";"Rosenberg and Sellier";Yes;Yes;0,186;Q2;8;17;81;366;40;76;0,40;21,53;37,50;0;0;Italy;Western Europe;"Rosenberg and Sellier";"2018-2024";"Philosophy (Q2); Cognitive Neuroscience (Q4); Psychology (miscellaneous) (Q4)";"Arts and Humanities; Neuroscience; Psychology"
325;21101040218;"Shidnij Svit";journal;"16080599, 16825268";"A. Yu. Krymskyi Institute of Oriental Studies of the National Academy of Sciences of Ukraine";No;No;0,185;Q2;2;56;151;2331;17;151;0,13;41,63;42,11;0;9;Ukraine;Eastern Europe;"A. Yu. Krymskyi Institute of Oriental Studies of the National Academy of Sciences of Ukraine";"2019-2024";"History (Q2); Linguistics and Language (Q2); Philosophy (Q2); Religious Studies (Q2)";"Arts and Humanities; Social Sciences"
326;21101163016;"Theory Now";journal;"26052822";"Universidad de Granada";Yes;Yes;0,185;Q2;3;33;84;1063;12;79;0,09;32,21;54,84;0;4;Spain;Western Europe;"Universidad de Granada";"2019-2025";"Literature and Literary Theory (Q1); Philosophy (Q2)";"Arts and Humanities"
327;21100818726;"Sententiae";journal;"20756461, 23088915";"Vinnytsia National Technical University";No;No;0,184;Q2;4;42;111;914;16;92;0,13;21,76;44,44;0;0;Ukraine;Eastern Europe;"Vinnytsia National Technical University";"2015-2024";"Philosophy (Q2)";"Arts and Humanities"
328;27208;"Social Philosophy and Policy";journal;"02650525, 14716437";"Cambridge University Press";No;No;0,183;Q2;41;28;77;1941;42;77;0,22;69,32;25,93;0;7;United Kingdom;Western Europe;"Cambridge University Press";"1970, 1983-2024";"Philosophy (Q2); Social Sciences (miscellaneous) (Q3)";"Arts and Humanities; Social Sciences"
329;36020;"Society and Animals";journal;"15685306, 10631119";"Brill Academic Publishers";No;No;0,183;Q2;54;50;112;2168;73;107;0,69;43,36;70,49;0;10;Netherlands;Western Europe;"Brill Academic Publishers";"1993-2024";"Philosophy (Q2); Sociology and Political Science (Q3); Veterinary (miscellaneous) (Q3)";"Arts and Humanities; Social Sciences; Veterinary"
330;12100155622;"Sophia";journal;"1873930X, 00381527";"Springer Netherlands";Yes;No;0,183;Q2;16;56;165;1759;61;159;0,39;31,41;16,95;0;0;Netherlands;Western Europe;"Springer Netherlands";"1962-2025";"Philosophy (Q2); Religious Studies (Q2)";"Arts and Humanities"
331;21100923615;"Rivista Internazionale di Filosofia e Psicologia";journal;"20394667, 22392629";"Mimesis Edizioni";Yes;Yes;0,182;Q2;4;17;55;889;14;53;0,38;52,29;40,00;0;0;Italy;Western Europe;"Mimesis Edizioni";"2019-2024";"Philosophy (Q2); Experimental and Cognitive Psychology (Q4); Social Psychology (Q4)";"Arts and Humanities; Psychology"
332;17300154814;"Worldviews: Environment, Culture, Religion";journal;"13635247, 15685357";"Brill Academic Publishers";No;No;0,182;Q2;21;13;42;625;26;39;0,50;48,08;47,83;0;5;Netherlands;Western Europe;"Brill Academic Publishers";"1997-2024";"Cultural Studies (Q2); Philosophy (Q2); Religious Studies (Q2); Ecology (Q4); Geography, Planning and Development (Q4); Management, Monitoring, Policy and Law (Q4)";"Arts and Humanities; Environmental Science; Social Sciences"
333;19900191992;"Filozofia Nauki";journal;"12306894";"Warsaw University";Yes;Yes;0,181;Q2;6;0;62;0;22;49;0,05;0,00;0,00;0;0;Poland;Eastern Europe;"Warsaw University";"2011-2023";"Philosophy (Q2); History and Philosophy of Science (Q3)";"Arts and Humanities"
334;5700168391;"Journal of Global Ethics";journal;"17449626";"Routledge";No;No;0,181;Q2;29;35;83;1263;77;75;0,93;36,09;37,21;0;18;United States;Northern America;"Routledge";"2005-2025";"Philosophy (Q2); Sociology and Political Science (Q3)";"Arts and Humanities; Social Sciences"
335;21101257043;"Munaddhomah";journal;"27752933";"Institut Pesantren KH Abdul Chalim";Yes;No;0,181;Q2;8;40;151;1772;99;151;0,68;44,30;34,15;0;17;Indonesia;Asiatic Region;"Institut Pesantren KH Abdul Chalim";"2020-2024";"Philosophy (Q2); Religious Studies (Q2); Education (Q4)";"Arts and Humanities; Social Sciences"
336;5700164798;"Philosophia Africana";journal;"15398250";"Depaul University, Department of Philosophy";No;No;0,181;Q2;11;0;4;0;3;4;1,50;0,00;0,00;0;0;United States;Northern America;"Depaul University, Department of Philosophy";"2002-2010, 2012-2016, 2021-2022";"Philosophy (Q2)";"Arts and Humanities"
337;21101064228;"Philosophy of Religion: Analytic Researches";journal;"2587683X, 26584891";"Institute of Philosophy of the Russian Academy of Sciences";No;No;0,181;Q2;2;17;53;400;11;53;0,27;23,53;17,65;0;0;Russian Federation;Eastern Europe;"Institute of Philosophy of the Russian Academy of Sciences";"2019-2024";"Philosophy (Q2); Religious Studies (Q2)";"Arts and Humanities"
338;16000154724;"South African Journal of Philosophy";journal;"02580136";"Taylor and Francis Ltd.";No;No;0,181;Q2;27;28;95;1167;40;93;0,37;41,68;32,00;0;2;United Kingdom;Western Europe;"Taylor and Francis Ltd.";"1998-2024";"Philosophy (Q2)";"Arts and Humanities"
339;21100200803;"Journal of Aesthetics and Culture";journal;"20004214";"Taylor and Francis Ltd.";Yes;Yes;0,180;Q2;15;23;37;1053;20;35;0,48;45,78;47,83;0;2;United Kingdom;Western Europe;"Taylor and Francis Ltd.";"2012-2025";"Visual Arts and Performing Arts (Q1); Cultural Studies (Q2); Philosophy (Q2)";"Arts and Humanities; Social Sciences"
340;26609;"Philosophy East and West";journal;"15291898, 00318221";"University of Hawaii Press";No;No;0,180;Q2;29;43;174;1866;47;156;0,26;43,40;31,11;1;1;United States;Northern America;"University of Hawaii Press";"1990, 2002-2025";"Philosophy (Q2)";"Arts and Humanities"
341;21100866201;"European Journal for Philosophy of Religion";journal;"16898311";"";No;No;0,179;Q2;14;119;185;3521;126;184;0,73;29,59;49,14;0;33;United Kingdom;Western Europe;"";"2009-2025";"Philosophy (Q2); Religious Studies (Q2)";"Arts and Humanities"
342;16300154721;"Journal of Chinese Philosophy";journal;"03018121, 15406253";"Brill Academic Publishers";No;No;0,179;Q2;24;22;82;1013;23;71;0,29;46,05;50,00;0;0;Netherlands;Western Europe;"Brill Academic Publishers";"1973-2024";"Philosophy (Q2)";"Arts and Humanities"
343;21100851349;"Metodicki Ogledi";journal;"18482325, 0353765X";"Croatian Philosophical Society";No;No;0,179;Q2;4;13;81;556;16;78;0,19;42,77;91,30;0;5;Croatia;Eastern Europe;"Croatian Philosophical Society";"2017-2024";"Philosophy (Q2); Education (Q4)";"Arts and Humanities; Social Sciences"
344;5700167641;"Phainomena";journal;"13183362";"Zalozba Nova Revija";Yes;Yes;0,179;Q2;4;36;89;1026;15;84;0,17;28,50;16,13;0;3;Slovenia;Eastern Europe;"Zalozba Nova Revija";"2009-2013, 2015-2024";"Philosophy (Q2)";"Arts and Humanities"
345;21101220039;"Utafiti: Journal of African Perspectives";journal;"0856096X, 26836408";"Brill Academic Publishers";No;No;0,179;Q2;3;14;40;669;16;40;0,31;47,79;12,50;0;6;Netherlands;Western Europe;"Brill Academic Publishers";"2018-2024";"Literature and Literary Theory (Q1); Arts and Humanities (miscellaneous) (Q2); History (Q2); Philosophy (Q2)";"Arts and Humanities"
346;21100845367;"Las Torres De Lucca";journal;"22553827";"Universidad Complutense Madrid";Yes;Yes;0,178;Q2;5;32;90;888;32;88;0,21;27,75;44,44;0;10;Spain;Western Europe;"Universidad Complutense Madrid";"2017-2025";"Philosophy (Q2); Sociology and Political Science (Q3)";"Arts and Humanities; Social Sciences"
347;21100201733;"Diametros";journal;"17335566";"Jagiellonian University";Yes;Yes;0,177;Q2;10;25;54;898;18;54;0,35;35,92;48,48;0;1;Poland;Eastern Europe;"Jagiellonian University";"2004-2024";"Philosophy (Q2)";"Arts and Humanities"
348;21100788258;"Jurisprudence";journal;"20403313, 20403321";"Taylor and Francis Ltd.";No;No;0,177;Q2;12;34;63;97;47;48;0,74;2,85;12,50;0;2;United Kingdom;Western Europe;"Taylor and Francis Ltd.";"2015-2025";"Philosophy (Q2); Law (Q3)";"Arts and Humanities; Social Sciences"
349;21100244213;"Mind and Matter";journal;"16118812, 20513003";"Imprint Academic";No;No;0,177;Q2;20;15;33;716;19;26;0,50;47,73;6,67;0;1;United Kingdom;Western Europe;"Imprint Academic";"2003-2024";"Philosophy (Q2); Sociology and Political Science (Q3); Neuroscience (miscellaneous) (Q4)";"Arts and Humanities; Neuroscience; Social Sciences"
350;21000196004;"History of Philosophy Quarterly";journal;"07400675, 21521026";"University of Illinois Press";No;No;0,175;Q2;11;8;62;349;20;61;0,38;43,63;12,50;0;0;United States;Northern America;"University of Illinois Press";"2011-2024";"Philosophy (Q2)";"Arts and Humanities"
351;5600152881;"Human Affairs";journal;"12103055, 1337401X";"Walter de Gruyter GmbH";No;No;0,175;Q2;20;40;124;1445;62;118;0,51;36,13;44,07;0;12;Germany;Western Europe;"Walter de Gruyter GmbH";"1991-2025";"Philosophy (Q2); Law (Q3); Sociology and Political Science (Q3)";"Arts and Humanities; Social Sciences"
352;19700182679;"Journal of Nietzsche Studies";journal;"09688005, 15384594";"Penn State University Press";No;No;0,174;Q2;12;7;31;413;11;27;0,35;59,00;42,86;0;0;United States;Northern America;"Penn State University Press";"2010-2024";"Philosophy (Q2)";"Arts and Humanities"
353;21101084975;"Solov'evskie Issledovania";journal;"20769210";"Ivanovo State Power Engineering University";No;No;0,174;Q2;2;44;144;1122;17;135;0,16;25,50;38,89;0;0;Russian Federation;Eastern Europe;"Ivanovo State Power Engineering University";"2019-2024";"Philosophy (Q2)";"Arts and Humanities"
354;21101062042;"Dikaion";journal;"01208942, 20275366";"Universidad de La Sabana";Yes;Yes;0,173;Q2;4;8;59;422;13;51;0,27;52,75;40,00;0;4;Colombia;Latin America;"Universidad de La Sabana";"2019-2024";"Philosophy (Q2); Law (Q3)";"Arts and Humanities; Social Sciences"
355;21101051209;"Chelovek";journal;"02362007";"Russian Academy of Sciences";No;No;0,172;Q2;3;57;188;1474;28;185;0,19;25,86;57,89;0;9;Russian Federation;Eastern Europe;"Russian Academy of Sciences";"2019, 2021-2024";"Philosophy (Q2)";"Arts and Humanities"
356;21100901128;"Deleuze and Guattari Studies";journal;"23989777, 23989785";"Edinburgh University Press";No;No;0,172;Q2;21;28;85;861;37;77;0,45;30,75;15,38;0;2;United Kingdom;Western Europe;"Edinburgh University Press";"2007-2024";"Literature and Literary Theory (Q1); Philosophy (Q2)";"Arts and Humanities"
357;21101098754;"Isonomia";journal;"14050218, 26832593";"Instituto Tecnologico Autonomo de Mexico";No;Yes;0,172;Q2;3;23;45;940;6;42;0,18;40,87;40,00;0;8;Mexico;Latin America;"Instituto Tecnologico Autonomo de Mexico";"2019-2024";"Philosophy (Q2); Law (Q3); Social Sciences (miscellaneous) (Q3); Sociology and Political Science (Q3)";"Arts and Humanities; Social Sciences"
358;14000155926;"Transactions of the Charles S Peirce Society";journal;"00091774";"Indiana University Press";No;No;0,172;Q2;21;9;62;378;30;61;0,38;42,00;25,00;0;1;United States;Northern America;"Indiana University Press";"2002-2024";"Philosophy (Q2)";"Arts and Humanities"
359;21101039065;"Ethics in Progress";journal;"20849257";"Adam Mickiewicz University, Faculty of Philosophy";Yes;Yes;0,171;Q2;6;17;58;751;21;57;0,36;44,18;52,00;0;3;Poland;Eastern Europe;"Adam Mickiewicz University, Faculty of Philosophy";"2010-2024";"Philosophy (Q2); Developmental and Educational Psychology (Q4); Education (Q4); Psychology (miscellaneous) (Q4)";"Arts and Humanities; Psychology; Social Sciences"
360;21101054225;"Studia Semiotyczne";journal;"2544073X, 01376608";"Polskie Towarzystwo Semiotyczne";Yes;Yes;0,171;Q2;3;3;41;90;6;35;0,07;30,00;66,67;0;0;Poland;Eastern Europe;"Polskie Towarzystwo Semiotyczne";"2019-2024";"Linguistics and Language (Q2); Philosophy (Q2)";"Arts and Humanities; Social Sciences"
361;14214;"Critical Horizons";journal;"14409917, 15685160";"Maney Publishing";No;No;0,170;Q2;22;25;78;802;35;74;0,41;32,08;25,00;0;6;United Kingdom;Western Europe;"Maney Publishing";"2003-2025";"Philosophy (Q2); Sociology and Political Science (Q3)";"Arts and Humanities; Social Sciences"
362;21100232420;"International Journal of Feminist Approaches to Bioethics";journal;"19374585, 19374577";"University of Toronto Press";No;No;0,170;Q2;16;19;97;857;33;91;0,29;45,11;73,91;0;8;United States;Northern America;"University of Toronto Press";"2012-2024";"Philosophy (Q2); Gender Studies (Q3); Health (social science) (Q4)";"Arts and Humanities; Social Sciences"
363;21101201499;"Galactica Media: Journal of Media Studies";journal;"26587734";"LLC Scientific Industrial Enterprise “Genesis. Frontier. Science”";Yes;Yes;0,169;Q2;2;60;50;2250;20;50;0,40;37,50;43,02;0;10;Russian Federation;Eastern Europe;"LLC Scientific Industrial Enterprise “Genesis. Frontier. Science”";"2023-2024";"Cultural Studies (Q2); Philosophy (Q2); Anthropology (Q3); Sociology and Political Science (Q3)";"Arts and Humanities; Social Sciences"
364;5800170623;"Filosofia Unisinos";journal;"15195023, 19848234";"Universidade do Vale do Rio dos Sinos";Yes;Yes;0,168;Q2;6;45;108;1475;16;101;0,18;32,78;26,00;0;4;Brazil;Latin America;"Universidade do Vale do Rio dos Sinos";"2010-2024";"Philosophy (Q2)";"Arts and Humanities"
365;21100976733;"Przeglad Rusycystyczny";journal;"0137298X";"Polskie Towarzystwo Rusycystyczne";Yes;Yes;0,168;Q2;2;48;170;1748;9;165;0,03;36,42;55,77;0;3;Poland;Eastern Europe;"Polskie Towarzystwo Rusycystyczne";"2019-2024";"Literature and Literary Theory (Q1); Cultural Studies (Q2); Philosophy (Q2); Linguistics and Language (Q3); Education (Q4)";"Arts and Humanities; Social Sciences"
366;21101037305;"Russian Psychological Journal";journal;"18121853, 24115789";"Russian Psychological Society";Yes;No;0,168;Q2;5;58;153;2638;82;153;0,54;45,48;65,09;0;19;Russian Federation;Eastern Europe;"Russian Psychological Society";"2019-2024";"Philosophy (Q2); Cognitive Neuroscience (Q4); Education (Q4); Psychology (miscellaneous) (Q4)";"Arts and Humanities; Neuroscience; Psychology; Social Sciences"
367;21101193869;"Studia Hegeliana";journal;"2792176X, 24440809";"Universidad de Malaga";Yes;Yes;0,168;Q2;2;8;24;166;10;24;0,47;20,75;28,57;0;0;Spain;Western Europe;"Universidad de Malaga";"2019-2024";"Philosophy (Q2)";"Arts and Humanities"
368;21101062496;"Cuadernos de Ilustracion y Romanticismo";journal;"11328304, 21730687";"Universidad de Cadiz";Yes;Yes;0,167;Q2;4;51;123;1641;15;118;0,06;32,18;46,15;0;4;Spain;Western Europe;"Universidad de Cadiz";"2019-2024";"Literature and Literary Theory (Q1); History (Q2); Philosophy (Q2); History and Philosophy of Science (Q3); Linguistics and Language (Q3)";"Arts and Humanities; Social Sciences"
369;19177;"History of Political Thought";journal;"0143781X";"Imprint Academic";No;No;0,167;Q2;28;30;91;200;41;89;0,38;6,67;33,33;0;5;United Kingdom;Western Europe;"Imprint Academic";"1984, 1987, 1996-2024";"History (Q2); Philosophy (Q2); Sociology and Political Science (Q3)";"Arts and Humanities; Social Sciences"
370;21101274784;"Istoriko-Filosofskii Ezhegodnik";journal;"27826538, 01348655";"Institute of Philosophy, Russian Academy of Sciences";No;No;0,167;Q2;2;11;41;427;5;41;0,11;38,82;40,00;0;1;Russian Federation;Eastern Europe;"Institute of Philosophy, Russian Academy of Sciences";"2021-2024";"History (Q2); Philosophy (Q2)";"Arts and Humanities"
371;27310;"Studies in Christian Ethics";journal;"17455235, 09539468";"SAGE Publications Ltd";No;No;0,167;Q2;7;45;114;42;49;104;0,39;0,93;29,79;0;11;United Kingdom;Western Europe;"SAGE Publications Ltd";"1989, 1991, 1995-1996, 1998-1999, 2003, 2015-2024";"Philosophy (Q2); Religious Studies (Q2)";"Arts and Humanities"
372;19700169886;"Journal of Philosophical Economics: Reflections on Economic and Social Issues";journal;"18432298, 18448208";"Bucharest University of Economic Studies Publishing House";Yes;Yes;0,166;Q2;5;10;30;707;23;29;0,67;70,70;15,38;0;0;Romania;Eastern Europe;"Bucharest University of Economic Studies Publishing House";"2017-2024";"Philosophy (Q2); Sociology and Political Science (Q3); Economics and Econometrics (Q4)";"Arts and Humanities; Economics, Econometrics and Finance; Social Sciences"
373;21100405116;"Studia Neoaristotelica";journal;"12148407, 18046843";"Philosophy Documentation Center";No;No;0,165;Q2;3;9;20;253;5;20;0,00;28,11;25,00;0;0;Germany;Western Europe;"Philosophy Documentation Center";"2015-2024";"Philosophy (Q2)";"Arts and Humanities"
374;5700168416;"Ilu";journal;"19883269, 11354712";"Servicio de Publicaciones, Universidad Complutense";Yes;No;0,164;Q2;8;20;45;860;7;45;0,16;43,00;41,67;0;2;Spain;Western Europe;"Servicio de Publicaciones, Universidad Complutense";"2011-2019, 2022-2024";"Philosophy (Q2); Religious Studies (Q2)";"Arts and Humanities"
375;21101118114;"Journal of Applied Animal Ethics Research";journal;"25889567, 25889559";"Brill Academic Publishers";No;No;0,164;Q2;3;12;24;634;13;20;0,45;52,83;41,67;0;4;Netherlands;Western Europe;"Brill Academic Publishers";"2021-2025";"Philosophy (Q2); Animal Science and Zoology (Q4)";"Agricultural and Biological Sciences; Arts and Humanities"
376;21100864710;"Canadian Journal of Bioethics";journal;"25614665";"University of Montreal";Yes;Yes;0,163;Q2;10;66;154;1712;59;149;0,34;25,94;58,82;0;12;Canada;Northern America;"University of Montreal";"2018-2024";"Philosophy (Q2); Health Policy (Q4); Health (social science) (Q4)";"Arts and Humanities; Medicine; Social Sciences"
377;21101045759;"Encuentros (Maracaibo)";journal;"26108046, 23436131";"Rafael Maria Baralt National Experimental University";Yes;Yes;0,163;Q2;4;88;181;3050;61;175;0,39;34,66;48,21;0;46;Venezuela;Latin America;"Rafael Maria Baralt National Experimental University";"2019-2025";"History (Q2); Philosophy (Q2); Anthropology (Q3); Social Sciences (miscellaneous) (Q3); Sociology and Political Science (Q3); Education (Q4)";"Arts and Humanities; Social Sciences"
378;24625;"Utopian Studies";journal;"1045991X, 21549648";"Penn State University Press";No;No;0,163;Q2;10;15;97;744;31;90;0,24;49,60;53,85;0;5;United States;Northern America;"Penn State University Press";"1990, 1999, 2001, 2011, 2014-2024";"Philosophy (Q2)";"Arts and Humanities"
379;21100832765;"Pragmatism Today";journal;"13382799";"Central European Pragmatist Forum";No;No;0,162;Q2;5;17;61;554;10;54;0,23;32,59;35,71;0;2;Slovakia;Eastern Europe;"Central European Pragmatist Forum";"2017-2024";"Philosophy (Q2)";"Arts and Humanities"
380;21100944302;"Philosophical Inquiries";journal;"22818618, 22820248";"Edizioni ETS";No;No;0,161;Q2;5;13;64;468;30;58;0,38;36,00;13,33;0;1;Italy;Western Europe;"Edizioni ETS";"2019-2024";"Philosophy (Q2)";"Arts and Humanities"
381;11600153664;"Filosofija, Sociologija";journal;"02357186";"Lithuanian Academy of Sciences Publishers";No;No;0,160;Q2;12;59;146;1673;45;142;0,29;28,36;45,12;0;18;Lithuania;Eastern Europe;"Lithuanian Academy of Sciences Publishers";"2008-2024";"Philosophy (Q2); Sociology and Political Science (Q3)";"Arts and Humanities; Social Sciences"
382;21100202911;"Reports on Mathematical Logic";journal;"20842589, 01372904";"Jagiellonian University Press";No;No;0,160;Q2;8;4;13;107;3;13;0,14;26,75;0,00;0;0;Poland;Eastern Europe;"Jagiellonian University Press";"2011-2024";"Philosophy (Q2); Logic (Q4)";"Arts and Humanities; Mathematics"
383;21101053114;"Ciceroniana On Line";journal;"25325353";"University of Torino";Yes;Yes;0,158;Q2;5;26;48;1378;9;41;0,21;53,00;50,00;0;0;Italy;Western Europe;"University of Torino";"2017-2024";"Classics (Q1); Literature and Literary Theory (Q1); History (Q2); Philosophy (Q2); Visual Arts and Performing Arts (Q2); Linguistics and Language (Q3)";"Arts and Humanities; Social Sciences"
384;21100204105;"Daimon";journal;"11300507, 19894651";"Universidad de Murcia. Departamento de Filosofia y Lgica.";Yes;Yes;0,158;Q2;9;73;131;2461;36;129;0,26;33,71;22,22;0;4;Spain;Western Europe;"Universidad de Murcia. Departamento de Filosofia y Lgica.";"2011-2025";"Philosophy (Q2)";"Arts and Humanities"
385;5700179464;"Ethics and the Environment";journal;"15355306, 10856633";"Indiana University Press";No;No;0,158;Q2;15;8;31;746;16;30;0,64;93,25;45,45;0;2;United States;Northern America;"Indiana University Press";"2013-2024";"Philosophy (Q2); Environmental Science (miscellaneous) (Q4)";"Arts and Humanities; Environmental Science"
386;5700154126;"Filozofia";journal;"25857061, 0046385X";"Slovak Academy of Sciences";Yes;Yes;0,158;Q2;11;85;180;2177;18;175;0,10;25,61;27,63;0;10;Slovakia;Eastern Europe;"Slovak Academy of Sciences";"2002-2024";"Philosophy (Q2); Religious Studies (Q2)";"Arts and Humanities"
387;5600152947;"Telos";journal;"00906514";"Telos Press";No;No;0,158;Q2;11;32;160;813;34;143;0,23;25,41;4,17;0;1;United States;Northern America;"Telos Press";"2010-2024";"Cultural Studies (Q2); Philosophy (Q2); Sociology and Political Science (Q3)";"Arts and Humanities; Social Sciences"
388;22910;"Dialogue-Canadian Philosophical Review";journal;"00122173, 17590949";"Cambridge University Press";No;No;0,157;Q2;16;49;67;1326;19;65;0,17;27,06;29,41;0;8;United Kingdom;Western Europe;"Cambridge University Press";"1962-2025";"Philosophy (Q2)";"Arts and Humanities"
389;21100266725;"Topicos (Mexico)";journal;"01886649, 20078498";"Universidad Panamericana";Yes;Yes;0,157;Q2;6;51;121;2004;26;120;0,18;39,29;17,31;0;1;Mexico;Latin America;"Universidad Panamericana";"2013-2025";"Philosophy (Q2)";"Arts and Humanities"
390;21100285741;"Analysis and Metaphysics";journal;"24710849, 15848574";"Addleton Academic Publishers";No;No;0,156;Q2;19;0;46;0;43;46;0,94;0,00;0,00;0;0;United States;Northern America;"Addleton Academic Publishers";"2013-2023";"Philosophy (Q2)";"Arts and Humanities"
391;21100207202;"Principia";journal;"14144247, 18081711";"Universidade Federal de Santa Catarina";Yes;Yes;0,156;Q2;7;42;91;1549;17;88;0,18;36,88;27,50;0;0;Brazil;Latin America;"Universidade Federal de Santa Catarina";"2012-2024";"Philosophy (Q2); History and Philosophy of Science (Q3)";"Arts and Humanities"
392;16300154786;"Research in Phenomenology";journal;"15691640, 00855553";"Brill Academic Publishers";No;No;0,156;Q2;21;21;71;936;25;65;0,45;44,57;38,10;0;0;Netherlands;Western Europe;"Brill Academic Publishers";"1971-1978, 1980, 1982, 1984-1988, 1990-1991, 1996-2005, 2007-2024";"Philosophy (Q2)";"Arts and Humanities"
393;21100902322;"Studia Gilsoniana";journal;"23000066, 25770314";"International Etienne Gilson Society";Yes;Yes;0,156;Q2;5;34;80;1045;6;80;0,10;30,74;16,67;0;9;United States;Northern America;"International Etienne Gilson Society";"2018-2024";"Philosophy (Q2); Religious Studies (Q2)";"Arts and Humanities"
394;5600155298;"Trans/Form/Acao";journal;"1980539X, 01013173";"Universidade Estadual Paulista (UNESP)";Yes;Yes;0,156;Q2;6;294;430;5395;46;260;0,12;18,35;42,48;0;38;Brazil;Latin America;"Universidade Estadual Paulista (UNESP)";"2007-2025";"Philosophy (Q2)";"Arts and Humanities"
395;19900193832;"Nordic Journal of Aesthetics";journal;"20009607, 20001452";"The Nordic Society of Aesthetics";No;No;0,155;Q2;8;27;63;921;18;60;0,28;34,11;44,44;0;2;Denmark;Western Europe;"The Nordic Society of Aesthetics";"2008-2024";"Philosophy (Q2); Visual Arts and Performing Arts (Q2)";"Arts and Humanities"
396;21101046186;"Logical Investigations";journal;"24132713, 20741472";"RAS Institute of Philosophy";No;No;0,154;Q2;5;12;45;331;9;45;0,07;27,58;38,46;0;0;Russian Federation;Eastern Europe;"RAS Institute of Philosophy";"2015-2024";"Philosophy (Q2); Logic (Q4)";"Arts and Humanities; Mathematics"
397;21101037327;"Noctua";journal;"22841180";"E-theca OnLineOpenAccess Edizioni";Yes;Yes;0,154;Q2;2;16;43;1040;7;39;0,19;65,00;46,67;0;0;Italy;Western Europe;"E-theca OnLineOpenAccess Edizioni";"2019-2024";"History (Q2); Philosophy (Q2); Arts and Humanities (miscellaneous) (Q3); History and Philosophy of Science (Q3)";"Arts and Humanities"
398;21101053576;"Epoche";journal;"21538603, 10851968";"Philosophy Documentation Center";No;No;0,153;Q2;3;24;67;1553;20;65;0,29;64,71;23,08;0;2;United States;Northern America;"Philosophy Documentation Center";"2019-2024";"Philosophy (Q2)";"Arts and Humanities"
399;21101048554;"Journal of Applied Arts and Health";journal;"20402465, 20402457";"Intellect Ltd.";No;No;0,153;Q2;6;15;86;437;33;75;0,45;29,13;88,46;1;5;United Kingdom;Western Europe;"Intellect Ltd.";"2019-2024";"Cultural Studies (Q2); Music (Q2); Philosophy (Q2); Visual Arts and Performing Arts (Q2); Arts and Humanities (miscellaneous) (Q3); Clinical Psychology (Q4)";"Arts and Humanities; Psychology; Social Sciences"
400;26755;"Review of Metaphysics";journal;"15494853, 00346632";"Philosophy Education Society, Inc.";No;No;0,153;Q2;23;0;20;0;10;20;0,20;0,00;0,00;0;0;United States;Northern America;"Philosophy Education Society, Inc.";"1975, 1992, 1996-2022";"Philosophy (Q2)";"Arts and Humanities"
401;21100206619;"Postmedieval";journal;"20405979, 20405960";"Palgrave Macmillan Ltd.";No;No;0,152;Q2;14;54;82;2646;23;69;0,23;49,00;65,63;0;3;United Kingdom;Western Europe;"Palgrave Macmillan Ltd.";"2012-2025";"Cultural Studies (Q2); History (Q2); Literature and Literary Theory (Q2); Philosophy (Q2)";"Arts and Humanities; Social Sciences"
402;21101151938;"Studia Ecologiae et Bioethicae";journal;"17331218, 2719826X";"Scientific Publishing House of the Cardinal Stefan Wyszynski University";Yes;Yes;0,152;Q2;4;34;98;1072;35;96;0,31;31,53;50,00;0;22;Poland;Eastern Europe;"Scientific Publishing House of the Cardinal Stefan Wyszynski University";"2019-2025";"Philosophy (Q2); Arts and Humanities (miscellaneous) (Q3); Environmental Science (miscellaneous) (Q4); Health Policy (Q4)";"Arts and Humanities; Environmental Science; Medicine"
403;27710;"Teaching Philosophy";journal;"21536619, 01455788";"Philosophy Documentation Center";No;No;0,152;Q2;17;33;71;666;18;70;0,09;20,18;34,38;0;5;United States;Northern America;"Philosophy Documentation Center";"1977, 1996-2024";"Philosophy (Q2); Education (Q4)";"Arts and Humanities; Social Sciences"
404;12810;"Journal of Information Ethics";journal;"10619321";"McFarland and Company, Inc";No;No;0,151;Q2;12;0;43;0;14;28;0,38;0,00;0,00;0;0;United States;Northern America;"McFarland and Company, Inc";"1992, 1994, 1996-2019, 2021-2023";"Philosophy (Q2); Library and Information Sciences (Q4)";"Arts and Humanities; Social Sciences"
405;17109;"Linacre Quarterly";journal;"20508549, 00243639";"SAGE Publications Inc.";No;No;0,151;Q2;18;45;155;1554;60;97;0,35;34,53;44,23;0;19;United Kingdom;Western Europe;"SAGE Publications Inc.";"1945, 1947, 1950-1953, 1973-2006, 2008-2025";"Philosophy (Q2); Health Policy (Q4)";"Arts and Humanities; Medicine"
406;21100934646;"Revista Portuguesa de Filosofia";journal;"2183461X, 08705283";"Aletheia - Associacao Cientifica e Cultural";No;No;0,151;Q2;5;61;200;2203;26;190;0,12;36,11;19,35;0;3;Portugal;Western Europe;"Aletheia - Associacao Cientifica e Cultural";"2019-2024";"Philosophy (Q2)";"Arts and Humanities"
407;21101171884;"Astragalo";journal;"11343672, 24690503";"Universidad de Sevilla";Yes;Yes;0,150;Q2;2;19;98;363;14;91;0,10;19,11;36,84;0;6;Spain;Western Europe;"Universidad de Sevilla";"2019-2024";"History (Q2); Philosophy (Q2); Visual Arts and Performing Arts (Q2); Architecture (Q3); Urban Studies (Q3); Geography, Planning and Development (Q4)";"Arts and Humanities; Engineering; Social Sciences"
408;21101275446;"Isidorianum";journal;"26607743, 11317027";"Faculty of Theology San Isidoro of Seville";Yes;Yes;0,150;Q2;1;19;30;345;2;30;0,07;18,16;17,65;0;0;Spain;Western Europe;"Faculty of Theology San Isidoro of Seville";"2022-2024";"Philosophy (Q2); Religious Studies (Q2)";"Arts and Humanities"
409;21100776457;"Dialog so Vremenem";journal;"20737564";"IVI RAN";No;No;0,149;Q2;5;126;380;4646;25;380;0,08;36,87;41,32;0;14;Russian Federation;Eastern Europe;"IVI RAN";"2016-2024";"History (Q2); Philosophy (Q2)";"Arts and Humanities"
410;17100154719;"International Philosophical Quarterly";journal;"00190365";"Philosophy Documentation Center";No;No;0,149;Q2;12;0;72;0;12;72;0,19;0,00;0,00;0;0;United States;Northern America;"Philosophy Documentation Center";"1974, 1985, 1988, 1992, 2002-2023";"Philosophy (Q2)";"Arts and Humanities"
411;19700182674;"Journal of Speculative Philosophy";journal;"0891625X, 15279383";"Penn State University Press";No;No;0,149;Q2;15;24;87;686;22;85;0,21;28,58;27,27;0;0;United States;Northern America;"Penn State University Press";"2010-2024";"Philosophy (Q2)";"Arts and Humanities"
412;16400154751;"Problemos";journal;"13921126, 24246158";"Vilnius University Press";Yes;Yes;0,149;Q2;7;41;87;979;21;84;0,27;23,88;36,11;0;2;Lithuania;Eastern Europe;"Vilnius University Press";"2002-2024";"Philosophy (Q2)";"Arts and Humanities"
413;21101039807;"Revue de Philosophie Economique";journal;"21184852, 13760971";"Vrin";No;No;0,149;Q2;3;0;53;0;16;51;0,28;0,00;0,00;0;0;France;Western Europe;"Vrin";"2019-2023";"Philosophy (Q2); Economics and Econometrics (Q4); Social Sciences (miscellaneous) (Q4); Sociology and Political Science (Q4)";"Arts and Humanities; Economics, Econometrics and Finance; Social Sciences"
414;21100898768;"Vestnik Pravoslavnogo Sviato-Tikhonovskogo Gumanitarnogo Universiteta, Seria I. Bogoslovie, Filosofia, Religiovedenie";journal;"24094692, 1991640X";"St. Tikhon's Orthodox University";Yes;Yes;0,149;Q2;3;43;133;1294;16;133;0,12;30,09;35,71;0;3;Russian Federation;Eastern Europe;"St. Tikhon's Orthodox University";"2018-2024";"History (Q2); Philosophy (Q2); Religious Studies (Q2)";"Arts and Humanities"
415;21100810717;"Analiza i Egzystencja";journal;"17349923, 23007621";"Wydawnictwo Naukowe Uniwersytetu Szczecinskiego";Yes;Yes;0,148;Q2;3;26;71;1082;17;71;0,16;41,62;32,14;0;0;Poland;Eastern Europe;"Wydawnictwo Naukowe Uniwersytetu Szczecinskiego";"2016-2024";"Philosophy (Q2)";"Arts and Humanities"
416;5600155035;"Angelaki - Journal of the Theoretical Humanities";journal;"0969725X, 14692899";"Taylor and Francis Ltd.";No;No;0,148;Q3;27;72;197;2125;53;170;0,35;29,51;29,85;0;5;United Kingdom;Western Europe;"Taylor and Francis Ltd.";"1996-2025";"Cultural Studies (Q2); Literature and Literary Theory (Q2); Philosophy (Q3)";"Arts and Humanities; Social Sciences"
417;21101075507;"Journal of Dharma Studies";journal;"25220926, 25220934";"Springer International Publishing AG";No;No;0,148;Q3;5;30;47;1137;11;45;0,25;37,90;45,71;0;3;Switzerland;Western Europe;"Springer International Publishing AG";"2018-2025";"Cultural Studies (Q2); Religious Studies (Q2); Arts and Humanities (miscellaneous) (Q3); Philosophy (Q3)";"Arts and Humanities; Social Sciences"
418;21100925892;"Revista de Humanidades de Valparaiso";journal;"07194242, 07194234";"Universidad De Valparaiso, Chile";Yes;Yes;0,148;Q3;4;39;95;1813;24;90;0,28;46,49;38,10;0;1;Chile;Latin America;"Universidad De Valparaiso, Chile";"2018-2024";"Philosophy (Q3)";"Arts and Humanities"
419;22341;"Traditio";journal;"21665508, 03621529";"Cambridge University Press";No;No;0,148;Q3;14;0;27;0;12;27;0,31;0,00;0,00;0;0;United Kingdom;Western Europe;"Cambridge University Press";"1966, 1974-1978, 1980-1982, 1985-1987, 2002-2023";"Literature and Literary Theory (Q2); Religious Studies (Q2); Visual Arts and Performing Arts (Q2); Philosophy (Q3)";"Arts and Humanities"
420;21101137849;"Antiqvorvm Philosophia";journal;"19735030, 19744501";"Fabrizio Serra Editore Srl";No;No;0,147;Q3;2;8;30;360;4;30;0,00;45,00;37,50;0;0;Italy;Western Europe;"Fabrizio Serra Editore Srl";"2019-2024";"Classics (Q2); History (Q2); Linguistics and Language (Q3); Philosophy (Q3)";"Arts and Humanities; Social Sciences"
421;21100396454;"International Journal of Philosophy and Theology";journal;"21692335, 21692327";"Taylor and Francis Ltd.";No;No;0,147;Q3;9;17;73;569;22;70;0,18;33,47;12,50;0;1;United Kingdom;Western Europe;"Taylor and Francis Ltd.";"2013-2024";"Religious Studies (Q2); Philosophy (Q3)";"Arts and Humanities"
422;16300154727;"Pensamiento";journal;"00314749";"Compania de Jesus, Centro Loyola de Estudios y Comunicacion Social";Yes;Yes;0,147;Q3;8;57;246;2439;28;234;0,10;42,79;29,17;0;2;Spain;Western Europe;"Compania de Jesus, Centro Loyola de Estudios y Comunicacion Social";"2002-2024";"Philosophy (Q3)";"Arts and Humanities"
423;21101257865;"Philosophical Letters. Russian and European Dialogue";journal;"26585413";"National Research University, Higher School of Econoimics";No;No;0,147;Q3;2;48;138;874;9;128;0,04;18,21;50,00;0;4;Russian Federation;Eastern Europe;"National Research University, Higher School of Econoimics";"2020-2024";"History (Q2); Literature and Literary Theory (Q2); Arts and Humanities (miscellaneous) (Q3); Philosophy (Q3)";"Arts and Humanities"
424;21100860139;"Bajo Palabra";journal;"1887505X, 15763935";"Universidad Autonoma de Madrid";Yes;Yes;0,146;Q3;4;49;146;1660;23;145;0,20;33,88;30,77;0;10;Spain;Western Europe;"Universidad Autonoma de Madrid";"2017-2024";"Philosophy (Q3)";"Arts and Humanities"
425;21100203307;"Contemporary Pragmatism";journal;"18758185, 15723429";"Brill Academic Publishers";No;No;0,146;Q3;12;20;68;850;15;67;0,23;42,50;25,00;0;2;Netherlands;Western Europe;"Brill Academic Publishers";"2011-2024";"Philosophy (Q3)";"Arts and Humanities"
426;21101051697;"Ethical Thought";journal;"20744897, 20744870";"RAS Institute of Philosophy";No;No;0,146;Q3;2;20;62;566;7;60;0,08;28,30;50,00;0;4;Russian Federation;Eastern Europe;"RAS Institute of Philosophy";"2019-2024";"Philosophy (Q3)";"Arts and Humanities"
427;21100235624;"Faith and Philosophy";journal;"07397046, 21533393";"Society of Christian Philosophers";No;No;0,146;Q3;28;0;58;0;14;57;0,20;0,00;0,00;0;0;United States;Northern America;"Society of Christian Philosophers";"1995-2023";"Religious Studies (Q2); Philosophy (Q3)";"Arts and Humanities"
428;21100312206;"Lexia";book series;"17205298";"Universita di Torino";No;No;0,146;Q3;6;44;74;1435;22;72;0,18;32,61;30,23;0;14;Italy;Western Europe;"Universita di Torino";"2008-2024";"Philosophy (Q3)";"Arts and Humanities"
429;5800167966;"Logique et Analyse";journal;"00245836";"Nationaal Centrum voor Navorsingen in de Logica (Centre National de Recherches de Logique)";Yes;No;0,146;Q3;19;0;27;0;3;26;0,10;0,00;0,00;0;0;Belgium;Western Europe;"Nationaal Centrum voor Navorsingen in de Logica (Centre National de Recherches de Logique)";"2002-2023";"Philosophy (Q3)";"Arts and Humanities"
430;21101229234;"African Journal of Religion, Philosophy and Culture";journal;"26347636, 26347644";"Adonis and Abbey Publishers Ltd";No;No;0,145;Q3;1;21;14;777;2;14;0,14;37,00;17,86;0;11;United Kingdom;Western Europe;"Adonis and Abbey Publishers Ltd";"2023-2024";"Religious Studies (Q2); Arts and Humanities (miscellaneous) (Q3); Philosophy (Q3)";"Arts and Humanities"
431;21101186338;"Estudios de Filosofia (Colombia)";journal;"01213628, 2256358X";"Universidad de Antioquia";Yes;Yes;0,145;Q3;3;20;47;791;19;43;0,40;39,55;33,33;0;0;Colombia;Latin America;"Universidad de Antioquia";"2022-2025";"Philosophy (Q3)";"Arts and Humanities"
432;21100790506;"Kulturne Dejiny";journal;"13382209";"VERBUM - vydavatel'stvo KU";No;No;0,145;Q3;3;16;49;508;7;48;0,15;31,75;35,29;0;1;Slovakia;Eastern Europe;"VERBUM - vydavatel'stvo KU";"2016-2024";"History (Q2); Religious Studies (Q2); Anthropology (Q3); Cultural Studies (Q3); Philosophy (Q3)";"Arts and Humanities; Social Sciences"
433;16100154795;"Neue Zeitschrift fur Systematische Theologie und Religionsphilosophie";journal;"16129520, 00283517";"Walter de Gruyter GmbH";No;No;0,145;Q3;10;31;77;1147;12;72;0,21;37,00;33,33;0;0;Germany;Western Europe;"Walter de Gruyter GmbH";"1959-2025";"Religious Studies (Q2); Philosophy (Q3)";"Arts and Humanities"
434;21101089399;"Southern Semiotic Review";journal;"22022783, 22022775";"Playscript";No;No;0,145;Q3;2;20;43;600;5;40;0,17;30,00;41,67;0;5;Australia;Pacific Region;"Playscript";"2020-2024";"Literature and Literary Theory (Q2); Linguistics and Language (Q3); Philosophy (Q3)";"Arts and Humanities; Social Sciences"
435;5600153136;"European Legacy";journal;"14701316, 10848770";"Taylor and Francis Ltd.";No;No;0,144;Q3;12;74;181;1441;47;170;0,17;19,47;22,03;0;6;United Kingdom;Western Europe;"Taylor and Francis Ltd.";"2001-2002, 2009-2025";"History (Q2); Cultural Studies (Q3); Philosophy (Q3)";"Arts and Humanities; Social Sciences"
436;21101039072;"Praktyka Teoretyczna";journal;"20818130";"University of Wroclaw";Yes;Yes;0,143;Q3;5;30;107;1407;15;104;0,15;46,90;51,72;0;4;Poland;Eastern Europe;"University of Wroclaw";"2019-2024";"History (Q2); Literature and Literary Theory (Q2); Anthropology (Q3); Cultural Studies (Q3); Philosophy (Q3); Sociology and Political Science (Q4)";"Arts and Humanities; Social Sciences"
437;21100892768;"Filozofija i Drustvo";journal;"03535738, 23348577";"University of Belgrade - Institute for Philosophy and Social Theory";Yes;Yes;0,142;Q3;4;38;141;1624;41;130;0,28;42,74;27,50;0;2;Serbia;Eastern Europe;"University of Belgrade - Institute for Philosophy and Social Theory";"2018-2024";"Philosophy (Q3); Sociology and Political Science (Q4)";"Arts and Humanities; Social Sciences"
438;21101128490;"Quaderns de Filosofia";journal;"23411414, 23413042";"Societat de Filosofia del Pais Valencia";Yes;Yes;0,142;Q3;4;15;52;468;11;49;0,26;31,20;30,77;0;1;Spain;Western Europe;"Societat de Filosofia del Pais Valencia";"2019-2024";"Philosophy (Q3)";"Arts and Humanities"
439;21101029448;"Rocznik Teologiczny";journal;"02392550";"Christian Theological Academy in Warsaw, Faculty of Theology";Yes;Yes;0,142;Q3;2;21;114;1172;8;113;0,06;55,81;10,53;0;3;Poland;Eastern Europe;"Christian Theological Academy in Warsaw, Faculty of Theology";"2009, 2019-2024";"History (Q2); Religious Studies (Q2); Linguistics and Language (Q3); Philosophy (Q3)";"Arts and Humanities; Social Sciences"
440;21100903718;"Azafea";journal;"02133563, 24447072";"Ediciones Universidad de Salamanca";Yes;Yes;0,141;Q3;2;14;62;494;9;59;0,12;35,29;40,00;0;3;Spain;Western Europe;"Ediciones Universidad de Salamanca";"2018-2019, 2021-2024";"Philosophy (Q3)";"Arts and Humanities"
441;21100821156;"Cinta de Moebio";journal;"0717554X";"Universidad de Chile, Facultad de Ciencias Sociales";Yes;Yes;0,141;Q3;9;15;48;108;16;48;0,23;7,20;19,05;0;0;Chile;Latin America;"Universidad de Chile, Facultad de Ciencias Sociales";"2017-2024";"Philosophy (Q3); Social Sciences (miscellaneous) (Q4)";"Arts and Humanities; Social Sciences"
442;5800210947;"Heythrop Journal - Quarterly Review of Philosophy and Theology";journal;"00181196";"Wiley-Blackwell";No;No;0,141;Q3;15;42;201;857;28;197;0,14;20,40;10,00;0;4;United States;Northern America;"Wiley-Blackwell";"1960-2025";"Religious Studies (Q2); Philosophy (Q3); Neurology (Q4); Radiological and Ultrasound Technology (Q4); Radiology, Nuclear Medicine and Imaging (Q4); Waste Management and Disposal (Q4); Water Science and Technology (Q4)";"Arts and Humanities; Environmental Science; Health Professions; Medicine; Neuroscience"
443;21100888252;"Perspektivy Nauki i Obrazovania";journal;"23072334";"LLC Ecological Help";No;No;0,141;Q3;10;276;735;10615;248;735;0,35;38,46;73,82;0;160;Russian Federation;Eastern Europe;"LLC Ecological Help";"2018-2024";"Philosophy (Q3); Developmental and Educational Psychology (Q4); Education (Q4)";"Arts and Humanities; Psychology; Social Sciences"
444;16400154769;"Recherches de Theologie et Philosophie Medievales";journal;"13707493, 17831717";"Peeters Publishers";No;No;0,140;Q3;14;9;39;578;13;38;0,37;64,22;12,50;0;0;Belgium;Western Europe;"Peeters Publishers";"1996-2024";"History (Q2); Religious Studies (Q2); Philosophy (Q3)";"Arts and Humanities"
445;21100898685;"Revista Espanola de Filosofia Medieval";journal;"25307878, 11330902";"UCOPress. Editorial Universidad de Cordoba";Yes;Yes;0,140;Q3;3;18;42;477;13;38;0,36;26,50;37,50;0;0;Spain;Western Europe;"UCOPress. Editorial Universidad de Cordoba";"2018-2024";"History (Q2); Religious Studies (Q2); Philosophy (Q3)";"Arts and Humanities"
446;21100400851;"Aries";journal;"15700593, 15679896";"Brill Academic Publishers";No;No;0,139;Q3;14;24;28;785;6;28;0,21;32,71;14,29;0;0;Netherlands;Western Europe;"Brill Academic Publishers";"2001-2025";"History (Q2); Religious Studies (Q2); Philosophy (Q3)";"Arts and Humanities"
447;21100200606;"International Journal of Transpersonal Studies";journal;"13210122, 19423241";"International Transpersonal Association";Yes;No;0,139;Q3;15;0;47;0;15;40;0,18;0,00;0,00;0;0;United States;Northern America;"International Transpersonal Association";"2011-2023";"Religious Studies (Q2); Philosophy (Q3); Applied Psychology (Q4)";"Arts and Humanities; Psychology"
448;21101192684;"Journal of International Buddhist Studies";journal;"19066244, 25869620";"Mahachulalongkornrajavidyalaya University";Yes;Yes;0,139;Q3;2;11;44;309;5;44;0,17;28,09;30,00;0;2;Thailand;Asiatic Region;"Mahachulalongkornrajavidyalaya University";"2019-2025";"Religious Studies (Q2); Arts and Humanities (miscellaneous) (Q3); Philosophy (Q3)";"Arts and Humanities"
449;21101196156;"Journal of Philosophical Investigations";journal;"22517960, 24234419";"University of Tabriz";Yes;No;0,139;Q3;2;88;275;2618;18;274;0,07;29,75;21,14;0;5;Iran;Middle East;"University of Tabriz";"2022-2024";"Religious Studies (Q2); Philosophy (Q3)";"Arts and Humanities"
450;20100195049;"SATS";journal;"18697577, 16001974";"Walter de Gruyter GmbH";No;No;0,139;Q3;9;10;34;324;21;32;0,36;32,40;33,33;0;3;Germany;Western Europe;"Walter de Gruyter GmbH";"2000-2025";"Philosophy (Q3)";"Arts and Humanities"
451;14403;"Victorian Studies";journal;"15272052, 00425222";"Indiana University Press";No;No;0,139;Q3;29;19;87;484;24;76;0,23;25,47;50,00;0;1;United States;Northern America;"Indiana University Press";"1969-1972, 1976-1978, 1980-1982, 1984-1986, 1988, 1990-1992, 1995, 1999, 2001-2024";"History (Q2); Literature and Literary Theory (Q2); Visual Arts and Performing Arts (Q2); Cultural Studies (Q3); Philosophy (Q3); Sociology and Political Science (Q4)";"Arts and Humanities; Social Sciences"
452;18500158300;"Logos (Spain)";journal;"19883242, 15756866";"Universidad Complutense Madrid";Yes;Yes;0,138;Q3;7;23;83;717;9;83;0,11;31,17;5,56;0;2;Spain;Western Europe;"Universidad Complutense Madrid";"1996-1998, 2000-2024";"Philosophy (Q3)";"Arts and Humanities"
453;16200154740;"Logos (United States)";journal;"1533791X, 10916687";"Center for Catholic Studies, University of St. Thomas";Yes;No;0,138;Q3;8;37;108;1122;9;99;0,07;30,32;33,33;0;0;United States;Northern America;"Center for Catholic Studies, University of St. Thomas";"2002-2025";"Literature and Literary Theory (Q2); Religious Studies (Q2); Cultural Studies (Q3); Philosophy (Q3)";"Arts and Humanities; Social Sciences"
454;5700153838;"Philosophy and Rhetoric";journal;"15272079, 00318213";"Penn State University Press";No;No;0,138;Q3;25;20;72;583;30;66;0,45;29,15;26,32;0;0;United States;Northern America;"Penn State University Press";"2002-2024";"Philosophy (Q3)";"Arts and Humanities"
455;19700180585;"Spiritus";journal;"15353117, 15331709";"Johns Hopkins University Press";No;No;0,138;Q3;7;19;60;890;10;55;0,10;46,84;52,94;0;2;United States;Northern America;"Johns Hopkins University Press";"2009-2024";"History (Q2); Religious Studies (Q2); Philosophy (Q3)";"Arts and Humanities"
456;7100153140;"Vivarium";journal;"15685349, 00427543";"Brill Academic Publishers";No;No;0,138;Q3;18;11;33;571;7;33;0,26;51,91;9,09;0;0;Netherlands;Western Europe;"Brill Academic Publishers";"1963-1965, 1967-1982, 1984, 1986-2004, 2006-2024";"History (Q2); Philosophy (Q3)";"Arts and Humanities"
457;21100454974;"Bakhtiniana";journal;"21764573";"LESS Catholic University - Sao Paulo";Yes;Yes;0,137;Q3;6;50;131;1573;27;120;0,27;31,46;64,52;0;2;Brazil;Latin America;"LESS Catholic University - Sao Paulo";"2015-2025";"Literature and Literary Theory (Q2); Linguistics and Language (Q3); Philosophy (Q3)";"Arts and Humanities; Social Sciences"
458;19900191832;"Ideas y Valores";journal;"01200062, 20113668";"Universidad Nacional de Colombia";Yes;Yes;0,137;Q3;7;68;141;1680;16;136;0,08;24,71;19,70;0;5;Colombia;Latin America;"Universidad Nacional de Colombia";"2010-2025";"Philosophy (Q3)";"Arts and Humanities"
459;21100921059;"Prometeica";journal;"18529488";"CONICET - Emiliano Aldegani";Yes;Yes;0,137;Q3;4;94;166;3203;26;150;0,17;34,07;54,29;0;34;Argentina;Latin America;"CONICET - Emiliano Aldegani";"2019-2024";"History and Philosophy of Science (Q3); Philosophy (Q3)";"Arts and Humanities"
460;21100811504;"Rivista di Filosofia del Diritto";journal;"2280482X";"Societa Editrice Il Mulino";No;No;0,137;Q3;6;30;78;959;11;73;0,10;31,97;46,15;0;16;Italy;Western Europe;"Societa Editrice Il Mulino";"2016-2024";"Law (Q3); Philosophy (Q3)";"Arts and Humanities; Social Sciences"
461;21100868562;"Cuadernos Dieciochistas";journal;"23411902, 15767914";"Ediciones Universidad de Salamanca";Yes;Yes;0,136;Q3;3;22;67;1177;8;65;0,11;53,50;13,04;0;2;Spain;Western Europe;"Ediciones Universidad de Salamanca";"2017-2024";"History (Q2); Literature and Literary Theory (Q2); Visual Arts and Performing Arts (Q2); Philosophy (Q3)";"Arts and Humanities"
462;21100265641;"Etica e Politica";journal;"18255167";"Universita di Trieste";Yes;Yes;0,136;Q3;8;37;231;1075;30;231;0,14;29,05;27,91;0;10;Italy;Western Europe;"Universita di Trieste";"2013-2024";"Philosophy (Q3); Sociology and Political Science (Q4)";"Arts and Humanities; Social Sciences"
463;19900191971;"Kemanusiaan";journal;"21804257, 13949330";"Universiti Sains Malaysia";Yes;No;0,136;Q3;8;20;63;946;37;63;0,36;47,30;23,53;0;5;Malaysia;Asiatic Region;"Universiti Sains Malaysia";"2008-2024";"Literature and Literary Theory (Q2); Cultural Studies (Q3); Linguistics and Language (Q3); Philosophy (Q3)";"Arts and Humanities; Social Sciences"
464;21100925893;"Metodo";journal;"22819177";"Svdig Press";No;No;0,136;Q3;3;20;61;634;9;58;0,24;31,70;50,00;0;0;Switzerland;Western Europe;"Svdig Press";"2019-2024";"Philosophy (Q3)";"Arts and Humanities"
465;19600157795;"Teorema";journal;"02101602";"KRK Ediciones";No;No;0,136;Q3;13;25;76;626;19;72;0,17;25,04;23,81;0;0;Spain;Western Europe;"KRK Ediciones";"2008-2024";"Philosophy (Q3)";"Arts and Humanities"
466;18400156703;"Actuel Marx";journal;"09944524";"Presses Universitaires de France";No;No;0,135;Q3;8;16;55;532;6;49;0,07;33,25;18,75;0;0;France;Western Europe;"Presses Universitaires de France";"2008-2024";"Philosophy (Q3); Economics and Econometrics (Q4); Sociology and Political Science (Q4)";"Arts and Humanities; Economics, Econometrics and Finance; Social Sciences"
467;27106;"Revue des Sciences Philosophiques et Theologiques";journal;"00352209";"Librairie Philosophique J. Vrin";No;No;0,135;Q3;8;15;66;1035;12;63;0,02;69,00;16,67;0;1;France;Western Europe;"Librairie Philosophique J. Vrin";"1980, 2002-2019, 2021-2024";"Religious Studies (Q2); Philosophy (Q3)";"Arts and Humanities"
468;21101048376;"Zeitschrift fur Praktische Philosophie";journal;"24099961";"University of Salzburg";Yes;Yes;0,135;Q3;3;34;110;1528;13;103;0,13;44,94;21,62;0;4;Austria;Western Europe;"University of Salzburg";"2019-2024";"Philosophy (Q3)";"Arts and Humanities"
469;21100811505;"Symposion";journal;"23926260, 1584174X";"Gheorghe Zane Institute for Economic and Social Research, Romanian Academy, Iasi Branch";Yes;Yes;0,134;Q3;6;14;39;314;12;39;0,35;22,43;16,67;0;3;Romania;Eastern Europe;"Gheorghe Zane Institute for Economic and Social Research, Romanian Academy, Iasi Branch";"2014-2024";"Philosophy (Q3); Sociology and Political Science (Q4)";"Arts and Humanities; Social Sciences"
470;21101256291;"Tabano";journal;"2591572X, 18527221";"Pontificia Universidad Catolica Argentina";Yes;Yes;0,134;Q3;1;14;17;251;3;17;0,18;17,93;20,00;0;1;Argentina;Latin America;"Pontificia Universidad Catolica Argentina";"2022-2025";"Philosophy (Q3)";"Arts and Humanities"
471;21100401126;"Archives d'Histoire Doctrinale et Litteraire du Moyen-Age";journal;"03735478, 21099529";"Librairie Philosophique J. Vrin";No;No;0,133;Q3;6;8;1;1063;0;1;0,00;132,88;50,00;0;0;France;Western Europe;"Librairie Philosophique J. Vrin";"2011-2013, 2015-2018, 2020-2021, 2024";"Literature and Literary Theory (Q2); Philosophy (Q3)";"Arts and Humanities"
472;21100427749;"Brill's Korean Studies Library";book series;"18767079";"Brill Academic Publishers";No;No;0,133;Q3;1;1;24;169;1;1;0,04;169,00;100,00;0;0;United States;Northern America;"Brill Academic Publishers";"2010, 2013, 2015, 2020, 2023-2024";"Literature and Literary Theory (Q2); Visual Arts and Performing Arts (Q2); History (Q3); Linguistics and Language (Q3); Philosophy (Q3); Social Sciences (miscellaneous) (Q4)";"Arts and Humanities; Social Sciences"
473;5700163990;"Culture and Religion";journal;"14755610";"Routledge";No;No;0,133;Q3;25;12;44;648;14;42;0,22;54,00;50,00;0;7;United Kingdom;Western Europe;"Routledge";"2010-2021, 2023-2025";"Cultural Studies (Q3); Philosophy (Q3); Religious Studies (Q3)";"Arts and Humanities; Social Sciences"
474;21100870934;"Current Research in the Semantics/Pragmatics Interface";book series;"14727870";"Brill Academic Publishers";No;No;0,133;Q3;11;0;1;0;0;1;0,00;0,00;0,00;0;0;Netherlands;Western Europe;"Brill Academic Publishers";"2007-2016, 2018-2021";"Linguistics and Language (Q3); Philosophy (Q3)";"Arts and Humanities; Social Sciences"
475;21101197403;"Islamicate Intellectual History";book series;"22128662";"Brill Academic Publishers";No;No;0,133;Q3;4;1;8;100;0;1;0,00;100,00;66,67;0;0;Netherlands;Western Europe;"Brill Academic Publishers";"2016-2018, 2020, 2023-2025";"Cultural Studies (Q3); History (Q3); Philosophy (Q3)";"Arts and Humanities; Social Sciences"
476;16100154785;"Journal of the Society of Christian Ethics";journal;"15407942";"Georgetown University Press";No;No;0,133;Q3;12;24;68;1178;12;59;0,17;49,08;36,36;0;4;United States;Northern America;"Georgetown University Press";"2002-2024";"Philosophy (Q3); Religious Studies (Q3)";"Arts and Humanities"
477;21101232976;"Knowledge Hegemonies in the Early Modern World";book series;"27241394, 27241572";"Fondazione Universita Ca Foscari";No;No;0,133;Q3;1;0;2;0;0;1;0,00;0,00;0,00;0;0;Italy;Western Europe;"Fondazione Universita Ca Foscari";"2020, 2023";"History and Philosophy of Science (Q3); Philosophy (Q3); Physics and Astronomy (miscellaneous) (Q4); Sociology and Political Science (Q4)";"Arts and Humanities; Physics and Astronomy; Social Sciences"
478;21101227927;"Lexis Supplementi: Studies in Ancient Philosophy";book series;"27849759, 27849201";"Edizioni Ca' Foscari";No;No;0,133;Q3;1;0;13;0;2;1;0,00;0,00;0,00;0;0;Italy;Western Europe;"Edizioni Ca' Foscari";"2021-2022";"Arts and Humanities (miscellaneous) (Q3); History (Q3); History and Philosophy of Science (Q3); Philosophy (Q3)";"Arts and Humanities"
479;21100201071;"Nietzsche-Studien";journal;"16130790, 03421422";"Walter de Gruyter GmbH";No;No;0,133;Q3;15;14;75;460;18;63;0,24;32,86;18,75;0;0;Germany;Western Europe;"Walter de Gruyter GmbH";"1973-1980, 1982-2025";"Philosophy (Q3)";"Arts and Humanities"
480;21100840368;"Open Insight";journal;"23958936, 20072406";"Centro de Investigacion Social Avanzada";Yes;Yes;0,133;Q3;4;23;75;784;9;66;0,10;34,09;27,27;0;2;Mexico;Latin America;"Centro de Investigacion Social Avanzada";"2017-2025";"Philosophy (Q3)";"Arts and Humanities"
481;21101097344;"Performance Philosophy";journal;"20577176";"Performance Philosophy";Yes;Yes;0,133;Q3;3;12;60;261;13;50;0,06;21,75;50,00;0;0;United Kingdom;Western Europe;"Performance Philosophy";"2019-2024";"Visual Arts and Performing Arts (Q2); Philosophy (Q3)";"Arts and Humanities"
482;21100408160;"Philo of Alexandria Commentary Series";book series;"1570095X";"Brill Academic Publishers";No;No;0,133;Q3;2;1;2;387;2;1;0,00;387,00;0,00;0;0;Netherlands;Western Europe;"Brill Academic Publishers";"2011, 2013, 2019, 2021, 2024";"Classics (Q2); Philosophy (Q3); Religious Studies (Q3)";"Arts and Humanities"
483;21100407421;"Philosophia Antiqua";book series;"00791687";"Brill Academic Publishers";No;No;0,133;Q3;16;13;4;1257;0;1;0,00;96,69;0,00;0;0;Netherlands;Western Europe;"Brill Academic Publishers";"2006-2021, 2023-2025";"Classics (Q2); Philosophy (Q3)";"Arts and Humanities"
484;21100426042;"Philosophical Studies in Science and Religion";book series;"18778542";"Brill Academic Publishers";No;No;0,133;Q3;4;1;1;307;0;1;0,00;307,00;0,00;0;0;Netherlands;Western Europe;"Brill Academic Publishers";"2009-2011, 2015, 2017-2018, 2021, 2024-2025";"History and Philosophy of Science (Q3); Philosophy (Q3); Religious Studies (Q3)";"Arts and Humanities"
485;21101038809;"Philosophy and Politics - Critical Explorations";book series;"23528389, 23528370";"Springer Science and Business Media B.V.";No;No;0,133;Q3;6;23;185;1506;56;1;0,15;65,48;0,00;0;3;Netherlands;Western Europe;"Springer Science and Business Media B.V.";"2016-2024";"Philosophy (Q3); Law (Q4); Political Science and International Relations (Q4); Public Administration (Q4)";"Arts and Humanities; Social Sciences"
486;21101109585;"Revista da Faculdade de Direito da Universidade Federal de Minas Gerais";journal;"19841841, 03042340";"Faculdade de Direito da Universidade Federal de Minas Gerais";Yes;Yes;0,133;Q3;3;41;116;1367;6;98;0,04;33,34;33,33;0;21;Brazil;Latin America;"Faculdade de Direito da Universidade Federal de Minas Gerais";"2019-2024";"History (Q2); Arts and Humanities (miscellaneous) (Q3); Philosophy (Q3); Law (Q4)";"Arts and Humanities; Social Sciences"
487;21100425312;"Social and Critical Theory";book series;"1572459X";"Brill Academic Publishers";No;No;0,133;Q3;11;0;12;0;0;1;0,00;0,00;0,00;0;0;Netherlands;Western Europe;"Brill Academic Publishers";"2007, 2009-2015, 2017-2021, 2023";"Philosophy (Q3); Sociology and Political Science (Q4)";"Arts and Humanities; Social Sciences"
488;21101158944;"Studien zur Osterreichischen Philosophie";book series;"01674102";"Brill Academic Publishers";No;No;0,133;Q3;5;14;20;623;1;1;0,00;44,50;0,00;0;0;Netherlands;Western Europe;"Brill Academic Publishers";"2000-2002, 2004-2005, 2007, 2010, 2013-2015, 2019, 2021, 2024";"Philosophy (Q3); Religious Studies (Q3)";"Arts and Humanities"
489;21100407115;"Studies in Contemporary Phenomenology";book series;"18752470";"Brill Academic Publishers";No;No;0,133;Q3;6;1;12;293;0;1;0,00;293,00;0,00;0;0;Netherlands;Western Europe;"Brill Academic Publishers";"2008, 2010, 2012-2021, 2023-2024";"Philosophy (Q3)";"Arts and Humanities"
490;21100406830;"Supplements to The Journal of Jewish Thought and Philosophy";book series;"18739008";"Brill Academic Publishers";No;No;0,133;Q3;6;3;2;930;0;1;0,00;310,00;0,00;0;0;Netherlands;Western Europe;"Brill Academic Publishers";"2007-2017, 2019, 2021, 2023-2025";"Philosophy (Q3)";"Arts and Humanities"
491;21100437632;"Time, Astronomy, and Calendars";book series;"22116338, 2211632X";"Brill Academic Publishers";No;No;0,133;Q3;7;0;2;0;0;1;0,00;0,00;0,00;0;0;Netherlands;Western Europe;"Brill Academic Publishers";"2012, 2014-2016, 2019-2021, 2023";"History and Philosophy of Science (Q3); Philosophy (Q3)";"Arts and Humanities"
492;5600156881;"Intellectual Discourse";journal;"22895639, 01284878";"International Islamic University Malaysia";Yes;No;0,132;Q3;14;26;82;1091;30;74;0,23;41,96;24,49;0;12;Malaysia;Asiatic Region;"International Islamic University Malaysia";"2011-2025";"Philosophy (Q3); Sociology and Political Science (Q4)";"Arts and Humanities; Social Sciences"
493;21100899925;"Nomadas";journal;"25394762, 01217550";"Universidad Central";Yes;Yes;0,132;Q3;6;0;73;0;17;70;0,19;0,00;0,00;0;0;Colombia;Latin America;"Universidad Central";"2018-2023";"Anthropology (Q3); Cultural Studies (Q3); Philosophy (Q3); Education (Q4); Psychology (miscellaneous) (Q4); Social Sciences (miscellaneous) (Q4)";"Arts and Humanities; Psychology; Social Sciences"
494;19700201330;"Anthropology and Humanism";journal;"15481409, 15599167";"John Wiley and Sons Ltd";No;No;0,131;Q3;22;29;174;415;49;100;0,21;14,31;71,43;0;3;United Kingdom;Western Europe;"John Wiley and Sons Ltd";"1993-2025";"Literature and Literary Theory (Q2); Anthropology (Q3); Philosophy (Q3)";"Arts and Humanities; Social Sciences"
495;21101049619;"Cuadernos Medievales";journal;"24227471, 24516821";"Universidad Nacional de Mar del Plata";Yes;Yes;0,131;Q3;2;11;38;800;11;37;0,19;72,73;33,33;0;1;Argentina;Latin America;"Universidad Nacional de Mar del Plata";"2019-2024";"Visual Arts and Performing Arts (Q2); Archeology (Q3); Archeology (arts and humanities) (Q3); History (Q3); Philosophy (Q3); Religious Studies (Q3)";"Arts and Humanities; Social Sciences"
496;21101041535;"Journal of Islamic Ethics";journal;"24685534, 24685542";"Brill Academic Publishers";Yes;Yes;0,131;Q3;5;11;28;433;10;28;0,23;39,36;25,00;0;1;Netherlands;Western Europe;"Brill Academic Publishers";"2017-2019, 2021-2024";"Arts and Humanities (miscellaneous) (Q3); Philosophy (Q3); Religious Studies (Q3)";"Arts and Humanities"
497;27131;"Revue Philosophique de Louvain";journal;"17831768, 00353841";"Peeters Publishers";No;No;0,131;Q3;6;0;68;0;6;64;0,08;0,00;0,00;0;0;Belgium;Western Europe;"Peeters Publishers";"1973, 1996-2019, 2021-2023";"Philosophy (Q3)";"Arts and Humanities"
498;21100427053;"Verifiche";journal;"03914186";"Associazione Trentina di Scienze Umane";No;No;0,131;Q3;4;0;41;0;3;31;0,00;0,00;0,00;0;0;Italy;Western Europe;"Associazione Trentina di Scienze Umane";"2014-2022";"Philosophy (Q3)";"Arts and Humanities"
499;21100228735;"Aisthesis";journal;"07187181, 05683939";"Pontificia Universidad Catolica de Chile, Facultad de Filosofia, Instituto de Estetica";Yes;Yes;0,130;Q3;5;17;141;557;19;137;0,13;32,76;50,00;0;0;Chile;Latin America;"Pontificia Universidad Catolica de Chile, Facultad de Filosofia, Instituto de Estetica";"2012-2024";"Literature and Literary Theory (Q2); Visual Arts and Performing Arts (Q2); Philosophy (Q3)";"Arts and Humanities"
500;13908;"Configurations";journal;"10806520, 10631801";"Johns Hopkins University Press";No;No;0,130;Q3;29;19;61;244;25;59;0,46;12,84;43,48;0;1;United States;Northern America;"Johns Hopkins University Press";"1993-1994, 1996-2001, 2004-2025";"Literature and Literary Theory (Q2); Philosophy (Q3); Health (social science) (Q4)";"Arts and Humanities; Social Sciences"
501;21100857857;"Cumhuriyet Ilahiyat Dergisi";journal;"25289861, 2528987X";"Cumhuriyet University";Yes;Yes;0,130;Q3;5;5;146;167;19;141;0,16;33,40;33,33;0;0;Turkey;Middle East;"Cumhuriyet University";"2016-2024";"Philosophy (Q3); Religious Studies (Q3); Social Sciences (miscellaneous) (Q4)";"Arts and Humanities; Social Sciences"
502;21101124745;"Humanidades";journal;"15105024, 23011629";"Universidad de Montevideo";Yes;Yes;0,130;Q3;2;17;57;432;8;50;0,11;25,41;71,43;0;3;Uruguay;Latin America;"Universidad de Montevideo";"2019-2024";"Literature and Literary Theory (Q2); Arts and Humanities (miscellaneous) (Q3); History (Q3); Philosophy (Q3); History and Philosophy of Science (Q4)";"Arts and Humanities"
503;21100199524;"Philosophia Christi";journal;"15291634";"Evangelical Philosophical Society";No;No;0,130;Q3;8;11;66;694;11;63;0,10;63,09;11,11;0;0;United States;Northern America;"Evangelical Philosophical Society";"2011, 2014-2024";"Philosophy (Q3); Religious Studies (Q3)";"Arts and Humanities"
504;21100802704;"Revista de Filosofia (Spain)";journal;"00348244, 1988284X";"Universidad Complutense Madrid";Yes;Yes;0,130;Q3;6;37;81;1194;10;81;0,11;32,27;23,68;0;3;Spain;Western Europe;"Universidad Complutense Madrid";"2011-2024";"Philosophy (Q3)";"Arts and Humanities"
505;21100933896;"De Medio Aevo";journal;"22555889";"Universidad Complutense Madrid";Yes;Yes;0,129;Q3;3;29;85;2138;15;79;0,17;73,72;29,73;0;2;Spain;Western Europe;"Universidad Complutense Madrid";"2019-2024";"Literature and Literary Theory (Q2); Visual Arts and Performing Arts (Q2); Cultural Studies (Q3); History (Q3); Philosophy (Q3); Religious Studies (Q3)";"Arts and Humanities; Social Sciences"
506;21101199381;"Journal of Philosophy in Schools";journal;"22042482";"University of Birmingham Library Services";Yes;Yes;0,129;Q3;4;16;33;499;8;28;0,19;31,19;63,16;0;1;United Kingdom;Western Europe;"University of Birmingham Library Services";"2020-2024";"Philosophy (Q3); Education (Q4); Social Sciences (miscellaneous) (Q4)";"Arts and Humanities; Social Sciences"
507;16412;"Louvain Studies";journal;"00246964, 1783161X";"Peeters Publishers";No;No;0,129;Q3;4;0;46;0;9;43;0,18;0,00;0,00;0;0;Belgium;Western Europe;"Peeters Publishers";"1977, 1987-1988, 2011-2023";"Philosophy (Q3); Religious Studies (Q3)";"Arts and Humanities"
508;21100202124;"Obnovljeni Zivot";journal;"03513947";"Filozofsko teoloski institut Druzbe Isusove";No;No;0,129;Q3;4;36;120;843;11;107;0,11;23,42;27,78;1;8;Croatia;Eastern Europe;"Filozofsko teoloski institut Druzbe Isusove";"2011-2025";"Philosophy (Q3); Religious Studies (Q3)";"Arts and Humanities"
509;21101041549;"Contradictions";journal;"25707485";"Filosoficky Ustav AV CR";No;No;0,128;Q3;3;0;60;0;5;51;0,11;0,00;0,00;0;0;Czech Republic;Eastern Europe;"Filosoficky Ustav AV CR";"2017-2023";"History (Q3); Philosophy (Q3); Sociology and Political Science (Q4)";"Arts and Humanities; Social Sciences"
510;21100201034;"Etikk i Praksis";journal;"18904009, 18903991";"Akademika Publishing";Yes;No;0,128;Q3;11;15;27;465;9;20;0,42;31,00;35,71;0;4;Norway;Western Europe;"Akademika Publishing";"2011-2024";"Philosophy (Q3)";"Arts and Humanities"
511;145688;"Hyle";journal;"14335158";"Hyle Publications";Yes;No;0,128;Q3;19;0;7;0;3;7;0,00;0,00;0,00;0;0;Germany;Western Europe;"Hyle Publications";"1997-2002, 2004-2021";"Philosophy (Q3); Chemistry (miscellaneous) (Q4)";"Arts and Humanities; Chemistry"
512;21100197120;"Journal of Buddhist Ethics";journal;"10769005";"Pennsylvania State University";Yes;No;0,128;Q3;10;8;40;242;10;40;0,00;30,25;11,11;0;3;United States;Northern America;"Pennsylvania State University";"1998-1999, 2002, 2011-2024";"Philosophy (Q3); Religious Studies (Q3)";"Arts and Humanities"
513;21100866742;"Kritike";journal;"19087330";"Department of Philosophy, University of Santo Tomas";Yes;Yes;0,128;Q3;4;15;73;522;17;73;0,20;34,80;8,33;0;2;Philippines;Asiatic Region;"Department of Philosophy, University of Santo Tomas";"2018-2024";"Philosophy (Q3)";"Arts and Humanities"
514;20300195009;"Pluralist";journal;"19446489, 19307365";"University of Illinois Press";No;No;0,128;Q3;12;23;85;408;19;85;0,26;17,74;36,36;0;1;United States;Northern America;"University of Illinois Press";"2010-2024";"Philosophy (Q3)";"Arts and Humanities"
515;21101026991;"Disputatio (Spain)";journal;"22540601";"Ediciones Universidad de Salamanca";Yes;No;0,127;Q3;6;10;97;367;8;96;0,08;36,70;11,11;0;1;Spain;Western Europe;"Ediciones Universidad de Salamanca";"2017-2024";"Philosophy (Q3)";"Arts and Humanities"
516;21100222908;"Filosofia Politica";journal;"03947297";"Il Mulino publishing house";No;No;0,127;Q3;4;35;95;1941;6;89;0,06;55,46;28,95;0;3;Italy;Western Europe;"Il Mulino publishing house";"2012-2024";"History (Q3); Philosophy (Q3); Sociology and Political Science (Q4)";"Arts and Humanities; Social Sciences"
517;17700154915;"Multitudes";journal;"17775841, 02920107";"Association Multitudes";No;No;0,127;Q3;14;70;260;566;21;235;0,04;8,09;47,27;0;2;France;Western Europe;"Association Multitudes";"2000-2024";"Philosophy (Q3); Sociology and Political Science (Q4)";"Arts and Humanities; Social Sciences"
518;16300154735;"Revue de Metaphysique et de Morale";journal;"00351571";"Presses Universitaires de France";No;No;0,127;Q3;8;32;131;831;20;127;0,07;25,97;37,50;0;1;France;Western Europe;"Presses Universitaires de France";"1978, 1982, 1987, 2001-2024";"Philosophy (Q3)";"Arts and Humanities"
519;21100410000;"Meta (Romania)";journal;"20673655";"Alexandru Ioan Cuza University of Iasi";Yes;Yes;0,126;Q3;8;20;89;797;7;89;0,07;39,85;23,81;0;4;Romania;Eastern Europe;"Alexandru Ioan Cuza University of Iasi";"2009-2024";"Philosophy (Q3)";"Arts and Humanities"
520;5000155902;"Radical Philosophy";journal;"0300211X";"Radical Philosophy";No;No;0,126;Q3;27;11;63;263;72;21;0,68;23,91;0,00;0;0;United Kingdom;Western Europe;"Radical Philosophy";"2006-2016, 2019-2024";"Arts and Humanities (miscellaneous) (Q3); Philosophy (Q3); Social Sciences (miscellaneous) (Q4)";"Arts and Humanities; Social Sciences"
521;21100205708;"South Central Review";journal;"07436831, 15493377";"Johns Hopkins University Press";Yes;No;0,126;Q3;7;23;79;1246;8;72;0,11;54,17;31,82;0;3;United States;Northern America;"Johns Hopkins University Press";"2011-2025";"Literature and Literary Theory (Q2); Visual Arts and Performing Arts (Q2); Cultural Studies (Q3); Philosophy (Q3)";"Arts and Humanities; Social Sciences"
522;6000153223;"Technoetic Arts";journal;"1477965X, 17589533";"Intellect Ltd.";No;No;0,126;Q3;7;19;70;605;12;68;0,21;31,84;63,64;0;4;United Kingdom;Western Europe;"Intellect Ltd.";"2003, 2012-2024";"Visual Arts and Performing Arts (Q2); Philosophy (Q3); Computer Science Applications (Q4); Human-Computer Interaction (Q4)";"Arts and Humanities; Computer Science"
523;21100808441;"Teorie Vedy / Theory of Science";journal;"12100250, 18046347";"Czech Academy of Sciences";Yes;Yes;0,126;Q3;7;8;30;369;5;28;0,05;46,13;12,50;0;0;Czech Republic;Eastern Europe;"Czech Academy of Sciences";"2010-2024";"Philosophy (Q3); History and Philosophy of Science (Q4); Library and Information Sciences (Q4)";"Arts and Humanities; Social Sciences"
524;16200154716;"Thomist";journal;"00406325";"Thomist Press";No;No;0,126;Q3;15;20;56;1252;10;56;0,13;62,60;0,00;0;0;United States;Northern America;"Thomist Press";"1973, 1975-1978, 1985, 1987, 1990-1992, 2002-2025";"Philosophy (Q3); Religious Studies (Q3)";"Arts and Humanities"
525;5800154329;"Contrastes";journal;"11364076";"Universidad de Malaga";Yes;No;0,125;Q3;4;27;99;851;11;99;0,09;31,52;30,77;0;0;Spain;Western Europe;"Universidad de Malaga";"2012-2024";"Philosophy (Q3)";"Arts and Humanities"
526;21101270642;"Dia-noesis";journal;"2459413X, 27327507";"University of Western Macedonia";No;No;0,125;Q3;2;23;24;650;7;23;0,29;28,26;42,31;0;0;Greece;Western Europe;"University of Western Macedonia";"2022-2024";"Philosophy (Q3)";"Arts and Humanities"
527;5700155559;"Philosophy and Literature";journal;"01900013, 1086329X";"Johns Hopkins University Press";No;No;0,125;Q3;19;33;103;726;12;100;0,09;22,00;15,15;0;2;United States;Northern America;"Johns Hopkins University Press";"2002-2024";"Literature and Literary Theory (Q2); Philosophy (Q3)";"Arts and Humanities"
528;21101152623;"Revista Iberoamericana de Argumentacion";journal;"21728801";"Universidad Autonoma de Madrid";Yes;Yes;0,125;Q3;2;61;32;1290;5;32;0,14;21,15;46,15;0;6;Spain;Western Europe;"Universidad Autonoma de Madrid";"2019-2024";"Linguistics and Language (Q3); Philosophy (Q3)";"Arts and Humanities; Social Sciences"
529;21100197738;"Teoria";journal;"11221259";"Dipartimento di Filosofia dell Universita di Pisa";No;No;0,125;Q3;6;18;68;530;10;64;0,29;29,44;52,63;0;2;Italy;Western Europe;"Dipartimento di Filosofia dell Universita di Pisa";"2011-2012, 2014-2015, 2017-2024";"Philosophy (Q3)";"Arts and Humanities"
530;21101226103;"Acta Iadertina";journal;"18453392, 18491243";"University of Zadar";No;No;0,124;Q3;2;11;39;353;5;39;0,13;32,09;82,61;0;6;Croatia;Eastern Europe;"University of Zadar";"2020-2024";"Philosophy (Q3); Education (Q4); Social Sciences (miscellaneous) (Q4)";"Arts and Humanities; Social Sciences"
531;21100455214;"Caritas et Veritas";journal;"18050948";"University of South Bohemia";Yes;No;0,124;Q3;3;13;73;646;11;70;0,06;49,69;66,67;0;5;Czech Republic;Eastern Europe;"University of South Bohemia";"2015-2024";"Philosophy (Q3); Religious Studies (Q3); Education (Q4); Sociology and Political Science (Q4)";"Arts and Humanities; Social Sciences"
532;21100972439;"Discipline Filosofiche";journal;"15919625, 22797343";"Quodlibet";No;No;0,124;Q3;2;30;83;1078;4;78;0,07;35,93;25,00;0;0;Italy;Western Europe;"Quodlibet";"2019-2024";"Philosophy (Q3)";"Arts and Humanities"
533;21100835953;"Early China";journal;"03625028, 23252324";"Cambridge University Press";No;No;0,124;Q3;6;0;38;0;19;35;0,30;0,00;0,00;0;0;United Kingdom;Western Europe;"Cambridge University Press";"2016-2023, 2025";"Literature and Literary Theory (Q2); Archeology (Q3); Archeology (arts and humanities) (Q3); History (Q3); Philosophy (Q3); Religious Studies (Q3)";"Arts and Humanities; Social Sciences"
534;21101053115;"En-Claves del Pensamiento";journal;"25941100, 1870879X";"Instituto Tecnologico y de Estudios Superiores de Monterrey";Yes;Yes;0,124;Q3;3;22;85;785;17;85;0,22;35,68;32,26;0;5;Mexico;Latin America;"Instituto Tecnologico y de Estudios Superiores de Monterrey";"2019-2025";"Literature and Literary Theory (Q2); Visual Arts and Performing Arts (Q2); History (Q3); Philosophy (Q3); Religious Studies (Q3)";"Arts and Humanities"
535;21100976124;"Journal of Aesthetics and Phenomenology";journal;"20539320, 20539339";"Taylor and Francis Ltd.";No;No;0,124;Q3;7;10;37;275;10;36;0,25;27,50;57,14;0;0;United Kingdom;Western Europe;"Taylor and Francis Ltd.";"2014-2024";"Philosophy (Q3)";"Arts and Humanities"
536;21101040618;"Polish Journal of Aesthetics";journal;"25448242, 25448234";"Jagiellonian University - Institute of Philosophy";Yes;Yes;0,124;Q3;3;0;68;0;15;59;0,21;0,00;0,00;0;0;Poland;Eastern Europe;"Jagiellonian University - Institute of Philosophy";"2017-2023";"Arts and Humanities (miscellaneous) (Q3); Philosophy (Q3)";"Arts and Humanities"
537;21100856610;"Pro-Fil";journal;"12129097";"Masaryk University, Faculty of Arts, Department of Philosophy";Yes;Yes;0,124;Q3;3;9;39;241;5;38;0,16;26,78;33,33;0;2;Czech Republic;Eastern Europe;"Masaryk University, Faculty of Arts, Department of Philosophy";"2017-2024";"Philosophy (Q3)";"Arts and Humanities"
538;21101215787;"Ratio Publica";journal;"27879569, 27879550";"Nugis Finem Publishing";No;No;0,124;Q3;1;5;30;0;2;24;0,05;0,00;0,00;0;2;Czech Republic;Eastern Europe;"Nugis Finem Publishing";"2021-2024";"Philosophy (Q3); Law (Q4); Political Science and International Relations (Q4)";"Arts and Humanities; Social Sciences"
539;22161;"Archives de Philosophie";journal;"00039632";"Centre Sevres, Faculte Jesuites de Paris";No;No;0,123;Q3;6;38;123;1776;11;110;0,06;46,74;25,42;0;0;France;Western Europe;"Centre Sevres, Faculte Jesuites de Paris";"1972, 1987, 2001-2024";"Philosophy (Q3)";"Arts and Humanities"
540;21100943915;"Cracow Indological Studies";journal;"17320917";"Ksiegarnia Akademicka Publishing Ltd";Yes;Yes;0,123;Q3;2;21;55;758;10;50;0,19;36,10;76,19;0;2;Poland;Eastern Europe;"Ksiegarnia Akademicka Publishing Ltd";"2019-2024";"Literature and Literary Theory (Q2); Visual Arts and Performing Arts (Q2); History (Q3); Linguistics and Language (Q3); Philosophy (Q3); Religious Studies (Q3)";"Arts and Humanities; Social Sciences"
541;21100916527;"Empedocles";journal;"17571960, 17571952";"Intellect Ltd.";No;No;0,123;Q3;3;0;32;0;6;26;0,21;0,00;0,00;0;0;United Kingdom;Western Europe;"Intellect Ltd.";"2019-2023";"Linguistics and Language (Q3); Philosophy (Q3); Communication (Q4)";"Arts and Humanities; Social Sciences"
542;21100228017;"Fichte-Studien";book series;"18795811, 09250166";"Editions Rodopi B.V.";No;No;0,123;Q3;4;23;58;645;8;52;0,13;28,04;38,10;0;2;Netherlands;Western Europe;"Editions Rodopi B.V.";"2003, 2009, 2012-2014, 2016-2024";"Philosophy (Q3)";"Arts and Humanities"
543;19700170277;"Nova Prisutnost";journal;"13342312";"Christian Academic Circle (CRAC)";Yes;Yes;0,123;Q3;6;39;126;190;17;124;0,17;4,87;58,06;0;10;Croatia;Eastern Europe;"Christian Academic Circle (CRAC)";"2011-2024";"Philosophy (Q3); Religious Studies (Q3)";"Arts and Humanities"
544;21101057754;"Patristica et Mediaevalia";journal;"26839636, 03252280";"Institute of Philosophy Dr. Alejandro Korn, Faculty of Philosophy and Arts, University of Buenos Aires";Yes;Yes;0,123;Q3;2;20;43;653;8;42;0,24;32,65;33,33;0;0;Argentina;Latin America;"Institute of Philosophy Dr. Alejandro Korn, Faculty of Philosophy and Arts, University of Buenos Aires";"2019-2024";"Philosophy (Q3)";"Arts and Humanities"
545;21101105300;"Revista Latinoamericana de Filosofia";journal;"03250725, 18527353";"Centro de Investigaciones Filosoficas";Yes;Yes;0,123;Q3;2;19;54;437;4;49;0,06;23,00;16,67;0;1;Argentina;Latin America;"Centro de Investigaciones Filosoficas";"2019-2024";"Philosophy (Q3)";"Arts and Humanities"
546;21100943916;"Rhizomata";journal;"21965110, 21965102";"Walter de Gruyter GmbH";No;No;0,123;Q3;9;9;35;395;9;34;0,35;43,89;22,22;0;0;Germany;Western Europe;"Walter de Gruyter GmbH";"2013-2024";"Philosophy (Q3); History and Philosophy of Science (Q4)";"Arts and Humanities"
547;21101196819;"Simone de Beauvoir Studies";journal;"25897616, 10632042";"Brill Academic Publishers";No;No;0,123;Q3;5;15;66;1102;6;47;0,11;73,47;78,57;0;2;Netherlands;Western Europe;"Brill Academic Publishers";"1983-1984, 1986-1997, 1999-2012, 2014, 2019-2024";"Arts and Humanities (miscellaneous) (Q3); History (Q3); Philosophy (Q3); Gender Studies (Q4)";"Arts and Humanities; Social Sciences"
548;21101220434;"Disputatio Philosophica";journal;"18490174";"University of Zagreb Faculty of Philosophy and Religious Studies";No;No;0,122;Q3;2;0;18;0;2;18;0,00;0,00;0,00;0;0;Croatia;Eastern Europe;"University of Zagreb Faculty of Philosophy and Religious Studies";"2020-2023";"Arts and Humanities (miscellaneous) (Q3); Philosophy (Q3); Religious Studies (Q3)";"Arts and Humanities"
549;21100783205;"Horizon. Studies in Phenomenology";journal;"23116986, 22265260";"Saint Petersburg State University";Yes;No;0,122;Q3;4;34;90;857;8;88;0,08;25,21;27,03;0;2;Russian Federation;Eastern Europe;"Saint Petersburg State University";"2012-2024";"Philosophy (Q3); Artificial Intelligence (Q4); Control and Optimization (Q4); Control and Systems Engineering (Q4); Electrical and Electronic Engineering (Q4); Energy Engineering and Power Technology (Q4); Signal Processing (Q4)";"Arts and Humanities; Computer Science; Energy; Engineering; Mathematics"
550;21101104841;"Topos";journal;"2538886X";"European Humanities University";Yes;Yes;0,122;Q3;2;16;69;740;12;63;0,23;46,25;40,00;0;3;Lithuania;Eastern Europe;"European Humanities University";"2019-2024";"Cultural Studies (Q3); Philosophy (Q3); Sociology and Political Science (Q4)";"Arts and Humanities; Social Sciences"
551;16100154769;"Arabic Sciences and Philosophy";journal;"09574239, 14740524";"Cambridge University Press";No;No;0,121;Q3;24;10;27;846;7;26;0,38;84,60;10,00;0;0;United Kingdom;Western Europe;"Cambridge University Press";"1991-2024";"History (Q3); Philosophy (Q3); History and Philosophy of Science (Q4); Multidisciplinary (Q4)";"Arts and Humanities; Multidisciplinary"
552;21100267793;"Early Medieval China";journal;"15299104, 19467842";"Maney Publishing";No;No;0,121;Q3;6;3;19;0;2;16;0,09;0,00;100,00;0;0;United Kingdom;Western Europe;"Maney Publishing";"1994-1995, 2005, 2007-2024";"Literature and Literary Theory (Q2); Cultural Studies (Q3); History (Q3); Philosophy (Q3); Religious Studies (Q3); Anthropology (Q4)";"Arts and Humanities; Social Sciences"
553;21101021469;"ReOrient";journal;"20555601, 2055561X";"Pluto Journals";Yes;Yes;0,121;Q3;7;16;27;896;8;27;0,33;56,00;27,27;0;1;United Kingdom;Western Europe;"Pluto Journals";"2019-2024";"Cultural Studies (Q3); Philosophy (Q3); Religious Studies (Q3)";"Arts and Humanities; Social Sciences"
554;21101149133;"Res Publica. Revista de Historia de las Ideas Politicas";journal;"15764184, 19896115";"Universidad Complutense Madrid";No;Yes;0,121;Q3;4;34;143;1034;19;133;0,11;30,41;42,42;0;13;Spain;Western Europe;"Universidad Complutense Madrid";"2019-2024";"Philosophy (Q3); Sociology and Political Science (Q4)";"Arts and Humanities; Social Sciences"
555;5600153212;"Durkheimian Studies";journal;"17522307, 1362024X";"Berghahn Journals";No;No;0,120;Q3;7;0;22;0;3;22;0,00;0,00;0,00;0;0;United Kingdom;Western Europe;"Berghahn Journals";"2011-2015, 2017, 2020-2023";"Philosophy (Q3); Religious Studies (Q3); Anthropology (Q4); Sociology and Political Science (Q4)";"Arts and Humanities; Social Sciences"
556;21100207007;"Scrinium";journal;"18177530, 18177565";"Brill Academic Publishers";Yes;No;0,120;Q3;7;22;63;1573;14;59;0,24;71,50;31,82;0;0;Netherlands;Western Europe;"Brill Academic Publishers";"2011, 2013-2025";"Classics (Q2); History (Q3); Philosophy (Q3); Religious Studies (Q3)";"Arts and Humanities"
557;21100778081;"Veritas";journal;"07189273, 07174675";"Pontificio Seminario Mayor San Rafael";Yes;No;0,120;Q3;6;18;79;723;31;78;0,39;40,17;21,74;0;3;Chile;Latin America;"Pontificio Seminario Mayor San Rafael";"2016-2024";"Philosophy (Q3); Religious Studies (Q3)";"Arts and Humanities"
558;6500153148;"Year's Work in Critical and Cultural Theory";journal;"10774254";"Oxford University Press";No;No;0,120;Q3;5;20;50;372;5;49;0,09;18,60;50,00;0;3;United Kingdom;Western Europe;"Oxford University Press";"1991-1996, 2007-2024";"Literature and Literary Theory (Q2); Cultural Studies (Q3); History (Q3); Linguistics and Language (Q3); Philosophy (Q3); Visual Arts and Performing Arts (Q3)";"Arts and Humanities; Social Sciences"
559;21100846303;"Aisthesis (Italy)";journal;"20358466";"Firenze University Press";Yes;Yes;0,119;Q3;6;0;96;0;17;91;0,20;0,00;0,00;0;0;Italy;Western Europe;"Firenze University Press";"2017-2023";"Philosophy (Q3); Visual Arts and Performing Arts (Q3)";"Arts and Humanities"
560;21100244612;"Augustinian Studies";journal;"00945323, 21537917";"Philosophy Documentation Center";No;No;0,119;Q3;18;10;24;1051;6;23;0,18;105,10;9,09;0;0;United States;Northern America;"Philosophy Documentation Center";"1996-2024";"History (Q3); Philosophy (Q3); Religious Studies (Q3)";"Arts and Humanities"
561;21100900136;"Perspectiva Teologica";journal;"21768757, 01024469";"Faculdade Jesuita de Filosofia e Teologia";Yes;Yes;0,119;Q3;4;56;111;1763;9;102;0,08;31,48;16,33;0;1;Brazil;Latin America;"Faculdade Jesuita de Filosofia e Teologia";"2018-2024";"Philosophy (Q3); Religious Studies (Q3); Education (Q4); Sociology and Political Science (Q4)";"Arts and Humanities; Social Sciences"
562;21100941617;"Poligrafi";journal;"13188828, 22322833";"Scientific Publishing House Annales ZRS Koper";No;No;0,119;Q3;2;15;55;483;9;45;0,15;32,20;57,89;0;4;Slovenia;Eastern Europe;"Scientific Publishing House Annales ZRS Koper";"2019-2024";"Literature and Literary Theory (Q2); Philosophy (Q3); Religious Studies (Q3)";"Arts and Humanities"
563;21100813711;"Ragion Pratica";journal;"17202396";"Societa Editrice Il Mulino";No;No;0,119;Q3;6;23;89;1426;12;89;0,18;62,00;55,17;0;9;Italy;Western Europe;"Societa Editrice Il Mulino";"2016-2024";"Philosophy (Q3); Law (Q4); Sociology and Political Science (Q4)";"Arts and Humanities; Social Sciences"
564;21100970263;"Religious Inquiries";journal;"23224894, 25386271";"University of Religions and Denominations (URD)";Yes;Yes;0,119;Q3;2;18;46;649;7;46;0,18;36,06;13,33;0;3;Iran;Middle East;"University of Religions and Denominations (URD)";"2017-2024";"Philosophy (Q3); Religious Studies (Q3)";"Arts and Humanities"
565;21100790342;"Revista de Filosofia (Chile)";journal;"07184360, 00348236";"Universidad de Chile";Yes;Yes;0,119;Q3;4;19;58;508;8;56;0,13;26,74;38,10;0;0;Chile;Latin America;"Universidad de Chile";"2016-2024";"Philosophy (Q3)";"Arts and Humanities"
566;21101162552;"Wagadu: Journal of Transnational Women's and Gender Studies";journal;"15456196, 21502226";"SUNY Cortland";No;No;0,119;Q3;2;0;28;0;5;26;0,11;0,00;0,00;0;0;United States;Northern America;"SUNY Cortland";"2019-2022";"Cultural Studies (Q3); Philosophy (Q3); Gender Studies (Q4)";"Arts and Humanities; Social Sciences"
567;5700160809;"Common Knowledge";journal;"0961754X, 15384578";"Duke University Press";No;No;0,118;Q3;14;21;84;461;10;82;0,13;21,95;52,38;0;0;United States;Northern America;"Duke University Press";"2010-2024";"Literature and Literary Theory (Q2); Cultural Studies (Q3); Philosophy (Q3)";"Arts and Humanities; Social Sciences"
568;5600155082;"Cultural Critique";journal;"15345203, 08824371";"University of Minnesota Press";No;No;0,118;Q3;30;31;91;1249;19;81;0,15;40,29;36,00;0;0;United States;Northern America;"University of Minnesota Press";"2002-2024";"Literature and Literary Theory (Q2); Cultural Studies (Q3); Philosophy (Q3); Anthropology (Q4); Sociology and Political Science (Q4)";"Arts and Humanities; Social Sciences"
569;22885;"Deutsche Zeitschrift fur Philosophie";journal;"21921482, 00121045";"Walter de Gruyter GmbH";No;No;0,118;Q3;15;52;176;1389;26;168;0,18;26,71;29,63;0;3;Germany;Western Europe;"Walter de Gruyter GmbH";"1953-2024";"Philosophy (Q3)";"Arts and Humanities"
570;21100941064;"Haser";journal;"2172055X, 23864761";"Universidad de Sevilla";Yes;Yes;0,118;Q3;3;5;26;147;13;25;0,77;29,40;60,00;0;0;Spain;Western Europe;"Universidad de Sevilla";"2019-2025";"Philosophy (Q3)";"Arts and Humanities"
571;5700154772;"Anuario Filosofico";journal;"00665215";"Servicio de Publicaciones de la Universidad de Navarra";No;No;0,117;Q3;8;13;49;290;5;47;0,13;22,31;41,67;0;0;Spain;Western Europe;"Servicio de Publicaciones de la Universidad de Navarra";"1992-1996, 1998-2025";"Philosophy (Q3)";"Arts and Humanities"
572;5700158136;"Arete";journal;"1016913X, 22233741";"Pontificia Universidad Catolica del Peru/Departamento de Humanidades";Yes;Yes;0,117;Q3;5;21;75;665;8;74;0,07;31,67;4,76;0;1;Peru;Latin America;"Pontificia Universidad Catolica del Peru/Departamento de Humanidades";"2013-2024";"Philosophy (Q3)";"Arts and Humanities"
573;21100901025;"Derrida Today";journal;"17548519, 17548500";"Edinburgh University Press";No;No;0,117;Q3;11;22;43;361;8;37;0,10;16,41;20,00;0;1;United Kingdom;Western Europe;"Edinburgh University Press";"2008-2024";"Philosophy (Q3); Sociology and Political Science (Q4)";"Arts and Humanities; Social Sciences"
574;21101033328;"Journal of Daoist Studies";journal;"19415524, 19415516";"University of Hawaii Press";No;No;0,117;Q3;3;13;37;302;8;32;0,16;23,23;12,50;0;0;United States;Northern America;"University of Hawaii Press";"2019-2025";"Philosophy (Q3); Religious Studies (Q3)";"Arts and Humanities"
575;7200153149;"Journal of Jewish Thought and Philosophy";journal;"1053699X, 1477285X";"Brill Academic Publishers";No;No;0,117;Q3;12;11;40;894;7;37;0,25;81,27;10,00;0;0;Netherlands;Western Europe;"Brill Academic Publishers";"1993-1995, 1997-2004, 2006-2024";"Literature and Literary Theory (Q2); Cultural Studies (Q3); Philosophy (Q3); Religious Studies (Q3); Anthropology (Q4); Sociology and Political Science (Q4)";"Arts and Humanities; Social Sciences"
576;21100377480;"Koers";journal;"0023270X, 23048557";"Koers Association";Yes;No;0,117;Q3;9;10;26;509;6;26;0,07;50,90;33,33;0;3;South Africa;Africa;"Koers Association";"2014-2024";"Philosophy (Q3); Religious Studies (Q3)";"Arts and Humanities"
577;16100154762;"Studia Phaenomenologica";journal;"20690061, 15825647";"Romanian Society for Phenomenology";No;No;0,117;Q3;11;14;52;615;18;49;0,43;43,93;14,29;0;0;Romania;Eastern Europe;"Romanian Society for Phenomenology";"2001-2024";"Philosophy (Q3)";"Arts and Humanities"
578;21100427186;"Brill's Indological Library";book series;"09252916";"Brill Academic Publishers";No;No;0,116;Q3;7;21;3;1230;0;2;0,00;58,57;50,00;0;0;Netherlands;Western Europe;"Brill Academic Publishers";"2005, 2007-2017, 2020, 2022-2024";"History (Q3); Linguistics and Language (Q3); Philosophy (Q3); Religious Studies (Q3); Social Sciences (miscellaneous) (Q4)";"Arts and Humanities; Social Sciences"
579;21100426086;"Brill's Japanese Studies Library";book series;"09256512";"Brill Academic Publishers";No;No;0,116;Q3;3;31;18;2058;0;2;0,00;66,39;0,00;0;0;Netherlands;Western Europe;"Brill Academic Publishers";"2006-2021, 2023-2025";"History (Q3); Linguistics and Language (Q3); Literature and Literary Theory (Q3); Philosophy (Q3); Visual Arts and Performing Arts (Q3); Social Sciences (miscellaneous) (Q4)";"Arts and Humanities; Social Sciences"
580;21100407618;"Brill's Series on the Early Middle Ages";book series;"18784879";"Brill Academic Publishers";No;No;0,116;Q3;6;1;2;1164;0;2;0,00;1164,00;0,00;0;0;Netherlands;Western Europe;"Brill Academic Publishers";"2008-2014, 2016, 2020, 2022, 2024-2025";"Classics (Q2); Archeology (arts and humanities) (Q3); Cultural Studies (Q3); History (Q3); Linguistics and Language (Q3); Literature and Literary Theory (Q3); Philosophy (Q3); Visual Arts and Performing Arts (Q3); Social Sciences (miscellaneous) (Q4)";"Arts and Humanities; Social Sciences"
581;6000170071;"Eidos";journal;"16928857, 20117477";"Universidad del Norte";Yes;Yes;0,116;Q3;5;1;84;19;16;77;0,10;19,00;0,00;0;0;Colombia;Latin America;"Universidad del Norte";"2012-2024";"Philosophy (Q3)";"Arts and Humanities"
582;21101227196;"Filologie Medievali e Moderne: Serie Orientale";book series;"26109468, 26109476";"Fondazione Universita Ca Foscari";No;No;0,116;Q3;2;0;12;0;0;2;0,00;0,00;0,00;0;0;Italy;Western Europe;"Fondazione Universita Ca Foscari";"2022";"History (Q3); Linguistics and Language (Q3); Literature and Literary Theory (Q3); Philosophy (Q3)";"Arts and Humanities; Social Sciences"
583;21101094601;"Forum Philosophicum";journal;"23537043, 14261898";"Akademia Ignatianum w Krakowie";Yes;Yes;0,116;Q3;4;23;51;639;5;45;0,16;27,78;22,22;0;1;Poland;Eastern Europe;"Akademia Ignatianum w Krakowie";"2019-2024";"Philosophy (Q3); Religious Studies (Q3)";"Arts and Humanities"
584;24727;"International Journal of Applied Philosophy";journal;"0739098X";"Philosophy Documentation Center";No;No;0,116;Q3;5;10;61;732;12;61;0,17;73,20;30,77;0;3;United States;Northern America;"Philosophy Documentation Center";"1984-1985, 1987-1992, 1994-1995, 1998-2000, 2003-2005, 2018-2024";"Philosophy (Q3)";"Arts and Humanities"
585;21100407216;"Investigating Medieval Philosophy";book series;"18799795, 18799787";"Brill Academic Publishers";No;No;0,116;Q3;7;21;26;792;9;2;0,35;37,71;0,00;0;0;Netherlands;Western Europe;"Brill Academic Publishers";"2010-2015, 2018-2020, 2022-2024";"History (Q3); Philosophy (Q3); Religious Studies (Q3)";"Arts and Humanities"
586;21101163006;"Journal of Jewish Identities";journal;"19397941, 19462522";"Johns Hopkins University Press";No;No;0,116;Q3;3;7;36;617;10;34;0,32;88,14;28,57;0;1;United States;Northern America;"Johns Hopkins University Press";"2019-2024";"Literature and Literary Theory (Q3); Philosophy (Q3); Religious Studies (Q3); History and Philosophy of Science (Q4)";"Arts and Humanities"
587;21100975919;"Journal of World Philosophies";journal;"24741795";"Indiana University Press";Yes;Yes;0,116;Q3;8;19;59;812;12;59;0,09;42,74;40,00;0;1;United States;Northern America;"Indiana University Press";"2016-2024";"Philosophy (Q3)";"Arts and Humanities"
588;21101190433;"Levinas Studies";journal;"15547000, 21538433";"Philosophy Documentation Center";No;No;0,116;Q3;1;0;28;0;4;25;0,06;0,00;0,00;0;0;United States;Northern America;"Philosophy Documentation Center";"2019-2023";"Philosophy (Q3); Religious Studies (Q3)";"Arts and Humanities"
589;21101157248;"Radical Philosophy Review";journal;"15691659";"Philosophy Documentation Center";No;No;0,116;Q3;4;0;60;0;14;55;0,31;0,00;0,00;0;0;United States;Northern America;"Philosophy Documentation Center";"2019-2023";"Philosophy (Q3); Sociology and Political Science (Q4)";"Arts and Humanities; Social Sciences"
590;21100945726;"Stasis";journal;"23103817, 25000721";"European University at Saint-Petersburg";No;No;0,116;Q3;7;7;33;249;3;29;0,12;35,57;0,00;0;0;Russian Federation;Eastern Europe;"European University at Saint-Petersburg";"2013-2024";"Philosophy (Q3)";"Arts and Humanities"
591;21101156038;"Supplements to Method and Theory in the Study of Religion";book series;"22143270";"Brill Academic Publishers";No;No;0,116;Q3;10;0;50;0;45;2;0,32;0,00;0,00;0;0;Netherlands;Western Europe;"Brill Academic Publishers";"2013, 2015-2023";"Philosophy (Q3); Religious Studies (Q3)";"Arts and Humanities"
592;5600153400;"Synthesis Philosophica";journal;"03527875";"Croatian Philosophical Society";Yes;Yes;0,116;Q3;11;14;69;640;9;66;0,07;45,71;23,08;0;3;Croatia;Eastern Europe;"Croatian Philosophical Society";"1997, 2002-2024";"Philosophy (Q3)";"Arts and Humanities"
593;21100406946;"Texts and Studies on the Qur'an";book series;"15672808";"Brill Academic Publishers";No;No;0,116;Q3;11;1;15;337;3;2;0,21;337,00;0,00;0;0;Netherlands;Western Europe;"Brill Academic Publishers";"2007, 2009-2011, 2013, 2016-2021, 2023-2024";"Cultural Studies (Q3); History (Q3); Philosophy (Q3); Religious Studies (Q3)";"Arts and Humanities; Social Sciences"
594;21100844825;"European Judaism";journal;"00143006, 17522323";"Berghahn Journals";No;No;0,115;Q3;5;23;72;821;4;67;0,09;35,70;43,48;0;3;United States;Northern America;"Berghahn Journals";"2017-2024";"Cultural Studies (Q3); History (Q3); Philosophy (Q3); Religious Studies (Q3); Applied Psychology (Q4)";"Arts and Humanities; Psychology; Social Sciences"
595;16300154710;"Journal of Dharma";journal;"02537222";"Dharmaram College, Centre for the Study of World Religions";No;No;0,115;Q3;5;16;86;533;11;78;0,14;33,31;61,90;0;6;India;Asiatic Region;"Dharmaram College, Centre for the Study of World Religions";"2002-2024";"Philosophy (Q3); Religious Studies (Q3)";"Arts and Humanities"
596;146189;"Legal Ethics";journal;"1460728X, 17578450";"Routledge";No;No;0,115;Q3;15;3;33;128;12;28;0,25;42,67;80,00;0;2;United Kingdom;Western Europe;"Routledge";"1998-2024";"Philosophy (Q3); Law (Q4)";"Arts and Humanities; Social Sciences"
597;21101075350;"Nordic Wittgenstein Review";journal;"21946825, 2242248X";"Nordic Wittgenstein Society";Yes;Yes;0,115;Q3;4;6;28;143;7;25;0,29;23,83;33,33;0;0;Norway;Western Europe;"Nordic Wittgenstein Society";"2019-2024";"Philosophy (Q3)";"Arts and Humanities"
598;21100825858;"Relations. Beyond Anthropocentrism";journal;"22833196, 22809643";"LED Edizioni Universitarie";Yes;Yes;0,115;Q3;6;4;29;116;3;29;0,14;29,00;50,00;0;1;Italy;Western Europe;"LED Edizioni Universitarie";"2017-2024";"Philosophy (Q3); Ecology (Q4); Environmental Science (miscellaneous) (Q4); Management, Monitoring, Policy and Law (Q4)";"Arts and Humanities; Environmental Science"
599;21100268024;"Revista de Historia das Ideias";journal;"08700958";"University of Coimbra";Yes;Yes;0,115;Q3;4;12;45;551;4;42;0,13;45,92;28,57;0;1;Portugal;Western Europe;"University of Coimbra";"2011-2012, 2016-2024";"Cultural Studies (Q3); History (Q3); Philosophy (Q3)";"Arts and Humanities; Social Sciences"
600;21100941038;"Studi di Estetica";journal;"05854733, 18258646";"Mimesis Edizioni";Yes;Yes;0,115;Q3;4;31;94;948;8;94;0,05;30,58;53,13;0;2;Italy;Western Europe;"Mimesis Edizioni";"2019-2024";"Philosophy (Q3)";"Arts and Humanities"
601;21101193865;"Universitas Philosophica";journal;"23462426";"Pontificia Universidad Javeriana";No;No;0,115;Q3;2;19;60;699;10;56;0,08;36,79;16,67;0;5;Colombia;Latin America;"Pontificia Universidad Javeriana";"2020-2024";"Philosophy (Q3)";"Arts and Humanities"
602;21101039811;"Early American Studies";journal;"15434273, 15590895";"University of Pennsylvania Press";No;No;0,114;Q3;4;22;72;2503;17;70;0,21;113,77;31,82;0;2;United States;Northern America;"University of Pennsylvania Press";"2019-2024";"Cultural Studies (Q3); History (Q3); Literature and Literary Theory (Q3); Music (Q3); Philosophy (Q3); Religious Studies (Q3); Visual Arts and Performing Arts (Q3)";"Arts and Humanities; Social Sciences"
603;21100457408;"Endoxa";journal;"11335351, 21745676";"Universidad Nacional de Educacion a Distancia (UNED)";Yes;Yes;0,114;Q3;6;0;176;0;28;176;0,11;0,00;0,00;0;0;Spain;Western Europe;"Universidad Nacional de Educacion a Distancia (UNED)";"2015-2023";"Philosophy (Q3)";"Arts and Humanities"
604;21101129624;"History of Philosophy and Logical Analysis";journal;"26664275, 26664283";"Brill Academic Publishers";No;No;0,114;Q3;3;27;33;866;8;32;0,21;32,07;8,33;0;0;Netherlands;Western Europe;"Brill Academic Publishers";"2021-2025";"Philosophy (Q3); History and Philosophy of Science (Q4)";"Arts and Humanities"
605;21101058966;"Journal of Somaesthetics";journal;"22468498";"Aalborg University press";Yes;Yes;0,114;Q3;5;8;34;133;5;29;0,13;16,63;50,00;0;1;Denmark;Western Europe;"Aalborg University press";"2019-2024";"Arts and Humanities (miscellaneous) (Q3); Philosophy (Q3); Education (Q4)";"Arts and Humanities; Social Sciences"
606;21101236740;"Knjizenstvo";journal;"22177809";"FOKUS – Forum za interkulturnu komunikaciju";No;No;0,114;Q3;1;13;12;214;2;9;0,17;16,46;100,00;0;8;Serbia;Eastern Europe;"FOKUS – Forum za interkulturnu komunikaciju";"2023-2024";"Literature and Literary Theory (Q3); Philosophy (Q3); Visual Arts and Performing Arts (Q3); Linguistics and Language (Q4)";"Arts and Humanities; Social Sciences"
607;21100464632;"Ramon Llull Journal of Applied Ethics";journal;"2229578X, 20138393";"Universitat Ramon Llull";No;No;0,114;Q3;7;8;43;334;13;43;0,40;41,75;20,00;0;4;Spain;Western Europe;"Universitat Ramon Llull";"2015-2019, 2021-2024";"Philosophy (Q3); Sociology and Political Science (Q4)";"Arts and Humanities; Social Sciences"
608;21101154815;"Rocznik Teologii Katolickiej";journal;"16448855";"Department of Catholic Theology, University of Bialystok";No;No;0,114;Q3;2;0;43;0;8;42;0,23;0,00;0,00;0;0;Poland;Eastern Europe;"Department of Catholic Theology, University of Bialystok";"2019-2023";"History (Q3); Philosophy (Q3); Religious Studies (Q3); Education (Q4)";"Arts and Humanities; Social Sciences"
609;21100205925;"Studies in Logic, Grammar and Rhetoric";journal;"0860150X";"University of Bialystok";Yes;Yes;0,114;Q3;17;0;113;0;32;113;0,17;0,00;0,00;0;0;Poland;Eastern Europe;"University of Bialystok";"2011-2023";"Philosophy (Q3)";"Arts and Humanities"
610;21101265945;"Suranaree Journal of Social Science";journal;"2651088X";"Suranaree University of Technology";No;No;0,114;Q3;2;16;48;603;7;48;0,16;37,69;58,82;0;10;Thailand;Asiatic Region;"Suranaree University of Technology";"2020-2024";"Philosophy (Q3); Management Information Systems (Q4); Social Sciences (miscellaneous) (Q4)";"Arts and Humanities; Business, Management and Accounting; Social Sciences"
611;21100235602;"American Catholic Philosophical Quarterly";journal;"21538441, 10513558";"Philosophy Documentation Center";No;No;0,113;Q3;16;5;68;444;13;60;0,19;88,80;14,29;0;0;United States;Northern America;"Philosophy Documentation Center";"1996-2024";"Philosophy (Q3); Religious Studies (Q3)";"Arts and Humanities"
612;21100838825;"Lectora";journal;"11365781, 20139470";"Centre for Women and Literature. Gender, sexualities and cultural criticism";Yes;Yes;0,113;Q3;4;19;66;590;10;65;0,20;31,05;85,71;0;11;Spain;Western Europe;"Centre for Women and Literature. Gender, sexualities and cultural criticism";"2017-2024";"Cultural Studies (Q3); Philosophy (Q3); Gender Studies (Q4)";"Arts and Humanities; Social Sciences"
613;21101075890;"Philosophy Kitchen";journal;"23851945";"University of Torino";Yes;Yes;0,113;Q3;2;32;92;860;9;86;0,15;26,88;32,14;0;2;Italy;Western Europe;"University of Torino";"2019-2024";"Philosophy (Q3)";"Arts and Humanities"
614;21100967053;"Versus";journal;"26120909, 03938255";"Societa Editrice Il Mulino";No;No;0,113;Q3;3;19;73;681;6;73;0,12;35,84;40,91;0;0;Italy;Western Europe;"Societa Editrice Il Mulino";"2019-2024";"Philosophy (Q3); Applied Psychology (Q4); Linguistics and Language (Q4)";"Arts and Humanities; Psychology; Social Sciences"
615;21101194138;"Zeitschrift fur Medizinische Ethik";journal;"09447652";"Brill Academic Publishers";No;No;0,113;Q3;10;36;117;909;7;115;0,03;25,25;49,12;0;10;Netherlands;Western Europe;"Brill Academic Publishers";"1993-2024";"Philosophy (Q3)";"Arts and Humanities"
616;19900192120;"Acta Philosophica";journal;"11212179, 18256562";"Fabrizio Serra Editore Srl";No;No;0,112;Q3;5;21;49;1225;6;46;0,16;58,33;19,05;0;0;Italy;Western Europe;"Fabrizio Serra Editore Srl";"2011-2024";"Philosophy (Q3)";"Arts and Humanities"
617;21100933990;"Dialogue and Universalism";journal;"12345792, 16893816";"Polish Academy of Sciences - Institute of Philosophy and Sociology";No;No;0,112;Q3;3;44;145;1322;13;132;0,07;30,05;36,59;0;9;Poland;Eastern Europe;"Polish Academy of Sciences - Institute of Philosophy and Sociology";"2019-2024";"Philosophy (Q3); Communication (Q4)";"Arts and Humanities; Social Sciences"
618;21101142416;"Journal of Underrepresented and Minority Progress";journal;"25743465, 25743481";"STAR Scholars Network";No;No;0,112;Q3;5;37;42;1836;7;41;0,25;49,62;68,49;0;18;United States;Northern America;"STAR Scholars Network";"2019-2025";"Philosophy (Q3); Cultural Studies (Q4); Education (Q4); Psychology (miscellaneous) (Q4); Sociology and Political Science (Q4)";"Arts and Humanities; Psychology; Social Sciences"
619;21100201083;"Kierkegaard Studies";book series;"16129792, 14305372";"Walter de Gruyter GmbH";No;No;0,112;Q3;5;15;63;1499;9;60;0,10;99,93;50,00;0;2;Germany;Western Europe;"Walter de Gruyter GmbH";"2011-2024";"Philosophy (Q3)";"Arts and Humanities"
620;21101053554;"Studia Heideggeriana";journal;"22508740, 22508767";"Sociedad Iberoamericana de Estudios Heideggerianos";Yes;Yes;0,112;Q3;2;14;41;440;7;41;0,15;31,43;14,29;0;0;Spain;Western Europe;"Sociedad Iberoamericana de Estudios Heideggerianos";"2019, 2021-2024";"Philosophy (Q3)";"Arts and Humanities"
621;21100828018;"SVMMA";journal;"20147023";"Universitat de Barcelona";Yes;Yes;0,112;Q3;5;9;47;286;5;40;0,03;31,78;54,55;0;0;Spain;Western Europe;"Universitat de Barcelona";"2013-2019, 2021-2024";"History (Q3); Literature and Literary Theory (Q3); Philosophy (Q3); Visual Arts and Performing Arts (Q3); Archeology (arts and humanities) (Q4)";"Arts and Humanities"
622;24715;"Zeitschrift fur Philosophische Forschung";journal;"00443301";"Vittorio Klostermann";No;No;0,112;Q3;9;35;100;892;4;82;0,03;25,49;31,03;0;0;Germany;Western Europe;"Vittorio Klostermann";"1977, 2002-2024";"Philosophy (Q3)";"Arts and Humanities"
623;21100213000;"Dialogue";journal;"02428962";"Korean Neurological Association";No;No;0,112;Q4;10;42;132;658;19;126;0,14;15,67;57,78;0;9;South Korea;Asiatic Region;"Korean Neurological Association";"2001-2024";"Development (Q4); Health (social science) (Q4); Philosophy (Q4); Social Psychology (Q4)";"Arts and Humanities; Psychology; Social Sciences"
624;21100903457;"Boletin de Estetica";journal;"16687132, 24084417";"Centro de Investigaciones Filosoficas";No;Yes;0,111;Q4;2;13;47;392;3;45;0,09;30,15;18,18;0;0;Argentina;Latin America;"Centro de Investigaciones Filosoficas";"2018-2024";"Visual Arts and Performing Arts (Q3); Philosophy (Q4)";"Arts and Humanities"
625;6500153171;"Contemporary Buddhism";journal;"14639947";"Routledge";No;No;0,111;Q4;13;1;37;138;4;34;0,19;138,00;0,00;0;0;United Kingdom;Western Europe;"Routledge";"2010-2025";"Religious Studies (Q3); Philosophy (Q4)";"Arts and Humanities"
626;21101183655;"Cuestiones de Filosofia";journal;"23899441, 01235095";"Universidad Pedagogica y Tecnologica de Colombia";Yes;Yes;0,111;Q4;2;16;58;475;7;50;0,10;29,69;21,43;0;1;Colombia;Latin America;"Universidad Pedagogica y Tecnologica de Colombia";"2019-2025";"Philosophy (Q4)";"Arts and Humanities"
627;21101175747;"Currents of Encounter";book series;"09236201";"Brill: Rodopi";No;No;0,111;Q4;7;0;3;0;0;3;0,00;0,00;0,00;0;0;Netherlands;Western Europe;"Brill: Rodopi";"1989-1990, 1992, 1994-1997, 1999-2000, 2002-2008, 2010-2013, 2015-2022, 2025";"Religious Studies (Q3); Philosophy (Q4)";"Arts and Humanities"
628;21101157207;"Escritura e Imagen";journal;"18855687, 19882416";"Universidad Complutense Madrid";Yes;Yes;0,111;Q4;2;19;45;518;3;36;0,03;27,26;40,00;0;2;Spain;Western Europe;"Universidad Complutense Madrid";"2019-2024";"Literature and Literary Theory (Q3); Visual Arts and Performing Arts (Q3); Arts and Humanities (miscellaneous) (Q4); Philosophy (Q4)";"Arts and Humanities"
629;23506;"Ethical Perspectives";journal;"13700049, 17831431";"Peeters Publishers";No;No;0,111;Q4;14;8;52;196;29;48;0,81;24,50;45,45;0;0;Belgium;Western Europe;"Peeters Publishers";"1997, 1999, 2001-2005, 2011-2024";"Philosophy (Q4)";"Arts and Humanities"
630;14974;"Explorations in Renaissance Culture";journal;"00982474, 23526963";"Brill Academic Publishers";No;No;0,111;Q4;7;4;30;205;2;29;0,00;51,25;50,00;0;0;Netherlands;Western Europe;"Brill Academic Publishers";"1976, 1996-2024";"History (Q3); Literature and Literary Theory (Q3); Music (Q3); Visual Arts and Performing Arts (Q3); Cultural Studies (Q4); Philosophy (Q4)";"Arts and Humanities; Social Sciences"
631;19700174725;"Filozofska Istrazivanja";journal;"03514706";"Croatian Philosophical Society";Yes;Yes;0,111;Q4;4;10;142;410;11;133;0,09;41,00;8,33;0;1;Croatia;Eastern Europe;"Croatian Philosophical Society";"2009-2024";"Philosophy (Q4)";"Arts and Humanities"
632;5700184173;"Histoire Epistemologie Langage";journal;"07508069, 16381580";"Society for the History and Epistemology of Language Sciences";Yes;Yes;0,111;Q4;7;17;51;804;11;44;0,19;47,29;42,86;0;0;France;Western Europe;"Society for the History and Epistemology of Language Sciences";"2011-2013, 2015-2024";"Linguistics and Language (Q4); Philosophy (Q4); Psychology (miscellaneous) (Q4)";"Arts and Humanities; Psychology; Social Sciences"
633;21100404509;"International Journal for the Study of Skepticism";journal;"22105697, 22105700";"Brill Academic Publishers";No;No;0,111;Q4;9;20;42;457;3;41;0,10;22,85;0,00;0;0;Netherlands;Western Europe;"Brill Academic Publishers";"2011-2025";"Philosophy (Q4)";"Arts and Humanities"
634;21100877342;"Problemi";journal;"05552419";"Society for Theoretical Psychoanalysis";No;No;0,111;Q4;5;10;103;276;11;57;0,13;27,60;0,00;0;0;Slovenia;Eastern Europe;"Society for Theoretical Psychoanalysis";"2017-2024";"Literature and Literary Theory (Q3); Applied Psychology (Q4); Linguistics and Language (Q4); Philosophy (Q4)";"Arts and Humanities; Psychology; Social Sciences"
635;21101051213;"Revue d'Ethique et de Theologie Morale";journal;"12660078, 21184518";"";No;No;0,111;Q4;2;28;144;750;4;127;0,03;26,79;41,67;0;0;France;Western Europe;"";"2019-2024";"Religious Studies (Q3); Philosophy (Q4)";"Arts and Humanities"
636;21100432248;"Social, Economic and Political Studies of the Middle East and Asia";book series;"13853376";"Brill Academic Publishers";No;No;0,111;Q4;11;1;31;339;2;3;0,06;339,00;0,00;0;0;Netherlands;Western Europe;"Brill Academic Publishers";"2006-2009, 2012-2025";"Religious Studies (Q3); Anthropology (Q4); Economics, Econometrics and Finance (miscellaneous) (Q4); Philosophy (Q4); Sociology and Political Science (Q4)";"Arts and Humanities; Economics, Econometrics and Finance; Social Sciences"
637;21100426627;"Studies in Platonism, Neoplatonism, and the Platonic Tradition";book series;"1871188X";"Brill Academic Publishers";No;No;0,111;Q4;7;4;41;2232;8;3;0,27;558,00;50,00;0;0;Netherlands;Western Europe;"Brill Academic Publishers";"2007-2009, 2011-2016, 2018-2022, 2024";"Classics (Q3); Philosophy (Q4)";"Arts and Humanities"
638;21101089502;"Vichiana";journal;"00425079, 2035262X";"Fabrizio Serra Editore Srl";No;No;0,111;Q4;2;15;49;1074;5;49;0,09;71,60;33,33;0;1;Italy;Western Europe;"Fabrizio Serra Editore Srl";"2019-2024";"Classics (Q3); History (Q3); Literature and Literary Theory (Q3); Linguistics and Language (Q4); Philosophy (Q4)";"Arts and Humanities; Social Sciences"
639;21100874347;"Wesley and Methodist Studies";journal;"22911723";"Penn State University Press";No;No;0,111;Q4;3;11;31;619;4;28;0,17;56,27;11,11;0;2;United States;Northern America;"Penn State University Press";"2017-2025";"History (Q3); Literature and Literary Theory (Q3); Religious Studies (Q3); Philosophy (Q4)";"Arts and Humanities"
640;21100218383;"Al-Shajarah";journal;"13946870";"International Islamic University Malaysia";No;No;0,110;Q4;9;28;37;359;9;32;0,31;12,82;22,58;0;5;Malaysia;Asiatic Region;"International Islamic University Malaysia";"2011, 2013-2024";"History (Q3); Religious Studies (Q3); Cultural Studies (Q4); Philosophy (Q4)";"Arts and Humanities; Social Sciences"
641;5800157711;"Archiv fur Rechts- und Sozialphilosophie";journal;"23635606, 00012343";"Franz Steiner Verlag GmbH";No;No;0,110;Q4;6;27;98;1976;10;95;0,06;73,19;35,48;0;7;Germany;Western Europe;"Franz Steiner Verlag GmbH";"2011-2024";"Law (Q4); Philosophy (Q4)";"Arts and Humanities; Social Sciences"
642;21100979267;"Bollettino Filosofico";journal;"20352670, 15937178";"University of Naples Federico II";Yes;Yes;0,110;Q4;2;20;77;683;4;77;0,06;34,15;40,00;0;0;Italy;Western Europe;"University of Naples Federico II";"2019-2024";"Philosophy (Q4)";"Arts and Humanities"
643;19700173013;"Co-herencia";journal;"17945887";"Universidad EAFIT";Yes;Yes;0,110;Q4;8;29;85;1222;7;80;0,04;42,14;26,67;0;4;Colombia;Latin America;"Universidad EAFIT";"2009-2024";"History (Q3); Literature and Literary Theory (Q3); Music (Q3); Visual Arts and Performing Arts (Q3); Philosophy (Q4); Sociology and Political Science (Q4)";"Arts and Humanities; Social Sciences"
644;21100266735;"Comparative and Continental Philosophy";journal;"17570646, 17570638";"Maney Publishing";No;No;0,110;Q4;7;6;79;240;16;66;0,20;40,00;14,29;0;0;United Kingdom;Western Europe;"Maney Publishing";"2013-2024";"Philosophy (Q4)";"Arts and Humanities"
645;16800154735;"International Journal of Platonic Tradition";journal;"18725082, 18725473";"Brill Academic Publishers";Yes;No;0,110;Q4;10;15;35;928;5;35;0,17;61,87;38,46;0;0;Netherlands;Western Europe;"Brill Academic Publishers";"2007-2024";"Philosophy (Q4)";"Arts and Humanities"
646;5700163879;"KronoScope";journal;"1567715X, 15685241";"Brill Academic Publishers";No;No;0,110;Q4;11;6;24;222;2;20;0,10;37,00;50,00;0;0;Netherlands;Western Europe;"Brill Academic Publishers";"2001-2024";"Astronomy and Astrophysics (Q4); History and Philosophy of Science (Q4); Philosophy (Q4); Social Sciences (miscellaneous) (Q4)";"Arts and Humanities; Physics and Astronomy; Social Sciences"
647;16100154729;"Laval Theologique et Philosophique";journal;"00239054";"";No;No;0,110;Q4;9;18;73;706;6;69;0,11;39,22;5,88;0;0;Canada;Northern America;"";"2002-2024";"Philosophy (Q4); Religious Studies (Q4)";"Arts and Humanities"
648;21100464920;"Storia del Pensiero Politico";journal;"22799818";"Societa Editrice Il Mulino";No;No;0,110;Q4;3;26;108;1317;4;107;0,05;50,65;25,00;0;3;Italy;Western Europe;"Societa Editrice Il Mulino";"2016-2024";"History (Q3); Philosophy (Q4); Sociology and Political Science (Q4)";"Arts and Humanities; Social Sciences"
649;21100856609;"Cuadernos Salmantinos de Filosofia";journal;"02104857";"Universidad Pontificia de Salamanca, Servicio de Publicaciones";No;No;0,109;Q4;4;25;80;848;3;78;0,00;33,92;30,00;0;1;Spain;Western Europe;"Universidad Pontificia de Salamanca, Servicio de Publicaciones";"2017-2024";"Philosophy (Q4)";"Arts and Humanities"
650;14465;"Deutsche Vierteljahrsschrift fur Literaturwissenschaft und Geistesgeschichte";journal;"00120936";"J.B. Metzler'sche Verlagsbuchhandlung und C.E. Poeschel Verlag GmbH Stuttgart-Weimar";No;No;0,109;Q4;8;29;111;0;10;59;0,07;0,00;38,71;0;2;Germany;Western Europe;"J.B. Metzler'sche Verlagsbuchhandlung und C.E. Poeschel Verlag GmbH Stuttgart-Weimar";"1973, 1978, 1988, 1999, 2002-2025";"Literature and Literary Theory (Q3); Cultural Studies (Q4); Philosophy (Q4)";"Arts and Humanities; Social Sciences"
651;21101047376;"Dostoevsky Journal";journal;"15355314, 23752122";"Brill Academic Publishers";No;No;0,109;Q4;3;0;23;0;2;21;0,13;0,00;0,00;0;0;Netherlands;Western Europe;"Brill Academic Publishers";"2000-2001, 2003-2006, 2010, 2012, 2015-2023";"Literature and Literary Theory (Q3); Philosophy (Q4)";"Arts and Humanities"
652;21100899913;"Espacio, Tiempo y Educacion";journal;"23407263";"FahrenHouse";Yes;Yes;0,109;Q4;6;0;64;0;18;62;0,20;0,00;0,00;0;0;Spain;Western Europe;"FahrenHouse";"2018-2023";"History (Q3); Education (Q4); Philosophy (Q4); Sociology and Political Science (Q4)";"Arts and Humanities; Social Sciences"
653;21100897743;"Journal of Chinese Humanities";journal;"23521333, 23521341";"Brill Academic Publishers";Yes;Yes;0,109;Q4;5;23;62;480;15;54;0,19;20,87;5,56;0;1;Netherlands;Western Europe;"Brill Academic Publishers";"2014-2024";"History (Q3); Literature and Literary Theory (Q3); Cultural Studies (Q4); Philosophy (Q4)";"Arts and Humanities; Social Sciences"
654;26077;"Philosophical Forum";journal;"0031806X";"Wiley-Blackwell";No;No;0,109;Q4;20;23;62;811;19;56;0,28;35,26;8,70;0;3;United States;Northern America;"Wiley-Blackwell";"1973, 1988, 1996-2025";"Philosophy (Q4)";"Arts and Humanities"
655;21101007454;"Ruch Filozoficzny";journal;"25453173, 00359599";"Nicolaus Copernicus University";Yes;Yes;0,109;Q4;3;17;120;482;6;120;0,03;28,35;35,71;0;0;Poland;Eastern Europe;"Nicolaus Copernicus University";"2019-2024";"Philosophy (Q4)";"Arts and Humanities"
656;11600153637;"Sino-Christian Studies";journal;"19902670";"Chung Yuan Christian University";No;No;0,109;Q4;2;20;36;253;1;36;0,04;12,65;33,33;0;0;Taiwan;Asiatic Region;"Chung Yuan Christian University";"2013-2024";"Philosophy (Q4); Religious Studies (Q4)";"Arts and Humanities"
657;21101096692;"Wittgenstein-Studien";book series;"18687431, 18687458";"Walter de Gruyter GmbH";No;No;0,109;Q4;6;10;33;246;5;32;0,09;24,60;55,56;0;0;Germany;Western Europe;"Walter de Gruyter GmbH";"2010-2024";"Philosophy (Q4)";"Arts and Humanities"
658;21101062121;"Argument: Biannual Philosophical Journal";journal;"20841043, 20836635";"Uniwersytet Pedagogiczny";Yes;Yes;0,108;Q4;2;9;84;202;4;79;0,04;22,44;0,00;0;1;Poland;Eastern Europe;"Uniwersytet Pedagogiczny";"2019-2024";"Philosophy (Q4); Religious Studies (Q4)";"Arts and Humanities"
659;21100897782;"Education and Culture";journal;"10854908, 15591786";"Purdue University Press";No;No;0,108;Q4;4;4;29;136;3;24;0,10;34,00;66,67;0;0;United States;Northern America;"Purdue University Press";"2018-2024";"History (Q3); Cultural Studies (Q4); Education (Q4); Philosophy (Q4)";"Arts and Humanities; Social Sciences"
660;16300154731;"Etudes Philosophiques";journal;"00142166";"Presses Universitaires de France";No;No;0,108;Q4;7;10;76;351;4;71;0,03;35,10;66,67;0;0;France;Western Europe;"Presses Universitaires de France";"2001-2024";"Philosophy (Q4)";"Arts and Humanities"
661;21101101951;"Islam Tetkikleri Dergisi";journal;"27176967";"Istanbul University Press";Yes;Yes;0,108;Q4;3;20;86;858;13;86;0,11;42,90;27,78;0;2;Turkey;Middle East;"Istanbul University Press";"2020-2024";"History (Q3); Philosophy (Q4); Religious Studies (Q4)";"Arts and Humanities"
662;21101043376;"Journal of Business Ethics Education";journal;"16495195, 20444559";"NeilsonJournals Publishing";No;No;0,108;Q4;4;0;44;0;8;43;0,14;0,00;0,00;0;0;United Kingdom;Western Europe;"NeilsonJournals Publishing";"2019-2023";"Business and International Management (Q4); Business, Management and Accounting (miscellaneous) (Q4); Economics and Econometrics (Q4); Education (Q4); Philosophy (Q4)";"Arts and Humanities; Business, Management and Accounting; Economics, Econometrics and Finance; Social Sciences"
663;21101111534;"Journal of Interdisciplinary History of Ideas";journal;"22808574";"University of Torino";Yes;Yes;0,108;Q4;4;11;52;500;9;47;0,15;45,45;42,86;0;4;Italy;Western Europe;"University of Torino";"2019-2024";"Philosophy (Q4)";"Arts and Humanities"
664;5700160339;"Philosophica";journal;"03798402";"Ghent University";Yes;No;0,108;Q4;8;0;5;0;0;4;0,00;0,00;0,00;0;0;Belgium;Western Europe;"Ghent University";"2012-2015, 2017, 2022";"Philosophy (Q4)";"Arts and Humanities"
665;16400154716;"Rivista di Storia della Filosofia";journal;"19725558, 03932516";"FrancoAngeli Edizioni";No;No;0,108;Q4;10;31;119;2449;6;110;0,05;79,00;18,18;0;1;Italy;Western Europe;"FrancoAngeli Edizioni";"1984-1985, 2002-2024";"Philosophy (Q4)";"Arts and Humanities"
666;22287;"Bulletin de Philosophie Medievale";journal;"00684023";"Societe Internationale Pour l'etude de la Philosophie Medievale";No;No;0,107;Q4;3;10;42;313;4;35;0,15;31,30;25,00;0;0;Belgium;Western Europe;"Societe Internationale Pour l'etude de la Philosophie Medievale";"1968, 1983, 1996, 2018-2024";"History (Q3); Philosophy (Q4); Religious Studies (Q4)";"Arts and Humanities"
667;21101146659;"Chinese Literature and Thought Today";journal;"27683524, 27683532";"Routledge";No;No;0,107;Q4;7;16;147;156;13;117;0,10;9,75;40,00;0;3;United Kingdom;Western Europe;"Routledge";"2022-2024";"Literature and Literary Theory (Q3); Arts and Humanities (miscellaneous) (Q4); Philosophy (Q4)";"Arts and Humanities"
668;21100892239;"Journal of Indian Council of Philosophical Research";journal;"23639962, 09707794";"Springer India";No;No;0,107;Q4;6;26;74;549;6;71;0,15;21,12;25,00;0;2;India;Asiatic Region;"Springer India";"2015-2025";"Philosophy (Q4)";"Arts and Humanities"
669;5700166780;"Parallax";journal;"13534645, 1460700X";"Routledge";No;No;0,107;Q4;35;8;98;360;15;92;0,14;45,00;50,00;0;0;United Kingdom;Western Europe;"Routledge";"1995-2024";"Literature and Literary Theory (Q3); Visual Arts and Performing Arts (Q3); Cultural Studies (Q4); Philosophy (Q4)";"Arts and Humanities; Social Sciences"
670;21100858127;"Balkan Journal of Philosophy";journal;"23675438, 1313888X";"Bulgarska Akademiya na Naukite";No;No;0,106;Q4;3;8;60;222;15;60;0,25;27,75;50,00;0;3;Bulgaria;Eastern Europe;"Bulgarska Akademiya na Naukite";"2017-2024";"Philosophy (Q4)";"Arts and Humanities"
671;21100901577;"Enrahonar";journal;"0211402X, 2014881X";"Universitat Autonoma de Barcelona";Yes;Yes;0,106;Q4;4;25;86;1049;15;85;0,19;41,96;36,00;0;6;Spain;Western Europe;"Universitat Autonoma de Barcelona";"2018-2024";"Philosophy (Q4)";"Arts and Humanities"
672;21100398914;"Espiritu";journal;"00140716";"Editorial Balmes";No;No;0,106;Q4;5;15;60;464;8;55;0,22;30,93;0,00;0;0;Spain;Western Europe;"Editorial Balmes";"2015-2024";"Philosophy (Q4); Religious Studies (Q4)";"Arts and Humanities"
673;21101151817;"Think (UK)";journal;"17551196, 14771756";"Cambridge University Press";No;No;0,106;Q4;3;21;103;19;14;99;0,10;0,90;25,00;0;2;United Kingdom;Western Europe;"Cambridge University Press";"2019-2024";"Philosophy (Q4)";"Arts and Humanities"
674;21100239828;"Allgemeine Zeitschrift fur Philosophie";journal;"03407969";"Frommann-holzboog";No;No;0,105;Q4;3;20;58;504;6;55;0,05;25,20;33,33;0;1;Germany;Western Europe;"Frommann-holzboog";"2009, 2013-2024";"Philosophy (Q4)";"Arts and Humanities"
675;21101198449;"Athena: Filosofijos Studijos";journal;"18225047, 25387294";"Lithuanian Cultural Research Institute";Yes;Yes;0,105;Q4;1;11;9;380;1;7;0,11;34,55;25,00;0;2;Lithuania;Eastern Europe;"Lithuanian Cultural Research Institute";"2023-2024";"Philosophy (Q4)";"Arts and Humanities"
676;21100408844;"Islamic Philosophy, Theology and Science: Texts and Studies";book series;"01698729";"Brill Academic Publishers";No;No;0,105;Q4;11;30;33;2133;0;6;0,00;71,10;33,33;0;0;Netherlands;Western Europe;"Brill Academic Publishers";"2007-2024";"Cultural Studies (Q4); Philosophy (Q4); Religious Studies (Q4)";"Arts and Humanities; Social Sciences"
677;21101146389;"Mediterranea";journal;"24452378";"UCOPress. Editorial Universidad de Cordoba";Yes;Yes;0,105;Q4;3;17;45;607;12;38;0,36;35,71;11,76;0;0;Spain;Western Europe;"UCOPress. Editorial Universidad de Cordoba";"2019-2024";"Classics (Q3); History and Philosophy of Science (Q4); Philosophy (Q4); Religious Studies (Q4)";"Arts and Humanities"
678;21100274869;"Religiski-Filozofiski Raksti";journal;"14071908";"Latvijas Universitates Filozofijas un Sociologijas Instituts";No;No;0,105;Q4;3;0;91;0;10;89;0,04;0,00;0,00;0;0;Latvia;Eastern Europe;"Latvijas Universitates Filozofijas un Sociologijas Instituts";"2013-2023";"Philosophy (Q4); Religious Studies (Q4)";"Arts and Humanities"
679;19900191816;"Revista de Filosofia: Aurora";journal;"29651557, 29651565";"Pontificia Universidade Catolica do Parana";Yes;No;0,105;Q4;5;52;142;1179;11;136;0,05;22,67;16,95;0;10;Brazil;Latin America;"Pontificia Universidade Catolica do Parana";"2010-2025";"Philosophy (Q4)";"Arts and Humanities"
680;5600152922;"Revue du MAUSS";journal;"12474819";"Editions La Decouverte";No;No;0,105;Q4;15;21;186;695;5;178;0,01;33,10;21,74;0;0;France;Western Europe;"Editions La Decouverte";"2001-2024";"Philosophy (Q4); Sociology and Political Science (Q4)";"Arts and Humanities; Social Sciences"
681;21101219681;"Zbornik Radova Filozofskog Fakulteta u Splitu";journal;"24595128, 18469426";"Filozofski Fakultet, Sveuciliste u Splitu";Yes;Yes;0,105;Q4;1;11;38;381;4;33;0,12;34,64;66,67;0;3;Croatia;Eastern Europe;"Filozofski Fakultet, Sveuciliste u Splitu";"2021-2024";"Literature and Literary Theory (Q3); History (Q4); Linguistics and Language (Q4); Philosophy (Q4)";"Arts and Humanities; Social Sciences"
682;5700158839;"Zeitschrift fur Semiotik";journal;"01706241";"Stauffenburg Verlag";No;No;0,105;Q4;6;0;48;0;4;48;0,11;0,00;0,00;0;0;Germany;Western Europe;"Stauffenburg Verlag";"2002-2023";"Literature and Literary Theory (Q3); Cultural Studies (Q4); Linguistics and Language (Q4); Philosophy (Q4)";"Arts and Humanities; Social Sciences"
683;21100406873;"Brill's Studies in Intellectual History";book series;"09208607, 22142517";"Brill Academic Publishers";No;No;0,104;Q4;11;36;100;4420;7;9;0,03;122,78;100,00;0;0;Netherlands;Western Europe;"Brill Academic Publishers";"2005-2025";"History (Q4); Philosophy (Q4); Religious Studies (Q4)";"Arts and Humanities"
684;19700182807;"Contagion: Journal of Violence, Mimesis, and Culture";journal;"10757201, 19301200";"Michigan State University";No;No;0,104;Q4;5;15;35;812;3;33;0,09;54,13;7,69;0;0;United States;Northern America;"Michigan State University";"2010-2024";"Literature and Literary Theory (Q3); Cultural Studies (Q4); Philosophy (Q4); Religious Studies (Q4); Sociology and Political Science (Q4)";"Arts and Humanities; Social Sciences"
685;21101087238;"ESPES";journal;"13391119";"University of Presov Faculty of Arts";Yes;Yes;0,104;Q4;2;17;67;501;6;61;0,03;29,47;47,37;0;2;Slovakia;Eastern Europe;"University of Presov Faculty of Arts";"2021-2024";"Literature and Literary Theory (Q3); Visual Arts and Performing Arts (Q3); Arts and Humanities (miscellaneous) (Q4); Music (Q4); Philosophy (Q4)";"Arts and Humanities"
686;13187;"Ethics and Medicine";journal;"21688230, 0266688X";"Bioethics Press";No;No;0,104;Q4;11;0;12;0;0;9;0,00;0,00;0,00;0;0;United States;Northern America;"Bioethics Press";"1986-1996, 2000-2006, 2009-2021";"Health Policy (Q4); Philosophy (Q4); Religious Studies (Q4)";"Arts and Humanities; Medicine"
687;4700152630;"Frontiers of Philosophy in China";journal;"16733436, 1673355X";"Higher Education Press Limited Company";No;No;0,104;Q4;10;19;60;417;5;59;0,10;21,95;23,81;0;1;China;Asiatic Region;"Higher Education Press Limited Company";"2006-2024";"Philosophy (Q4)";"Arts and Humanities"
688;21101199905;"Kroatologija";journal;"18478050, 18489117";"University of Zagreb Faculty of Croatian Studies";Yes;Yes;0,104;Q4;2;24;68;769;7;64;0,10;32,04;32,14;0;4;Croatia;Eastern Europe;"University of Zagreb Faculty of Croatian Studies";"2019-2024";"Arts and Humanities (miscellaneous) (Q4); History (Q4); Philosophy (Q4)";"Arts and Humanities"
689;16000154719;"Liberte";journal;"00242020";"Collectif Liberte Inc";No;No;0,104;Q4;3;78;297;0;7;222;0,03;0,00;60,98;0;1;Canada;Northern America;"Collectif Liberte Inc";"2002-2024";"Literature and Literary Theory (Q3); Visual Arts and Performing Arts (Q3); Philosophy (Q4); Sociology and Political Science (Q4)";"Arts and Humanities; Social Sciences"
690;21101197368;"Limite (Chile)";journal;"07185065";"Universidad de Tarapaca";No;Yes;0,104;Q4;2;25;61;1377;4;61;0,05;55,08;35,94;0;7;Chile;Latin America;"Universidad de Tarapaca";"2019-2025";"Philosophy (Q4); Psychology (miscellaneous) (Q4)";"Arts and Humanities; Psychology"
691;16100154731;"Partial Answers";journal;"15653668, 19369247";"Johns Hopkins University Press";No;No;0,104;Q4;15;17;46;780;9;46;0,18;45,88;11,11;0;1;United States;Northern America;"Johns Hopkins University Press";"2003-2025";"Literature and Literary Theory (Q3); Cultural Studies (Q4); Philosophy (Q4)";"Arts and Humanities; Social Sciences"
692;21100451643;"Philosophical Readings";journal;"20364989";"Ca Foscari University Department of Philosophy and Cultural Heritage";Yes;Yes;0,104;Q4;5;1;49;44;5;49;0,21;44,00;100,00;0;0;Italy;Western Europe;"Ca Foscari University Department of Philosophy and Cultural Heritage";"2015-2024";"Philosophy (Q4)";"Arts and Humanities"
693;21100239603;"Public Reason";journal;"20657285, 20658958";"Universitatea din Bucuresti";Yes;Yes;0,104;Q4;6;0;15;0;2;13;0,20;0,00;0,00;0;0;Romania;Eastern Europe;"Universitatea din Bucuresti";"2012-2022";"Philosophy (Q4); Sociology and Political Science (Q4)";"Arts and Humanities; Social Sciences"
694;18612;"Renaissance and Reformation";journal;"0034429X";"Centre for Reformation and Renaissance Studies";No;No;0,104;Q4;9;11;122;590;16;91;0,05;53,64;45,45;0;3;Canada;Northern America;"Centre for Reformation and Renaissance Studies";"1968-1969, 1979, 1982, 1985, 1988, 2001-2024";"Literature and Literary Theory (Q3); Visual Arts and Performing Arts (Q3); History (Q4); History and Philosophy of Science (Q4); Music (Q4); Philosophy (Q4)";"Arts and Humanities"
695;21101155947;"Revista Electronica Iberoamericana";journal;"19880618";"UNIV CARLOSIII MADRID";Yes;Yes;0,104;Q4;1;33;42;896;4;32;0,10;27,15;21,74;0;17;Spain;Western Europe;"UNIV CARLOSIII MADRID";"2022-2024";"Arts and Humanities (miscellaneous) (Q4); History (Q4); Philosophy (Q4); Political Science and International Relations (Q4)";"Arts and Humanities; Social Sciences"
696;16100154740;"Russian Studies in Philosophy";journal;"15580431, 10611967";"M.E. Sharpe Inc.";No;No;0,104;Q4;5;0;78;0;10;69;0,12;0,00;0,00;0;0;United States;Northern America;"M.E. Sharpe Inc.";"1992-1995, 2002-2013, 2015-2022";"Philosophy (Q4)";"Arts and Humanities"
697;5700181417;"Tijdschrift voor Filosofie";journal;"0040750X";"Peeters Publishers";No;No;0,104;Q4;7;18;64;501;4;60;0,05;27,83;53,33;0;1;Belgium;Western Europe;"Peeters Publishers";"2002-2024";"Philosophy (Q4)";"Arts and Humanities"
698;5700169375;"Ultimate Reality and Meaning";journal;"0709549X";"University of Toronto Press";No;No;0,104;Q4;5;0;9;0;1;9;0,00;0,00;0,00;0;0;Canada;Northern America;"University of Toronto Press";"2002-2009, 2021";"Philosophy (Q4)";"Arts and Humanities"
699;19600157337;"Acta Comeniana";journal;"02315955";"Academy of Sciences of the Czech Republic";No;No;0,103;Q4;4;0;10;0;1;10;0,00;0,00;0,00;0;0;Czech Republic;Eastern Europe;"Academy of Sciences of the Czech Republic";"2005, 2007, 2009-2022";"Cultural Studies (Q4); Education (Q4); History (Q4); Philosophy (Q4); Religious Studies (Q4)";"Arts and Humanities; Social Sciences"
700;21100921168;"Argumenta Philosophica";journal;"24624993, 24625906";"Herder Editorial";No;No;0,103;Q4;2;0;32;0;1;29;0,05;0,00;0,00;0;0;Spain;Western Europe;"Herder Editorial";"2016-2023";"Visual Arts and Performing Arts (Q3); Anthropology (Q4); History and Philosophy of Science (Q4); Philosophy (Q4); Religious Studies (Q4)";"Arts and Humanities; Social Sciences"
701;21101047918;"Claridades";journal;"18896855, 19893787";"Universidad de Malaga";Yes;Yes;0,103;Q4;3;21;54;724;4;54;0,09;34,48;31,58;0;0;Spain;Western Europe;"Universidad de Malaga";"2019-2024";"Philosophy (Q4)";"Arts and Humanities"
702;19700173108;"Convivium";journal;"22552855, 00108235";"Universitat de Barcelona";Yes;Yes;0,103;Q4;4;5;48;332;3;46;0,06;66,40;14,29;0;0;Spain;Western Europe;"Universitat de Barcelona";"2009-2014, 2017-2018, 2021-2024";"Philosophy (Q4)";"Arts and Humanities"
703;19900192583;"Footprint";journal;"18751490, 18751504";"TU Delft";Yes;Yes;0,103;Q4;12;21;63;618;18;55;0,27;29,43;37,50;0;12;Netherlands;Western Europe;"TU Delft";"2007-2024";"Architecture (Q4); Philosophy (Q4)";"Arts and Humanities; Engineering"
704;21101119729;"Historica (Ostrava)";journal;"2695060X, 18037550";"University of Ostrava";Yes;Yes;0,103;Q4;2;10;28;443;4;27;0,21;44,30;30,00;0;2;Czech Republic;Eastern Europe;"University of Ostrava";"2019-2024";"Arts and Humanities (miscellaneous) (Q4); History (Q4); Philosophy (Q4)";"Arts and Humanities"
705;21101154267;"Humanitas Taiwanica";journal;"10152687";"National Taiwan University";No;No;0,103;Q4;0;0;10;0;0;10;0,00;0,00;0,00;0;0;Taiwan;Asiatic Region;"National Taiwan University";"2022";"Classics (Q3); Arts and Humanities (miscellaneous) (Q4); History (Q4); Philosophy (Q4)";"Arts and Humanities"
706;21100777279;"Kant Yearbook";journal;"18684599, 18684602";"Walter de Gruyter GmbH";No;No;0,103;Q4;4;5;19;146;5;19;0,38;29,20;0,00;0;0;Germany;Western Europe;"Walter de Gruyter GmbH";"2016-2024";"Philosophy (Q4)";"Arts and Humanities"
707;8000153148;"Kriterion";journal;"19815336, 0100512X";"Universidade de Minas Gerais";Yes;Yes;0,103;Q4;6;15;110;559;10;110;0,08;37,27;25,00;0;3;Brazil;Latin America;"Universidade de Minas Gerais";"2007-2024";"Philosophy (Q4)";"Arts and Humanities"
708;21101061966;"Kronos";journal;"18971555";"Fundacja Augusta hr. Cieszkowskiego";No;No;0,103;Q4;0;0;23;0;0;11;0,00;0,00;0,00;0;0;Poland;Eastern Europe;"Fundacja Augusta hr. Cieszkowskiego";"2019-2021, 2023";"Philosophy (Q4)";"Arts and Humanities"
709;21100406766;"Nag Hammadi and Manichaean Studies";book series;"09292470";"Brill Academic Publishers";No;No;0,103;Q4;11;0;114;0;10;12;0,20;0,00;0,00;0;0;Netherlands;Western Europe;"Brill Academic Publishers";"2005-2016, 2018-2023, 2025";"Classics (Q3); History (Q4); Philosophy (Q4); Religious Studies (Q4)";"Arts and Humanities"
710;5200152201;"Pensee";journal;"00314773";"Espaces Marx";No;No;0,103;Q4;4;0;36;0;5;34;0,00;0,00;0,00;0;0;France;Western Europe;"Espaces Marx";"1971, 1978, 2006-2021";"Philosophy (Q4); Political Science and International Relations (Q4)";"Arts and Humanities; Social Sciences"
711;21100239208;"Philosophie";journal;"02941805";"Les Editions de Minuit";No;No;0,103;Q4;3;13;53;468;3;44;0,03;36,00;38,46;1;0;France;Western Europe;"Les Editions de Minuit";"2011-2024";"Philosophy (Q4)";"Arts and Humanities"
712;21101021432;"Polemos";journal;"22819517";"Donzelli Editore Srl";No;No;0,103;Q4;2;0;12;0;0;11;0,00;0,00;0,00;0;0;Italy;Western Europe;"Donzelli Editore Srl";"2020, 2023";"Philosophy (Q4)";"Arts and Humanities"
713;21100268262;"Prakseologia";journal;"00794872";"Polska Akademia Nauk";No;No;0,103;Q4;4;0;12;0;0;11;0,00;0,00;0,00;0;0;Poland;Eastern Europe;"Polska Akademia Nauk";"2012-2021";"Business, Management and Accounting (miscellaneous) (Q4); Philosophy (Q4)";"Arts and Humanities; Business, Management and Accounting"
714;16000154763;"Raritan";journal;"02751607";"Raritan";No;No;0,103;Q4;11;28;114;0;6;111;0,05;0,00;28,57;0;2;United States;Northern America;"Raritan";"2002-2024";"Literature and Literary Theory (Q3); Visual Arts and Performing Arts (Q3); Philosophy (Q4)";"Arts and Humanities"
715;21101039064;"Revue Francaise d'Ethique Appliquee";journal;"24945757, 24270687";"ERES";No;No;0,103;Q4;2;0;68;0;8;63;0,09;0,00;0,00;0;0;France;Western Europe;"ERES";"2019-2023";"Philosophy (Q4)";"Arts and Humanities"
716;21100244202;"Revue Roumaine de Philosophie";journal;"12205400";"Publishing House of the Romanian Academy";No;No;0,103;Q4;4;35;72;1097;2;71;0,04;31,34;9,38;0;1;Romania;Eastern Europe;"Publishing House of the Romanian Academy";"2013-2024";"Philosophy (Q4)";"Arts and Humanities"
717;21100777367;"Studia Poliana";journal;"23871830";"Servicio de Publicaciones de la Universidad de Navarra";Yes;No;0,103;Q4;3;10;28;238;2;26;0,10;23,80;10,00;0;0;Spain;Western Europe;"Servicio de Publicaciones de la Universidad de Navarra";"2015-2024";"Philosophy (Q4)";"Arts and Humanities"
718;21101094996;"Vesper";journal;"27047598";"Quodlibet";No;No;0,103;Q4;2;53;150;916;6;148;0,05;17,28;29,69;0;16;Italy;Western Europe;"Quodlibet";"2019-2024";"Visual Arts and Performing Arts (Q3); Architecture (Q4); Philosophy (Q4)";"Arts and Humanities; Engineering"
719;21101075057;"Archivo Teologico Granadino";journal;"26954397, 02101629";"Universidad Loyola Andalucia";Yes;Yes;0,102;Q4;2;7;22;350;3;19;0,12;50,00;16,67;0;1;Spain;Western Europe;"Universidad Loyola Andalucia";"2019-2024";"Philosophy (Q4); Religious Studies (Q4)";"Arts and Humanities"
720;20000195096;"Bruniana e Campanelliana";journal;"11253819, 17240441";"Fabrizio Serra Editore Srl";No;No;0,102;Q4;5;4;89;55;3;85;0,04;13,75;0,00;0;0;Italy;Western Europe;"Fabrizio Serra Editore Srl";"2011-2024";"History (Q4); Philosophy (Q4)";"Arts and Humanities"
721;21101121583;"Classics Ireland";journal;"07919417";"Classical Association of Ireland";No;No;0,102;Q4;2;0;15;0;0;14;0,00;0,00;0,00;0;0;Ireland;Western Europe;"Classical Association of Ireland";"2019, 2021-2023";"Classics (Q3); Literature and Literary Theory (Q3); Archeology (arts and humanities) (Q4); History (Q4); Linguistics and Language (Q4); Philosophy (Q4)";"Arts and Humanities; Social Sciences"
722;21101224876;"Distinctio";journal;"29390826, 29392764";"Hegel Society";No;No;0,102;Q4;0;7;25;99;0;20;0,00;14,14;14,29;0;0;Croatia;Eastern Europe;"Hegel Society";"2022-2024";"Philosophy (Q4)";"Arts and Humanities"
723;21100833035;"Documenti e Studi sulla Tradizione Filosofica Medievale";journal;"11225750";"SISMEL Edizioni del Galluzzo";No;No;0,102;Q4;6;8;18;150;1;15;0,11;18,75;25,00;0;0;Italy;Western Europe;"SISMEL Edizioni del Galluzzo";"2015-2022, 2024";"History (Q4); Philosophy (Q4)";"Arts and Humanities"
724;16800154744;"Erasmus of Rotterdam Society Yearbook";journal;"18749275, 02762854";"Brill Academic Publishers";No;No;0,102;Q4;7;10;27;626;0;20;0,00;62,60;10,00;0;1;Netherlands;Western Europe;"Brill Academic Publishers";"1981-1984, 1986-1987, 1989, 1991, 1996-2008, 2010, 2012, 2014-2024";"History (Q4); Philosophy (Q4)";"Arts and Humanities"
725;5800197657;"Hume Studies";journal;"19479921, 03197336";"";No;No;0,102;Q4;23;15;24;1174;6;20;0,25;78,27;21,43;0;0;United States;Northern America;"";"1996-2020, 2022-2024";"Philosophy (Q4)";"Arts and Humanities"
726;21100438078;"International Studies in the History of Rhetoric";book series;"18751148";"Brill Academic Publishers";No;No;0,102;Q4;4;1;17;741;0;13;0,00;741,00;0,00;0;0;Netherlands;Western Europe;"Brill Academic Publishers";"2009-2010, 2012-2013, 2015, 2017-2021, 2023-2024";"Literature and Literary Theory (Q3); History (Q4); Linguistics and Language (Q4); Philosophy (Q4)";"Arts and Humanities; Social Sciences"
727;21101262972;"Journal of East Asian Cultures";journal;"27862976, 20609655";"Eotvos Lorand Tudomanyegyetem";Yes;Yes;0,102;Q4;1;13;21;472;1;19;0,05;36,31;33,33;0;5;Hungary;Eastern Europe;"Eotvos Lorand Tudomanyegyetem";"2023-2025";"History (Q4); Linguistics and Language (Q4); Philosophy (Q4); Religious Studies (Q4)";"Arts and Humanities; Social Sciences"
728;21101032316;"Kyiv-Mohyla Humanities Journal";journal;"23134895";"National University of Kyiv-Mohyla Academy";Yes;Yes;0,102;Q4;4;13;36;348;10;33;0,39;26,77;73,33;0;4;Ukraine;Eastern Europe;"National University of Kyiv-Mohyla Academy";"2019-2024";"Literature and Literary Theory (Q3); History (Q4); Philosophy (Q4)";"Arts and Humanities"
729;21100235604;"Leibniz Review";journal;"15241556, 21539162";"Philosophy Documentation Center";No;No;0,102;Q4;7;0;20;0;3;18;0,06;0,00;0,00;0;0;United States;Northern America;"Philosophy Documentation Center";"2008-2012, 2014-2023";"Philosophy (Q4)";"Arts and Humanities"
730;15921;"Lias";journal;"20334753, 20335016";"Peeters Publishers";No;No;0,102;Q4;8;0;14;0;0;14;0,00;0,00;0,00;0;0;Belgium;Western Europe;"Peeters Publishers";"1974, 1983, 1989, 2002-2007, 2010-2022";"Literature and Literary Theory (Q3); History (Q4); Philosophy (Q4)";"Arts and Humanities"
731;21101190209;"Mediaeval Sophia";journal;"19701950";"Officina di Studi Medievali";Yes;Yes;0,102;Q4;1;7;23;53;1;17;0,00;7,57;71,43;0;1;Italy;Western Europe;"Officina di Studi Medievali";"2019-2024";"Archeology (Q4); Archeology (arts and humanities) (Q4); History (Q4); History and Philosophy of Science (Q4); Philosophy (Q4)";"Arts and Humanities; Social Sciences"
732;21101039070;"Montesquieu.it";journal;"24214124";"Dipartimento di Filosofia e Comunicazione";Yes;Yes;0,102;Q4;1;7;22;176;0;20;0,00;25,14;20,00;0;1;Italy;Western Europe;"Dipartimento di Filosofia e Comunicazione";"2019-2024";"History (Q4); Law (Q4); Philosophy (Q4); Sociology and Political Science (Q4)";"Arts and Humanities; Social Sciences"
733;21101201998;"Paradigmi";journal;"2035357X, 11203404";"Societa Editrice Il Mulino";No;No;0,102;Q4;1;22;74;766;6;68;0,08;34,82;36,36;0;1;Italy;Western Europe;"Societa Editrice Il Mulino";"2022-2024";"Philosophy (Q4)";"Arts and Humanities"
734;21101248532;"Philotheos";journal;"26200163, 14513455";"Gnomon Center for the Humanities";No;No;0,102;Q4;3;0;17;0;0;17;0,00;0,00;0,00;0;0;United States;Northern America;"Gnomon Center for the Humanities";"2019-2022";"Philosophy (Q4); Religious Studies (Q4)";"Arts and Humanities"
735;21100270200;"Principia";journal;"08675392, 20843887";"Komitet Slowianoznawstwa PAN";No;No;0,102;Q4;2;0;20;0;0;20;0,00;0,00;0,00;0;0;Poland;Eastern Europe;"Komitet Slowianoznawstwa PAN";"2011-2012, 2017-2023";"Philosophy (Q4)";"Arts and Humanities"
736;21100301416;"Proceedings of the Boston Area Colloquium in Ancient Philosophy";book series;"22134417, 1059986X";"Brill Academic Publishers";No;No;0,102;Q4;9;0;29;0;2;17;0,05;0,00;0,00;0;0;Netherlands;Western Europe;"Brill Academic Publishers";"2007-2009, 2011-2021, 2023";"Classics (Q3); Philosophy (Q4)";"Arts and Humanities"
737;5800209165;"Prolegomena";journal;"13334395";"Society for the Advancement of Philosophy";Yes;Yes;0,102;Q4;6;12;34;395;2;31;0,10;32,92;25,00;0;0;Croatia;Eastern Europe;"Society for the Advancement of Philosophy";"2008-2024";"Philosophy (Q4)";"Arts and Humanities"
738;21101122878;"Revista de Comunicacao e Linguagens";journal;"21837198";"The Institute of Communication of NOVA, ICNOVA of  the Universidade NOVA from Lisbon";No;Yes;0,102;Q4;2;14;64;460;1;58;0,00;32,86;73,68;0;0;Portugal;Western Europe;"The Institute of Communication of NOVA, ICNOVA of  the Universidade NOVA from Lisbon";"2019-2024";"Literature and Literary Theory (Q3); Arts and Humanities (miscellaneous) (Q4); Philosophy (Q4); Visual Arts and Performing Arts (Q4)";"Arts and Humanities"
739;27135;"Rivista di Filosofia";journal;"00356239, 26121042";"Societa Editrice Il Mulino";No;No;0,102;Q4;3;28;64;920;6;62;0,13;32,86;25,64;0;0;Italy;Western Europe;"Societa Editrice Il Mulino";"1971, 1976, 1980, 1982, 2016-2024";"Philosophy (Q4)";"Arts and Humanities"
740;21100455736;"Texts and Studies in Eastern Christianity";book series;"22130039";"Brill Academic Publishers";No;No;0,102;Q4;6;20;70;2656;7;32;0,13;132,80;100,00;0;2;Netherlands;Western Europe;"Brill Academic Publishers";"2012, 2014-2025";"Cultural Studies (Q4); History (Q4); Philosophy (Q4); Religious Studies (Q4)";"Arts and Humanities; Social Sciences"
741;21101012346;"Ad Limina";journal;"2171620X, 26595885";"Xunta de Galicia";Yes;Yes;0,101;Q4;4;13;48;722;1;45;0,03;55,54;38,46;0;1;Spain;Western Europe;"Xunta de Galicia";"2010-2024";"Anthropology (Q4); Archeology (arts and humanities) (Q4); History (Q4); Literature and Literary Theory (Q4); Museology (Q4); Philosophy (Q4); Religious Studies (Q4); Visual Arts and Performing Arts (Q4)";"Arts and Humanities; Social Sciences"
742;21101044506;"Aethiopica";journal;"14301938, 21944024";"Harrassowitz Verlag";Yes;Yes;0,101;Q4;3;0;50;0;4;45;0,07;0,00;0,00;0;0;Germany;Western Europe;"Harrassowitz Verlag";"2019-2023";"Anthropology (Q4); Archeology (Q4); Archeology (arts and humanities) (Q4); History (Q4); Linguistics and Language (Q4); Literature and Literary Theory (Q4); Philosophy (Q4); Religious Studies (Q4)";"Arts and Humanities; Social Sciences"
743;17700154917;"Aevum - Rassegna di Scienze Storiche Linguistiche e Filologiche";journal;"00019593, 1827787X";"Vita e Pensiero";No;No;0,101;Q4;9;3;56;232;0;54;0,00;77,33;16,67;0;2;Italy;Western Europe;"Vita e Pensiero";"1979, 2001-2020, 2022-2024";"History (Q4); Linguistics and Language (Q4); Literature and Literary Theory (Q4); Philosophy (Q4)";"Arts and Humanities; Social Sciences"
744;21101039804;"Agora - Papeles de Filosofia";journal;"02116642, 21743347";"Universidade de Santiago de Compostela";No;Yes;0,101;Q4;4;44;65;902;6;64;0,09;20,50;32,26;0;1;Spain;Western Europe;"Universidade de Santiago de Compostela";"2019-2024";"Philosophy (Q4)";"Arts and Humanities"
745;21101021460;"Aither";journal;"18037860";"Palacky University Olomouc";No;No;0,101;Q4;2;4;23;244;1;22;0,00;61,00;0,00;0;1;Czech Republic;Eastern Europe;"Palacky University Olomouc";"2019-2024";"Philosophy (Q4)";"Arts and Humanities"
746;21100316037;"Ajatus";journal;"03551725";"Suomen Filosofinen Yhdistys";No;No;0,101;Q4;2;0;30;0;0;28;0,00;0,00;0,00;0;0;Finland;Western Europe;"Suomen Filosofinen Yhdistys";"2012, 2014-2015, 2017, 2021, 2023";"Philosophy (Q4)";"Arts and Humanities"
747;21101185955;"Analecta Hermeneutica";journal;"19187351";"International Institute for Hermeneutics";No;No;0,101;Q4;1;0;57;0;2;33;0,02;0,00;0,00;0;0;United States;Northern America;"International Institute for Hermeneutics";"2019-2023";"Philosophy (Q4)";"Arts and Humanities"
748;16500154702;"Antike und Abendland";journal;"00035696, 16130421";"Walter de Gruyter GmbH";No;No;0,101;Q4;10;10;28;475;3;28;0,16;47,50;20,00;0;0;Germany;Western Europe;"Walter de Gruyter GmbH";"1944, 1946, 1948, 1954, 1956-1961, 1966-1971, 1973-1987, 1989-2018, 2020-2024";"Classics (Q4); History (Q4); Literature and Literary Theory (Q4); Philosophy (Q4)";"Arts and Humanities"
749;21100202156;"Archivio di Filosofia";journal;"19700792, 00040088";"Fabrizio Serra Editore Srl";No;No;0,101;Q4;4;19;140;1168;3;134;0,01;61,47;15,79;0;1;Italy;Western Europe;"Fabrizio Serra Editore Srl";"2011-2024";"Philosophy (Q4)";"Arts and Humanities"
750;21101174185;"Ars (Sao Paulo)";journal;"16785320, 21780447";"Graduate Program in Visual Arts of the School of Communications and Arts (ECA) of the University of Sao Paulo (USP)";Yes;Yes;0,101;Q4;3;7;87;185;1;87;0,00;26,43;57,14;0;1;Brazil;Latin America;"Graduate Program in Visual Arts of the School of Communications and Arts (ECA) of the University of Sao Paulo (USP)";"2019-2024";"Arts and Humanities (miscellaneous) (Q4); Philosophy (Q4); Visual Arts and Performing Arts (Q4)";"Arts and Humanities"
751;21100232408;"Augustiniana";journal;"00048003";"Augustinian Historical Institute";No;No;0,101;Q4;4;7;31;694;1;31;0,05;99,14;16,67;0;0;Belgium;Western Europe;"Augustinian Historical Institute";"2011-2024";"Philosophy (Q4); Religious Studies (Q4)";"Arts and Humanities"
752;29135;"Aurora";book series;"20149107, 15755045";"Edicions Universitat de Barcelona";Yes;Yes;0,101;Q4;4;13;47;548;1;47;0,00;42,15;83,33;0;0;Spain;Western Europe;"Edicions Universitat de Barcelona";"2011-2017, 2019-2024";"Philosophy (Q4)";"Arts and Humanities"
753;21100324208;"Cahiers d'Etudes Levinassiennes";book series;"15655512";"Institut d'Etudes Levinasienne";No;No;0,101;Q4;1;10;36;342;0;31;0,00;34,20;22,22;0;0;Israel;Middle East;"Institut d'Etudes Levinasienne";"2013, 2015-2018, 2020-2024";"Philosophy (Q4)";"Arts and Humanities"
754;21100875057;"Classica et Mediaevalia";book series;"16049411, 01065815";"";No;No;0,101;Q4;6;22;29;1884;6;29;0,21;85,64;34,78;0;0;Denmark;Western Europe;"";"2012-2014, 2019-2024";"Classics (Q4); History (Q4); Linguistics and Language (Q4); Philosophy (Q4)";"Arts and Humanities; Social Sciences"
755;14021;"Clio";journal;"08842043";"Indiana State University";No;No;0,101;Q4;8;0;35;0;0;32;0,00;0,00;0,00;0;0;United States;Northern America;"Indiana State University";"1979-1980, 1984, 1987, 1999, 2001-2017, 2019-2023";"History (Q4); Literature and Literary Theory (Q4); Philosophy (Q4)";"Arts and Humanities"
756;21100837393;"Colloquia Maruliana";book series;"13323431, 18489613";"Knjizevni krug Split";No;No;0,101;Q4;3;9;34;135;3;25;0,04;15,00;50,00;0;3;Croatia;Eastern Europe;"Knjizevni krug Split";"2017-2024";"History (Q4); Linguistics and Language (Q4); Literature and Literary Theory (Q4); Philosophy (Q4)";"Arts and Humanities; Social Sciences"
757;21100268078;"Communio Viatorum";journal;"00103713";"Charles University in Prague, Protestant Theological Faculty";Yes;Yes;0,101;Q4;3;12;49;625;3;43;0,03;52,08;20,00;0;1;Czech Republic;Eastern Europe;"Charles University in Prague, Protestant Theological Faculty";"2011-2024";"History (Q4); Philosophy (Q4); Religious Studies (Q4)";"Arts and Humanities"
758;21100873915;"Comprendre";journal;"11399759, 23855002";"Facultat de Filosofia de la Universitat Ramon Llull";No;Yes;0,101;Q4;2;6;41;189;0;38;0,00;31,50;40,00;0;0;Spain;Western Europe;"Facultat de Filosofia de la Universitat Ramon Llull";"2015-2024";"Philosophy (Q4)";"Arts and Humanities"
759;21101168879;"Cornova";journal;"27879151, 18046983";"Institute of Czech Literature Czech Academy of Sciences";Yes;Yes;0,101;Q4;1;8;25;429;1;25;0,00;53,63;57,14;0;1;Czech Republic;Eastern Europe;"Institute of Czech Literature Czech Academy of Sciences";"2019-2024";"History (Q4); Literature and Literary Theory (Q4); Philosophy (Q4); Religious Studies (Q4)";"Arts and Humanities"
760;5700182228;"Degres";journal;"03768163";"A.S.B.L. Degres";No;No;0,101;Q4;3;7;49;257;0;47;0,00;36,71;0,00;0;0;Belgium;Western Europe;"A.S.B.L. Degres";"2002-2014, 2016-2024";"Linguistics and Language (Q4); Philosophy (Q4)";"Arts and Humanities; Social Sciences"
761;21100319039;"Discusiones Filosoficas";journal;"01246127";"Vice-Presidency for Research and Graduate, University of Caldas";Yes;Yes;0,101;Q4;4;10;64;331;7;59;0,08;33,10;18,18;0;0;Colombia;Latin America;"Vice-Presidency for Research and Graduate, University of Caldas";"2013-2024";"Philosophy (Q4)";"Arts and Humanities"
762;21101202001;"Edgar Wind Journal";journal;"27852903";"Bernardino Branca";No;No;0,101;Q4;3;8;27;373;14;21;0,52;46,63;16,67;0;0;Italy;Western Europe;"Bernardino Branca";"2021-2024";"Arts and Humanities (miscellaneous) (Q4); Philosophy (Q4)";"Arts and Humanities"
763;21101141653;"Folia Philosophica";journal;"23539445, 12310913";"Wydawnictwo Uniwersytetu Slaskiego";No;No;0,101;Q4;2;0;31;0;0;30;0,00;0,00;0,00;0;0;Poland;Eastern Europe;"Wydawnictwo Uniwersytetu Slaskiego";"2019-2023";"Philosophy (Q4)";"Arts and Humanities"
764;21100309829;"Freiburger Zeitschrift fur Philosophie und Theologie";journal;"00160725";"Academic Press Fribourg";No;No;0,101;Q4;4;0;24;0;2;24;0,00;0,00;0,00;0;0;Switzerland;Western Europe;"Academic Press Fribourg";"2012-2017, 2020-2021, 2023";"Philosophy (Q4); Religious Studies (Q4)";"Arts and Humanities"
765;19700182415;"Good Society";journal;"10890017, 15389731";"Penn State University Press";No;No;0,101;Q4;11;0;28;0;0;24;0,00;0,00;0,00;0;0;United States;Northern America;"Penn State University Press";"2010-2022";"Philosophy (Q4); Sociology and Political Science (Q4)";"Arts and Humanities; Social Sciences"
766;21101146396;"Historia Philosophica";journal;"1824095X, 17246121";"Fabrizio Serra Editore";No;No;0,101;Q4;2;17;45;225;5;43;0,08;13,24;46,67;0;0;Italy;Western Europe;"Fabrizio Serra Editore";"2019-2024";"Arts and Humanities (miscellaneous) (Q4); History (Q4); Philosophy (Q4); Social Sciences (miscellaneous) (Q4)";"Arts and Humanities; Social Sciences"
767;21100899003;"Humanitas";journal;"08711569, 21831718";"Universidade de Coimbra - Faculdade de Letras";Yes;Yes;0,101;Q4;2;19;31;495;5;31;0,09;26,05;25,00;0;1;Portugal;Western Europe;"Universidade de Coimbra - Faculdade de Letras";"2018-2024";"Archeology (arts and humanities) (Q4); Classics (Q4); History (Q4); Philosophy (Q4); Religious Studies (Q4)";"Arts and Humanities"
768;21101080113;"Hungarian Journal of English and American Studies";journal;"12187364, 27320421";"Sciendo";No;No;0,101;Q4;2;26;65;882;3;58;0,06;33,92;57,69;0;3;Poland;Eastern Europe;"Sciendo";"2019-2024";"History (Q4); Literature and Literary Theory (Q4); Philosophy (Q4); Visual Arts and Performing Arts (Q4)";"Arts and Humanities"
769;21100860059;"Hypnos";journal;"14139138, 21775346";"Faculty of Engineering, Khon Kaen University";No;No;0,101;Q4;2;12;27;496;1;27;0,06;41,33;18,18;0;0;Brazil;Latin America;"Faculty of Engineering, Khon Kaen University";"2017-2018, 2020-2024";"Classics (Q4); Philosophy (Q4)";"Arts and Humanities"
770;21101133101;"In Gremium. Studies in History, Culture and Politics";journal;"18992722";"University of Zielona Gora Library";No;No;0,101;Q4;1;0;43;0;1;43;0,03;0,00;0,00;0;0;Poland;Eastern Europe;"University of Zielona Gora Library";"2019-2023";"History (Q4); Linguistics and Language (Q4); Literature and Literary Theory (Q4); Philosophy (Q4)";"Arts and Humanities; Social Sciences"
771;5700154199;"Index on Censorship";journal;"17466067, 03064220";"SAGE Publications Inc.";No;No;0,101;Q4;11;130;345;0;29;50;0,09;0,00;47,92;0;5;United Kingdom;Western Europe;"SAGE Publications Inc.";"1972-1993, 1995-2024";"History (Q4); Philosophy (Q4); Political Science and International Relations (Q4); Sociology and Political Science (Q4)";"Arts and Humanities; Social Sciences"
772;21100203522;"Iride";journal;"11227893";"Il Mulino publishing house";No;No;0,101;Q4;6;11;86;382;4;84;0,00;34,73;53,85;0;2;Italy;Western Europe;"Il Mulino publishing house";"1997-2024";"Philosophy (Q4)";"Arts and Humanities"
773;21101064974;"Journal for Continental Philosophy of Religion";journal;"25889605, 25889613";"Brill Academic Publishers";No;No;0,101;Q4;2;14;36;714;3;29;0,08;51,00;20,00;0;0;Netherlands;Western Europe;"Brill Academic Publishers";"2020-2024";"Philosophy (Q4); Religious Studies (Q4)";"Arts and Humanities"
774;20100195048;"Journal for the History of Modern Theology";journal;"16129776, 09437592";"Walter de Gruyter GmbH";No;No;0,101;Q4;7;18;49;993;1;49;0,03;55,17;9,09;0;0;Germany;Western Europe;"Walter de Gruyter GmbH";"1994-2024";"History (Q4); Philosophy (Q4); Religious Studies (Q4)";"Arts and Humanities"
775;5800171006;"Journal of Ayn Rand Studies";journal;"15261018";"The Journal of Ayn Rand Studies Foundation";No;No;0,101;Q4;10;0;31;0;2;27;0,06;0,00;0,00;0;0;United States;Northern America;"The Journal of Ayn Rand Studies Foundation";"2002-2009, 2011-2023";"Literature and Literary Theory (Q4); Philosophy (Q4)";"Arts and Humanities"
776;11700154386;"Journal of Intellectual Property";journal;"15599493";"Illinois Institute of Technology";No;No;0,101;Q4;7;20;26;1799;1;26;0,00;89,95;40,74;0;1;United States;Northern America;"Illinois Institute of Technology";"2008-2010, 2012-2024";"Law (Q4); Philosophy (Q4)";"Arts and Humanities; Social Sciences"
777;21100871304;"Journal of Jewish Ethics";journal;"23341777, 23341785";"Penn State University Press";No;No;0,101;Q4;4;0;32;0;1;27;0,00;0,00;0,00;0;0;United States;Northern America;"Penn State University Press";"2015-2023";"Philosophy (Q4); Religious Studies (Q4)";"Arts and Humanities"
778;19700170140;"Journal of Shi'a Islamic Studies";journal;"17489423";"ICAS Press";No;No;0,101;Q4;8;7;30;382;0;26;0,00;54,57;16,67;0;0;United Kingdom;Western Europe;"ICAS Press";"2011-2024";"Cultural Studies (Q4); History (Q4); Law (Q4); Philosophy (Q4); Political Science and International Relations (Q4); Religious Studies (Q4)";"Arts and Humanities; Social Sciences"
779;5800157701;"Lingua e Stile";journal;"0024385X";"Societa Editrice Il Mulino";No;No;0,101;Q4;6;13;44;873;1;44;0,03;67,15;56,25;0;0;Italy;Western Europe;"Societa Editrice Il Mulino";"2002-2024";"Linguistics and Language (Q4); Literature and Literary Theory (Q4); Philosophy (Q4)";"Arts and Humanities; Social Sciences"
780;21404;"Medievalia et Humanistica";journal;"00766127";"Rowman and Littlefield Publishers, Inc.";No;No;0,101;Q4;6;0;46;0;3;35;0,00;0,00;0,00;0;0;United States;Northern America;"Rowman and Littlefield Publishers, Inc.";"1960, 1967, 1986, 2002-2012, 2014-2017, 2019-2023";"History (Q4); Literature and Literary Theory (Q4); Philosophy (Q4); Visual Arts and Performing Arts (Q4)";"Arts and Humanities"
781;21100466828;"Methexis";journal;"03270289, 24680974";"Brill Academic Publishers";No;No;0,101;Q4;5;12;30;284;2;29;0,10;23,67;44,44;0;0;Netherlands;Western Europe;"Brill Academic Publishers";"2012-2014, 2016-2024";"Philosophy (Q4)";"Arts and Humanities"
782;21101054425;"Orbis Idearum";journal;"23533900";"History of Ideas Research Centre, Jagiellonian University Krakow";Yes;Yes;0,101;Q4;3;11;37;443;3;34;0,09;40,27;14,29;0;3;Poland;Eastern Europe;"History of Ideas Research Centre, Jagiellonian University Krakow";"2013-2024";"Arts and Humanities (miscellaneous) (Q4); History and Philosophy of Science (Q4); Philosophy (Q4); Religious Studies (Q4); Sociology and Political Science (Q4)";"Arts and Humanities; Social Sciences"
783;21100403903;"Oriens";journal;"18778372, 00786527";"Brill Academic Publishers";No;No;0,101;Q4;16;4;31;148;16;31;0,37;37,00;0,00;0;0;Netherlands;Western Europe;"Brill Academic Publishers";"2009-2024";"Cultural Studies (Q4); Philosophy (Q4); Religious Studies (Q4)";"Arts and Humanities; Social Sciences"
784;21101033879;"Peitho";journal;"23009004, 20827539";"Uniwersytet im. Adama Mickiewicza w Poznaniu";Yes;Yes;0,101;Q4;6;21;29;1009;4;27;0,06;48,05;33,33;0;0;Poland;Eastern Europe;"Uniwersytet im. Adama Mickiewicza w Poznaniu";"2010-2024";"Philosophy (Q4)";"Arts and Humanities"
785;21100215181;"Philosophia Reformata";journal;"00318035";"Brill Academic Publishers";No;No;0,101;Q4;7;10;23;286;1;22;0,07;28,60;10,00;0;0;Netherlands;Western Europe;"Brill Academic Publishers";"2011-2024";"Philosophy (Q4); Religious Studies (Q4)";"Arts and Humanities"
786;21100322091;"Philosophie Antique";book series;"16344561";"Presses Universitaires du Septentrion";No;No;0,101;Q4;7;1;25;63;3;25;0,08;63,00;0,00;0;0;France;Western Europe;"Presses Universitaires du Septentrion";"2002, 2012-2024";"Classics (Q4); Philosophy (Q4)";"Arts and Humanities"
787;16400154715;"Recherches sur Diderot et sur L'Encyclopedie";journal;"19552416, 07690886";"Societe Diderot";No;No;0,101;Q4;7;0;39;0;2;36;0,00;0,00;0,00;0;0;France;Western Europe;"Societe Diderot";"2002-2018, 2020-2023";"Literature and Literary Theory (Q4); Philosophy (Q4)";"Arts and Humanities"
788;21100242269;"Revista de Estudios Orteguianos";journal;"15770079";"Fundacion Jose Ortega y Gasset";No;No;0,101;Q4;3;16;55;437;2;33;0,05;27,31;20,00;0;1;Spain;Western Europe;"Fundacion Jose Ortega y Gasset";"2012-2024";"Philosophy (Q4)";"Arts and Humanities"
789;21100268081;"Revista de Hispanismo Filosofico";journal;"11368071";"Fondo de Cultura Economica";No;No;0,101;Q4;3;0;39;0;2;30;0,05;0,00;0,00;0;0;Spain;Western Europe;"Fondo de Cultura Economica";"2013-2014, 2016, 2018-2023";"Philosophy (Q4)";"Arts and Humanities"
790;21101264301;"Revista do CAAP";journal;"14150344, 22383840";"Faculdade de Direito da Universidade Federal de Minas Gerais";Yes;No;0,101;Q4;0;22;43;388;0;39;0,00;17,64;55,56;0;11;Brazil;Latin America;"Faculdade de Direito da Universidade Federal de Minas Gerais";"2020-2025";"Anthropology (Q4); Gender Studies (Q4); Law (Q4); Philosophy (Q4); Social Sciences (miscellaneous) (Q4); Sociology and Political Science (Q4)";"Arts and Humanities; Social Sciences"
791;27105;"Revue de synthese / Centre international de synthese";journal;"00351776";"Brill Academic Publishers";No;No;0,101;Q4;10;14;67;837;5;64;0,03;59,79;38,46;0;3;France;Western Europe;"Brill Academic Publishers";"1950-1954, 1956-1965, 1967-1972, 1979, 1981-2016, 2018-2025";"Philosophy (Q4)";"Arts and Humanities"
792;27129;"Revue Internationale de Philosophie";journal;"00488143";"Universa Press";No;No;0,101;Q4;14;13;54;744;2;48;0,00;57,23;41,67;0;0;Belgium;Western Europe;"Universa Press";"1983, 2002-2024";"Philosophy (Q4)";"Arts and Humanities"
793;5700152710;"Revue Philosophique de la France et de La Etranger";journal;"00353833";"Presses Universitaires de France";No;No;0,101;Q4;6;0;52;0;2;50;0,03;0,00;0,00;0;0;France;Western Europe;"Presses Universitaires de France";"1949, 2001-2023";"Philosophy (Q4)";"Arts and Humanities"
794;17441;"Rinascimento";journal;"00803073, 20376138";"Casa Editrice Leo S. Olschki";No;No;0,101;Q4;9;1;32;0;3;30;0,20;0,00;0,00;0;0;Italy;Western Europe;"Casa Editrice Leo S. Olschki";"1978, 1986-1987, 2001-2012, 2017-2022";"Cultural Studies (Q4); History (Q4); Philosophy (Q4)";"Arts and Humanities; Social Sciences"
795;16100154745;"Russell - Journal of the Bertrand Russell Studies";journal;"00360163";"Johns Hopkins University Press";No;No;0,101;Q4;7;10;40;288;1;30;0,03;28,80;0,00;0;0;United States;Northern America;"Johns Hopkins University Press";"2002-2024";"Philosophy (Q4)";"Arts and Humanities"
796;21101165014;"Saint Anselm Journal";journal;"26896230, 15453367";"Catholic University of America Press";No;No;0,101;Q4;1;12;30;68;0;29;0,00;5,67;25,00;0;2;United States;Northern America;"Catholic University of America Press";"2019-2024";"Philosophy (Q4); Religious Studies (Q4)";"Arts and Humanities"
797;21100937889;"Scripta Mediaevalia";journal;"18518753, 23624868";"Editorial de la Facultad de Filosofia y Letras de la Universidad Nacional de Cuyo";Yes;Yes;0,101;Q4;1;9;34;290;1;34;0,04;32,22;12,50;0;0;Argentina;Latin America;"Editorial de la Facultad de Filosofia y Letras de la Universidad Nacional de Cuyo";"2019-2024";"Philosophy (Q4)";"Arts and Humanities"
798;21100228015;"Signos Filosoficos";journal;"16651324";"Universidad Autonoma Metropolitana-Iztapalapa";Yes;No;0,101;Q4;4;5;42;197;1;42;0,04;39,40;33,33;0;1;Mexico;Latin America;"Universidad Autonoma Metropolitana-Iztapalapa";"2012-2024";"Philosophy (Q4)";"Arts and Humanities"
799;21100256129;"Societate si Politica";journal;"20677812, 18431348";"Universitatea de Vest Vasile Goldis din Arad";Yes;Yes;0,101;Q4;6;0;27;0;0;27;0,00;0,00;0,00;0;0;Romania;Eastern Europe;"Universitatea de Vest Vasile Goldis din Arad";"2013-2023";"History (Q4); Philosophy (Q4); Sociology and Political Science (Q4)";"Arts and Humanities; Social Sciences"
800;21101089092;"Studi Kantiani";journal;"11234938, 17241812";"Fabrizio Serra Editore Srl";No;No;0,101;Q4;2;0;34;0;2;33;0,06;0,00;0,00;0;0;Italy;Western Europe;"Fabrizio Serra Editore Srl";"2019-2023";"Philosophy (Q4)";"Arts and Humanities"
801;27236;"Studia Leibnitiana";journal;"00393185, 2366228X";"Franz Steiner Verlag GmbH";No;No;0,101;Q4;9;0;27;0;2;26;0,05;0,00;0,00;0;0;Germany;Western Europe;"Franz Steiner Verlag GmbH";"1973-1974, 1976, 1987, 2003-2006, 2008-2023";"History and Philosophy of Science (Q4); Philosophy (Q4)";"Arts and Humanities"
802;21101060911;"Studies in the History of Philosophy";journal;"20831978, 2391775X";"Nicolaus Copernicus University";Yes;Yes;0,101;Q4;2;21;73;708;6;64;0,06;33,71;38,10;0;3;Poland;Eastern Europe;"Nicolaus Copernicus University";"2019-2024";"Philosophy (Q4)";"Arts and Humanities"
803;21101232740;"TheoRemes";journal;"16640136";"Association De La Revue Theoremes";Yes;No;0,101;Q4;1;14;26;469;0;21;0,00;33,50;23,08;0;0;France;Western Europe;"Association De La Revue Theoremes";"2019, 2021-2024";"Philosophy (Q4); Religious Studies (Q4)";"Arts and Humanities"
804;21101145386;"Value Inquiry Book Series";book series;"09298436";"Brill: Rodopi";No;No;0,101;Q4;10;49;306;1346;27;21;0,09;27,47;0,00;0;0;Netherlands;Western Europe;"Brill: Rodopi";"1994-2025";"Philosophy (Q4); Religious Studies (Q4)";"Arts and Humanities"
805;28873;"Zeitschrift fur Religions- und Geistesgeschichte";journal;"00443441, 15700739";"Brill Academic Publishers";No;No;0,101;Q4;7;17;50;1035;9;48;0,21;60,88;30,77;0;2;Netherlands;Western Europe;"Brill Academic Publishers";"1929, 1948-1949, 1951-2000, 2006-2025";"History (Q4); Philosophy (Q4); Religious Studies (Q4)";"Arts and Humanities"
806;21100202738;"Analele Universitatii din Craiova, Seria Filozofie";journal;"18418325";"Universitatea din Craiova";No;No;0,100;Q4;6;9;59;299;0;59;0,00;33,22;50,00;0;2;Romania;Eastern Europe;"Universitatea din Craiova";"2011-2019, 2021-2024";"Philosophy (Q4)";"Arts and Humanities"
807;21100396117;"Anales del Instituto de Investigaciones Esteticas";journal;"18703062, 01851276";"Universidad Nacional Autonoma de Mexico";Yes;Yes;0,100;Q4;4;19;72;966;4;68;0,06;50,84;55,56;0;3;Mexico;Latin America;"Universidad Nacional Autonoma de Mexico";"2014-2024";"Philosophy (Q4); Visual Arts and Performing Arts (Q4)";"Arts and Humanities"
808;19500157420;"Aut Aut";journal;"00050601";"La Nuova Italia Editrice S.p.A";No;No;0,100;Q4;4;56;177;1474;5;170;0,04;26,32;38,00;0;0;Italy;Western Europe;"La Nuova Italia Editrice S.p.A";"2009-2024";"Cultural Studies (Q4); Philosophy (Q4)";"Arts and Humanities; Social Sciences"
809;21100944391;"Cultura";journal;"03931560, 26122391";"Societa Editrice Il Mulino";No;No;0,100;Q4;2;23;82;1144;3;79;0,02;49,74;30,43;0;3;Italy;Western Europe;"Societa Editrice Il Mulino";"2019-2024";"Arts and Humanities (miscellaneous) (Q4); History (Q4); Literature and Literary Theory (Q4); Philosophy (Q4)";"Arts and Humanities"
810;24887;"Dalhousie Review";journal;"00115827";"Dalhousie University Press, Ltd.";No;No;0,100;Q4;6;0;88;0;0;71;0,00;0,00;0,00;0;0;Canada;Northern America;"Dalhousie University Press, Ltd.";"1973, 1975, 1980, 1985, 1999, 2002-2023";"Literature and Literary Theory (Q4); Philosophy (Q4); Sociology and Political Science (Q4)";"Arts and Humanities; Social Sciences"
811;24794;"Das Argument";journal;"00041157";"Argument Verlag GmbH";No;No;0,100;Q4;5;0;152;0;1;140;0,00;0,00;0,00;0;0;Germany;Western Europe;"Argument Verlag GmbH";"1979, 2011, 2013-2023";"Philosophy (Q4); Social Sciences (miscellaneous) (Q4)";"Arts and Humanities; Social Sciences"
812;21100903778;"Film-Philosophy";journal;"14664615";"Edinburgh University Press";Yes;Yes;0,100;Q4;13;26;61;999;12;59;0,11;38,42;37,50;0;1;United Kingdom;Western Europe;"Edinburgh University Press";"1998-1999, 2006-2025";"Communication (Q4); Philosophy (Q4); Visual Arts and Performing Arts (Q4)";"Arts and Humanities; Social Sciences"
813;24134;"Giornale Critico della Filosofia Italiana";journal;"00170089";"Casa Editrice le Lettere";No;No;0,100;Q4;6;17;104;1016;3;90;0,04;59,76;6,67;0;0;Italy;Western Europe;"Casa Editrice le Lettere";"1966, 1973, 1975, 1977, 2002-2024";"Philosophy (Q4)";"Arts and Humanities"
814;21101091710;"Itinera";journal;"20399251";"Universita degli Studi di Milano";Yes;Yes;0,100;Q4;1;57;136;2488;5;135;0,05;43,65;53,45;0;6;Italy;Western Europe;"Universita degli Studi di Milano";"2019-2024";"Arts and Humanities (miscellaneous) (Q4); Philosophy (Q4); Visual Arts and Performing Arts (Q4)";"Arts and Humanities"
815;21100243005;"Journal of Philosophy ARHE";journal;"18200958, 18214959";"Faculty of Arts, Department of Philosophy Novi Sad";No;No;0,100;Q4;2;35;97;978;0;96;0,00;27,94;44,74;0;5;Serbia;Eastern Europe;"Faculty of Arts, Department of Philosophy Novi Sad";"2012-2024";"Philosophy (Q4)";"Arts and Humanities"
816;21100928681;"Lebenswelt";journal;"22409599";"Universita degli Studi di Milano";Yes;Yes;0,100;Q4;1;1;60;40;0;58;0,00;40,00;100,00;0;0;Italy;Western Europe;"Universita degli Studi di Milano";"2019-2024";"Philosophy (Q4)";"Arts and Humanities"
817;5700168842;"Magyar Filozofiai Szemle";journal;"00250090, 15881024";"Aron Publishers";Yes;No;0,100;Q4;5;2;158;77;0;150;0,00;38,50;0,00;0;0;Hungary;Eastern Europe;"Aron Publishers";"2011-2024";"Philosophy (Q4)";"Arts and Humanities"
818;19700172905;"Philosophische Rundschau";journal;"00318159, 18687261";"JCB Mohr";No;No;0,100;Q4;3;16;68;183;3;58;0,00;11,44;18,18;0;0;Germany;Western Europe;"JCB Mohr";"2004, 2010-2024";"Philosophy (Q4)";"Arts and Humanities"
819;21100862891;"Quaestio";journal;"22959033, 13792547";"Brepols Publishers";No;No;0,100;Q4;4;0;70;0;5;62;0,04;0,00;0,00;0;0;Belgium;Western Europe;"Brepols Publishers";"2017-2023";"Philosophy (Q4)";"Arts and Humanities"
820;21100314718;"Radix";journal;"01654322";"ForumC";No;No;0,100;Q4;2;30;110;476;0;97;0,00;15,87;15,38;0;1;Netherlands;Western Europe;"ForumC";"2011-2024";"History and Philosophy of Science (Q4); Philosophy (Q4); Religious Studies (Q4)";"Arts and Humanities"
821;21100383406;"Reflexe";journal;"08626901";"Oikoymenh";Yes;Yes;0,100;Q4;2;13;78;647;2;62;0,03;49,77;16,67;0;0;Czech Republic;Eastern Europe;"Oikoymenh";"2014-2024";"Philosophy (Q4); Religious Studies (Q4)";"Arts and Humanities"
822;21101041503;"Revista Archai";journal;"21794960, 1984249X";"Imprensa da Universidade de Coimbra";Yes;Yes;0,100;Q4;3;32;95;928;7;93;0,03;29,00;31,03;0;2;Portugal;Western Europe;"Imprensa da Universidade de Coimbra";"2019-2024";"Archeology (Q4); Archeology (arts and humanities) (Q4); History (Q4); Law (Q4); Linguistics and Language (Q4); Philosophy (Q4); Social Sciences (miscellaneous) (Q4); Visual Arts and Performing Arts (Q4)";"Arts and Humanities; Social Sciences"
823;5800152988;"Revista de Letras";journal;"01013505, 19817886";"Universidade Estadual Paulista (UNESP)";No;Yes;0,100;Q4;3;5;59;77;2;56;0,05;15,40;0,00;0;2;Brazil;Latin America;"Universidade Estadual Paulista (UNESP)";"2004-2023";"Literature and Literary Theory (Q4); Philosophy (Q4)";"Arts and Humanities"
824;21100237417;"Revue Thomiste";journal;"00354295";"P. Lethielleux";No;No;0,100;Q4;3;33;117;1376;2;112;0,02;41,70;12,50;0;0;France;Western Europe;"P. Lethielleux";"2011-2024";"Philosophy (Q4); Religious Studies (Q4)";"Arts and Humanities"
825;17400154832;"Rivista di Filosofia Neo-Scolastica";journal;"00356247, 18277926";"Vita e Pensiero";No;No;0,100;Q4;6;10;90;413;4;90;0,02;41,30;59,26;0;3;Italy;Western Europe;"Vita e Pensiero";"2002-2024";"Philosophy (Q4)";"Arts and Humanities"
826;21101132933;"Sguardo";journal;"20366558";"InSchibboleth Edizioni";Yes;Yes;0,100;Q4;2;0;97;0;2;91;0,00;0,00;0,00;0;0;Italy;Western Europe;"InSchibboleth Edizioni";"2019-2023";"History and Philosophy of Science (Q4); Philosophy (Q4); Political Science and International Relations (Q4); Sociology and Political Science (Q4)";"Arts and Humanities; Social Sciences"
827;16300154714;"Sinn und Form";journal;"00375756";"Aufbau-Verlag GmbH";No;No;0,100;Q4;3;0;242;0;0;230;0,00;0,00;0,00;0;0;Germany;Western Europe;"Aufbau-Verlag GmbH";"2002-2014, 2016-2023";"Cultural Studies (Q4); Literature and Literary Theory (Q4); Philosophy (Q4); Religious Studies (Q4)";"Arts and Humanities; Social Sciences"
828;21100928944;"Svet Literatury";journal;"23366729, 08628440";"Charles University, Faculty of Arts";Yes;Yes;0,100;Q4;2;30;99;686;3;98;0,04;22,87;64,29;0;1;Czech Republic;Eastern Europe;"Charles University, Faculty of Arts";"2019-2024";"History (Q4); Linguistics and Language (Q4); Literature and Literary Theory (Q4); Philosophy (Q4)";"Arts and Humanities; Social Sciences"
829;17900156732;"Topicos";journal;"1666485X";"Asociacion Revista de Filosofia de Santa Fe";Yes;Yes;0,100;Q4;3;29;72;717;2;71;0,04;24,72;11,54;0;3;Argentina;Latin America;"Asociacion Revista de Filosofia de Santa Fe";"2008-2024";"Philosophy (Q4)";"Arts and Humanities"
830;21100440524;"Aries Book Series";book series;"18711405";"Brill Academic Publishers";No;No;;-;5;17;18;1307;0;0;0,00;76,88;33,33;0;0;Netherlands;Western Europe;"Brill Academic Publishers";"2007-2008, 2010, 2012-2017, 2019, 2021, 2024-2025";"Philosophy; Religious Studies";"Arts and Humanities"
831;21100427821;"Brill's Inner Asian Library";book series;"15667162";"Brill Academic Publishers";No;No;;-;10;1;1;215;0;0;0,00;215,00;100,00;0;0;Netherlands;Western Europe;"Brill Academic Publishers";"2007-2009, 2011-2013, 2015, 2017-2018, 2020-2021, 2024";"History; Linguistics and Language; Philosophy; Social Sciences (miscellaneous); Visual Arts and Performing Arts";"Arts and Humanities; Social Sciences"
832;21100406860;"Critical Studies in German Idealism";book series;"18789994, 18789986";"Brill Academic Publishers";No;No;;-;4;19;17;733;0;0;0,00;38,58;0,00;0;0;Netherlands;Western Europe;"Brill Academic Publishers";"2010-2012, 2014-2015, 2017-2025";"Philosophy";"Arts and Humanities"
833;21100241629;"Dionysius";journal;"07051085";"Dalhousie University Press, Ltd.";No;No;;-;4;6;0;117;0;0;0,00;19,50;0,00;0;1;Canada;Northern America;"Dalhousie University Press, Ltd.";"2011-2020, 2024";"Classics; History; Philosophy; Religious Studies";"Arts and Humanities"
834;21100430764;"Modern Chinese Philosophy";book series;"18759386";"Brill Academic Publishers";No;No;;-;4;2;1;759;0;0;0,00;379,50;0,00;0;0;Netherlands;Western Europe;"Brill Academic Publishers";"2010-2014, 2016-2020, 2022, 2024";"Philosophy";"Arts and Humanities"
835;21100425874;"Philosophy of History and Culture";book series;"09226001";"Brill Academic Publishers";No;No;;-;7;1;1;228;0;0;0,00;228,00;0,00;0;0;Netherlands;Western Europe;"Brill Academic Publishers";"2007-2009, 2011, 2013-2014, 2016-2018, 2021, 2024";"Philosophy";"Arts and Humanities"
836;21101240668;"Specula. Revista de Humanidades y Espiritualidad";journal;"27923290, 26972484";"";Yes;Yes;;-;1;23;0;832;0;0;0,00;36,17;47,06;0;2;Spain;Western Europe;"";"2024-2025";"Arts and Humanities (miscellaneous); History; Philosophy; Religious Studies";"Arts and Humanities"
837;21100409601;"Studien und Texte zur Geistesgeschichte des Mittelalters";book series;"01698028";"Brill Academic Publishers";No;No;;-;9;1;0;411;0;0;0,00;411,00;0,00;0;0;Netherlands;Western Europe;"Brill Academic Publishers";"2007-2020, 2024";"History; Philosophy; Religious Studies";"Arts and Humanities"
838;21101196748;"Theology in Practice";book series;"23529288";"Brill Academic Publishers";No;No;;-;6;2;14;385;0;0;0,00;192,50;50,00;0;1;Netherlands;Western Europe;"Brill Academic Publishers";"2016-2018, 2020-2021, 2024-2025";"Philosophy; Religious Studies";"Arts and Humanities"
