Rank;Sourceid;Title;Type;Issn;Publisher;Open Access;Open Access Diamond;SJR;SJR Quartile;H index;Total Docs. (2024);Total Docs. (3years);Total Refs.;Total Citations (3years);Citable Docs. (3years);Citations / Doc. (2years);Ref. / Doc.;%Female;Overton;SDG;Country;Region;Publisher;Coverage;Categories;Areas
1;21101074919;"Computers and Education: Artificial Intelligence";journal;"2666920X";"Elsevier B.V.";Yes;No;5,217;Q1;51;140;180;9490;5897;179;30,12;67,79;38,94;2;44;Netherlands;Western Europe;"Elsevier B.V.";"2020-2025";"Artificial Intelligence (Q1); Computer Science Applications (Q1); Education (Q1)";"Computer Science; Social Sciences"
2;11800154593;"Strategic Organization";journal;"1741315X, 14761270";"SAGE Publications Ltd";No;No;5,210;Q1;80;56;131;4732;1149;120;5,64;84,50;24,43;0;9;United Kingdom;Western Europe;"SAGE Publications Ltd";"2003-2025";"Business and International Management (Q1); Education (Q1); Industrial Relations (Q1); Strategy and Management (Q1)";"Business, Management and Accounting; Social Sciences"
3;16512;"Review of Educational Research";journal;"00346543, 19351046";"SAGE Publications Inc.";No;No;4,700;Q1;198;63;76;8164;1166;75;13,17;129,59;64,04;7;34;United States;Northern America;"SAGE Publications Inc.";"1931-2025";"Education (Q1)";"Social Sciences"
4;14278;"Educational Psychology Review";journal;"1040726X, 1573336X";"Springer New York";No;No;4,384;Q1;156;133;281;12863;4006;259;11,63;96,71;51,80;3;39;United States;Northern America;"Springer New York";"1989-2025";"Developmental and Educational Psychology (Q1); Education (Q1)";"Psychology; Social Sciences"
5;21100403241;"Research Synthesis Methods";journal;"17592879, 17592887";"Cambridge University Press";No;No;4,020;Q1;77;93;202;3848;2246;182;6,42;41,38;42,78;2;7;United Kingdom;Western Europe;"Cambridge University Press";"2010-2024";"Education (Q1)";"Social Sciences"
6;21100466714;"International Journal of Educational Technology in Higher Education";journal;"23659440";"Springer Netherlands";Yes;Yes;3,912;Q1;77;64;189;4480;4081;185;22,57;70,00;46,88;6;22;Netherlands;Western Europe;"Springer Netherlands";"2016-2025";"Computer Science Applications (Q1); Education (Q1); E-learning (Q1)";"Computer Science; Social Sciences"
7;4700152248;"Educational Research Review";journal;"1747938X";"Elsevier Ltd";No;No;3,839;Q1;117;47;131;5165;2039;131;13,85;109,89;57,14;3;17;United Kingdom;Western Europe;"Elsevier Ltd";"2006-2025";"Education (Q1)";"Social Sciences"
8;17645;"Computers and Education";journal;"03601315";"Elsevier Ltd";No;No;3,343;Q1;253;114;532;9220;8044;532;13,85;80,88;45,14;4;53;United Kingdom;Western Europe;"Elsevier Ltd";"1976-2025";"Computer Science (miscellaneous) (Q1); Education (Q1); E-learning (Q1)";"Computer Science; Social Sciences"
9;19700201158;"Studies in Science Education";journal;"19408412, 03057267";"Taylor and Francis Ltd.";No;No;2,951;Q1;58;18;24;2717;314;24;14,28;150,94;63,46;1;7;United Kingdom;Western Europe;"Taylor and Francis Ltd.";"1974-2025";"Education (Q1)";"Social Sciences"
10;13502;"Developmental Review";journal;"02732297, 10902406";"Elsevier Inc.";No;No;2,920;Q1;121;33;75;4421;665;75;6,42;133,97;52,04;0;2;United States;Northern America;"Elsevier Inc.";"1981-2025";"Developmental and Educational Psychology (Q1); Education (Q1); Experimental and Cognitive Psychology (Q1); Pediatrics, Perinatology and Child Health (Q1); Psychiatry and Mental Health (Q1)";"Medicine; Psychology; Social Sciences"
11;23429;"Assessing Writing";journal;"10752935";"Elsevier Ltd";No;No;2,847;Q1;56;64;171;3276;1262;157;7,41;51,19;42,03;0;9;United Kingdom;Western Europe;"Elsevier Ltd";"1994-2000, 2002-2025";"Education (Q1); Linguistics and Language (Q1)";"Social Sciences"
12;5800194481;"Educational Researcher";journal;"0013189X";"SAGE Publications Inc.";No;No;2,835;Q1;158;56;201;3029;1428;194;5,76;54,09;56,20;0;30;United States;Northern America;"SAGE Publications Inc.";"1972-2025";"Education (Q1)";"Social Sciences"
13;12808;"Journal of Educational Psychology";journal;"19392176, 00220663";"American Psychological Association";No;No;2,833;Q1;264;75;277;7523;2155;276;7,27;100,31;52,12;0;37;United States;Northern America;"American Psychological Association";"1910-2025";"Developmental and Educational Psychology (Q1); Education (Q1)";"Psychology; Social Sciences"
14;12006;"Journal of Vocational Behavior";journal;"10959084, 00018791";"Academic Press Inc.";No;No;2,793;Q1;197;56;235;5670;1873;232;6,06;101,25;49,78;0;14;United States;Northern America;"Academic Press Inc.";"1971-2025";"Applied Psychology (Q1); Education (Q1); Life-span and Life-course Studies (Q1); Organizational Behavior and Human Resource Management (Q1)";"Business, Management and Accounting; Psychology; Social Sciences"
15;23988;"British Journal of Educational Technology";journal;"00071013, 14678535";"Wiley-Blackwell Publishing Ltd";No;No;2,690;Q1;127;150;332;9981;3909;315;11,38;66,54;49,57;1;81;United Kingdom;Western Europe;"Wiley-Blackwell Publishing Ltd";"1970-2025";"Education (Q1); E-learning (Q1)";"Social Sciences"
16;21100873488;"International Journal of STEM Education";journal;"21967822";"SpringerOpen";Yes;No;2,606;Q1;63;60;196;5664;2149;185;10,35;94,40;62,60;0;23;Switzerland;Western Europe;"SpringerOpen";"2014-2025";"Education (Q1)";"Social Sciences"
17;29432;"American Educational Research Journal";journal;"00028312, 19351011";"SAGE Publications Ltd";No;No;2,592;Q1;151;39;107;3196;665;107;4,73;81,95;60,34;6;21;United States;Northern America;"SAGE Publications Ltd";"1978, 1982, 1986, 1996-2025";"Education (Q1)";"Social Sciences"
18;18676;"Technology in Society";journal;"0160791X";"Elsevier Ltd";No;No;2,559;Q1;112;315;861;27066;13616;859;15,82;85,92;34,40;4;174;United Kingdom;Western Europe;"Elsevier Ltd";"1979-2025";"Business and International Management (Q1); Education (Q1); Human Factors and Ergonomics (Q1); Sociology and Political Science (Q1)";"Business, Management and Accounting; Social Sciences"
19;16055;"Reading Research Quarterly";journal;"00340553";"Wiley-Blackwell";No;No;2,513;Q1;111;50;169;3390;1104;154;5,05;67,80;69,35;0;20;United States;Northern America;"Wiley-Blackwell";"1996-2025";"Developmental and Educational Psychology (Q1); Education (Q1)";"Psychology; Social Sciences"
20;3900148216;"Studies in Second Language Acquisition";journal;"02722631";"Cambridge University Press";No;No;2,506;Q1;122;74;182;4666;1082;171;5,93;63,05;47,57;0;3;United Kingdom;Western Europe;"Cambridge University Press";"1978-2025";"Education (Q1); Linguistics and Language (Q1)";"Social Sciences"
21;5800169055;"RELC Journal";journal;"1745526X, 00336882";"SAGE Publications Ltd";No;No;2,478;Q1;55;122;181;3514;1707;168;10,77;28,80;44,91;0;17;United Kingdom;Western Europe;"SAGE Publications Ltd";"1970-2025";"Education (Q1); Linguistics and Language (Q1)";"Social Sciences"
22;21100981101;"Smart Learning Environments";journal;"21967091";"SpringerOpen";Yes;No;2,476;Q1;41;63;136;4146;2297;134;18,53;65,81;40,82;0;30;United Kingdom;Western Europe;"SpringerOpen";"2014-2018, 2020-2025";"Computer Science Applications (Q1); Education (Q1)";"Computer Science; Social Sciences"
23;12841;"Clinical Child and Family Psychology Review";journal;"15732827, 10964037";"Kluwer Academic Publishers";No;No;2,455;Q1;125;49;126;5233;959;124;6,32;106,80;74,88;0;8;United States;Northern America;"Kluwer Academic Publishers";"1998-2025";"Clinical Psychology (Q1); Developmental and Educational Psychology (Q1); Education (Q1); Pediatrics, Perinatology and Child Health (Q1); Psychiatry and Mental Health (Q1)";"Medicine; Psychology; Social Sciences"
24;5700152760;"Assessment and Evaluation in Higher Education";journal;"02602938, 1469297X";"Taylor and Francis Ltd.";No;No;2,422;Q1;114;119;282;5447;2221;281;7,39;45,77;61,29;1;28;United Kingdom;Western Europe;"Taylor and Francis Ltd.";"1981-2025";"Education (Q1)";"Social Sciences"
25;11200153507;"Journal of Mixed Methods Research";journal;"15586898, 15586901";"SAGE Publications Ltd";No;No;2,328;Q1;71;49;90;1892;517;66;6,32;38,61;59,56;0;11;United States;Northern America;"SAGE Publications Ltd";"2007-2025";"Education (Q1); Social Sciences (miscellaneous) (Q1); Statistics, Probability and Uncertainty (Q1)";"Decision Sciences; Social Sciences"
26;23145;"Language Learning";journal;"14679922, 00238333";"Wiley-Blackwell Publishing Ltd";No;No;2,287;Q1;141;70;166;4492;800;123;3,88;64,17;56,68;0;1;United Kingdom;Western Europe;"Wiley-Blackwell Publishing Ltd";"1948-1953, 1955-1956, 1958-2025";"Education (Q1); Linguistics and Language (Q1)";"Social Sciences"
27;13455;"Learning and Instruction";journal;"09594752";"Elsevier B.V.";No;No;2,236;Q1;153;131;268;9490;1875;258;6,13;72,44;55,79;1;42;United Kingdom;Western Europe;"Elsevier B.V.";"1991-2025";"Developmental and Educational Psychology (Q1); Education (Q1)";"Psychology; Social Sciences"
28;5700168406;"Active Learning in Higher Education";journal;"14697874, 17412625";"SAGE Publications Ltd";No;No;2,221;Q1;66;68;69;3394;613;66;8,12;49,91;60,41;0;25;United Kingdom;Western Europe;"SAGE Publications Ltd";"2000-2024";"Education (Q1)";"Social Sciences"
29;16965;"Internet and Higher Education";journal;"10967516";"Elsevier B.V.";No;No;2,221;Q1;124;13;71;1034;767;70;9,23;79,54;54,55;0;3;United Kingdom;Western Europe;"Elsevier B.V.";"1998-2025";"Computer Networks and Communications (Q1); Computer Science Applications (Q1); Education (Q1); E-learning (Q1)";"Computer Science; Social Sciences"
30;23256;"System";journal;"0346251X";"Elsevier Ltd";No;No;2,205;Q1;115;264;486;18602;4086;482;6,90;70,46;46,68;1;37;United Kingdom;Western Europe;"Elsevier Ltd";"1973-2025";"Education (Q1); Linguistics and Language (Q1)";"Social Sciences"
31;24456;"Child Development";journal;"14678624, 00093920";"Wiley-Blackwell Publishing Ltd";No;No;2,195;Q1;296;173;547;11069;2988;540;5,16;63,98;64,68;2;29;United States;Northern America;"Wiley-Blackwell Publishing Ltd";"1945-1948, 1950-2025";"Developmental and Educational Psychology (Q1); Education (Q1); Pediatrics, Perinatology and Child Health (Q1); Social Work (Q1)";"Medicine; Psychology; Social Sciences"
32;23167;"Language Teaching Research";journal;"13621688, 14770954";"SAGE Publications Ltd";No;No;2,190;Q1;91;221;384;15074;2734;379;6,40;68,21;51,57;2;46;United Kingdom;Western Europe;"SAGE Publications Ltd";"1997-2025";"Education (Q1); Linguistics and Language (Q1)";"Social Sciences"
33;22497;"Journal of Second Language Writing";journal;"10603743";"Elsevier Ltd";No;No;2,187;Q1;113;37;132;1366;798;100;4,58;36,92;48,39;0;4;United Kingdom;Western Europe;"Elsevier Ltd";"1992-2025";"Education (Q1); Linguistics and Language (Q1)";"Social Sciences"
34;5800207673;"ReCALL";journal;"09583440";"Cambridge University Press";No;No;2,177;Q1;71;34;70;1865;547;62;7,49;54,85;43,84;0;9;United Kingdom;Western Europe;"Cambridge University Press";"1989-2025";"Computer Science Applications (Q1); Education (Q1); Linguistics and Language (Q1)";"Computer Science; Social Sciences"
35;18787;"Higher Education";journal;"00181560, 1573174X";"Springer Netherlands";No;No;2,150;Q1;137;332;418;19668;3613;414;8,06;59,24;50,74;19;149;Netherlands;Western Europe;"Springer Netherlands";"1972-2025";"Education (Q1); Law (Q1)";"Social Sciences"
36;12882;"Contemporary Educational Psychology";journal;"0361476X, 10902384";"Academic Press Inc.";No;No;2,126;Q1;138;58;220;4575;1319;220;4,71;78,88;56,34;0;22;United States;Northern America;"Academic Press Inc.";"1976-2025";"Developmental and Educational Psychology (Q1); Education (Q1)";"Psychology; Social Sciences"
37;22055;"Exceptional Children";journal;"00144029, 21635560";"SAGE Publications Inc.";No;No;2,118;Q1;107;27;84;1521;418;71;4,85;56,33;63,73;0;13;United States;Northern America;"SAGE Publications Inc.";"1936-1937, 1958, 1961-2025";"Developmental and Educational Psychology (Q1); Education (Q1)";"Psychology; Social Sciences"
38;21100922754;"Higher Education for the Future";journal;"23485779, 23476311";"Sage Publications India Pvt. Ltd";No;No;2,115;Q1;13;17;46;490;519;40;1,67;28,82;67,74;0;11;India;Asiatic Region;"Sage Publications India Pvt. Ltd";"2019-2025";"Education (Q1)";"Social Sciences"
39;21100467423;"Journal of Educational Evaluation for Health Professions";journal;"19755937";"Korea Health Personnel Licensing Examination Institute";Yes;Yes;2,068;Q1;25;39;113;661;1318;101;3,88;16,95;46,26;0;8;South Korea;Asiatic Region;"Korea Health Personnel Licensing Examination Institute";"2016-2025";"Education (Q1); Health Professions (miscellaneous) (Q1)";"Health Professions; Social Sciences"
40;21100922758;"Journal of Computers in Education";journal;"21979995, 21979987";"Springer Berlin";No;No;2,062;Q1;31;80;81;5713;967;80;8,36;71,41;44,55;3;36;Germany;Western Europe;"Springer Berlin";"2019-2025";"Computer Science Applications (Q1); Education (Q1)";"Computer Science; Social Sciences"
41;25680;"Journal of Youth and Adolescence";journal;"15736601, 00472891";"Springer New York";No;No;2,043;Q1;155;218;502;14142;2941;497;4,71;64,87;58,89;1;70;United States;Northern America;"Springer New York";"1972-2025";"Developmental and Educational Psychology (Q1); Education (Q1); Social Psychology (Q1); Social Sciences (miscellaneous) (Q1)";"Psychology; Social Sciences"
42;18874;"Journal of Educational Computing Research";journal;"15414140, 07356331";"SAGE Publications Inc.";No;No;2,024;Q1;86;71;204;4705;1896;204;7,19;66,27;42,93;1;24;United States;Northern America;"SAGE Publications Inc.";"1990, 1996-2025";"Computer Science Applications (Q1); Education (Q1)";"Computer Science; Social Sciences"
43;26183;"Journal of Computer Assisted Learning";journal;"13652729, 02664909";"Wiley-Blackwell Publishing Ltd";No;No;2,000;Q1;121;213;363;14883;3319;361;8,58;69,87;45,81;4;97;United Kingdom;Western Europe;"Wiley-Blackwell Publishing Ltd";"1985-2025";"Computer Science Applications (Q1); Education (Q1); E-learning (Q1)";"Computer Science; Social Sciences"
44;145681;"Interactive Learning Environments";journal;"10494820";"Taylor and Francis Ltd.";No;No;1,976;Q1;80;636;679;36685;7050;657;10,44;57,68;45,96;6;233;United Kingdom;Western Europe;"Taylor and Francis Ltd.";"1990, 1992-1994, 2004-2025";"Computer Science Applications (Q1); Education (Q1); E-learning (Q1)";"Computer Science; Social Sciences"
45;21101029472;"JMIR Medical Education";journal;"23693762";"JMIR Publications Inc.";Yes;No;1,974;Q1;36;131;250;4839;2493;238;12,84;36,94;45,55;0;39;Canada;Northern America;"JMIR Publications Inc.";"2015-2025";"Education (Q1)";"Social Sciences"
46;4700152632;"International Journal of Computer-Supported Collaborative Learning";journal;"15561607, 15561615";"Springer Publishing Company";No;No;1,967;Q1;73;24;69;1644;438;57;5,36;68,50;49,30;0;3;United States;Northern America;"Springer Publishing Company";"2006-2025";"Education (Q1); Human-Computer Interaction (Q1)";"Computer Science; Social Sciences"
47;13358;"Sociology of Education";journal;"00380407, 19398573";"SAGE Publications Inc.";No;No;1,965;Q1;116;20;53;1594;261;51;3,49;79,70;58,49;2;12;United States;Northern America;"SAGE Publications Inc.";"1980, 1983, 1992, 1996-2025";"Education (Q1); Sociology and Political Science (Q1)";"Social Sciences"
48;19600156811;"International Journal of Artificial Intelligence in Education";journal;"15604292, 15604306";"Springer US";No;No;1,960;Q1;68;102;116;6846;1397;105;14,06;67,12;38,05;8;27;United States;Northern America;"Springer US";"2000, 2003-2025";"Computational Theory and Mathematics (Q1); Education (Q1); E-learning (Q1)";"Computer Science; Social Sciences"
49;13563;"Educational and Psychological Measurement";journal;"00131644, 15523888";"SAGE Publications Inc.";No;No;1,933;Q1;118;66;150;2903;639;150;3,65;43,98;31,47;0;3;United States;Northern America;"SAGE Publications Inc.";"1941-2025";"Applied Mathematics (Q1); Applied Psychology (Q1); Developmental and Educational Psychology (Q1); Education (Q1); Psychology (miscellaneous) (Q1)";"Mathematics; Psychology; Social Sciences"
50;18405;"Educational Technology and Society";journal;"11763647, 14364522";"International Forum of Educational Technology and Society,National Taiwan Normal University";Yes;Yes;1,924;Q1;117;87;160;5276;1661;156;9,13;60,64;48,36;0;30;Taiwan;Asiatic Region;"International Forum of Educational Technology and Society,National Taiwan Normal University";"1998-2025";"Education (Q1); E-learning (Q1); Engineering (miscellaneous) (Q1); Sociology and Political Science (Q1)";"Engineering; Social Sciences"
51;21100794681;"Studies in Second Language Learning and Teaching";journal;"20835205, 20841965";"Adam Mickiewicz University";Yes;Yes;1,915;Q1;33;26;84;1557;506;74;6,10;59,88;50,00;0;2;Poland;Eastern Europe;"Adam Mickiewicz University";"2016-2024";"Education (Q1); Linguistics and Language (Q1)";"Social Sciences"
52;21100817620;"Career Development and Transition for Exceptional Individuals";journal;"21651442, 21651434";"SAGE Publications Inc.";No;No;1,900;Q1;25;41;65;1669;294;55;2,27;40,71;67,65;0;31;United States;Northern America;"SAGE Publications Inc.";"2015-2025";"Education (Q1); Organizational Behavior and Human Resource Management (Q1)";"Business, Management and Accounting; Social Sciences"
53;30074;"Journal of School Psychology";journal;"00224405, 18733506";"Elsevier Ltd";No;No;1,891;Q1;119;100;171;9429;969;171;4,82;94,29;62,26;0;45;United Kingdom;Western Europe;"Elsevier Ltd";"1963-1968, 1970-2025";"Developmental and Educational Psychology (Q1); Education (Q1)";"Psychology; Social Sciences"
54;14723;"Urban Education";journal;"00420859, 15528340";"SAGE Publications Inc.";No;No;1,882;Q1;76;151;236;10409;881;236;3,89;68,93;66,02;9;56;United States;Northern America;"SAGE Publications Inc.";"1965-2025";"Education (Q1); Urban Studies (Q1)";"Social Sciences"
55;4700152724;"Metacognition and Learning";journal;"15561631, 15561623";"Springer New York";No;No;1,871;Q1;75;45;117;3165;703;117;6,00;70,33;52,59;0;9;United States;Northern America;"Springer New York";"2006-2025";"Education (Q1)";"Social Sciences"
56;21100451321;"Scientific Data";journal;"20524463";"Nature Research";Yes;No;1,867;Q1;142;1415;1945;69795;14470;171;6,92;49,33;37,62;21;504;United Kingdom;Western Europe;"Nature Research";"2014-2025";"Computer Science Applications (Q1); Education (Q1); Information Systems (Q1); Library and Information Sciences (Q1); Statistics and Probability (Q1); Statistics, Probability and Uncertainty (Q1)";"Computer Science; Decision Sciences; Mathematics; Social Sciences"
57;4000150501;"TESOL Quarterly";journal;"00398322";"Wiley-Blackwell";No;No;1,862;Q1;131;110;199;5382;1166;188;5,48;48,93;53,53;0;24;United States;Northern America;"Wiley-Blackwell";"1981-2025";"Education (Q1); Linguistics and Language (Q1)";"Social Sciences"
58;12481;"Journal of Engineering Education";journal;"10694730, 21689830";"Wiley-Blackwell";No;No;1,859;Q1;131;58;159;4839;1041;123;6,06;83,43;60,84;0;16;United States;Northern America;"Wiley-Blackwell";"1969-1978, 1993-1995, 1997-2025";"Education (Q1); Engineering (miscellaneous) (Q1)";"Engineering; Social Sciences"
59;21100301445;"Journal of Research on Technology in Education";journal;"19450818, 15391523";"Taylor and Francis Ltd.";No;No;1,854;Q1;80;96;156;6352;1372;153;9,07;66,17;57,14;1;22;United Kingdom;Western Europe;"Taylor and Francis Ltd.";"2001-2025";"Computer Science Applications (Q1); Education (Q1)";"Computer Science; Social Sciences"
60;5200152701;"Academy of Management Learning and Education";journal;"1537260X";"George Washington University";No;No;1,848;Q1;100;21;104;2064;600;98;5,55;98,29;46,51;1;8;United States;Northern America;"George Washington University";"2005-2024";"Education (Q1); Organizational Behavior and Human Resource Management (Q1)";"Business, Management and Accounting; Social Sciences"
61;13354;"Journal of Teacher Education";journal;"00224871, 15527816";"SAGE Publications Inc.";No;No;1,814;Q1;117;48;136;3044;785;117;4,47;63,42;65,96;1;16;United States;Northern America;"SAGE Publications Inc.";"1950-2025";"Education (Q1)";"Social Sciences"
62;21101093540;"Journal of Applied Learning and Teaching";journal;"2591801X";"Kaplan Singapore";No;No;1,761;Q1;21;82;192;4522;1887;180;12,66;55,15;45,86;0;21;Singapore;Asiatic Region;"Kaplan Singapore";"2019-2024";"Education (Q1)";"Social Sciences"
63;21424;"Journal for Research in Mathematics Education";journal;"00218251";"National Council of Teachers of Mathematics";No;No;1,753;Q1;101;16;61;758;227;47;4,00;47,38;51,61;0;2;United States;Northern America;"National Council of Teachers of Mathematics";"1996-2025";"Education (Q1); Mathematics (miscellaneous) (Q1)";"Mathematics; Social Sciences"
64;5600153363;"Equity and Excellence in Education";journal;"10665684";"Taylor and Francis Ltd.";No;No;1,749;Q1;63;40;118;2046;385;106;1,90;51,15;70,45;1;10;United Kingdom;Western Europe;"Taylor and Francis Ltd.";"1963-1982, 1984, 1986-1988, 1991, 1993-2025";"Education (Q1)";"Social Sciences"
65;21100206607;"International Journal of Management Education";journal;"14728117";"Elsevier B.V.";No;No;1,741;Q1;65;162;386;14769;4032;382;10,04;91,17;42,25;0;93;Netherlands;Western Europe;"Elsevier B.V.";"1970, 2012-2025";"Education (Q1); Strategy and Management (Q1)";"Business, Management and Accounting; Social Sciences"
66;19725;"Educational Administration Quarterly";journal;"0013161X, 15523519";"SAGE Publications Inc.";No;No;1,740;Q1;101;26;79;2298;396;73;3,84;88,38;57,81;0;13;United States;Northern America;"SAGE Publications Inc.";"1965-2025";"Education (Q1); Public Administration (Q1)";"Social Sciences"
67;21101089395;"Policy Reviews in Higher Education";journal;"23322950, 23322969";"UBM Exhibition Singapore PTE LTD";No;No;1,724;Q1;18;18;36;1199;275;30;2,58;66,61;23,53;0;8;Singapore;Asiatic Region;"UBM Exhibition Singapore PTE LTD";"2017-2025";"Education (Q1)";"Social Sciences"
68;5000158308;"CBE Life Sciences Education";journal;"19317913";"American Society for Cell Biology";Yes;No;1,718;Q1;99;85;244;7086;1338;241;4,86;83,36;65,24;0;33;United States;Northern America;"American Society for Cell Biology";"2006-2025";"Biochemistry, Genetics and Molecular Biology (miscellaneous) (Q1); Education (Q1)";"Biochemistry, Genetics and Molecular Biology; Social Sciences"
69;6300153120;"Educational Management Administration and Leadership";journal;"17411440, 17411432";"SAGE Publications Ltd";No;No;1,711;Q1;67;144;238;9840;1414;219;4,87;68,33;51,01;7;42;United Kingdom;Western Europe;"SAGE Publications Ltd";"1972-1993, 1995-1999, 2003-2025";"Education (Q1); Strategy and Management (Q1)";"Business, Management and Accounting; Social Sciences"
70;23316;"Teaching and Teacher Education";journal;"0742051X";"Elsevier Ltd";No;No;1,700;Q1;170;303;860;23534;5287;860;5,29;77,67;64,43;5;87;United Kingdom;Western Europe;"Elsevier Ltd";"1985-2025";"Education (Q1)";"Social Sciences"
71;19726;"Educational Evaluation and Policy Analysis";journal;"01623737, 19351062";"SAGE Publications Inc.";No;No;1,690;Q1;96;78;108;5220;390;107;3,22;66,92;50,26;10;45;United States;Northern America;"SAGE Publications Inc.";"1979-1982, 1996-2025";"Education (Q1)";"Social Sciences"
72;16047;"Race Ethnicity and Education";journal;"1470109X, 13613324";"Routledge";No;No;1,681;Q1;72;96;173;5810;771;171;4,16;60,52;71,20;2;42;United Kingdom;Western Europe;"Routledge";"1998-2025";"Cultural Studies (Q1); Demography (Q1); Education (Q1)";"Social Sciences"
73;21101259019;"Computers and Education Open";journal;"26665573";"Elsevier Ltd";Yes;No;1,678;Q1;25;78;120;5523;1122;120;8,54;70,81;53,19;2;28;United Kingdom;Western Europe;"Elsevier Ltd";"2021-2025";"Computer Science Applications (Q1); Education (Q1); Human-Computer Interaction (Q1)";"Computer Science; Social Sciences"
74;21447;"Journal of English for Academic Purposes";journal;"14751585";"Elsevier B.V.";No;No;1,674;Q1;83;78;189;4123;987;185;4,39;52,86;49,32;0;12;United Kingdom;Western Europe;"Elsevier B.V.";"2002-2025";"Education (Q1); Linguistics and Language (Q1)";"Social Sciences"
75;12859;"Cognition and Instruction";journal;"1532690X, 07370008";"Routledge";No;No;1,669;Q1;99;18;53;1286;233;53;3,72;71,44;63,83;0;5;United Kingdom;Western Europe;"Routledge";"1984-2025";"Applied Psychology (Q1); Developmental and Educational Psychology (Q1); Education (Q1); Experimental and Cognitive Psychology (Q1); Psychology (miscellaneous) (Q1)";"Psychology; Social Sciences"
76;200147125;"Learning, Media and Technology";journal;"17439892, 17439884";"Routledge";No;No;1,668;Q1;69;94;142;4909;960;131;5,94;52,22;55,88;6;24;United Kingdom;Western Europe;"Routledge";"2005-2025";"Education (Q1); Media Technology (Q1)";"Engineering; Social Sciences"
77;21101045327;"AERA Open";journal;"23328584";"SAGE Publications Inc.";Yes;No;1,659;Q1;48;113;263;8205;1253;261;4,46;72,61;58,94;3;58;United States;Northern America;"SAGE Publications Inc.";"2015-2025";"Developmental and Educational Psychology (Q1); Education (Q1); Social Sciences (miscellaneous) (Q1)";"Psychology; Social Sciences"
78;144955;"Education and Information Technologies";journal;"13602357";"Kluwer Academic Publishers";No;No;1,654;Q1;97;1210;1534;79834;14862;1494;8,99;65,98;42,48;12;500;United States;Northern America;"Kluwer Academic Publishers";"1996-2002, 2005-2025";"Education (Q1); E-learning (Q1); Library and Information Sciences (Q1)";"Social Sciences"
79;14779;"School Psychology Review";journal;"02796015, 2372966X";"Taylor and Francis Ltd.";No;No;1,654;Q1;106;15;159;955;752;151;3,35;63,67;68,52;0;8;United States;Northern America;"Taylor and Francis Ltd.";"1988, 1996-2024";"Developmental and Educational Psychology (Q1); Education (Q1)";"Psychology; Social Sciences"
80;20853;"Studies in Higher Education";journal;"03075079, 1470174X";"Routledge";No;No;1,651;Q1;138;301;503;17970;3446;493;6,46;59,70;49,14;6;126;United Kingdom;Western Europe;"Routledge";"1976-2025";"Education (Q1)";"Social Sciences"
81;20323;"Journal of Education Policy";journal;"02680939, 14645106";"Routledge";No;No;1,632;Q1;94;71;132;4906;725;132;5,37;69,10;57,25;2;23;United Kingdom;Western Europe;"Routledge";"1986-2025";"Education (Q1)";"Social Sciences"
82;17600155502;"Journal of Computing in Higher Education";journal;"10421726, 18671233";"Springer US";Yes;No;1,623;Q1;56;64;104;4406;863;101;8,70;68,84;52,28;2;25;United States;Northern America;"Springer US";"1989-2025";"Education (Q1)";"Social Sciences"
83;5700163257;"International Journal of Qualitative Methods";journal;"16094069";"SAGE Publications Inc.";Yes;No;1,622;Q1;94;215;641;12127;3377;630;4,38;56,40;71,07;1;80;United Kingdom;Western Europe;"SAGE Publications Inc.";"2002-2025";"Education (Q1)";"Social Sciences"
84;15564;"Journal of Language and Social Psychology";journal;"15526526, 0261927X";"SAGE Publications Inc.";No;No;1,593;Q1;68;34;103;1836;498;102;3,13;54,00;59,76;0;6;United States;Northern America;"SAGE Publications Inc.";"1982-2025";"Anthropology (Q1); Education (Q1); Linguistics and Language (Q1); Social Psychology (Q1); Sociology and Political Science (Q1)";"Psychology; Social Sciences"
85;13453;"Learning and Individual Differences";journal;"18733425, 10416080";"Elsevier B.V.";No;No;1,591;Q1;113;135;244;11475;2604;241;12,70;85,00;57,67;1;46;United Kingdom;Western Europe;"Elsevier B.V.";"1989-2000, 2002-2025";"Developmental and Educational Psychology (Q1); Education (Q1); Social Psychology (Q1)";"Psychology; Social Sciences"
86;21101075549;"Postdigital Science and Education";journal;"2524485X, 25244868";"Springer International Publishing AG";No;No;1,591;Q1;36;100;172;5820;1006;93;5,67;58,20;52,15;3;17;Switzerland;Western Europe;"Springer International Publishing AG";"2019-2025";"Arts and Humanities (miscellaneous) (Q1); Education (Q1); Social Sciences (miscellaneous) (Q1)";"Arts and Humanities; Social Sciences"
87;25961;"Educational Studies in Mathematics";journal;"15730816, 00131954";"Springer Netherlands";No;No;1,589;Q1;89;82;243;4094;1018;234;3,65;49,93;55,50;1;13;Netherlands;Western Europe;"Springer Netherlands";"1968-2025";"Education (Q1); Mathematics (miscellaneous) (Q1)";"Mathematics; Social Sciences"
88;5800185422;"Theory and Research in Social Education";journal;"00933104, 21631654";"Taylor and Francis Ltd.";No;No;1,580;Q1;52;29;60;3009;258;60;3,05;103,76;57,58;0;10;United Kingdom;Western Europe;"Taylor and Francis Ltd.";"1973-2025";"Education (Q1); Sociology and Political Science (Q1)";"Social Sciences"
89;23646;"Journal of Science Education and Technology";journal;"10590145, 15731839";"Springer Netherlands";No;No;1,579;Q1;85;107;177;6670;1520;176;8,34;62,34;47,18;0;40;Netherlands;Western Europe;"Springer Netherlands";"1992-2002, 2004-2025";"Education (Q1); Engineering (miscellaneous) (Q1)";"Engineering; Social Sciences"
90;77191;"Early Childhood Research Quarterly";journal;"08852006";"Elsevier Ltd";No;No;1,565;Q1;125;112;355;7974;1607;349;3,94;71,20;72,40;2;47;United Kingdom;Western Europe;"Elsevier Ltd";"1986-2025";"Developmental and Educational Psychology (Q1); Education (Q1); Sociology and Political Science (Q1)";"Psychology; Social Sciences"
91;21100200658;"Teacher Education and Special Education";journal;"08884064, 19444931";"SAGE Publications Inc.";No;No;1,561;Q1;28;17;54;875;259;53;3,42;51,47;69,70;0;14;United Kingdom;Western Europe;"SAGE Publications Inc.";"2015-2025";"Education (Q1)";"Social Sciences"
92;12770;"British Journal of Educational Psychology";journal;"00070998, 20448279";"Wiley-Blackwell";No;No;1,552;Q1;120;84;257;5924;1336;255;4,73;70,52;56,34;3;32;United States;Northern America;"Wiley-Blackwell";"1931-1951, 1956-1958, 1960, 1962-2025";"Developmental and Educational Psychology (Q1); Education (Q1)";"Psychology; Social Sciences"
93;12100156088;"Critical Inquiry in Language Studies";journal;"15427595, 15427587";"Routledge";No;No;1,542;Q1;29;37;61;2154;293;59;3,30;58,22;56,06;0;6;United Kingdom;Western Europe;"Routledge";"2010-2025";"Education (Q1); Linguistics and Language (Q1)";"Social Sciences"
94;21100217601;"ZDM - International Journal on Mathematics Education";journal;"18639704, 18639690";"Springer Verlag";No;No;1,534;Q1;74;114;316;5750;1369;308;3,05;50,44;54,03;0;31;Germany;Western Europe;"Springer Verlag";"1997-2025";"Education (Q1); Mathematics (miscellaneous) (Q1)";"Mathematics; Social Sciences"
95;14000156188;"Innovation in Language Learning and Teaching";journal;"17501237, 17501229";"Taylor and Francis Ltd.";No;No;1,529;Q1;38;89;131;4627;824;129;5,92;51,99;47,80;0;17;United Kingdom;Western Europe;"Taylor and Francis Ltd.";"2009-2025";"Education (Q1); Linguistics and Language (Q1)";"Social Sciences"
96;144669;"Journal of Intellectual Capital";journal;"14691930";"Emerald Group Publishing Ltd.";No;No;1,526;Q1;118;66;170;6057;1704;161;9,43;91,77;41,62;0;44;United Kingdom;Western Europe;"Emerald Group Publishing Ltd.";"2000-2025";"Business, Management and Accounting (miscellaneous) (Q1); Education (Q1)";"Business, Management and Accounting; Social Sciences"
97;14304;"Educational Review";journal;"14653397, 00131911";"Routledge";No;No;1,521;Q1;67;156;197;10522;1165;191;5,22;67,45;62,70;9;80;United Kingdom;Western Europe;"Routledge";"1948-2025";"Education (Q1)";"Social Sciences"
98;19700187630;"Critical Studies in Education";journal;"17508495, 17508487";"Taylor and Francis Ltd.";No;No;1,517;Q1;52;73;108;4540;711;102;4,21;62,19;57,14;1;38;United Kingdom;Western Europe;"Taylor and Francis Ltd.";"2008-2025";"Education (Q1)";"Social Sciences"
99;21100813704;"Physical Review Physics Education Research";journal;"24699896";"American Physical Society";Yes;No;1,497;Q1;49;116;330;7614;1359;322;4,06;65,64;49,18;0;27;United States;Northern America;"American Physical Society";"2016-2025";"Education (Q1); Physics and Astronomy (miscellaneous) (Q1)";"Physics and Astronomy; Social Sciences"
100;12100156705;"Clinical Simulation in Nursing";journal;"18761399";"Elsevier Inc.";No;No;1,484;Q1;67;172;353;4571;1666;328;2,76;26,58;75,74;0;52;United States;Northern America;"Elsevier Inc.";"2006-2025";"Education (Q1); Modeling and Simulation (Q1); Nursing (miscellaneous) (Q1)";"Mathematics; Nursing; Social Sciences"
101;28806;"Nurse Education Today";journal;"15322793, 02606917";"Churchill Livingstone";No;No;1,483;Q1;109;325;1067;14653;6046;1047;4,97;45,09;72,42;3;155;United Kingdom;Western Europe;"Churchill Livingstone";"1981-2025";"Education (Q1); Nursing (miscellaneous) (Q1)";"Nursing; Social Sciences"
102;22609;"Journal of Learning Disabilities";journal;"15384780, 00222194";"SAGE Publications Inc.";No;No;1,477;Q1;111;43;98;2772;452;97;4,45;64,47;64,74;0;32;United States;Northern America;"SAGE Publications Inc.";"1973-2025";"Education (Q1); Health Professions (miscellaneous) (Q1); Health (social science) (Q1)";"Health Professions; Social Sciences"
103;19727;"Educational Policy";journal;"08959048, 15523896";"SAGE Publications Inc.";No;No;1,455;Q1;67;83;177;6141;644;176;3,48;73,99;59,02;5;48;United States;Northern America;"SAGE Publications Inc.";"1987-2025";"Education (Q1)";"Social Sciences"
104;15398;"Journal of Career Assessment";journal;"10690727, 15524590";"SAGE Publications Inc.";No;No;1,452;Q1;82;73;119;4755;596;119;4,65;65,14;49,51;1;41;United States;Northern America;"SAGE Publications Inc.";"1993-2025";"Applied Psychology (Q1); Education (Q1); Organizational Behavior and Human Resource Management (Q1); Psychology (miscellaneous) (Q1)";"Business, Management and Accounting; Psychology; Social Sciences"
105;26493;"Academic Medicine";journal;"10402446, 1938808X";"Lippincott Williams and Wilkins Ltd.";No;No;1,446;Q1;199;470;1636;10280;4064;919;2,38;21,87;61,22;0;123;United States;Northern America;"Lippincott Williams and Wilkins Ltd.";"1940-1941, 1945, 1953-1956, 1959, 1961, 1964-2025";"Education (Q1); Medicine (miscellaneous) (Q1)";"Medicine; Social Sciences"
106;28879;"European Journal of Teacher Education";journal;"14695928, 02619768";"Routledge";No;No;1,440;Q1;65;130;171;6491;875;156;4,46;49,93;61,84;5;36;United Kingdom;Western Europe;"Routledge";"1982-2025";"Education (Q1)";"Social Sciences"
107;17806;"Medical Education";journal;"13652923, 03080110";"John Wiley and Sons Inc";No;No;1,439;Q1;171;308;775;8603;2195;422;2,41;27,93;61,70;0;73;United Kingdom;Western Europe;"John Wiley and Sons Inc";"1966-2025";"Education (Q1); Medicine (miscellaneous) (Q1)";"Medicine; Social Sciences"
108;20764;"Educational Technology Research and Development";journal;"10421629, 15566501";"Springer Boston";No;No;1,429;Q1;117;173;418;12087;2601;398;6,67;69,87;47,31;1;44;United States;Northern America;"Springer Boston";"1957, 1989-2025";"Education (Q1)";"Social Sciences"
109;16800154721;"Journal of Hospitality and Tourism Research";journal;"10963480, 15577554";"SAGE Publications Inc.";No;No;1,428;Q1;93;145;212;11972;1647;203;8,03;82,57;49,07;1;42;United States;Northern America;"SAGE Publications Inc.";"1976-1981, 1983-1985, 1987-2025";"Education (Q1); Tourism, Leisure and Hospitality Management (Q1)";"Business, Management and Accounting; Social Sciences"
110;26441;"Social Science Research";journal;"10960317, 0049089X";"Academic Press Inc.";No;No;1,423;Q1;118;89;255;7086;1058;255;4,10;79,62;37,24;1;51;United States;Northern America;"Academic Press Inc.";"1972-2025";"Education (Q1); Sociology and Political Science (Q1)";"Social Sciences"
111;13268;"Scientific Studies of Reading";journal;"1532799X, 10888438";"Routledge";No;No;1,415;Q1;82;41;99;3216;424;97;4,48;78,44;57,67;0;26;United States;Northern America;"Routledge";"2004-2025";"Education (Q1); Psychology (miscellaneous) (Q1)";"Psychology; Social Sciences"
112;145220;"International Journal of Bilingual Education and Bilingualism";journal;"13670050";"Taylor and Francis Ltd.";No;No;1,410;Q1;76;107;403;5354;1812;393;4,13;50,04;65,08;1;37;United Kingdom;Western Europe;"Taylor and Francis Ltd.";"2005-2025";"Education (Q1); Linguistics and Language (Q1)";"Social Sciences"
113;5000154503;"Thinking Skills and Creativity";journal;"18711871";"Elsevier B.V.";No;No;1,410;Q1;75;228;469;16949;3107;469;6,13;74,34;49,85;0;36;Netherlands;Western Europe;"Elsevier B.V.";"2006-2025";"Education (Q1)";"Social Sciences"
114;21100199107;"Education Finance and Policy";journal;"15573079, 15573060";"";No;No;1,408;Q1;37;27;95;1327;214;92;1,85;49,15;48,28;5;16;United States;Northern America;"";"2011-2024";"Education (Q1)";"Social Sciences"
115;21100902871;"International Journal for Educational Integrity";journal;"18332595";"BioMed Central Ltd";Yes;No;1,405;Q1;28;26;77;1274;785;74;10,15;49,00;52,53;1;6;United Kingdom;Western Europe;"BioMed Central Ltd";"2015-2025";"Education (Q1); Social Sciences (miscellaneous) (Q1)";"Social Sciences"
116;12960;"International Journal of Human Computer Studies";journal;"10959300, 10715819";"Academic Press";No;No;1,394;Q1;152;129;323;10287;2874;321;6,96;79,74;36,60;0;14;United States;Northern America;"Academic Press";"1994-2025";"Education (Q1); Engineering (miscellaneous) (Q1); Hardware and Architecture (Q1); Human Factors and Ergonomics (Q1); Human-Computer Interaction (Q1); Software (Q1)";"Computer Science; Engineering; Social Sciences"
117;18927;"Journal of Human Evolution";journal;"00472484, 10958606";"Academic Press";No;No;1,393;Q1;145;58;295;5930;792;269;2,68;102,24;31,27;0;6;United States;Northern America;"Academic Press";"1972-2025";"Anthropology (Q1); Ecology, Evolution, Behavior and Systematics (Q1); Education (Q1)";"Agricultural and Biological Sciences; Social Sciences"
118;14871;"International Journal of Behavioral Development";journal;"01650254, 14640651";"SAGE Publications Ltd";No;No;1,384;Q1;112;85;167;4861;644;166;4,26;57,19;62,15;5;20;United Kingdom;Western Europe;"SAGE Publications Ltd";"1978-2025";"Developmental and Educational Psychology (Q1); Developmental Neuroscience (Q1); Education (Q1); Life-span and Life-course Studies (Q1); Social Psychology (Q1); Social Sciences (miscellaneous) (Q1)";"Neuroscience; Psychology; Social Sciences"
119;21100901143;"Perspectives on Medical Education";journal;"22122761, 2212277X";"Ubiquity Press";Yes;No;1,379;Q1;47;68;177;2872;927;154;5,86;42,24;59,87;0;18;Netherlands;Western Europe;"Ubiquity Press";"2012-2025";"Education (Q1); Medicine (miscellaneous) (Q1)";"Medicine; Social Sciences"
120;29434;"American Journal of Education";journal;"15496511, 01956744";"University of Chicago";No;No;1,377;Q1;70;21;64;1515;174;63;2,74;72,14;73,21;0;11;United States;Northern America;"University of Chicago";"1995-2001, 2003-2024";"Education (Q1)";"Social Sciences"
121;145202;"Journal of Mathematics Teacher Education";journal;"13864416";"Springer Netherlands";No;No;1,367;Q1;52;84;110;4776;388;95;3,34;56,86;66,99;2;9;Netherlands;Western Europe;"Springer Netherlands";"2005-2025";"Education (Q1); Mathematics (miscellaneous) (Q1)";"Mathematics; Social Sciences"
122;23626;"Science Education";journal;"00368326, 1098237X";"Wiley-Liss Inc.";No;No;1,367;Q1;142;71;173;6450;950;169;4,11;90,85;66,83;1;28;United States;Northern America;"Wiley-Liss Inc.";"1930-2025";"Education (Q1); History and Philosophy of Science (Q1)";"Arts and Humanities; Social Sciences"
123;23017;"Second Language Research";journal;"14770326, 02676583";"SAGE Publications Ltd";No;No;1,366;Q1;76;56;128;3550;404;120;3,03;63,39;60,00;0;1;United Kingdom;Western Europe;"SAGE Publications Ltd";"1985-2025";"Education (Q1); Linguistics and Language (Q1)";"Social Sciences"
124;17700156740;"Journal of Diversity in Higher Education";journal;"19388926";"American Psychological Association";No;No;1,361;Q1;59;89;313;6096;1308;313;3,03;68,49;69,55;2;39;United States;Northern America;"American Psychological Association";"2008-2025";"Education (Q1)";"Social Sciences"
125;13357;"Journal of the Learning Sciences";journal;"10508406, 15327809";"Routledge";No;No;1,361;Q1;115;24;70;1892;317;61;4,50;78,83;53,03;0;7;United States;Northern America;"Routledge";"1991-1992, 1994-2024";"Developmental and Educational Psychology (Q1); Education (Q1)";"Psychology; Social Sciences"
126;23621;"Journal of Research in Science Teaching";journal;"10982736, 00224308";"John Wiley &amp; Sons Inc.";No;No;1,360;Q1;166;100;196;9765;1289;180;6,44;97,65;55,48;0;31;United States;Northern America;"John Wiley &amp; Sons Inc.";"1963-1967, 1969-2025";"Education (Q1)";"Social Sciences"
127;26913;"Advances in Health Sciences Education";journal;"15731677, 13824996";"Springer Science and Business Media B.V.";No;No;1,359;Q1;86;157;253;8660;1197;233;4,28;55,16;65,08;1;53;Netherlands;Western Europe;"Springer Science and Business Media B.V.";"1996-2025";"Education (Q1); Medicine (miscellaneous) (Q1)";"Medicine; Social Sciences"
128;16668;"School Effectiveness and School Improvement";journal;"09243453, 17445124";"Taylor and Francis Ltd.";No;No;1,356;Q1;73;22;80;1440;360;79;2,92;65,45;33,33;0;16;United Kingdom;Western Europe;"Taylor and Francis Ltd.";"1990-2025";"Education (Q1)";"Social Sciences"
129;14271;"Educational Psychology";journal;"14695820, 01443410";"Routledge";Yes;No;1,355;Q1;90;58;220;3591;923;198;3,41;61,91;60,29;0;17;United Kingdom;Western Europe;"Routledge";"1981-2025";"Developmental and Educational Psychology (Q1); Education (Q1); Experimental and Cognitive Psychology (Q1)";"Psychology; Social Sciences"
130;19500157064;"School Mental Health";journal;"18662625, 18662633";"Springer New York";No;No;1,342;Q1;53;119;221;7291;967;220;4,23;61,27;70,80;2;37;United States;Northern America;"Springer New York";"2009-2025";"Developmental and Educational Psychology (Q1); Education (Q1)";"Psychology; Social Sciences"
131;20934;"Sport, Education and Society";journal;"14701243, 13573322";"Routledge";No;No;1,340;Q1;83;160;238;8963;1146;230;4,73;56,02;47,58;1;54;United Kingdom;Western Europe;"Routledge";"1996-2025";"Education (Q1); Orthopedics and Sports Medicine (Q1); Physical Therapy, Sports Therapy and Rehabilitation (Q1); Sports Science (Q1)";"Health Professions; Medicine; Social Sciences"
132;19700187622;"Research Papers in Education";journal;"02671522, 14701146";"Taylor and Francis Ltd.";No;No;1,337;Q1;58;61;130;4134;620;129;3,68;67,77;59,88;3;27;United Kingdom;Western Europe;"Taylor and Francis Ltd.";"1986-2025";"Education (Q1)";"Social Sciences"
133;21100847441;"Journal of New Approaches in Educational Research";journal;"22547339";"Springer International Publishing";Yes;Yes;1,330;Q1;28;19;61;1041;407;61;6,23;54,79;46,15;0;7;Spain;Western Europe;"Springer International Publishing";"2017-2025";"Education (Q1)";"Social Sciences"
134;200147112;"Teaching in Higher Education";journal;"14701294, 13562517";"Routledge";No;No;1,327;Q1;82;163;280;8782;1628;274;5,98;53,88;63,40;5;46;United Kingdom;Western Europe;"Routledge";"2005-2025";"Education (Q1)";"Social Sciences"
135;22695;"Remedial and Special Education";journal;"15384756, 07419325";"SAGE Publications Inc.";No;No;1,326;Q1;85;70;100;3476;409;100;4,34;49,66;66,96;0;57;United States;Northern America;"SAGE Publications Inc.";"1984-2025";"Education (Q1); Public Health, Environmental and Occupational Health (Q1)";"Medicine; Social Sciences"
136;22076;"Gifted Child Quarterly";journal;"00169862, 19349041";"SAGE Publications Inc.";No;No;1,324;Q1;68;21;83;1626;266;54;2,84;77,43;50,88;1;6;United States;Northern America;"SAGE Publications Inc.";"1957-2025";"Developmental and Educational Psychology (Q1); Education (Q1)";"Psychology; Social Sciences"
137;5800228211;"European Physical Education Review";journal;"1356336X, 17412749";"SAGE Publications Ltd";No;No;1,306;Q1;59;65;147;3687;794;147;4,66;56,72;37,83;0;26;United Kingdom;Western Europe;"SAGE Publications Ltd";"1995-2025";"Education (Q1); Orthopedics and Sports Medicine (Q1); Physical Therapy, Sports Therapy and Rehabilitation (Q1); Sports Science (Q1)";"Health Professions; Medicine; Social Sciences"
138;144953;"Journal of Educational Change";journal;"13892843";"Springer Netherlands";No;No;1,306;Q1;53;39;90;2608;487;87;4,60;66,87;68,93;2;18;Netherlands;Western Europe;"Springer Netherlands";"2005-2025";"Education (Q1)";"Social Sciences"
139;18300156704;"Higher Education Research and Development";journal;"14698366, 07294360";"Taylor and Francis Ltd.";No;No;1,304;Q1;99;153;396;6847;2024;392;4,93;44,75;65,58;1;66;United Kingdom;Western Europe;"Taylor and Francis Ltd.";"1982-1995, 1997, 1999-2025";"Education (Q1)";"Social Sciences"
140;145597;"ELT Journal";journal;"14774526, 09510893";"Oxford University Press";No;No;1,302;Q1;80;41;178;533;661;159;3,35;13,00;56,90;0;13;United Kingdom;Western Europe;"Oxford University Press";"1946-2025";"Developmental and Educational Psychology (Q1); Education (Q1); Linguistics and Language (Q1)";"Psychology; Social Sciences"
141;21100911068;"School Psychology";journal;"25784226, 25784218";"American Psychological Association";No;No;1,301;Q1;91;82;181;4167;636;178;1,70;50,82;67,31;0;30;United States;Northern America;"American Psychological Association";"2019-2025";"Developmental and Educational Psychology (Q1); Education (Q1)";"Psychology; Social Sciences"
142;28874;"European Journal of Psychology of Education";journal;"18785174, 02562928";"Springer Netherlands";No;No;1,298;Q1;72;207;204;14046;969;202;4,55;67,86;60,74;4;76;Netherlands;Western Europe;"Springer Netherlands";"1986-2025";"Developmental and Educational Psychology (Q1); Education (Q1)";"Psychology; Social Sciences"
143;13344;"Social Psychology of Education";journal;"15731928, 13812890";"Springer Netherlands";No;No;1,297;Q1;70;139;203;10308;937;203;4,29;74,16;61,67;5;52;Netherlands;Western Europe;"Springer Netherlands";"1996-2025";"Developmental and Educational Psychology (Q1); Education (Q1); Social Psychology (Q1); Sociology and Political Science (Q1)";"Psychology; Social Sciences"
144;23237;"Studies in Educational Evaluation";journal;"0191491X";"Elsevier Ltd";No;No;1,291;Q1;63;90;277;5757;1454;275;4,13;63,97;47,10;0;26;United Kingdom;Western Europe;"Elsevier Ltd";"1975-2025";"Education (Q1)";"Social Sciences"
145;19692;"Economics of Education Review";journal;"02727757";"Elsevier Ltd";No;No;1,270;Q1;109;67;266;3421;749;266;2,33;51,06;41,90;11;39;United Kingdom;Western Europe;"Elsevier Ltd";"1981-1982, 1984-2025";"Economics and Econometrics (Q1); Education (Q1)";"Economics, Econometrics and Finance; Social Sciences"
146;145735;"Language Learning Journal";journal;"09571736";"Taylor and Francis Ltd.";No;No;1,267;Q1;43;78;155;4058;602;151;3,18;52,03;57,75;1;9;United Kingdom;Western Europe;"Taylor and Francis Ltd.";"1990-2025";"Education (Q1); Linguistics and Language (Q1)";"Social Sciences"
147;17900156737;"Asia-Pacific Education Researcher";journal;"22437908, 01195646";"Springer Singapore";No;No;1,254;Q1;50;180;190;9538;1162;186;5,29;52,99;45,49;3;59;Singapore;Asiatic Region;"Springer Singapore";"2008-2025";"Education (Q1)";"Social Sciences"
148;18357;"Medical Teacher";journal;"0142159X, 1466187X";"Taylor and Francis Ltd.";No;No;1,254;Q1;146;465;876;13309;2677;571;3,08;28,62;54,19;0;103;United Kingdom;Western Europe;"Taylor and Francis Ltd.";"1979-2025";"Education (Q1); Medicine (miscellaneous) (Q1)";"Medicine; Social Sciences"
149;16444;"Journal of Educational and Behavioral Statistics";journal;"10769986, 19351054";"SAGE Publications Inc.";No;No;1,253;Q1;76;68;88;2842;221;81;2,72;41,79;29,73;0;3;United States;Northern America;"SAGE Publications Inc.";"1996-2025";"Education (Q1); Social Sciences (miscellaneous) (Q1)";"Social Sciences"
150;11600154702;"Australasian Journal of Educational Technology";journal;"14493098, 14495554";"Australasian Society for Computers in Learning in Tertiary Education";Yes;Yes;1,249;Q1;75;46;199;2330;1238;190;5,71;50,65;55,25;1;13;Australia;Pacific Region;"Australasian Society for Computers in Learning in Tertiary Education";"2008-2024";"Education (Q1); E-learning (Q1)";"Social Sciences"
151;18000156704;"Mathematical Thinking and Learning";journal;"15327833, 10986065";"Routledge";No;No;1,246;Q1;36;42;53;2467;205;52;3,40;58,74;57,26;0;5;United States;Northern America;"Routledge";"2009-2025";"Developmental and Educational Psychology (Q1); Education (Q1); Mathematics (miscellaneous) (Q1)";"Mathematics; Psychology; Social Sciences"
152;19400158816;"Mathematics Education Research Journal";journal;"2211050X, 10332170";"Springer Netherlands";No;No;1,244;Q1;45;64;126;3790;483;124;3,56;59,22;61,59;0;12;Netherlands;Western Europe;"Springer Netherlands";"1989-2025";"Education (Q1); Mathematics (miscellaneous) (Q1)";"Mathematics; Social Sciences"
153;15424;"Measurement: Journal of the International Measurement Confederation";journal;"02632241";"Elsevier B.V.";No;No;1,244;Q1;146;1412;4622;64829;31114;4617;6,34;45,91;27,46;0;189;Netherlands;Western Europe;"Elsevier B.V.";"1983-2025";"Applied Mathematics (Q1); Condensed Matter Physics (Q1); Education (Q1); Electrical and Electronic Engineering (Q1); Instrumentation (Q1); Statistics and Probability (Q1)";"Engineering; Mathematics; Physics and Astronomy; Social Sciences"
154;12855;"Comparative Education";journal;"13600486, 03050068";"Routledge";No;No;1,237;Q1;72;51;94;3328;435;90;4,54;65,25;51,85;1;20;United Kingdom;Western Europe;"Routledge";"1964-2025";"Education (Q1)";"Social Sciences"
155;23940;"Journal of Mathematical Behavior";journal;"07323123";"Elsevier Inc.";No;No;1,235;Q1;61;78;175;4443;415;173;2,40;56,96;54,40;0;6;United States;Northern America;"Elsevier Inc.";"1994-2025";"Applied Mathematics (Q1); Applied Psychology (Q1); Education (Q1)";"Mathematics; Psychology; Social Sciences"
156;19700187625;"Journal of Research on Educational Effectiveness";journal;"19345739, 19345747";"Routledge";No;No;1,233;Q1;49;75;99;4513;288;99;2,36;60,17;55,80;9;39;United States;Northern America;"Routledge";"2008-2025";"Education (Q1)";"Social Sciences"
157;19700187632;"Physical Education and Sport Pedagogy";journal;"17408989, 17425786";"Taylor and Francis Ltd.";No;No;1,233;Q1;59;92;184;4998;864;184;4,31;54,33;43,43;1;38;United Kingdom;Western Europe;"Taylor and Francis Ltd.";"2010-2025";"Education (Q1); Orthopedics and Sports Medicine (Q1); Physical Therapy, Sports Therapy and Rehabilitation (Q1); Sports Science (Q1)";"Health Professions; Medicine; Social Sciences"
158;21542;"Urban Review";journal;"15731960, 00420972";"Springer Netherlands";No;No;1,223;Q1;59;49;94;3210;312;93;2,95;65,51;75,68;0;26;Netherlands;Western Europe;"Springer Netherlands";"1967-1976, 1978-2025";"Education (Q1); Sociology and Political Science (Q1); Urban Studies (Q1)";"Social Sciences"
159;13460;"Learning Environments Research";journal;"15731855, 13871579";"Springer Netherlands";No;No;1,222;Q1;50;56;123;3357;633;122;4,98;59,95;58,72;0;24;Netherlands;Western Europe;"Springer Netherlands";"2000-2001, 2003-2025";"Communication (Q1); Developmental and Educational Psychology (Q1); Education (Q1); E-learning (Q1)";"Psychology; Social Sciences"
160;21101049624;"International Journal of Research in Undergraduate Mathematics Education";journal;"21989753";"Springer Science and Business Media B.V.";No;No;1,218;Q1;12;48;74;2338;193;67;1,97;48,71;50,33;0;9;Germany;Western Europe;"Springer Science and Business Media B.V.";"2016-2025";"Education (Q1); Mathematics (miscellaneous) (Q1)";"Mathematics; Social Sciences"
161;23101;"Language and Education";journal;"09500782";"Taylor and Francis Ltd.";No;No;1,213;Q1;63;96;107;4821;462;100;3,66;50,22;66,67;1;32;United Kingdom;Western Europe;"Taylor and Francis Ltd.";"1987-2025";"Education (Q1); Linguistics and Language (Q1)";"Social Sciences"
162;23288;"Topics in Early Childhood Special Education";journal;"02711214, 15384845";"SAGE Publications Inc.";No;No;1,212;Q1;66;41;84;1995;359;79;3,37;48,66;84,78;2;18;United States;Northern America;"SAGE Publications Inc.";"1981-2025";"Education (Q1); Public Health, Environmental and Occupational Health (Q1)";"Medicine; Social Sciences"
163;19700200832;"Technology, Knowledge and Learning";journal;"22111662, 22111670";"Springer Science + Business Media";No;No;1,210;Q1;45;149;207;10226;1460;206;6,74;68,63;44,61;1;66;United States;Northern America;"Springer Science + Business Media";"2011-2025";"Computational Theory and Mathematics (Q1); Computer Science Applications (Q1); Education (Q1); Engineering (miscellaneous) (Q1); Human-Computer Interaction (Q1); Mathematics (miscellaneous) (Q1); Theoretical Computer Science (Q1)";"Computer Science; Engineering; Mathematics; Social Sciences"
164;19490;"Journal of Higher Education";journal;"15384640, 00221546";"Taylor and Francis Ltd.";No;No;1,207;Q1;110;71;119;4529;509;115;3,95;63,79;58,85;0;29;United Kingdom;Western Europe;"Taylor and Francis Ltd.";"1994, 1996-2025";"Education (Q1)";"Social Sciences"
165;19700182114;"Professional Development in Education";journal;"19415257, 19415265";"Routledge";No;No;1,191;Q1;56;156;240;8646;1076;222;4,04;55,42;62,94;7;37;United Kingdom;Western Europe;"Routledge";"2009-2025";"Education (Q1)";"Social Sciences"
166;21101044934;"npj Science of Learning";journal;"20567936";"Nature Publishing Group";Yes;No;1,182;Q1;32;79;125;5198;535;115;2,96;65,80;50,40;0;22;United Kingdom;Western Europe;"Nature Publishing Group";"2016-2025";"Education (Q1); Developmental Neuroscience (Q2)";"Neuroscience; Social Sciences"
167;11300153314;"European Journal of Engineering Education";journal;"03043797, 14695898";"Taylor and Francis Ltd.";No;No;1,181;Q1;65;92;203;7011;1132;197;5,11;76,21;50,68;2;32;United Kingdom;Western Europe;"Taylor and Francis Ltd.";"1975-2025";"Education (Q1); Engineering (miscellaneous) (Q1)";"Engineering; Social Sciences"
168;145516;"Language, Culture and Curriculum";journal;"07908318";"Taylor and Francis Ltd.";No;No;1,180;Q1;48;37;82;1735;433;77;4,39;46,89;58,44;0;13;United Kingdom;Western Europe;"Taylor and Francis Ltd.";"1988-2025";"Education (Q1); Linguistics and Language (Q1)";"Social Sciences"
169;144967;"Early Childhood Education Journal";journal;"15731707, 10823301";"Springer Netherlands";No;No;1,179;Q1;59;335;344;19123;1532;343;3,84;57,08;78,62;6;131;Netherlands;Western Europe;"Springer Netherlands";"1995-2002, 2005-2025";"Developmental and Educational Psychology (Q1); Education (Q1)";"Psychology; Social Sciences"
170;18300156708;"Technical Communication Quarterly";journal;"15427625, 10572252";"Routledge";No;No;1,178;Q1;41;44;82;2235;219;81;2,45;50,80;50,00;0;21;United States;Northern America;"Routledge";"1992-1995, 1998-2000, 2005-2025";"Communication (Q1); Education (Q1)";"Social Sciences"
171;21100901675;"Women in Sport and Physical Activity Journal";journal;"10636161, 19381581";"Human Kinetics Publishers Inc.";No;No;1,175;Q1;16;50;52;2264;191;49;1,17;45,28;65,05;0;13;United States;Northern America;"Human Kinetics Publishers Inc.";"2018-2024";"Education (Q1); Gender Studies (Q1); Physical Therapy, Sports Therapy and Rehabilitation (Q1)";"Health Professions; Social Sciences"
172;12834;"Journal of Research in Reading";journal;"14679817, 01410423";"Wiley-Blackwell Publishing Ltd";No;No;1,171;Q1;66;32;98;1664;346;97;2,54;52,00;66,36;0;24;United Kingdom;Western Europe;"Wiley-Blackwell Publishing Ltd";"1978-2025";"Developmental and Educational Psychology (Q1); Education (Q1); Psychology (miscellaneous) (Q1)";"Psychology; Social Sciences"
173;22281;"Reading and Writing";journal;"09224777, 15730905";"Springer Netherlands";No;No;1,168;Q1;98;221;312;14348;1045;305;3,16;64,92;63,49;2;133;Netherlands;Western Europe;"Springer Netherlands";"1989-2025";"Education (Q1); Linguistics and Language (Q1); Neuropsychology and Physiological Psychology (Q1); Speech and Hearing (Q1)";"Health Professions; Psychology; Social Sciences"
174;13523;"Early Education and Development";journal;"15566935, 10409289";"Taylor and Francis Ltd.";No;No;1,165;Q1;86;122;244;8919;948;238;3,37;73,11;72,42;2;41;United Kingdom;Western Europe;"Taylor and Francis Ltd.";"1989-2025";"Developmental and Educational Psychology (Q1); Education (Q1)";"Psychology; Social Sciences"
175;14420;"Journal of Career Development";journal;"08948453, 15733548";"SAGE Publications Inc.";No;No;1,162;Q1;61;39;230;2378;1046;229;4,87;60,97;56,91;0;17;United States;Northern America;"SAGE Publications Inc.";"1972-1973, 1975-2025";"Education (Q1); Organizational Behavior and Human Resource Management (Q1); Psychology (miscellaneous) (Q1); Applied Psychology (Q2)";"Business, Management and Accounting; Psychology; Social Sciences"
176;19491;"Journal of Higher Education Policy and Management";journal;"14699508, 1360080X";"Routledge";No;No;1,158;Q1;57;47;129;2406;514;112;3,49;51,19;54,39;0;12;United Kingdom;Western Europe;"Routledge";"2003-2025";"Education (Q1); Public Administration (Q1)";"Social Sciences"
177;21100901162;"Large-Scale Assessments in Education";journal;"21960739";"SpringerOpen";Yes;Yes;1,155;Q1;28;45;90;2865;336;89;3,58;63,67;50,00;0;23;United States;Northern America;"SpringerOpen";"2013-2025";"Education (Q1)";"Social Sciences"
178;15900154722;"Journal of LGBT Youth";journal;"19361661, 19361653";"Routledge";No;No;1,147;Q1;47;71;92;3109;422;92;4,68;43,79;60,34;0;27;United States;Northern America;"Routledge";"2008-2024";"Education (Q1); Gender Studies (Q1)";"Social Sciences"
179;14200154735;"Educational Assessment, Evaluation and Accountability";journal;"18748597, 18748600";"Springer Netherlands";No;No;1,138;Q1;43;31;77;1745;259;64;2,28;56,29;54,88;4;8;Netherlands;Western Europe;"Springer Netherlands";"2009-2025";"Education (Q1); Organizational Behavior and Human Resource Management (Q1)";"Business, Management and Accounting; Social Sciences"
180;21100456759;"Journal of Graduate Medical Education";journal;"19498349, 19498357";"Accreditation Council for Graduate Medical Education";No;No;1,136;Q1;45;192;524;3274;1283;268;2,58;17,05;60,67;0;50;United States;Northern America;"Accreditation Council for Graduate Medical Education";"2015-2024";"Education (Q1); Medicine (miscellaneous) (Q1)";"Medicine; Social Sciences"
181;12099;"British Educational Research Journal";journal;"14693518, 01411926";"Routledge";No;No;1,134;Q1;107;179;224;11921;938;217;3,99;66,60;58,04;6;97;United Kingdom;Western Europe;"Routledge";"1978-2025";"Education (Q1)";"Social Sciences"
182;21100860697;"Journalism and Mass Communication Educator";journal;"21614326, 10776958";"SAGE Publications Ltd";No;No;1,130;Q1;29;37;82;1453;428;77;7,04;39,27;54,43;0;10;United Kingdom;Western Europe;"SAGE Publications Ltd";"1996-2025";"Communication (Q1); Education (Q1)";"Social Sciences"
183;28805;"Nurse Education in Practice";journal;"18735223, 14715953";"Elsevier Ltd";No;No;1,129;Q1;68;289;715;12022;3125;652;3,84;41,60;70,62;1;123;United Kingdom;Western Europe;"Elsevier Ltd";"2001-2025";"Education (Q1); Medicine (miscellaneous) (Q1); Nursing (miscellaneous) (Q1)";"Medicine; Nursing; Social Sciences"
184;5800179620;"Technology, Pedagogy and Education";journal;"17475139, 1475939X";"Routledge";No;No;1,128;Q1;53;50;121;2964;675;120;3,91;59,28;59,84;0;11;United Kingdom;Western Europe;"Routledge";"2003-2025";"Communication (Q1); Computer Science Applications (Q1); Education (Q1); Information Systems (Q1)";"Computer Science; Social Sciences"
185;5000157803;"Bilingualism";journal;"14691841, 13667289";"Cambridge University Press";No;No;1,119;Q1;88;134;279;9968;783;240;2,63;74,39;60,79;0;9;United Kingdom;Western Europe;"Cambridge University Press";"2005-2025";"Education (Q1); Linguistics and Language (Q1)";"Social Sciences"
186;5700177114;"Language Awareness";journal;"09658416";"Taylor and Francis Ltd.";No;No;1,117;Q1;53;56;81;3289;296;77;3,18;58,73;60,94;0;14;United Kingdom;Western Europe;"Taylor and Francis Ltd.";"1992-2025";"Education (Q1); Linguistics and Language (Q1)";"Social Sciences"
187;12789;"Journal of Creative Behavior";journal;"21626057, 00220175";"John Wiley &amp; Sons Inc.";No;No;1,115;Q1;75;65;174;5292;855;160;3,84;81,42;47,25;0;5;United States;Northern America;"John Wiley &amp; Sons Inc.";"1967-2025";"Developmental and Educational Psychology (Q1); Education (Q1); Visual Arts and Performing Arts (Q1)";"Arts and Humanities; Psychology; Social Sciences"
188;144837;"International Journal of Science and Mathematics Education";journal;"15710068";"Springer Netherlands";No;No;1,108;Q1;60;132;295;7156;1140;294;3,64;54,21;52,73;1;29;Netherlands;Western Europe;"Springer Netherlands";"2003-2025";"Education (Q1); Mathematics (miscellaneous) (Q1)";"Mathematics; Social Sciences"
189;20970;"Environmental Education Research";journal;"14695871, 13504622";"Carfax Publishing Ltd.";No;No;1,106;Q1;98;182;290;12361;1489;281;4,52;67,92;63,24;3;163;United Kingdom;Western Europe;"Carfax Publishing Ltd.";"1995-2025";"Education (Q1)";"Social Sciences"
190;21100228128;"Trends in Neuroscience and Education";journal;"22119493";"Elsevier GmbH";No;No;1,105;Q1;38;24;61;1457;253;59;3,79;60,71;54,02;0;6;Germany;Western Europe;"Elsevier GmbH";"2012-2025";"Behavioral Neuroscience (Q1); Education (Q1); Cognitive Neuroscience (Q2); Neuroscience (miscellaneous) (Q2)";"Neuroscience; Social Sciences"
191;4700153607;"Journal of Curriculum Studies";journal;"13665839, 00220272";"Taylor and Francis Ltd.";Yes;No;1,103;Q1;75;75;142;4779;542;141;2,97;63,72;49,38;1;21;United Kingdom;Western Europe;"Taylor and Francis Ltd.";"1968-1977, 1981-2025";"Education (Q1)";"Social Sciences"
192;21448;"Journal of Experimental Education";journal;"19400683, 00220973";"Routledge";No;No;1,101;Q1;77;93;131;5606;448;131;2,98;60,28;57,25;0;22;United States;Northern America;"Routledge";"1932-2025";"Education (Q1); Developmental and Educational Psychology (Q2)";"Psychology; Social Sciences"
193;21100898038;"Contemporary Educational Technology";journal;"1309517X";"Bastas";No;No;1,099;Q1;28;54;198;3172;1361;197;7,28;58,74;53,03;0;21;Cyprus;Western Europe;"Bastas";"2018-2025";"Education (Q1); Management of Technology and Innovation (Q1)";"Business, Management and Accounting; Social Sciences"
194;20598;"English for Specific Purposes";journal;"08894906";"Elsevier B.V.";No;No;1,097;Q1;98;41;122;2322;544;121;3,49;56,63;58,57;0;4;United Kingdom;Western Europe;"Elsevier B.V.";"1980-1981, 1986-2025";"Education (Q1); Linguistics and Language (Q1)";"Social Sciences"
195;66374;"Journal of Educational Measurement";journal;"00220655";"Wiley-Blackwell Publishing Ltd";No;No;1,093;Q1;61;38;85;1712;199;75;2,17;45,05;34,96;0;3;United Kingdom;Western Europe;"Wiley-Blackwell Publishing Ltd";"1964-2025";"Education (Q1); Psychology (miscellaneous) (Q1); Applied Psychology (Q2); Developmental and Educational Psychology (Q2)";"Psychology; Social Sciences"
196;4700152622;"TechTrends";journal;"87563894";"Springer New York";No;No;1,091;Q1;63;113;334;5410;1524;282;4,44;47,88;57,38;1;28;United States;Northern America;"Springer New York";"1982, 1985-1996, 2000, 2002, 2004, 2006-2025";"Computer Science Applications (Q1); Education (Q1)";"Computer Science; Social Sciences"
197;5600153491;"Journal of Multilingual and Multicultural Development";journal;"01434632";"Routledge";No;No;1,088;Q1;70;497;304;28421;1254;292;4,16;57,19;57,26;7;87;United Kingdom;Western Europe;"Routledge";"1980-2025";"Cultural Studies (Q1); Education (Q1); Linguistics and Language (Q1)";"Social Sciences"
198;5700191217;"European Educational Research Journal";journal;"14749041";"SAGE Publications Inc.";No;No;1,076;Q1;53;67;138;4581;541;133;3,44;68,37;61,59;2;26;United Kingdom;Western Europe;"SAGE Publications Inc.";"2003, 2005, 2007-2025";"Education (Q1)";"Social Sciences"
199;19700167026;"IEEE Transactions on Learning Technologies";journal;"19391382";"Institute of Electrical and Electronics Engineers Inc.";No;No;1,071;Q1;67;167;218;10545;1358;214;5,72;63,14;38,10;0;56;United States;Northern America;"Institute of Electrical and Electronics Engineers Inc.";"2008-2025";"Computer Science Applications (Q1); Education (Q1); E-learning (Q1); Engineering (miscellaneous) (Q1)";"Computer Science; Engineering; Social Sciences"
200;27188;"Language Learning and Technology";journal;"10943501";"";Yes;Yes;1,070;Q1;96;55;87;3049;346;85;4,66;55,44;50,00;0;12;United States;Northern America;"";"1997-2025";"Computer Science Applications (Q1); Education (Q1); Linguistics and Language (Q1)";"Computer Science; Social Sciences"
201;21100894112;"Journal of Digital Learning in Teacher Education";journal;"21532974, 23327383";"Taylor and Francis Ltd.";No;No;1,068;Q1;34;17;54;764;200;40;4,25;44,94;58,82;0;1;United Kingdom;Western Europe;"Taylor and Francis Ltd.";"2010-2025";"Computer Science Applications (Q1); Education (Q1)";"Computer Science; Social Sciences"
202;20563;"Minerva";journal;"00264695, 15731871";"Springer Netherlands";Yes;No;1,068;Q1;53;44;75;3313;319;75;4,57;75,30;38,74;3;16;Netherlands;Western Europe;"Springer Netherlands";"1962-2025";"Education (Q1); Social Sciences (miscellaneous) (Q1)";"Social Sciences"
203;144732;"Journal of Science Teacher Education";journal;"1046560X";"Taylor and Francis Ltd.";No;No;1,067;Q1;61;60;140;3849;493;126;2,44;64,15;67,69;0;17;United Kingdom;Western Europe;"Taylor and Francis Ltd.";"1989-2002, 2005-2025";"Education (Q1)";"Social Sciences"
204;144959;"Journal of Studies in International Education";journal;"10283153";"SAGE Publications Inc.";No;No;1,067;Q1;82;55;112;2731;557;110;4,33;49,65;49,59;1;17;United States;Northern America;"SAGE Publications Inc.";"1997-2025";"Education (Q1)";"Social Sciences"
205;22053;"European Journal of Special Needs Education";journal;"08856257, 1469591X";"Routledge";No;No;1,064;Q1;57;110;189;5002;796;185;3,27;45,47;65,79;2;98;United Kingdom;Western Europe;"Routledge";"1986-2025";"Education (Q1); Health Professions (miscellaneous) (Q1); Developmental and Educational Psychology (Q2)";"Health Professions; Psychology; Social Sciences"
206;5600153618;"International Journal of Inclusive Education";journal;"14645173, 13603116";"Routledge";No;No;1,064;Q1;72;275;369;13501;1435;362;3,61;49,09;68,78;24;236;United Kingdom;Western Europe;"Routledge";"1997-2025";"Arts and Humanities (miscellaneous) (Q1); Education (Q1)";"Arts and Humanities; Social Sciences"
207;19700188253;"Journal of Further and Higher Education";journal;"14699486, 0309877X";"Routledge";No;No;1,061;Q1;59;70;293;3622;1285;293;3,97;51,74;52,60;0;26;United States;Northern America;"Routledge";"1977-2025";"Education (Q1)";"Social Sciences"
208;20731;"Research in Higher Education";journal;"1573188X, 03610365";"Springer Netherlands";No;No;1,061;Q1;110;75;142;5185;487;142;3,00;69,13;54,59;3;37;Netherlands;Western Europe;"Springer Netherlands";"1973-2025";"Education (Q1)";"Social Sciences"
209;29972;"Journal of Homosexuality";journal;"15403602, 00918369";"Routledge";No;No;1,060;Q1;95;239;406;14045;1527;400;3,35;58,77;54,18;1;108;United States;Northern America;"Routledge";"1974, 1976-2025";"Education (Q1); Gender Studies (Q1); Medicine (miscellaneous) (Q1); Psychology (miscellaneous) (Q1); Social Psychology (Q1)";"Medicine; Psychology; Social Sciences"
210;5700164250;"Pedagogy, Culture and Society";journal;"14681366";"Routledge";No;No;1,055;Q1;49;133;157;7548;614;156;3,31;56,75;62,17;2;60;United Kingdom;Western Europe;"Routledge";"1999-2025";"Cultural Studies (Q1); Education (Q1)";"Social Sciences"
211;19700188267;"Accounting Education";journal;"14684489, 09639284";"Routledge";No;No;1,054;Q1;54;77;84;5889;554;84;5,31;76,48;51,69;1;33;United Kingdom;Western Europe;"Routledge";"1992-1996, 1998, 2000-2025";"Accounting (Q1); Education (Q1)";"Business, Management and Accounting; Social Sciences"
212;145221;"Educational Assessment";journal;"10627197, 15326977";"Routledge";No;No;1,039;Q1;38;15;56;995;163;55;2,80;66,33;60,87;0;4;United States;Northern America;"Routledge";"1993-1995, 2004-2025";"Education (Q1)";"Social Sciences"
213;19700174688;"Medical Education Online";journal;"10872981";"Taylor and Francis Ltd.";Yes;No;1,037;Q1;55;108;305;4142;1369;295;4,13;38,35;53,15;0;47;United Kingdom;Western Europe;"Taylor and Francis Ltd.";"2009-2025";"Education (Q1); Medicine (miscellaneous) (Q1)";"Medicine; Social Sciences"
214;97030;"Research in Science Education";journal;"15731898, 0157244X";"Springer Netherlands";No;No;1,024;Q1;72;91;300;5021;1115;285;3,33;55,18;55,47;0;22;Netherlands;Western Europe;"Springer Netherlands";"1971-2025";"Education (Q1)";"Social Sciences"
215;21368;"Instructional Science";journal;"00204277, 15731952";"Springer Netherlands";No;No;1,022;Q1;95;48;108;3463;399;108;3,09;72,15;52,80;1;14;Netherlands;Western Europe;"Springer Netherlands";"1972-1992, 1994-2025";"Education (Q1); Developmental and Educational Psychology (Q2)";"Psychology; Social Sciences"
216;21100228541;"International Journal of Child-Computer Interaction";journal;"22128689";"Elsevier B.V.";No;No;1,019;Q1;43;52;179;3026;980;171;5,12;58,19;65,06;1;28;Netherlands;Western Europe;"Elsevier B.V.";"2013-2025";"Education (Q1); Human-Computer Interaction (Q2)";"Computer Science; Social Sciences"
217;145757;"Chemistry Education Research and Practice";journal;"11094028, 17561108";"Royal Society of Chemistry";Yes;No;1,018;Q1;62;76;239;5475;793;236;2,93;72,04;58,79;0;18;United Kingdom;Western Europe;"Royal Society of Chemistry";"2005-2025";"Chemistry (miscellaneous) (Q1); Education (Q1)";"Chemistry; Social Sciences"
218;5700161731;"Journal of Education for Students Placed at Risk";journal;"10824669";"Routledge";No;No;1,013;Q1;27;29;50;1932;128;48;1,71;66,62;59,15;1;18;United Kingdom;Western Europe;"Routledge";"2010-2025";"Education (Q1)";"Social Sciences"
219;300147008;"European Journal of Cultural Studies";journal;"13675494";"SAGE Publications Ltd";No;No;1,010;Q1;62;150;232;7734;775;228;2,73;51,56;62,98;2;72;United Kingdom;Western Europe;"SAGE Publications Ltd";"1998-2025";"Arts and Humanities (miscellaneous) (Q1); Cultural Studies (Q1); Education (Q1)";"Arts and Humanities; Social Sciences"
220;21101028427;"Review of Education";journal;"20496613";"John Wiley &amp; Sons Inc.";No;No;1,010;Q1;31;60;177;5463;767;168;4,09;91,05;59,48;0;31;United States;Northern America;"John Wiley &amp; Sons Inc.";"2013-2025";"Education (Q1)";"Social Sciences"
221;200147131;"Cambridge Journal of Education";journal;"0305764X, 14693577";"Routledge";No;No;1,008;Q1;77;42;123;2637;467;123;3,10;62,79;58,72;0;19;United Kingdom;Western Europe;"Routledge";"1971-2025";"Education (Q1)";"Social Sciences"
222;11700154725;"Education for Chemical Engineers";journal;"17497728";"Elsevier B.V.";No;No;1,007;Q1;36;28;145;958;662;143;3,62;34,21;32,97;0;11;Netherlands;Western Europe;"Elsevier B.V.";"2006-2025";"Chemical Engineering (miscellaneous) (Q1); Education (Q1)";"Chemical Engineering; Social Sciences"
223;15315;"Oxford Review of Education";journal;"14653915, 03054985";"Routledge";No;No;1,003;Q1;81;86;139;4322;530;135;3,70;50,26;52,33;5;44;United Kingdom;Western Europe;"Routledge";"1975-2025";"Education (Q1)";"Social Sciences"
224;200147108;"Distance Education";journal;"14750198, 01587919";"Routledge";No;No;1,000;Q1;74;65;115;3201;553;103;3,47;49,25;52,50;0;27;United Kingdom;Western Europe;"Routledge";"1980-2025";"Education (Q1); E-learning (Q1)";"Social Sciences"
225;21100932472;"Journal of Learning Analytics";journal;"19297750";"UTS ePRESS";Yes;No;0,997;Q1;26;43;92;2451;466;88;3,81;57,00;41,01;0;13;Australia;Pacific Region;"UTS ePRESS";"2019-2024";"Computer Science Applications (Q1); Education (Q1)";"Computer Science; Social Sciences"
226;100147349;"Studies in Continuing Education";journal;"0158037X, 1470126X";"Routledge";No;No;0,997;Q1;44;38;78;1828;317;75;3,35;48,11;53,49;0;17;United Kingdom;Western Europe;"Routledge";"1978-1982, 1988-2025";"Education (Q1)";"Social Sciences"
227;21389;"International Journal of Technology and Design Education";journal;"15731804, 09577572";"Springer Netherlands";No;No;0,989;Q1;60;123;260;8091;1178;260;4,54;65,78;47,27;1;34;Netherlands;Western Europe;"Springer Netherlands";"1990-2025";"Education (Q1); Engineering (miscellaneous) (Q1)";"Engineering; Social Sciences"
228;5700153364;"Assessment in Education: Principles, Policy and Practice";journal;"0969594X, 1465329X";"Routledge";No;No;0,988;Q1;62;18;99;794;350;85;2,69;44,11;46,51;0;6;United States;Northern America;"Routledge";"1994-2025";"Education (Q1)";"Social Sciences"
229;5700152857;"Mind, Culture, and Activity";journal;"10749039, 15327884";"Taylor and Francis Ltd.";No;No;0,987;Q1;65;5;76;220;194;65;1,49;44,00;28,57;0;1;United Kingdom;Western Europe;"Taylor and Francis Ltd.";"1994-2025";"Anthropology (Q1); Cultural Studies (Q1); Education (Q1); Linguistics and Language (Q1); Cognitive Neuroscience (Q2); Developmental and Educational Psychology (Q2); Social Psychology (Q2)";"Neuroscience; Psychology; Social Sciences"
230;5700164380;"Comunicar";journal;"19883293, 11343478";"Grupo Comunicar Ediciones";Yes;Yes;0,986;Q1;61;0;122;0;750;122;6,78;0,00;0,00;0;0;Spain;Western Europe;"Grupo Comunicar Ediciones";"2008-2023";"Communication (Q1); Cultural Studies (Q1); Education (Q1)";"Social Sciences"
231;12072;"International Journal of Educational Development";journal;"07380593";"Elsevier B.V.";No;No;0,984;Q1;77;174;443;8594;1570;421;2,84;49,39;39,88;12;115;United Kingdom;Western Europe;"Elsevier B.V.";"1981-2025";"Development (Q1); Education (Q1); Sociology and Political Science (Q1)";"Social Sciences"
232;100147342;"European Journal of Education";journal;"14653435, 01418211";"Wiley-Blackwell Publishing Ltd";No;No;0,982;Q1;63;207;148;12515;727;132;5,08;60,46;51,68;1;94;United Kingdom;Western Europe;"Wiley-Blackwell Publishing Ltd";"2005-2025";"Education (Q1)";"Social Sciences"
233;11700154505;"Journal of Hospitality, Leisure, Sport and Tourism Education";journal;"14738376";"Elsevier B.V.";No;No;0,982;Q1;46;42;142;2530;960;141;6,36;60,24;36,52;0;22;Netherlands;Western Europe;"Elsevier B.V.";"2008-2025";"Education (Q1); Tourism, Leisure and Hospitality Management (Q2)";"Business, Management and Accounting; Social Sciences"
234;21100897503;"Health Promotion Perspectives";journal;"22286497";"Tabriz University of Medical Sciences";Yes;Yes;0,980;Q1;28;43;150;2084;544;143;2,98;48,47;54,41;1;26;Iran;Middle East;"Tabriz University of Medical Sciences";"2018-2024";"Education (Q1); Health (social science) (Q1); Public Health, Environmental and Occupational Health (Q1)";"Medicine; Social Sciences"
235;14310;"Educational Studies";journal;"03055698, 14653400";"Routledge";No;No;0,978;Q1;58;116;171;6635;690;171;4,04;57,20;53,66;6;46;United Kingdom;Western Europe;"Routledge";"1975-2025";"Education (Q1)";"Social Sciences"
236;21100934557;"Journal of Intelligence";journal;"20793200";"Multidisciplinary Digital Publishing Institute (MDPI)";Yes;No;0,978;Q1;32;130;408;8818;1607;399;3,81;67,83;48,77;0;21;Switzerland;Western Europe;"Multidisciplinary Digital Publishing Institute (MDPI)";"2013-2025";"Education (Q1); Cognitive Neuroscience (Q2); Developmental and Educational Psychology (Q2); Experimental and Cognitive Psychology (Q2)";"Neuroscience; Psychology; Social Sciences"
237;12791;"Journal of Academic Librarianship";journal;"00991333";"Elsevier B.V.";No;No;0,975;Q1;72;122;401;6719;1551;399;3,35;55,07;55,22;0;32;United Kingdom;Western Europe;"Elsevier B.V.";"1988-2025";"Education (Q1); Library and Information Sciences (Q1)";"Social Sciences"
238;29540;"Australian Educational Researcher";journal;"03116999";"Springer Netherlands";No;No;0,974;Q1;47;165;190;9165;700;187;3,41;55,55;70,69;6;74;Netherlands;Western Europe;"Springer Netherlands";"1985-1996, 2001, 2003-2025";"Education (Q1)";"Social Sciences"
239;21101220017;"Implementation and Replication Studies in Mathematics Education";journal;"26670127, 26670135";"Brill Academic Publishers";No;No;0,974;Q1;6;10;23;559;55;16;2,33;55,90;52,38;1;2;Netherlands;Western Europe;"Brill Academic Publishers";"2021-2024";"Education (Q1)";"Social Sciences"
240;21100916902;"Learning: Research and Practice";journal;"23735082, 23735090";"Routledge";No;No;0,974;Q1;18;23;39;1061;197;32;6,36;46,13;54,55;0;4;United States;Northern America;"Routledge";"2015-2025";"Education (Q1)";"Social Sciences"
241;12100156320;"Mind, Brain, and Education";journal;"17512271, 1751228X";"Wiley-Blackwell Publishing Ltd";No;No;0,974;Q1;50;43;107;2358;336;96;2,46;54,84;66,43;0;11;United Kingdom;Western Europe;"Wiley-Blackwell Publishing Ltd";"2008-2025";"Education (Q1); Cognitive Neuroscience (Q2); Developmental and Educational Psychology (Q2); Experimental and Cognitive Psychology (Q2)";"Neuroscience; Psychology; Social Sciences"
242;12073;"International Journal of Educational Research";journal;"08830355";"Elsevier B.V.";No;No;0,969;Q1;86;170;415;11214;1628;414;3,45;65,96;55,88;2;85;United Kingdom;Western Europe;"Elsevier B.V.";"1986-2025";"Education (Q1)";"Social Sciences"
243;16514;"Review of Research in Education";journal;"0091732X, 19351038";"SAGE Publications Inc.";No;No;0,965;Q1;81;10;56;1085;145;44;1,98;108,50;54,00;0;3;United States;Northern America;"SAGE Publications Inc.";"1973-1981, 1983-1988, 1990-2000, 2002-2024";"Education (Q1)";"Social Sciences"
244;14761;"International Journal of Stress Management";journal;"10725245, 15733424";"American Psychological Association";No;No;0,963;Q1;77;31;105;2225;301;105;2,49;71,77;49,04;0;5;United States;Northern America;"American Psychological Association";"1994-2025";"Business, Management and Accounting (miscellaneous) (Q1); Education (Q1); Medicine (miscellaneous) (Q1); Psychology (miscellaneous) (Q1); Applied Psychology (Q2)";"Business, Management and Accounting; Medicine; Psychology; Social Sciences"
245;144960;"Education and Training";journal;"00400912";"Emerald Publishing";No;No;0,962;Q1;91;81;191;5037;1113;187;4,77;62,19;52,51;0;67;United Kingdom;Western Europe;"Emerald Publishing";"1959-2025";"Business, Management and Accounting (miscellaneous) (Q1); Education (Q1); Life-span and Life-course Studies (Q2)";"Business, Management and Accounting; Social Sciences"
246;24733;"American Behavioral Scientist";journal;"15523381, 00027642";"SAGE Publications Inc.";No;No;0,961;Q1;139;233;416;12710;1428;398;1,95;54,55;52,79;5;116;United States;Northern America;"SAGE Publications Inc.";"1957-2025";"Cultural Studies (Q1); Education (Q1); Social Sciences (miscellaneous) (Q1); Sociology and Political Science (Q1); Social Psychology (Q2)";"Psychology; Social Sciences"
247;12104;"British Journal of Sociology of Education";journal;"14653346, 01425692";"Taylor and Francis Ltd.";No;No;0,961;Q1;93;63;207;3988;681;204;2,93;63,30;45,87;1;32;United Kingdom;Western Europe;"Taylor and Francis Ltd.";"1980-2025";"Education (Q1); Sociology and Political Science (Q1)";"Social Sciences"
248;5700168957;"Educational Action Research";journal;"17475074, 09650792";"Routledge";No;No;0,961;Q1;48;88;167;3643;462;152;1,94;41,40;68,40;0;30;United Kingdom;Western Europe;"Routledge";"1993-2025";"Education (Q1)";"Social Sciences"
249;4700151738;"Journal of Literacy Research";journal;"1086296X, 15548430";"SAGE Publications Inc.";No;No;0,960;Q1;58;26;79;1268;210;67;1,92;48,77;67,35;0;11;United States;Northern America;"SAGE Publications Inc.";"1969-1972, 1974-2025";"Education (Q1); Linguistics and Language (Q1)";"Social Sciences"
250;28902;"Family Relations";journal;"01976664, 17413729";"Wiley-Blackwell Publishing Ltd";No;No;0,958;Q1;105;200;408;11535;1168;404;2,51;57,68;69,89;1;63;United Kingdom;Western Europe;"Wiley-Blackwell Publishing Ltd";"1981, 1992, 1996-2025";"Education (Q1); Social Sciences (miscellaneous) (Q1); Social Work (Q1); Developmental and Educational Psychology (Q2)";"Psychology; Social Sciences"
251;200147127;"Scandinavian Journal of Educational Research";journal;"14701170, 00313831";"Routledge";No;No;0,958;Q1;60;178;231;9022;825;231;3,46;50,69;69,13;10;49;United Kingdom;Western Europe;"Routledge";"1971-2025";"Education (Q1)";"Social Sciences"
252;144970;"Science and Education";journal;"09267220";"Springer Netherlands";No;No;0,956;Q1;64;168;209;12835;861;198;3,80;76,40;44,62;1;46;Netherlands;Western Europe;"Springer Netherlands";"1992-2025";"Education (Q1)";"Social Sciences"
253;5700156763;"Teachers and Teaching: Theory and Practice";journal;"13540602, 14701278";"Taylor and Francis Ltd.";No;No;0,954;Q1;80;130;179;6687;590;177;2,51;51,44;67,61;6;63;United Kingdom;Western Europe;"Taylor and Francis Ltd.";"1995-2025";"Arts and Humanities (miscellaneous) (Q1); Education (Q1)";"Arts and Humanities; Social Sciences"
254;26619;"Symbolic Interaction";journal;"15338665, 01956086";"Wiley-Blackwell";No;No;0,952;Q1;61;43;74;2837;176;70;2,09;65,98;53,70;0;10;United States;Northern America;"Wiley-Blackwell";"1977-2025";"Communication (Q1); Education (Q1); Nursing (miscellaneous) (Q1); Social Sciences (miscellaneous) (Q1); Sociology and Political Science (Q1); Social Psychology (Q2)";"Nursing; Psychology; Social Sciences"
255;19635;"Teaching and Learning in Medicine";journal;"10401334, 15328015";"Routledge";No;No;0,952;Q1;63;107;165;5530;515;160;2,57;51,68;58,50;0;54;United States;Northern America;"Routledge";"1989-2025";"Education (Q1); Medicine (miscellaneous) (Q1)";"Medicine; Social Sciences"
256;28099;"BMC Medical Education";journal;"14726920";"BioMed Central Ltd";Yes;No;0,947;Q1;107;1534;2470;60899;9387;2458;3,49;39,70;53,09;1;729;United Kingdom;Western Europe;"BioMed Central Ltd";"2001-2025";"Education (Q1); Medicine (miscellaneous) (Q1)";"Medicine; Social Sciences"
257;5700163852;"Globalisation, Societies and Education";journal;"14767724";"Routledge";No;No;0,947;Q1;47;138;246;7875;858;241;2,90;57,07;53,23;4;55;United Kingdom;Western Europe;"Routledge";"2010-2025";"Education (Q1)";"Social Sciences"
258;16247;"Journal of Applied Research in Intellectual Disabilities";journal;"14683148, 13602322";"Wiley-Blackwell Publishing Ltd";No;No;0,946;Q1;79;146;354;7736;1190;353;2,90;52,99;67,31;0;35;United Kingdom;Western Europe;"Wiley-Blackwell Publishing Ltd";"1996-2025";"Education (Q1); Developmental and Educational Psychology (Q2)";"Psychology; Social Sciences"
259;19600161825;"Revista de Psicodidactica";journal;"22544372, 11361034";"Escuela Universitaria de Magisterio";Yes;Yes;0,946;Q1;38;20;60;1194;258;60;4,20;59,70;46,05;0;12;Spain;Western Europe;"Escuela Universitaria de Magisterio";"2005-2025";"Education (Q1); Developmental and Educational Psychology (Q2)";"Psychology; Social Sciences"
260;21100385802;"Interactive Technology and Smart Education";journal;"17415659, 17588510";"Emerald Publishing";No;No;0,944;Q1;39;46;78;3541;484;73;5,40;76,98;42,11;0;11;United Kingdom;Western Europe;"Emerald Publishing";"2004-2025";"Computer Science (miscellaneous) (Q1); Education (Q1); E-learning (Q1)";"Computer Science; Social Sciences"
261;5600155022;"Current Issues in Language Planning";journal;"14664208";"Taylor and Francis Ltd.";No;No;0,942;Q1;38;61;80;3752;340;79;3,08;61,51;52,63;1;24;United Kingdom;Western Europe;"Taylor and Francis Ltd.";"2008-2025";"Education (Q1); Linguistics and Language (Q1)";"Social Sciences"
262;4000151613;"Journal of College Student Retention: Research, Theory and Practice";journal;"15414167, 15210251";"SAGE Publications Inc.";No;No;0,939;Q1;43;82;179;4573;516;179;2,41;55,77;56,92;4;18;United Kingdom;Western Europe;"SAGE Publications Inc.";"2005-2025";"Education (Q1)";"Social Sciences"
263;19700188254;"Research in Mathematics Education";journal;"17540178, 14794802";"Routledge";No;No;0,939;Q1;28;51;72;2588;165;64;1,79;50,75;61,29;0;4;United States;Northern America;"Routledge";"1998, 2000-2025";"Education (Q1); Mathematics (miscellaneous) (Q1)";"Mathematics; Social Sciences"
264;29390;"Gender and Education";journal;"13600516, 09540253";"Routledge";No;No;0,938;Q1;80;77;179;4229;577;176;2,72;54,92;81,62;0;46;United Kingdom;Western Europe;"Routledge";"1989-2025";"Education (Q1); Gender Studies (Q1)";"Social Sciences"
265;5700162170;"Journal of Hispanic Higher Education";journal;"15381927";"SAGE Publications Inc.";No;No;0,933;Q1;43;28;93;1285;256;87;2,02;45,89;64,38;0;7;United States;Northern America;"SAGE Publications Inc.";"2002-2025";"Education (Q1)";"Social Sciences"
266;30064;"Journal of Psychology";journal;"19401019, 00223980";"Routledge";No;No;0,929;Q1;83;58;93;4298;334;93;3,69;74,10;55,29;1;10;United States;Northern America;"Routledge";"1936-1959, 1962-2025";"Business, Management and Accounting (miscellaneous) (Q1); Education (Q1); Psychology (miscellaneous) (Q2)";"Business, Management and Accounting; Psychology; Social Sciences"
267;20500195402;"Psychology Learning and Teaching";journal;"14757257";"SAGE Publications Inc.";No;No;0,923;Q1;24;33;66;1266;207;57;2,49;38,36;69,90;0;11;United Kingdom;Western Europe;"SAGE Publications Inc.";"2011-2024";"Education (Q1); Psychology (miscellaneous) (Q2)";"Psychology; Social Sciences"
268;21908;"Journal of School Health";journal;"00224391, 17461561";"Wiley-Blackwell";No;No;0,922;Q1;100;112;374;4751;897;346;2,04;42,42;71,60;0;69;United States;Northern America;"Wiley-Blackwell";"1930-2025";"Education (Q1); Philosophy (Q1); Public Health, Environmental and Occupational Health (Q2)";"Arts and Humanities; Medicine; Social Sciences"
269;12860;"Compare";journal;"14693623, 03057925";"Routledge";No;No;0,921;Q1;60;138;253;7849;766;252;2,94;56,88;53,40;6;80;United Kingdom;Western Europe;"Routledge";"1975-2025";"Education (Q1)";"Social Sciences"
270;12100155706;"Journal of Language, Identity and Education";journal;"15327701, 15348458";"Routledge";No;No;0,917;Q1;37;116;159;5732;505;153;2,48;49,41;67,46;2;28;United Kingdom;Western Europe;"Routledge";"2010-2025";"Education (Q1); Linguistics and Language (Q1)";"Social Sciences"
271;144957;"Journal of Marketing Education";journal;"02734753, 15526550";"SAGE Publications Inc.";No;No;0,915;Q1;67;40;73;2707;377;65;4,72;67,68;47,37;0;20;United States;Northern America;"SAGE Publications Inc.";"1979-2025";"Education (Q1); Marketing (Q2)";"Business, Management and Accounting; Social Sciences"
272;16300154723;"Research Studies in Music Education";journal;"1321103X, 18345530";"SAGE Publications Ltd";No;No;0,913;Q1;36;47;110;2724;281;108;2,60;57,96;64,29;0;15;United Kingdom;Western Europe;"SAGE Publications Ltd";"1993-2025";"Education (Q1); Music (Q1)";"Arts and Humanities; Social Sciences"
273;4400151601;"Asia Pacific Education Review";journal;"15981037";"Springer Netherlands";No;No;0,911;Q1;50;166;187;11177;805;182;4,01;67,33;48,34;3;77;Netherlands;Western Europe;"Springer Netherlands";"2003, 2005-2025";"Education (Q1)";"Social Sciences"
274;5800208246;"TESOL Journal";journal;"19493533, 10567941";"John Wiley and Sons Inc";No;No;0,911;Q1;33;121;152;4894;474;143;2,74;40,45;56,07;0;23;United States;Northern America;"John Wiley and Sons Inc";"2010-2025";"Education (Q1); Linguistics and Language (Q1)";"Social Sciences"
275;19700201422;"Computer Science Education";journal;"17445175, 08993408";"Taylor and Francis Ltd.";No;No;0,909;Q1;48;65;70;4475;295;60;3,96;68,85;56,16;1;19;United Kingdom;Western Europe;"Taylor and Francis Ltd.";"1988-1995, 1999, 2002, 2004-2025";"Computer Science (miscellaneous) (Q1); Education (Q1)";"Computer Science; Social Sciences"
276;21100456854;"Journal of University Teaching and Learning Practice";journal;"14499789";"Open Access Publishing Association";Yes;No;0,909;Q1;28;101;274;5747;1342;265;5,74;56,90;62,84;0;40;Australia;Pacific Region;"Open Access Publishing Association";"2016-2025";"Education (Q1)";"Social Sciences"
277;144736;"Innovative Higher Education";journal;"07425627, 15731758";"Springer Netherlands";No;No;0,906;Q1;58;83;145;4712;546;143;2,55;56,77;55,38;0;31;Netherlands;Western Europe;"Springer Netherlands";"1983-2002, 2004-2025";"Education (Q1)";"Social Sciences"
278;21100203308;"ITL - International Journal of Applied Linguistics (Belgium)";journal;"17831490, 00190829";"Peeters Publishers";No;No;0,901;Q1;16;10;37;644;87;34;1,54;64,40;50,00;0;0;Belgium;Western Europe;"Peeters Publishers";"2011-2012, 2014-2024";"Education (Q1); Linguistics and Language (Q1)";"Social Sciences"
279;18402;"Medicine, Health Care and Philosophy";journal;"15728633, 13867423";"Springer Netherlands";No;No;0,893;Q1;55;51;191;2797;679;177;3,82;54,84;50,00;1;10;Netherlands;Western Europe;"Springer Netherlands";"1998-2025";"Education (Q1); Health Policy (Q1); Health (social science) (Q1); Philosophy (Q1)";"Arts and Humanities; Medicine; Social Sciences"
280;23164;"School Psychology International";journal;"14617374, 01430343";"SAGE Publications Ltd";No;No;0,889;Q1;71;40;98;2681;281;94;1,94;67,03;70,63;0;19;United Kingdom;Western Europe;"SAGE Publications Ltd";"1979-2025";"Education (Q1); Developmental and Educational Psychology (Q2); Psychiatry and Mental Health (Q2)";"Medicine; Psychology; Social Sciences"
281;16200154705;"Journal of Research in Music Education";journal;"00224294, 19450095";"SAGE Publications Inc.";No;No;0,887;Q1;56;39;85;1777;211;72;2,05;45,56;48,44;0;7;United States;Northern America;"SAGE Publications Inc.";"1953-2025";"Education (Q1); Music (Q1)";"Arts and Humanities; Social Sciences"
282;12373;"Journal of Computer Information Systems";journal;"08874417";"Taylor and Francis Ltd.";No;No;0,882;Q1;81;138;277;10331;1544;277;5,79;74,86;40,62;2;23;United Kingdom;Western Europe;"Taylor and Francis Ltd.";"1995-2025";"Computer Networks and Communications (Q1); Education (Q1); Information Systems (Q1)";"Computer Science; Social Sciences"
283;16400154731;"School Leadership and Management";journal;"13632434, 13642626";"Brill Academic Publishers";No;No;0,876;Q1;57;35;88;1849;279;75;3,56;52,83;75,00;0;16;United Kingdom;Western Europe;"Brill Academic Publishers";"1996-2025";"Arts and Humanities (miscellaneous) (Q1); Education (Q1); Strategy and Management (Q2)";"Arts and Humanities; Business, Management and Accounting; Social Sciences"
284;21101142659;"Journal for STEM Education Research";journal;"25208705, 25208713";"Springer Nature";No;No;0,874;Q1;18;34;56;2181;233;52;3,87;64,15;64,58;0;11;Switzerland;Western Europe;"Springer Nature";"2018-2025";"Education (Q1)";"Social Sciences"
285;12100156346;"Interpreter and Translator Trainer";journal;"1750399X, 17570417";"Taylor and Francis Ltd.";No;No;0,873;Q1;36;33;91;1434;263;89;2,73;43,45;67,86;0;13;United Kingdom;Western Europe;"Taylor and Francis Ltd.";"2007-2025";"Education (Q1); Linguistics and Language (Q1)";"Social Sciences"
286;21100203911;"European Journal of Training and Development";journal;"20469012, 20469020";"Emerald Publishing";No;No;0,872;Q1;73;79;132;6002;698;130;5,60;75,97;53,88;0;36;United Kingdom;Western Europe;"Emerald Publishing";"2012-2025";"Business, Management and Accounting (miscellaneous) (Q1); Education (Q1); Organizational Behavior and Human Resource Management (Q2)";"Business, Management and Accounting; Social Sciences"
287;20324;"Journal of Educational Administration and History";journal;"14787431, 00220620";"Routledge";No;No;0,870;Q1;31;44;87;2207;268;76;2,64;50,16;61,43;0;17;United Kingdom;Western Europe;"Routledge";"1968-2000, 2010-2025";"Education (Q1); Sociology and Political Science (Q1)";"Social Sciences"
288;21100899309;"Research and Practice in Technology Enhanced Learning";journal;"17937078";"Asia-Pacific Society for Computers in Education";Yes;Yes;0,865;Q1;33;34;95;2100;461;95;4,47;61,76;39,39;2;15;Taiwan;Asiatic Region;"Asia-Pacific Society for Computers in Education";"2015-2025";"Education (Q1); Media Technology (Q1); Management of Technology and Innovation (Q2); Social Psychology (Q2)";"Business, Management and Accounting; Engineering; Psychology; Social Sciences"
289;24482;"Children and Youth Services Review";journal;"01907409";"Elsevier Ltd";No;No;0,862;Q1;123;625;1275;40419;3733;1257;2,14;64,67;67,97;11;363;United Kingdom;Western Europe;"Elsevier Ltd";"1979-2025";"Education (Q1); Social Work (Q1); Sociology and Political Science (Q1); Developmental and Educational Psychology (Q2)";"Psychology; Social Sciences"
290;5700153422;"Higher Education Quarterly";journal;"02639769, 09515224";"Wiley-Blackwell Publishing Ltd";No;No;0,862;Q1;53;113;150;7299;600;144;4,19;64,59;57,85;0;49;United Kingdom;Western Europe;"Wiley-Blackwell Publishing Ltd";"1947-2025";"Education (Q1)";"Social Sciences"
291;4000148501;"Curriculum Inquiry";journal;"1467873X, 03626784";"Taylor and Francis Ltd.";No;No;0,857;Q1;51;10;84;565;185;66;1,87;56,50;58,33;0;6;United Kingdom;Western Europe;"Taylor and Francis Ltd.";"1976-2025";"Education (Q1)";"Social Sciences"
292;11300153602;"Parenting";journal;"15295192, 15327922";"Psychology Press Ltd";No;No;0,853;Q1;60;24;39;1263;101;39;2,77;52,63;80,65;0;6;United Kingdom;Western Europe;"Psychology Press Ltd";"2001-2025";"Education (Q1); Developmental and Educational Psychology (Q2); Social Psychology (Q2)";"Psychology; Social Sciences"
293;21100794686;"Higher Education Pedagogies";journal;"23752696";"Taylor and Francis Ltd.";Yes;No;0,851;Q1;26;0;26;0;163;26;3,25;0,00;0,00;0;0;United Kingdom;Western Europe;"Taylor and Francis Ltd.";"2016-2023";"Education (Q1)";"Social Sciences"
294;19700187624;"Open Learning";journal;"02680513, 14699958";"Routledge";No;No;0,850;Q1;45;56;79;2782;287;67;3,00;49,68;58,27;1;28;United Kingdom;Western Europe;"Routledge";"1970, 1986-2025";"Education (Q1); E-learning (Q2)";"Social Sciences"
295;22633;"Learning Disability Quarterly";journal;"07319487, 2168376X";"SAGE Publications Inc.";No;No;0,848;Q1;62;24;83;1358;194;78;2,21;56,58;66,25;0;18;United States;Northern America;"SAGE Publications Inc.";"1978-2025";"Education (Q1); Health Professions (miscellaneous) (Q1); Behavioral Neuroscience (Q2)";"Health Professions; Neuroscience; Social Sciences"
296;19600161833;"Journal fur Mathematik-Didaktik";journal;"01735322, 18692699";"Springer Verlag";No;No;0,842;Q1;19;25;57;1630;97;56;1,70;65,20;53,70;0;4;Germany;Western Europe;"Springer Verlag";"1980-1995, 1997-2002, 2004-2005, 2007-2025";"Education (Q1); Mathematics (miscellaneous) (Q1)";"Mathematics; Social Sciences"
297;21100818942;"Journal of Psychologists and Counsellors in Schools";journal;"20556365, 20556373";"SAGE Publications Ltd";No;No;0,842;Q1;32;9;70;304;172;64;2,19;33,78;69,70;1;3;United Kingdom;Western Europe;"SAGE Publications Ltd";"2015-2024";"Education (Q1); Developmental and Educational Psychology (Q2); Social Psychology (Q2)";"Psychology; Social Sciences"
298;21100809808;"Educational and Developmental Psychologist";journal;"20590784, 20590776";"Routledge";No;No;0,840;Q1;23;22;70;1192;221;66;3,42;54,18;72,06;0;8;United Kingdom;Western Europe;"Routledge";"2016-2025";"Education (Q1); Developmental and Educational Psychology (Q2)";"Psychology; Social Sciences"
299;21100910579;"Curriculum Studies in Health and Physical Education";journal;"25742981, 2574299X";"Routledge";No;No;0,839;Q1;26;41;67;2181;173;60;2,49;53,20;57,02;1;19;United States;Northern America;"Routledge";"2018-2025";"Education (Q1); Physical Therapy, Sports Therapy and Rehabilitation (Q1); Orthopedics and Sports Medicine (Q2)";"Health Professions; Medicine; Social Sciences"
300;4700152736;"Journal of School Violence";journal;"15388239, 15388220";"Routledge";No;No;0,838;Q1;54;45;120;2572;372;120;2,67;57,16;58,94;2;34;United States;Northern America;"Routledge";"2002-2025";"Education (Q1); Safety, Risk, Reliability and Quality (Q1)";"Engineering; Social Sciences"
301;22894;"Research Evaluation";journal;"09582029, 14715449";"Oxford University Press";No;No;0,837;Q1;65;48;133;3225;423;130;2,22;67,19;44,35;6;11;United Kingdom;Western Europe;"Oxford University Press";"1991-1996, 1998-2025";"Education (Q1); Library and Information Sciences (Q1)";"Social Sciences"
302;100147343;"Sex Education";journal;"14720825, 14681811";"Routledge";No;No;0,837;Q1;51;111;154;4991;525;146;2,49;44,96;78,33;0;100;United Kingdom;Western Europe;"Routledge";"2005-2025";"Education (Q1); Social Sciences (miscellaneous) (Q1)";"Social Sciences"
303;29615;"Health Education Research";journal;"14653648, 02681153";"Oxford University Press";No;No;0,836;Q1;121;46;137;1953;385;137;2,08;42,46;71,22;0;19;United Kingdom;Western Europe;"Oxford University Press";"1986-2024";"Education (Q1); Public Health, Environmental and Occupational Health (Q2)";"Medicine; Social Sciences"
304;100147341;"International Journal of Research and Method in Education";journal;"17437288, 1743727X";"Taylor and Francis Ltd.";No;No;0,835;Q1;41;58;113;3082;361;109;3,31;53,14;66,23;0;10;United Kingdom;Western Europe;"Taylor and Francis Ltd.";"2005-2025";"Education (Q1)";"Social Sciences"
305;21101040697;"Russian Language Studies";journal;"26188171, 26188163";"RUDN University";Yes;Yes;0,833;Q1;7;39;96;1187;87;96;0,91;30,44;74,68;0;11;Russian Federation;Eastern Europe;"RUDN University";"2018-2024";"Education (Q1); Linguistics and Language (Q1)";"Social Sciences"
306;21100810716;"South African Journal of Chemical Engineering";journal;"10269185";"Elsevier B.V.";Yes;No;0,833;Q1;44;156;295;8885;1947;293;6,43;56,96;37,36;0;70;Netherlands;Western Europe;"Elsevier B.V.";"2016-2025";"Education (Q1); Fluid Flow and Transfer Processes (Q1); Catalysis (Q2); Energy (miscellaneous) (Q2); Filtration and Separation (Q2); Process Chemistry and Technology (Q2)";"Chemical Engineering; Energy; Social Sciences"
307;13355;"Journal of Technical Writing and Communication";journal;"15413780, 00472816";"SAGE Publications Inc.";No;No;0,832;Q1;28;31;60;1736;143;55;1,66;56,00;54,39;1;6;United States;Northern America;"SAGE Publications Inc.";"1971-1986, 1989, 1996-2025";"Communication (Q1); Education (Q1)";"Social Sciences"
308;18156;"Computer Applications in Engineering Education";journal;"10990542, 10613773";"John Wiley &amp; Sons Inc.";No;No;0,831;Q1;48;123;357;5933;1807;354;3,98;48,24;32,36;0;67;United States;Northern America;"John Wiley &amp; Sons Inc.";"1992-2025";"Computer Science (miscellaneous) (Q1); Education (Q1); Engineering (miscellaneous) (Q1)";"Computer Science; Engineering; Social Sciences"
309;5200152837;"Journal of Surgical Education";journal;"19317204, 18787452";"Elsevier Inc.";No;No;0,830;Q1;78;257;754;6621;1871;743;2,10;25,76;46,64;1;92;United States;Northern America;"Elsevier Inc.";"2007-2025";"Education (Q1); Surgery (Q1)";"Medicine; Social Sciences"
310;19900191620;"Engineering Studies";journal;"19378629, 19408374";"Taylor and Francis Ltd.";No;No;0,829;Q1;30;14;40;818;99;31;1,59;58,43;59,09;0;3;United Kingdom;Western Europe;"Taylor and Francis Ltd.";"2009-2025";"Education (Q1); Engineering (miscellaneous) (Q1); History and Philosophy of Science (Q1)";"Arts and Humanities; Engineering; Social Sciences"
311;21100863103;"European Journal of Higher Education";journal;"21568235, 21568243";"Taylor and Francis Ltd.";No;No;0,827;Q1;34;63;99;3588;364;94;3,56;56,95;68,00;3;27;United Kingdom;Western Europe;"Taylor and Francis Ltd.";"2011-2025";"Education (Q1)";"Social Sciences"
312;100147319;"International Journal of Mathematical Education in Science and Technology";journal;"14645211, 0020739X";"Taylor and Francis Ltd.";No;No;0,826;Q1;45;236;446;9541;779;287;1,82;40,43;53,28;0;28;United Kingdom;Western Europe;"Taylor and Francis Ltd.";"1970-2025";"Applied Mathematics (Q1); Education (Q1); Mathematics (miscellaneous) (Q1)";"Mathematics; Social Sciences"
313;11700154508;"Ethics in Science and Environmental Politics";journal;"16118014, 18635415";"Inter-Research";Yes;Yes;0,824;Q1;23;7;15;427;110;15;1,90;61,00;26,32;0;3;Germany;Western Europe;"Inter-Research";"2001-2024";"Ecology (Q1); Education (Q1); Philosophy (Q1); Sociology and Political Science (Q1); Management, Monitoring, Policy and Law (Q2)";"Arts and Humanities; Environmental Science; Social Sciences"
314;14279;"Educational Research";journal;"00131881, 14695847";"Routledge";No;No;0,822;Q1;69;30;82;1629;314;76;3,39;54,30;78,48;0;12;United Kingdom;Western Europe;"Routledge";"1958-2025";"Education (Q1)";"Social Sciences"
315;21100815426;"Online Learning Journal";journal;"24725730, 24725749";"The Online Learning Consortium";Yes;Yes;0,821;Q1;75;74;234;3792;847;218;3,04;51,24;66,14;0;26;United States;Northern America;"The Online Learning Consortium";"2015-2024";"Education (Q1); Computer Networks and Communications (Q2)";"Computer Science; Social Sciences"
316;21100206602;"Learning, Culture and Social Interaction";journal;"2210657X, 22106561";"Elsevier B.V.";No;No;0,819;Q1;39;48;203;2716;583;197;2,22;56,58;72,00;0;5;Netherlands;Western Europe;"Elsevier B.V.";"2012-2025";"Education (Q1)";"Social Sciences"
317;200147109;"Journal of Education for Teaching";journal;"13600540, 02607476";"Routledge";No;No;0,818;Q1;57;76;183;3372;512;166;2,11;44,37;62,11;0;22;United Kingdom;Western Europe;"Routledge";"1981-1998, 2001-2003, 2005-2025";"Education (Q1)";"Social Sciences"
318;130100;"Journal of Educational Administration";journal;"09578234";"Emerald Group Publishing Ltd.";No;No;0,818;Q1;75;49;130;2246;332;115;2,41;45,84;53,60;0;20;United Kingdom;Western Europe;"Emerald Group Publishing Ltd.";"1963-2025";"Education (Q1); Public Administration (Q1)";"Social Sciences"
319;24734;"American Journal of Evaluation";journal;"10982140";"SAGE Publications Inc.";No;No;0,817;Q1;71;48;122;2271;248;107;1,42;47,31;65,04;1;17;United States;Northern America;"SAGE Publications Inc.";"1981-2025";"Education (Q1); Health (social science) (Q1); Sociology and Political Science (Q1); Business and International Management (Q2); Social Psychology (Q2); Strategy and Management (Q2)";"Business, Management and Accounting; Psychology; Social Sciences"
320;14030;"Psychology in the Schools";journal;"00333085, 15206807";"Wiley-Liss Inc.";No;No;0,814;Q1;96;264;577;17915;1579;573;2,47;67,86;60,16;1;80;United States;Northern America;"Wiley-Liss Inc.";"1964-2025";"Education (Q1); Developmental and Educational Psychology (Q2)";"Psychology; Social Sciences"
321;21101046170;"Journal of Statistics and Data Science Education";journal;"26939169";"Taylor and Francis Ltd.";Yes;Yes;0,813;Q1;40;58;118;2424;314;106;2,33;41,79;58,45;0;9;United Kingdom;Western Europe;"Taylor and Francis Ltd.";"2021-2025";"Education (Q1); Management Science and Operations Research (Q2); Statistics and Probability (Q2)";"Decision Sciences; Mathematics; Social Sciences"
322;19700201439;"Studying Teacher Education";journal;"17425972, 17425964";"Taylor and Francis Ltd.";No;No;0,813;Q1;26;37;63;1820;144;54;2,10;49,19;69,62;0;7;United Kingdom;Western Europe;"Taylor and Francis Ltd.";"2010-2024";"Education (Q1)";"Social Sciences"
323;21367;"Innovations in Education and Teaching International";journal;"14703297, 14703300";"Taylor and Francis Ltd.";No;No;0,812;Q1;69;209;227;7891;759;211;3,32;37,76;55,49;6;59;United Kingdom;Western Europe;"Taylor and Francis Ltd.";"1996-2025";"Education (Q1)";"Social Sciences"
324;144819;"International Journal of Sustainability in Higher Education";journal;"14676370";"Emerald Group Publishing Ltd.";No;No;0,812;Q1;85;188;333;10947;1866;326;5,65;58,23;57,17;0;181;United Kingdom;Western Europe;"Emerald Group Publishing Ltd.";"2000-2025";"Education (Q1); Human Factors and Ergonomics (Q2)";"Social Sciences"
325;13995;"Teachers College Record";journal;"01614681, 14679620";"Teachers College Record";No;No;0,810;Q1;111;60;250;3616;526;249;2,11;60,27;75,21;0;31;United States;Northern America;"Teachers College Record";"1976, 1980-1981, 1985, 1988, 1996-2024";"Education (Q1)";"Social Sciences"
326;14036;"Theory into Practice";journal;"00405841, 15430421";"Routledge";No;No;0,810;Q1;85;40;124;1487;313;121;2,25;37,18;66,67;0;14;United States;Northern America;"Routledge";"1962-2025";"Education (Q1)";"Social Sciences"
327;16400154732;"International Journal of Leadership in Education";journal;"13603124, 14645092";"Routledge";No;No;0,809;Q1;50;129;288;8747;960;276;2,97;67,81;50,78;6;36;United Kingdom;Western Europe;"Routledge";"1998-2025";"Arts and Humanities (miscellaneous) (Q1); Education (Q1); Strategy and Management (Q2)";"Arts and Humanities; Business, Management and Accounting; Social Sciences"
328;5700154786;"Journal of Vocational Education and Training";journal;"17475090, 13636820";"Routledge";No;No;0,809;Q1;45;87;140;4643;453;132;3,08;53,37;53,57;6;68;United Kingdom;Western Europe;"Routledge";"1996-2025";"Education (Q1)";"Social Sciences"
329;12100;"British Journal of Educational Studies";journal;"00071005, 14678527";"Taylor and Francis Ltd.";No;No;0,808;Q1;64;47;109;2294;295;103;2,61;48,81;49,48;0;17;United Kingdom;Western Europe;"Taylor and Francis Ltd.";"1952-2025";"Education (Q1)";"Social Sciences"
330;89175;"Anthropology and Education Quarterly";journal;"01617761, 15481492";"Wiley-Blackwell";No;No;0,807;Q1;57;27;69;1257;160;64;1,98;46,56;72,50;0;5;United States;Northern America;"Wiley-Blackwell";"1977-2025";"Anthropology (Q1); Education (Q1)";"Social Sciences"
331;19994;"Bulletin of Science, Technology and Society";journal;"02704676, 15524183";"SAGE Publications Inc.";No;No;0,807;Q1;32;6;31;554;134;31;5,14;92,33;46,15;0;2;United Kingdom;Western Europe;"SAGE Publications Inc.";"1982-1985, 1987-2005, 2012, 2014-2024";"Arts and Humanities (miscellaneous) (Q1); Education (Q1); History and Philosophy of Science (Q1); Social Sciences (miscellaneous) (Q1); Management of Technology and Innovation (Q2)";"Arts and Humanities; Business, Management and Accounting; Social Sciences"
332;5800179626;"Reading and Writing Quarterly";journal;"15210693, 10573569";"Taylor and Francis Ltd.";No;No;0,806;Q1;45;48;97;3225;263;97;2,56;67,19;57,03;0;37;United Kingdom;Western Europe;"Taylor and Francis Ltd.";"1992-2025";"Education (Q1); Linguistics and Language (Q1)";"Social Sciences"
333;100147352;"Educational Measurement: Issues and Practice";journal;"17453992, 07311745";"Wiley-Blackwell Publishing Ltd";No;No;0,802;Q1;68;57;150;1821;240;99;1,54;31,95;50,00;0;10;United Kingdom;Western Europe;"Wiley-Blackwell Publishing Ltd";"1982-2025";"Education (Q1)";"Social Sciences"
334;3900148215;"Language Variation and Change";journal;"09543945";"Cambridge University Press";No;No;0,798;Q1;59;13;44;713;78;44;1,86;54,85;57,14;0;3;United Kingdom;Western Europe;"Cambridge University Press";"1989-2025";"Education (Q1); Linguistics and Language (Q1)";"Social Sciences"
335;12100156129;"Learning Disabilities Research and Practice";journal;"15405826, 09388982";"SAGE Publications Inc.";No;No;0,798;Q1;35;14;79;661;192;71;1,70;47,21;68,42;0;8;United States;Northern America;"SAGE Publications Inc.";"2008, 2012-2024";"Education (Q1); Health (social science) (Q1); Developmental and Educational Psychology (Q2)";"Psychology; Social Sciences"
336;16705;"Journal of Emotional and Behavioral Disorders";journal;"15384799, 10634266";"SAGE Publications Inc.";No;No;0,797;Q1;79;34;71;1998;180;70;2,76;58,76;55,91;1;13;United States;Northern America;"SAGE Publications Inc.";"1993-2025";"Education (Q1); Clinical Psychology (Q2); Developmental and Educational Psychology (Q2); Psychiatry and Mental Health (Q2)";"Medicine; Psychology; Social Sciences"
337;19400156819;"Educacion XX1";journal;"1139613X";"Universidad Nacional de Educacion a Distancia (UNED)";Yes;Yes;0,793;Q1;35;30;98;1350;342;96;3,22;45,00;52,48;4;18;Spain;Western Europe;"Universidad Nacional de Educacion a Distancia (UNED)";"2008-2025";"Education (Q1)";"Social Sciences"
338;5700165209;"Community College Review";journal;"00915521";"SAGE Publications Inc.";No;No;0,792;Q1;41;27;67;1635;176;67;2,21;60,56;64,56;0;13;United States;Northern America;"SAGE Publications Inc.";"1973-2025";"Education (Q1)";"Social Sciences"
339;21100899437;"Frontline Learning Research";journal;"22953159";"European Association for Research on Learning and Instruction";Yes;No;0,789;Q1;28;18;38;1495;97;37;1,81;83,06;59,02;0;9;Belgium;Western Europe;"European Association for Research on Learning and Instruction";"2013-2025";"Education (Q1)";"Social Sciences"
340;14000155855;"International Multilingual Research Journal";journal;"19313160, 19313152";"Routledge";No;No;0,789;Q1;36;39;62;2495;214;61;3,28;63,97;77,63;0;14;United Kingdom;Western Europe;"Routledge";"2010-2025";"Education (Q1); Linguistics and Language (Q1)";"Social Sciences"
341;19700183047;"ACM Transactions on Computing Education";journal;"19466226";"Association for Computing Machinery (ACM)";No;No;0,784;Q1;51;56;116;4825;583;115;4,78;86,16;50,00;1;24;United States;Northern America;"Association for Computing Machinery (ACM)";"2010-2024";"Computer Science (miscellaneous) (Q1); Education (Q1)";"Computer Science; Social Sciences"
342;22029;"Dyslexia";journal;"10769242, 10990909";"John Wiley and Sons Ltd";No;No;0,783;Q1;64;29;81;1904;213;81;2,30;65,66;70,00;1;17;United Kingdom;Western Europe;"John Wiley and Sons Ltd";"1996-2025";"Education (Q1); Developmental and Educational Psychology (Q2); Experimental and Cognitive Psychology (Q2); Medicine (miscellaneous) (Q2)";"Medicine; Psychology; Social Sciences"
343;19400158465;"Asia Pacific Journal of Education";journal;"02188791, 17426855";"Routledge";No;No;0,780;Q1;40;124;241;7157;743;237;2,92;57,72;46,45;2;36;United Kingdom;Western Europe;"Routledge";"2008-2025";"Education (Q1)";"Social Sciences"
344;29275;"Journal of Geography in Higher Education";journal;"03098265, 14661845";"Routledge";No;No;0,774;Q1;62;71;122;3460;398;117;2,49;48,73;47,15;1;27;United Kingdom;Western Europe;"Routledge";"1977-2025";"Education (Q1); Geography, Planning and Development (Q1)";"Social Sciences"
345;20738;"Review of Higher Education";journal;"01625748, 10907009";"Johns Hopkins University Press";No;No;0,773;Q1;80;19;44;1473;142;44;3,07;77,53;60,78;1;8;United States;Northern America;"Johns Hopkins University Press";"1996-2025";"Education (Q1)";"Social Sciences"
346;5800207893;"Language Learning and Development";journal;"15475441, 15473341";"Taylor and Francis Ltd.";No;No;0,768;Q1;37;38;69;2210;143;69;1,96;58,16;70,37;0;1;United Kingdom;Western Europe;"Taylor and Francis Ltd.";"2010-2025";"Education (Q1); Linguistics and Language (Q1)";"Social Sciences"
347;21601;"Annals of Dyslexia";journal;"07369387, 19347243";"Springer New York";No;No;0,766;Q1;58;27;74;1714;222;71;2,76;63,48;62,00;0;17;United States;Northern America;"Springer New York";"1982-2025";"Education (Q1); Speech and Hearing (Q1)";"Health Professions; Social Sciences"
348;5800209860;"Educational Philosophy and Theory";journal;"14695812, 00131857";"Taylor and Francis Ltd.";No;No;0,765;Q1;67;178;503;6612;1313;353;2,33;37,15;48,46;3;39;United Kingdom;Western Europe;"Taylor and Francis Ltd.";"1969-2025";"Education (Q1); History and Philosophy of Science (Q1)";"Arts and Humanities; Social Sciences"
349;5700185131;"Journal of Management Education";journal;"10525629, 15526658";"SAGE Publications Inc.";No;No;0,765;Q1;65;55;113;3577;413;89;3,61;65,04;58,97;0;21;United States;Northern America;"SAGE Publications Inc.";"1975-1984, 1986-2025";"Education (Q1); Business, Management and Accounting (miscellaneous) (Q2)";"Business, Management and Accounting; Social Sciences"
350;14065;"Measurement and Evaluation in Counseling and Development";journal;"07481756, 19476302";"Taylor and Francis Ltd.";No;No;0,765;Q1;60;34;60;1836;164;59;2,71;54,00;50,00;0;6;United Kingdom;Western Europe;"Taylor and Francis Ltd.";"1996-2025";"Education (Q1); Applied Psychology (Q2); Developmental and Educational Psychology (Q2); Psychology (miscellaneous) (Q2)";"Psychology; Social Sciences"
351;23837;"Linguistics and Education";journal;"08985898";"Elsevier Ltd";No;No;0,764;Q1;63;63;238;4859;625;229;2,50;77,13;56,76;0;15;United Kingdom;Western Europe;"Elsevier Ltd";"1988-2025";"Education (Q1); Linguistics and Language (Q1)";"Social Sciences"
352;21101077288;"Scholarship of Teaching and Learning in Psychology";journal;"23322101, 2332211X";"American Psychological Association";No;No;0,764;Q1;15;63;159;3169;400;158;2,42;50,30;67,46;1;26;United States;Northern America;"American Psychological Association";"2019-2025";"Education (Q1); Psychology (miscellaneous) (Q2)";"Psychology; Social Sciences"
353;29543;"Australian Journal of Education";journal;"00049441, 20505884";"SAGE Publications Inc.";No;No;0,762;Q1;44;20;62;916;173;53;3,03;45,80;75,56;0;8;United Kingdom;Western Europe;"SAGE Publications Inc.";"1992-2024";"Education (Q1)";"Social Sciences"
354;22090;"High Ability Studies";journal;"13598139, 1469834X";"Taylor and Francis Ltd.";No;No;0,762;Q1;42;12;34;782;85;32;2,17;65,17;55,17;0;0;United Kingdom;Western Europe;"Taylor and Francis Ltd.";"1996-2025";"Education (Q1)";"Social Sciences"
355;17344;"IEEE Transactions on Education";journal;"00189359, 15579638";"Institute of Electrical and Electronics Engineers Inc.";No;No;0,760;Q1;80;96;197;4239;887;194;4,31;44,16;43,16;0;41;United States;Northern America;"Institute of Electrical and Electronics Engineers Inc.";"1963-2025";"Education (Q1); Electrical and Electronic Engineering (Q2)";"Engineering; Social Sciences"
356;21101087777;"Journal of Work-Applied Management";journal;"22052062, 2205149X";"Emerald Group Holdings Ltd.";Yes;Yes;0,760;Q1;21;43;67;2189;316;61;3,58;50,91;43,70;0;20;United Kingdom;Western Europe;"Emerald Group Holdings Ltd.";"2015-2025";"Education (Q1); Business and International Management (Q2); Business, Management and Accounting (miscellaneous) (Q2); Management of Technology and Innovation (Q2); Organizational Behavior and Human Resource Management (Q2)";"Business, Management and Accounting; Social Sciences"
357;18947;"User Modeling and User-Adapted Interaction";journal;"15731391, 09241868";"Springer Netherlands";No;No;0,759;Q1;87;55;88;4270;454;84;4,57;77,64;30,00;2;4;Netherlands;Western Europe;"Springer Netherlands";"1991-2025";"Education (Q1); Computer Science Applications (Q2); Human-Computer Interaction (Q2)";"Computer Science; Social Sciences"
358;21101092873;"International Journal of Educational Research Open";journal;"26663740";"Elsevier Ltd";Yes;No;0,758;Q1;22;88;276;5219;1049;276;3,40;59,31;60,24;1;48;United Kingdom;Western Europe;"Elsevier Ltd";"2020-2025";"Education (Q1)";"Social Sciences"
359;17600155133;"E-Learning and Digital Media";journal;"20427530, 17418887";"SAGE Publications Inc.";No;No;0,757;Q1;35;141;89;6757;411;89;4,94;47,92;53,28;1;62;United Kingdom;Western Europe;"SAGE Publications Inc.";"2009-2025";"Education (Q1); Computer Science Applications (Q2)";"Computer Science; Social Sciences"
360;5600152871;"International Studies in Sociology of Education";journal;"09620214, 17475066";"Routledge";No;No;0,755;Q1;42;44;100;2373;273;94;2,48;53,93;43,53;0;16;United Kingdom;Western Europe;"Routledge";"1991-2025";"Education (Q1); Social Sciences (miscellaneous) (Q1)";"Social Sciences"
361;21100438184;"Journal of Pre-College Engineering Education Research";journal;"21579288";"Purdue University Press";Yes;Yes;0,754;Q1;19;8;55;441;117;55;1,35;55,13;64,29;0;4;United States;Northern America;"Purdue University Press";"2014-2024";"Education (Q1); Engineering (miscellaneous) (Q1)";"Engineering; Social Sciences"
362;21100208067;"Empirical Research in Vocational Education and Training";journal;"18776337, 18776345";"Springer Science + Business Media";Yes;Yes;0,753;Q1;23;21;50;1683;184;50;3,81;80,14;54,76;0;17;United States;Northern America;"Springer Science + Business Media";"2009-2025";"Education (Q1)";"Social Sciences"
363;19700200807;"Research in Science and Technological Education";journal;"14701138, 02635143";"Taylor and Francis Ltd.";No;No;0,753;Q1;43;107;150;6311;538;150;3,50;58,98;52,55;1;42;United Kingdom;Western Europe;"Taylor and Francis Ltd.";"1983-2025";"Education (Q1); Multidisciplinary (Q1)";"Multidisciplinary; Social Sciences"
364;18798;"Higher Education Policy";journal;"09528733, 17403863";"Palgrave Macmillan Ltd.";No;No;0,751;Q1;54;94;140;5567;459;140;3,64;59,22;49,36;1;38;United Kingdom;Western Europe;"Palgrave Macmillan Ltd.";"1992, 1995-2025";"Education (Q1); Sociology and Political Science (Q1)";"Social Sciences"
365;4100151705;"Informatics in Education";journal;"16485831";"Vilnius University Institute of Data Science and Digital Technologies";Yes;Yes;0,751;Q1;35;32;92;1693;379;91;4,43;52,91;31,11;0;5;Lithuania;Eastern Europe;"Vilnius University Institute of Data Science and Digital Technologies";"2006-2024";"Communication (Q1); Education (Q1); Computer Science Applications (Q2)";"Computer Science; Social Sciences"
366;5700178973;"International Journal of Bilingualism";journal;"13670069";"SAGE Publications Ltd";No;No;0,749;Q1;69;142;200;8347;466;198;2,10;58,78;62,89;1;12;United Kingdom;Western Europe;"SAGE Publications Ltd";"1997-2025";"Education (Q1); Linguistics and Language (Q1)";"Social Sciences"
367;23354;"Journal of Environmental Education";journal;"19401892, 00958964";"Taylor and Francis Ltd.";No;No;0,749;Q1;75;36;81;2538;282;77;3,31;70,50;67,53;0;34;United Kingdom;Western Europe;"Taylor and Francis Ltd.";"1971-2025";"Education (Q1); Environmental Science (miscellaneous) (Q2)";"Environmental Science; Social Sciences"
368;5000153705;"Education and Treatment of Children";journal;"07488491";"West Virginia University Press";No;No;0,744;Q1;52;30;77;1332;128;67;1,41;44,40;58,10;0;9;United States;Northern America;"West Virginia University Press";"2005-2025";"Education (Q1); Developmental and Educational Psychology (Q2)";"Psychology; Social Sciences"
369;100147327;"Discourse";journal;"01596306, 14693739";"Routledge";Yes;No;0,740;Q1;70;75;195;4117;547;191;2,75;54,89;62,32;0;31;United Kingdom;Western Europe;"Routledge";"1980-2025";"Education (Q1); Linguistics and Language (Q1); Social Sciences (miscellaneous) (Q1)";"Social Sciences"
370;19444;"American Journal of Pharmaceutical Education";journal;"15536467, 00029459";"Elsevier B.V.";Yes;No;0,736;Q1;85;235;573;6492;1299;439;2,20;27,63;66,34;0;60;United States;Northern America;"Elsevier B.V.";"1945-1948, 1973-1989, 1991, 1996-2025";"Education (Q1); Pharmacology, Toxicology and Pharmaceutics (miscellaneous) (Q1); Pharmacy (Q1); Medicine (miscellaneous) (Q2)";"Health Professions; Medicine; Pharmacology, Toxicology and Pharmaceutics; Social Sciences"
371;19700188332;"International Journal for Academic Development";journal;"1360144X, 14701324";"Routledge";No;No;0,736;Q1;40;76;149;2384;368;122;2,00;31,37;70,51;0;8;United States;Northern America;"Routledge";"2010-2025";"Education (Q1)";"Social Sciences"
372;200147111;"International Journal of Qualitative Studies in Education";journal;"09518398";"Routledge";No;No;0,735;Q1;82;236;317;13413;676;303;1,98;56,83;70,50;3;88;United Kingdom;Western Europe;"Routledge";"1988-2025";"Education (Q1)";"Social Sciences"
373;21101023217;"Gifted Education International";journal;"20479077, 02614294";"SAGE Publications Ltd";No;No;0,734;Q1;21;26;77;1754;177;68;2,37;67,46;52,27;0;5;United Kingdom;Western Europe;"SAGE Publications Ltd";"1982-2025";"Education (Q1); Developmental and Educational Psychology (Q2)";"Psychology; Social Sciences"
374;19700181401;"Music Education Research";journal;"14699893, 14613808";"Routledge";No;No;0,734;Q1;35;53;137;2143;382;135;1,58;40,43;59,26;0;12;United Kingdom;Western Europe;"Routledge";"2009-2025";"Education (Q1); Music (Q1)";"Arts and Humanities; Social Sciences"
375;21100447810;"International Journal for Lesson and Learning Studies";journal;"20468261, 20468253";"Emerald Group Publishing Ltd.";No;No;0,732;Q1;25;38;76;1560;176;74;1,83;41,05;56,70;0;10;United Kingdom;Western Europe;"Emerald Group Publishing Ltd.";"2012-2025";"Education (Q1)";"Social Sciences"
376;21101048850;"International Journal of Learner Corpus Research";journal;"22151486, 22151478";"John Benjamins Publishing Company";No;No;0,732;Q1;16;12;31;807;65;29;1,85;67,25;70,97;0;0;Netherlands;Western Europe;"John Benjamins Publishing Company";"2015-2025";"Education (Q1); Linguistics and Language (Q1)";"Social Sciences"
377;21100897500;"Education Sciences";journal;"22277102";"Multidisciplinary Digital Publishing Institute (MDPI)";Yes;No;0,730;Q1;68;1412;3006;83691;12273;2953;3,74;59,27;57,89;10;619;Switzerland;Western Europe;"Multidisciplinary Digital Publishing Institute (MDPI)";"2011-2025";"Computer Science (miscellaneous) (Q1); Education (Q1); Computer Science Applications (Q2); Developmental and Educational Psychology (Q2); Physical Therapy, Sports Therapy and Rehabilitation (Q2); Public Administration (Q2)";"Computer Science; Health Professions; Psychology; Social Sciences"
378;21100220372;"International Journal of Mobile Learning and Organisation";journal;"17467268, 1746725X";"Inderscience";No;No;0,727;Q1;31;18;82;1199;243;79;2,92;66,61;36,21;0;9;Switzerland;Western Europe;"Inderscience";"2007-2024";"Education (Q1); Computer Science Applications (Q2); E-learning (Q2)";"Computer Science; Social Sciences"
379;21472;"Journal of Teaching in Physical Education";journal;"02735024, 15432769";"Human Kinetics Publishers Inc.";No;No;0,724;Q1;73;77;228;3817;564;224;1,95;49,57;41,70;0;18;United States;Northern America;"Human Kinetics Publishers Inc.";"1996-2025";"Education (Q1); Orthopedics and Sports Medicine (Q2); Physical Therapy, Sports Therapy and Rehabilitation (Q2); Sports Science (Q3)";"Health Professions; Medicine; Social Sciences"
380;145621;"Teaching Mathematics and its Applications";journal;"14716976, 02683679";"Oxford University Press";No;No;0,723;Q1;25;24;73;1005;110;71;1,37;41,88;50,00;0;5;United Kingdom;Western Europe;"Oxford University Press";"1982-2024";"Education (Q1); Mathematics (miscellaneous) (Q1)";"Mathematics; Social Sciences"
381;24472;"Children and Society";journal;"09510605, 10990860";"Wiley-Blackwell Publishing Ltd";No;No;0,722;Q1;72;143;276;7450;699;270;2,15;52,10;73,75;4;78;United Kingdom;Western Europe;"Wiley-Blackwell Publishing Ltd";"1987-2025";"Education (Q1); Health (social science) (Q2); Life-span and Life-course Studies (Q2); Social Work (Q2)";"Social Sciences"
382;21996;"Behavioral Disorders";journal;"01987429";"SAGE Publications Inc.";No;No;0,720;Q1;51;23;66;1404;153;64;2,18;61,04;63,64;0;13;United States;Northern America;"SAGE Publications Inc.";"1996-2011, 2013-2025";"Education (Q1); Clinical Psychology (Q2); Developmental and Educational Psychology (Q2)";"Psychology; Social Sciences"
383;19900191979;"Journal of Music Teacher Education";journal;"19450079, 10570837";"SAGE Publications Inc.";No;No;0,719;Q1;26;30;75;1096;122;58;1,33;36,53;56,10;0;7;United States;Northern America;"SAGE Publications Inc.";"1991-2025";"Education (Q1); Music (Q1)";"Arts and Humanities; Social Sciences"
384;21101107533;"Reading in a Foreign Language";journal;"15390578";"University of Hawaii Press";No;No;0,718;Q1;11;25;52;1078;82;44;0,81;43,12;57,45;0;16;United States;Northern America;"University of Hawaii Press";"2019-2025";"Education (Q1); Linguistics and Language (Q1)";"Social Sciences"
385;16054;"Reading Psychology";journal;"02702711, 15210685";"Taylor and Francis Ltd.";No;No;0,717;Q1;48;39;102;2561;220;102;1,39;65,67;68,04;0;20;United Kingdom;Western Europe;"Taylor and Francis Ltd.";"1979-2025";"Education (Q1); Linguistics and Language (Q1); Developmental and Educational Psychology (Q2)";"Psychology; Social Sciences"
386;17100154740;"Counselor Education and Supervision";journal;"00110035, 15566978";"Wiley-Blackwell";No;No;0,715;Q1;50;33;80;1454;183;77;2,05;44,06;64,65;0;8;United States;Northern America;"Wiley-Blackwell";"1961-2025";"Education (Q1); Clinical Psychology (Q2); Developmental and Educational Psychology (Q2)";"Psychology; Social Sciences"
387;19700187615;"Leadership and Policy in Schools";journal;"15700763, 17445043";"Taylor and Francis Ltd.";No;No;0,714;Q1;29;124;163;8438;400;163;2,38;68,05;56,70;6;40;United Kingdom;Western Europe;"Taylor and Francis Ltd.";"2010-2025";"Education (Q1); Strategy and Management (Q2)";"Business, Management and Accounting; Social Sciences"
388;21100199856;"Journal of Information Technology Education: Research";journal;"15393585, 15479714";"Informing Science Institute";Yes;No;0,712;Q1;38;29;68;2125;267;68;3,63;73,28;45,45;0;21;United States;Northern America;"Informing Science Institute";"2011-2025";"Computer Science (miscellaneous) (Q1); Education (Q1); E-learning (Q2)";"Computer Science; Social Sciences"
389;21100903415;"Journal of Professional Capital and Community";journal;"20569548, 20569556";"Emerald Group Publishing Ltd.";No;No;0,704;Q1;27;41;66;2240;183;61;2,73;54,63;53,13;0;21;United Kingdom;Western Europe;"Emerald Group Publishing Ltd.";"2016-2025";"Communication (Q1); Education (Q1); Social Psychology (Q2)";"Psychology; Social Sciences"
390;21100201056;"Electronic Journal of e-Learning";journal;"14794403";"Academic Conferences and Publishing International Limited";Yes;No;0,703;Q2;41;71;127;3587;586;123;4,51;50,52;42,94;0;35;United Kingdom;Western Europe;"Academic Conferences and Publishing International Limited";"2011-2025";"Computer Science Applications (Q2); Education (Q2); E-learning (Q2)";"Computer Science; Social Sciences"
391;5700183394;"First Language";journal;"17402344, 01427237";"SAGE Publications Ltd";No;No;0,703;Q2;53;36;122;2228;213;116;1,70;61,89;75,00;0;3;United Kingdom;Western Europe;"SAGE Publications Ltd";"1980-1984, 1986-2025";"Linguistics and Language (Q1); Education (Q2)";"Social Sciences"
392;18950;"Journal of College Student Development";journal;"08975264, 15433382";"Johns Hopkins University Press";No;No;0,703;Q2;100;53;171;2223;352;149;1,60;41,94;66,42;0;7;United States;Northern America;"Johns Hopkins University Press";"1996-2024";"Education (Q2)";"Social Sciences"
393;12833;"Journal of Psychoeducational Assessment";journal;"15575144, 07342829";"SAGE Publications Inc.";No;No;0,701;Q2;61;85;199;3836;439;199;2,28;45,13;52,51;0;14;United States;Northern America;"SAGE Publications Inc.";"1983-2025";"Clinical Psychology (Q2); Education (Q2); Psychology (miscellaneous) (Q2)";"Psychology; Social Sciences"
394;5800179597;"Training and Education in Professional Psychology";journal;"19313918";"American Psychological Association";No;No;0,700;Q2;43;44;143;1835;352;142;2,29;41,70;66,22;0;23;United States;Northern America;"American Psychological Association";"2007-2025";"Education (Q2); Psychology (miscellaneous) (Q2)";"Psychology; Social Sciences"
395;21100398003;"International Journal of Information and Learning Technology";journal;"20564899, 20564880";"Emerald Group Publishing Ltd.";No;No;0,699;Q2;45;34;102;2075;474;102;4,26;61,03;44,94;0;15;United Kingdom;Western Europe;"Emerald Group Publishing Ltd.";"2015-2025";"Computer Networks and Communications (Q2); Computer Science Applications (Q2); Education (Q2)";"Computer Science; Social Sciences"
396;19400158815;"Communications in Information Literacy";journal;"19335954";"Communications in Information Literacy";Yes;Yes;0,697;Q2;25;14;41;439;72;38;1,45;31,36;84,00;0;4;United States;Northern America;"Communications in Information Literacy";"2009-2024";"Library and Information Sciences (Q1); Education (Q2); E-learning (Q2)";"Social Sciences"
397;22614;"Research in the Teaching of English";journal;"0034527X, 19432348";"National Council of Teachers of English";No;No;0,697;Q2;50;13;76;738;91;58;0,92;56,77;84,62;0;4;United States;Northern America;"National Council of Teachers of English";"1996-2001, 2004-2024";"Linguistics and Language (Q1); Education (Q2)";"Social Sciences"
398;21101041842;"Educational Process: International Journal";journal;"25648020, 21470901";"Universitepark";Yes;No;0,694;Q2;13;31;73;1620;295;73;4,50;52,26;46,67;0;14;Turkey;Middle East;"Universitepark";"2019-2025";"Education (Q2)";"Social Sciences"
399;19700200914;"Classroom Discourse";journal;"19463014, 19463022";"Taylor and Francis Ltd.";No;No;0,693;Q2;25;31;58;1845;145;55;2,87;59,52;65,15;0;1;United Kingdom;Western Europe;"Taylor and Francis Ltd.";"2015-2025";"Linguistics and Language (Q1); Education (Q2)";"Social Sciences"
400;145056;"International Journal of Distance Education Technologies";journal;"15393100";"IGI Publishing";No;No;0,692;Q2;25;8;30;433;126;30;2,08;54,13;47,37;0;1;United States;Northern America;"IGI Publishing";"2003-2025";"Computer Networks and Communications (Q2); Computer Science Applications (Q2); Education (Q2); E-learning (Q2)";"Computer Science; Social Sciences"
401;21100887617;"Education Inquiry";journal;"20004508";"Taylor and Francis Ltd.";Yes;Yes;0,688;Q2;30;66;112;3779;353;108;2,41;57,26;54,11;3;25;United Kingdom;Western Europe;"Taylor and Francis Ltd.";"2010-2025";"Sociology and Political Science (Q1); Education (Q2); Public Administration (Q2)";"Social Sciences"
402;21100805777;"Information and Learning Science";journal;"23985356, 23985348";"Emerald Publishing";No;No;0,686;Q2;41;57;94;3945;280;89;3,00;69,21;59,72;0;15;United Kingdom;Western Europe;"Emerald Publishing";"2017-2025";"Library and Information Sciences (Q1); Computer Science Applications (Q2); Education (Q2)";"Computer Science; Social Sciences"
403;19700200808;"Curriculum Journal";journal;"09585176, 14693704";"John Wiley and Sons Inc";No;No;0,684;Q2;50;75;123;3559;313;110;2,36;47,45;62,50;1;22;United Kingdom;Western Europe;"John Wiley and Sons Inc";"1990-2025";"Education (Q2)";"Social Sciences"
404;19600161815;"Australian Journal of Environmental Education";journal;"2049775X, 08140626";"Cambridge University Press";No;No;0,683;Q2;29;59;98;3465;316;92;3,36;58,73;59,05;0;54;United Kingdom;Western Europe;"Cambridge University Press";"1984-1999, 2001-2025";"Education (Q2); Environmental Science (miscellaneous) (Q2)";"Environmental Science; Social Sciences"
405;21101046163;"ECNU Review of Education";journal;"20965311, 26321742";"SAGE Publications Ltd";Yes;Yes;0,683;Q2;21;100;152;4021;574;136;3,43;40,21;57,93;3;43;United Kingdom;Western Europe;"SAGE Publications Ltd";"2018-2025";"Education (Q2)";"Social Sciences"
406;5800207405;"Journal of Early Childhood Research";journal;"1476718X, 17412927";"SAGE Publications Ltd";No;No;0,683;Q2;39;49;112;2270;296;112;2,37;46,33;76,19;0;13;United Kingdom;Western Europe;"SAGE Publications Ltd";"2003-2025";"Developmental and Educational Psychology (Q2); Education (Q2); Health (social science) (Q2)";"Psychology; Social Sciences"
407;21100894523;"She Ji";journal;"24058718, 24058726";"";Yes;No;0,681;Q2;26;24;87;1292;189;68;1,72;53,83;24,32;0;3;Netherlands;Western Europe;"";"2015-2024";"Economics, Econometrics and Finance (miscellaneous) (Q1); Visual Arts and Performing Arts (Q1); Education (Q2); Management of Technology and Innovation (Q2)";"Arts and Humanities; Business, Management and Accounting; Economics, Econometrics and Finance; Social Sciences"
408;21100911067;"Studies in Graduate and Postdoctoral Education";journal;"23984694, 23984686";"Emerald Group Publishing Ltd.";No;No;0,681;Q2;18;41;63;2131;213;61;2,86;51,98;75,74;0;19;United Kingdom;Western Europe;"Emerald Group Publishing Ltd.";"2017-2025";"Education (Q2)";"Social Sciences"
409;144741;"International Journal of Educational Management";journal;"0951354X";"Emerald Group Publishing Ltd.";No;No;0,680;Q2;69;123;268;9286;1048;267;3,48;75,50;43,48;0;51;United Kingdom;Western Europe;"Emerald Group Publishing Ltd.";"1987-2025";"Education (Q2); Organizational Behavior and Human Resource Management (Q2)";"Business, Management and Accounting; Social Sciences"
410;12769;"Journal of Behavioral Education";journal;"10530819, 15733513";"Springer New York";No;No;0,678;Q2;46;77;134;4156;298;134;1,99;53,97;58,20;0;29;United States;Northern America;"Springer New York";"1991-2000, 2002, 2005-2025";"Developmental and Educational Psychology (Q2); Education (Q2)";"Psychology; Social Sciences"
411;29238;"International Research in Geographical and Environmental Education";journal;"17477611, 10382046";"Taylor and Francis Ltd.";No;No;0,677;Q2;40;61;71;3067;215;59;3,28;50,28;51,22;0;39;United Kingdom;Western Europe;"Taylor and Francis Ltd.";"1992-2025";"Geography, Planning and Development (Q1); Education (Q2); Management, Monitoring, Policy and Law (Q2)";"Environmental Science; Social Sciences"
412;18800156731;"RELIEVE - Revista Electronica de Investigacion y Evaluacion Educativa";journal;"11344032";"Universidad de Granada";Yes;Yes;0,677;Q2;25;20;48;1120;135;48;2,31;56,00;58,70;0;12;Spain;Western Europe;"Universidad de Granada";"2001-2024";"Education (Q2)";"Social Sciences"
413;21101103383;"Journal of Research in Innovative Teaching and Learning";journal;"23977604";"Emerald Group Publishing Ltd.";Yes;Yes;0,676;Q2;23;57;80;2754;326;73;3,25;48,32;48,15;0;24;United Kingdom;Western Europe;"Emerald Group Publishing Ltd.";"2017-2025";"Education (Q2)";"Social Sciences"
414;21100305243;"Australasian Journal of Early Childhood";journal;"18369391";"Early Childhood Australia";No;No;0,675;Q2;25;42;83;1650;208;68;1,44;39,29;86,40;0;6;Australia;Pacific Region;"Early Childhood Australia";"2010, 2013-2025";"Developmental and Educational Psychology (Q2); Education (Q2)";"Psychology; Social Sciences"
415;200147113;"Teaching Education";journal;"14701286, 10476210";"Routledge";No;No;0,675;Q2;44;31;78;1843;201;77;2,00;59,45;68,89;0;12;United Kingdom;Western Europe;"Routledge";"1987-1988, 1990-1995, 1998, 2000-2001, 2003-2025";"Education (Q2)";"Social Sciences"
416;19900192117;"Journal of Adventure Education and Outdoor Learning";journal;"17540402, 14729679";"Routledge";No;No;0,674;Q2;34;112;104;7056;347;103;2,82;63,00;53,02;1;28;United Kingdom;Western Europe;"Routledge";"2010-2025";"Education (Q2); Physical Therapy, Sports Therapy and Rehabilitation (Q2)";"Health Professions; Social Sciences"
417;17900156720;"European Early Childhood Education Research Journal";journal;"1350293X, 17521807";"Taylor and Francis Ltd.";No;No;0,673;Q2;51;106;199;5290;502;181;1,99;49,91;77,86;0;31;United Kingdom;Western Europe;"Taylor and Francis Ltd.";"1993-1995, 1999, 2002-2003, 2007-2025";"Developmental and Educational Psychology (Q2); Education (Q2)";"Psychology; Social Sciences"
418;21100455461;"Journal of International Students";journal;"21623104, 21663750";"School of Education, University of Louisiana at Monroe";Yes;No;0,673;Q2;37;98;229;4745;532;217;1,80;48,42;54,50;0;34;United States;Northern America;"School of Education, University of Louisiana at Monroe";"2015-2025";"Education (Q2)";"Social Sciences"
419;12694;"International Journal of Science Education";journal;"09500693, 14645289";"Taylor and Francis Ltd.";No;No;0,672;Q2;132;220;341;14460;1334;339;3,23;65,73;56,57;1;65;United Kingdom;Western Europe;"Taylor and Francis Ltd.";"1987-2025";"Education (Q2)";"Social Sciences"
420;24810;"Journal of Moral Education";journal;"14653877, 03057240";"Routledge";No;No;0,672;Q2;54;66;113;3742;289;106;2,41;56,70;45,26;0;16;United Kingdom;Western Europe;"Routledge";"1971-2025";"Religious Studies (Q1); Education (Q2)";"Arts and Humanities; Social Sciences"
421;25013;"European Journal of Dental Education";journal;"16000579, 13965883";"Wiley-Blackwell Publishing Ltd";No;No;0,671;Q2;58;116;339;4370;851;322;2,28;37,67;55,08;0;40;United Kingdom;Western Europe;"Wiley-Blackwell Publishing Ltd";"1997-2025";"Dentistry (miscellaneous) (Q1); Education (Q2)";"Dentistry; Social Sciences"
422;15700154701;"Vocations and Learning";journal;"1874785X, 18747868";"Springer Netherlands";Yes;No;0,671;Q2;36;25;72;1523;219;72;2,39;60,92;59,30;1;13;Netherlands;Western Europe;"Springer Netherlands";"2009-2025";"Education (Q2)";"Social Sciences"
423;5700157026;"Asia-Pacific Journal of Teacher Education";journal;"14692945, 1359866X";"Routledge";No;No;0,669;Q2;52;40;108;1785;260;84;1,78;44,63;68,97;0;8;United Kingdom;Western Europe;"Routledge";"2006-2025";"Education (Q2)";"Social Sciences"
424;22612;"Journal of Special Education";journal;"15384764, 00224669";"SAGE Publications Inc.";No;No;0,669;Q2;83;29;65;1135;158;65;1,95;39,14;70,09;0;23;United States;Northern America;"SAGE Publications Inc.";"1966-2025";"Education (Q2); Rehabilitation (Q2)";"Medicine; Social Sciences"
425;12856;"Comparative Education Review";journal;"00104086, 1545701X";"University of Chicago Press";No;No;0,668;Q2;70;23;119;1366;258;112;1,79;59,39;51,22;1;7;United States;Northern America;"University of Chicago Press";"1976, 1980-1982, 1990, 1994, 1996-2024";"Education (Q2)";"Social Sciences"
426;5700166357;"Social Work Education";journal;"14701227, 02615479";"Taylor and Francis Ltd.";No;No;0,664;Q2;54;308;283;15606;824;276;2,80;50,67;66,21;4;144;United Kingdom;Western Europe;"Taylor and Francis Ltd.";"1981-2025";"Social Sciences (miscellaneous) (Q1); Education (Q2); Social Work (Q2)";"Social Sciences"
427;28840;"Elementary School Journal";journal;"15548279, 00135984";"University of Chicago Press";No;No;0,660;Q2;93;21;84;1352;157;84;1,45;64,38;68,49;0;7;United States;Northern America;"University of Chicago Press";"1996-2024";"Education (Q2)";"Social Sciences"
428;21100215165;"Knowledge Management and E-Learning";journal;"20737904";"University of Hong Kong";Yes;Yes;0,660;Q2;34;37;96;2524;339;96;3,72;68,22;44,83;0;17;China;Asiatic Region;"University of Hong Kong";"2009-2024";"Education (Q2); E-learning (Q2); Management of Technology and Innovation (Q2)";"Business, Management and Accounting; Social Sciences"
429;5700165306;"Qualitative Report";journal;"10520147";"Nova Southeastern University";Yes;No;0,660;Q2;63;118;520;6331;1438;519;2,25;53,65;58,87;0;36;United States;Northern America;"Nova Southeastern University";"2009-2025";"Cultural Studies (Q1); Education (Q2); Social Psychology (Q2)";"Psychology; Social Sciences"
430;1000147118;"Journal of Academic Ethics";journal;"15701727";"Springer Netherlands";No;No;0,659;Q2;34;102;107;5662;402;103;4,04;55,51;50,78;1;15;Netherlands;Western Europe;"Springer Netherlands";"2003, 2005-2025";"Arts and Humanities (miscellaneous) (Q1); Philosophy (Q1); Sociology and Political Science (Q1); Education (Q2)";"Arts and Humanities; Social Sciences"
431;21100782393;"Innovation and Development";journal;"2157930X, 21579318";"Taylor and Francis Ltd.";No;No;0,658;Q2;21;45;101;3083;299;94;2,53;68,51;29,06;0;37;United Kingdom;Western Europe;"Taylor and Francis Ltd.";"2015-2025";"Cultural Studies (Q1); Political Science and International Relations (Q1); Sociology and Political Science (Q1); Development (Q2); Education (Q2); Geography, Planning and Development (Q2)";"Social Sciences"
432;23339;"Chemical Research in Chinese Universities";journal;"10059040";"Springer International Publishing AG";Yes;No;0,657;Q2;36;139;516;8077;1395;492;2,83;58,11;42,63;0;40;Switzerland;Western Europe;"Springer International Publishing AG";"1999, 2001-2025";"Chemistry (miscellaneous) (Q2); Education (Q2)";"Chemistry; Social Sciences"
433;21101185196;"Nazhruna: Jurnal Pendidikan Islam";journal;"26148013";"Institut Pesantren KH Abdul Chalim";Yes;No;0,657;Q2;8;35;31;1853;107;31;3,45;52,94;22,62;0;9;Indonesia;Asiatic Region;"Institut Pesantren KH Abdul Chalim";"2023-2024";"History (Q1); Philosophy (Q1); Religious Studies (Q1); Social Sciences (miscellaneous) (Q1); Education (Q2)";"Arts and Humanities; Social Sciences"
434;21100344997;"Research Ethics";journal;"17470161, 20476094";"SAGE Publications Ltd";Yes;No;0,657;Q2;21;68;95;3561;294;89;2,95;52,37;59,57;1;17;United Kingdom;Western Europe;"SAGE Publications Ltd";"2014-2025";"Philosophy (Q1); Education (Q2)";"Arts and Humanities; Social Sciences"
435;12809;"Journal of Educational Research";journal;"19400675, 00220671";"Routledge";Yes;No;0,656;Q2;96;33;103;2159;266;102;1,58;65,42;56,70;0;14;United States;Northern America;"Routledge";"1920-2025";"Education (Q2)";"Social Sciences"
436;21100239261;"Journal of Social Studies Research";journal;"0885985X";"Sage Publications";No;No;0,652;Q2;21;17;67;1112;120;67;1,61;65,41;56,82;0;6;United States;Northern America;"Sage Publications";"2013-2025";"Social Sciences (miscellaneous) (Q1); Education (Q2)";"Social Sciences"
437;15320;"Teaching of Psychology";journal;"00986283, 15328023";"SAGE Publications Inc.";No;No;0,651;Q2;60;101;149;3874;360;146;2,14;38,36;68,68;1;34;United States;Northern America;"SAGE Publications Inc.";"1975-2025";"Education (Q2); Psychology (miscellaneous) (Q2)";"Psychology; Social Sciences"
438;200147107;"Communication Reports";journal;"08934215";"Taylor and Francis Ltd.";No;No;0,650;Q2;31;19;42;714;94;42;2,04;37,58;56,86;0;3;United Kingdom;Western Europe;"Taylor and Francis Ltd.";"1988-1995, 2005-2025";"Communication (Q1); Linguistics and Language (Q1); Education (Q2)";"Social Sciences"
439;21100935978;"Frontiers in Education";journal;"2504284X";"Frontiers Media SA";Yes;No;0,650;Q2;55;1229;2660;69977;7839;2535;2,44;56,94;56,51;3;583;Switzerland;Western Europe;"Frontiers Media SA";"2016-2025";"Education (Q2)";"Social Sciences"
440;21100886153;"Journal of Advanced Academics";journal;"21629536, 1932202X";"SAGE Publications Ltd";No;No;0,647;Q2;41;38;52;2111;128;49;2,19;55,55;67,95;0;9;United States;Northern America;"SAGE Publications Ltd";"2006-2025";"Education (Q2)";"Social Sciences"
441;19300157109;"Irish Educational Studies";journal;"17474965, 03323315";"Taylor and Francis Ltd.";No;No;0,646;Q2;33;112;173;6682;451;166;2,13;59,66;59,93;8;37;United Kingdom;Western Europe;"Taylor and Francis Ltd.";"1981-1986, 1988-1996, 1998-2025";"Education (Q2)";"Social Sciences"
442;5200152840;"Intellectual and Developmental Disabilities";journal;"19349491, 19349556";"American Association on Intellectual and Developmental Disabilities";No;No;0,644;Q2;77;38;115;1431;217;114;1,47;37,66;63,24;0;14;United States;Northern America;"American Association on Intellectual and Developmental Disabilities";"2007-2025";"Community and Home Care (Q2); Developmental and Educational Psychology (Q2); Education (Q2); Pediatrics, Perinatology and Child Health (Q2); Psychiatry and Mental Health (Q2)";"Medicine; Nursing; Psychology; Social Sciences"
443;100147337;"Journal of Education and Work";journal;"13639080, 14699435";"Brill Academic Publishers";No;No;0,642;Q2;47;27;150;1514;372;149;2,08;56,07;54,05;0;24;United Kingdom;Western Europe;"Brill Academic Publishers";"2005-2025";"Education (Q2); Organizational Behavior and Human Resource Management (Q2); Public Administration (Q2)";"Business, Management and Accounting; Social Sciences"
444;21100887440;"Educational Studies - AESA";journal;"00131946, 15326993";"Taylor and Francis Ltd.";No;No;0,638;Q2;17;40;107;2475;213;104;1,88;61,88;67,11;0;15;United Kingdom;Western Europe;"Taylor and Francis Ltd.";"2018-2024";"Sociology and Political Science (Q1); Education (Q2)";"Social Sciences"
445;18735;"Accountability in Research";journal;"15455815, 08989621";"Taylor and Francis Ltd.";No;No;0,636;Q2;40;146;118;5798;390;104;3,10;39,71;48,72;6;14;United Kingdom;Western Europe;"Taylor and Francis Ltd.";"1989-2025";"Library and Information Sciences (Q1); Education (Q2); Medicine (miscellaneous) (Q2)";"Medicine; Social Sciences"
446;70505;"Journal of Nursing Education";journal;"01484834";"Slack Incorporated";No;No;0,636;Q2;80;181;490;3733;762;376;1,45;20,62;85,60;0;35;United States;Northern America;"Slack Incorporated";"1965-2025";"Education (Q2); Nursing (miscellaneous) (Q2)";"Nursing; Social Sciences"
447;21100922757;"Journal of Research on Leadership Education";journal;"19427751";"SAGE Publications Inc.";No;No;0,636;Q2;25;26;59;1647;154;59;2,58;63,35;64,79;0;12;United States;Northern America;"SAGE Publications Inc.";"2006-2025";"Education (Q2)";"Social Sciences"
448;4700152279;"Journal of Marketing for Higher Education";journal;"15407144, 08841241";"Routledge";No;No;0,635;Q2;48;71;86;6161;340;86;3,07;86,77;42,19;1;19;United States;Northern America;"Routledge";"1988-1991, 1993-2025";"Education (Q2); Marketing (Q2)";"Business, Management and Accounting; Social Sciences"
449;19900193208;"Issues in Accounting Education";journal;"07393172, 15587983";"American Accounting Association";No;No;0,634;Q2;34;46;112;1545;282;105;1,87;33,59;50,00;0;11;United States;Northern America;"American Accounting Association";"2009-2025";"Accounting (Q2); Education (Q2)";"Business, Management and Accounting; Social Sciences"
450;5800207538;"Journal of Early Childhood Literacy";journal;"14687984";"SAGE Publications Ltd";No;No;0,633;Q2;51;49;104;2933;186;95;1,61;59,86;78,70;2;21;United Kingdom;Western Europe;"SAGE Publications Ltd";"2001-2025";"Education (Q2)";"Social Sciences"
451;144907;"Peabody Journal of Education";journal;"0161956X, 15327930";"Taylor and Francis Ltd.";No;No;0,633;Q2;55;42;134;2239;273;114;1,63;53,31;55,81;0;15;United Kingdom;Western Europe;"Taylor and Francis Ltd.";"1923-1991, 1993-2025";"Developmental and Educational Psychology (Q2); Education (Q2)";"Psychology; Social Sciences"
452;21100900274;"AEM Education and Training";journal;"24725390";"John Wiley &amp; Sons Inc.";No;No;0,631;Q2;26;120;429;2660;725;365;1,52;22,17;55,82;0;34;United States;Northern America;"John Wiley &amp; Sons Inc.";"2017-2025";"Education (Q2); Emergency Medicine (Q2); Emergency Nursing (Q2)";"Medicine; Nursing; Social Sciences"
453;145582;"Educational Research for Policy and Practice";journal;"15702081";"Springer Netherlands";No;No;0,629;Q2;30;42;76;2343;203;75;2,70;55,79;54,12;1;21;Netherlands;Western Europe;"Springer Netherlands";"2004-2025";"Sociology and Political Science (Q1); Education (Q2)";"Social Sciences"
454;21100901159;"International Journal of Child Care and Education Policy";journal;"19765681, 22886729";"SpringerOpen";Yes;Yes;0,629;Q2;25;13;49;782;161;48;2,79;60,15;44,44;1;7;Singapore;Asiatic Region;"SpringerOpen";"2007-2025";"Pediatrics (Q1); Sociology and Political Science (Q1); Community and Home Care (Q2); Education (Q2); Pediatrics, Perinatology and Child Health (Q2)";"Medicine; Nursing; Social Sciences"
455;28812;"Nurse Educator";journal;"15389855, 03633624";"Lippincott Williams and Wilkins Ltd.";No;No;0,628;Q2;49;305;600;4093;1096;549;1,81;13,42;83,12;0;55;United States;Northern America;"Lippincott Williams and Wilkins Ltd.";"1976-2025";"LPN and LVN (Q1); Review and Exam Preparation (Q1); Education (Q2); Fundamentals and Skills (Q2); Nursing (miscellaneous) (Q2)";"Nursing; Social Sciences"
456;144637;"Tertiary Education and Management";journal;"13583883";"Taylor and Francis Ltd.";No;No;0,626;Q2;47;15;68;795;167;65;2,39;53,00;38,30;0;6;United Kingdom;Western Europe;"Taylor and Francis Ltd.";"1995-2025";"Education (Q2); Organizational Behavior and Human Resource Management (Q2)";"Business, Management and Accounting; Social Sciences"
457;21101051210;"Journal of Advances in Medical Education and Professionalism";journal;"23222220, 23223561";"Shriaz University of Medical Sciences";Yes;No;0,625;Q2;15;35;108;1064;261;90;2,77;30,40;54,87;0;13;Iran;Middle East;"Shriaz University of Medical Sciences";"2019-2025";"Health Professions (miscellaneous) (Q1); Education (Q2); Medicine (miscellaneous) (Q2)";"Health Professions; Medicine; Social Sciences"
458;18400156720;"Policy Futures in Education";journal;"14782103";"SAGE Publications Inc.";No;No;0,624;Q2;36;129;203;7890;505;198;2,28;61,16;55,89;4;57;United Kingdom;Western Europe;"SAGE Publications Inc.";"2009-2025";"Education (Q2)";"Social Sciences"
459;17539;"Academic Psychiatry";journal;"15457230, 10429670";"Springer International Publishing AG";Yes;No;0,623;Q2;59;203;513;2596;593;199;1,06;12,79;58,77;0;32;Switzerland;Western Europe;"Springer International Publishing AG";"1989-2025";"Education (Q2); Medicine (miscellaneous) (Q2); Psychiatry and Mental Health (Q2)";"Medicine; Social Sciences"
460;17781;"International Review of Research in Open and Distributed Learning";journal;"14923831";"Athabasca University";Yes;Yes;0,616;Q2;97;54;158;2462;487;151;2,67;45,59;41,18;0;23;Canada;Northern America;"Athabasca University";"2000-2024";"Education (Q2); E-learning (Q2)";"Social Sciences"
461;21100448939;"Journal of Applied Research in Higher Education";journal;"17581184, 20507003";"Emerald Group Publishing Ltd.";No;No;0,615;Q2;30;261;236;14280;890;236;3,81;54,71;46,92;0;109;United Kingdom;Western Europe;"Emerald Group Publishing Ltd.";"2009-2025";"Education (Q2)";"Social Sciences"
462;21100217021;"Journal of Writing Research";journal;"22943307, 20301006";"University of Antwerp";Yes;Yes;0,614;Q2;34;14;44;953;93;44;1,33;68,07;64,10;0;4;Belgium;Western Europe;"University of Antwerp";"2008-2025";"Linguistics and Language (Q1); Literature and Literary Theory (Q1); Education (Q2)";"Arts and Humanities; Social Sciences"
463;19700187606;"Roeper Review";journal;"1940865X, 02783193";"Taylor and Francis Ltd.";No;No;0,612;Q2;49;33;94;1429;107;61;0,95;43,30;57,45;0;3;United Kingdom;Western Europe;"Taylor and Francis Ltd.";"1978-2025";"Developmental and Educational Psychology (Q2); Education (Q2)";"Psychology; Social Sciences"
464;21100923616;"Study Abroad Research in Second Language Acquisition and International Education";journal;"24055530, 24055522";"John Benjamins Publishing Company";No;No;0,611;Q2;11;10;34;610;45;32;1,09;61,00;60,00;0;1;Netherlands;Western Europe;"John Benjamins Publishing Company";"2016-2025";"Linguistics and Language (Q1); Education (Q2)";"Social Sciences"
465;21100463075;"International Journal of Chinese Education";journal;"22125868, 2212585X";"SAGE Publications Ltd";Yes;Yes;0,609;Q2;13;31;104;1555;231;99;1,92;50,16;51,72;0;21;United Kingdom;Western Europe;"SAGE Publications Ltd";"2012-2025";"Education (Q2)";"Social Sciences"
466;21100897951;"Journal of Interactive Media in Education";journal;"1365893X";"Ubiquity Press";Yes;Yes;0,609;Q2;20;19;48;853;144;45;3,19;44,89;65,63;0;6;United Kingdom;Western Europe;"Ubiquity Press";"2018-2024";"Communication (Q1); Computer Networks and Communications (Q2); Education (Q2)";"Computer Science; Social Sciences"
467;21101128453;"ATS Scholar";journal;"26907097";"American Thoracic Society";Yes;No;0,607;Q2;14;77;215;1557;327;171;1,17;20,22;52,33;0;30;United States;Northern America;"American Thoracic Society";"2020-2024";"Critical Care and Intensive Care Medicine (Q2); Education (Q2); Pulmonary and Respiratory Medicine (Q2); Neurology (clinical) (Q3)";"Medicine; Social Sciences"
468;4700152404;"Journal of Ethnic and Cultural Diversity in Social Work";journal;"15313204";"Routledge";No;No;0,606;Q2;40;61;98;2845;220;97;2,06;46,64;74,05;2;30;United States;Northern America;"Routledge";"2000-2025";"Education (Q2); Health (social science) (Q2); Social Work (Q3)";"Social Sciences"
469;16100154793;"International Journal of Music Education";journal;"1744795X, 02557614";"SAGE Publications Ltd";No;No;0,604;Q2;39;121;152;5554;476;152;2,33;45,90;57,26;0;29;United Kingdom;Western Europe;"SAGE Publications Ltd";"1996-2025";"Music (Q1); Education (Q2)";"Arts and Humanities; Social Sciences"
470;21100843893;"Cogent Education";journal;"2331186X";"Taylor and Francis Ltd.";Yes;No;0,602;Q2;43;652;794;39475;2582;789;3,12;60,54;44,75;0;365;United Kingdom;Western Europe;"Taylor and Francis Ltd.";"2014-2025";"Education (Q2)";"Social Sciences"
471;21100202933;"Teaching Statistics";journal;"14679639, 0141982X";"Wiley-Blackwell";No;No;0,602;Q2;19;21;92;531;126;78;0,84;25,29;46,34;0;2;United States;Northern America;"Wiley-Blackwell";"1979-2025";"Education (Q2); Statistics and Probability (Q2)";"Mathematics; Social Sciences"
472;19469;"Journal of Early Childhood Teacher Education";journal;"17455642, 10901027";"Taylor and Francis Ltd.";No;No;0,601;Q2;29;48;112;2511;245;88;1,75;52,31;81,02;0;21;United Kingdom;Western Europe;"Taylor and Francis Ltd.";"1990-2025";"Social Sciences (miscellaneous) (Q1); Education (Q2)";"Social Sciences"
473;14792;"New Zealand Journal of Educational Studies";journal;"21994714, 00288276";"Springer Singapore";No;No;0,601;Q2;26;58;96;2421;173;87;1,49;41,74;70,24;1;20;Singapore;Asiatic Region;"Springer Singapore";"1996-2013, 2015-2025";"Education (Q2)";"Social Sciences"
474;21100228034;"Journal of Student Affairs Research and Practice";journal;"19496591, 19496605";"Taylor and Francis Ltd.";No;No;0,600;Q2;27;58;126;2763;247;124;1,37;47,64;66,90;0;17;United Kingdom;Western Europe;"Taylor and Francis Ltd.";"2012-2025";"Education (Q2)";"Social Sciences"
475;21100835738;"Industry and Higher Education";journal;"20436858, 09504222";"SAGE Publications Inc.";No;No;0,599;Q2;37;85;209;4778;792;199;3,80;56,21;47,66;0;63;United States;Northern America;"SAGE Publications Inc.";"1996-2025";"Business and International Management (Q2); Education (Q2)";"Business, Management and Accounting; Social Sciences"
476;19700187614;"Journal of Latinos and Education";journal;"1532771X, 15348431";"Routledge";No;No;0,598;Q2;30;184;221;9459;396;208;1,61;51,41;64,68;1;69;United States;Northern America;"Routledge";"2010-2025";"Cultural Studies (Q1); Education (Q2)";"Social Sciences"
477;24054;"Communication Education";journal;"03634523, 14795795";"Routledge";No;No;0,597;Q2;76;33;136;1614;263;135;1,27;48,91;57,45;0;9;United Kingdom;Western Europe;"Routledge";"1976-2025";"Communication (Q1); Linguistics and Language (Q1); Education (Q2)";"Social Sciences"
478;21100199768;"Practical Assessment, Research and Evaluation";journal;"15317714";"University of Maryland";Yes;No;0,597;Q2;65;15;57;770;129;57;1,28;51,33;34,88;0;1;United States;Northern America;"University of Maryland";"1989, 1991, 1993, 1995, 1997, 1999, 2001, 2003-2025";"Education (Q2)";"Social Sciences"
479;24169;"Journal of Chemical Education";journal;"19381328, 00219584";"American Chemical Society";No;No;0,596;Q2;109;663;1693;28175;5281;1681;3,14;42,50;46,95;0;185;United States;Northern America;"American Chemical Society";"1924-2025";"Chemistry (miscellaneous) (Q2); Education (Q2)";"Chemistry; Social Sciences"
480;17600155005;"Literacy Research and Instruction";journal;"19388071, 19388063";"Routledge";No;No;0,596;Q2;33;35;49;2183;92;49;1,72;62,37;75,26;0;13;United Kingdom;Western Europe;"Routledge";"2008-2025";"Linguistics and Language (Q1); Education (Q2)";"Social Sciences"
481;18700156718;"Zeitschrift fur Erziehungswissenschaft";journal;"18625215, 1434663X";"VS Verlag fur Sozialwissenschaften";No;No;0,595;Q2;30;88;201;5706;300;181;1,04;64,84;60,91;1;32;Germany;Western Europe;"VS Verlag fur Sozialwissenschaften";"2008-2025";"Education (Q2)";"Social Sciences"
482;14116;"Education and Urban Society";journal;"00131245, 15523535";"SAGE Publications Inc.";No;No;0,593;Q2;53;48;144;2772;286;143;1,81;57,75;66,13;3;29;United States;Northern America;"SAGE Publications Inc.";"1968-2025";"Urban Studies (Q1); Education (Q2)";"Social Sciences"
483;19700190344;"Early Years";journal;"14724421, 09575146";"Routledge";No;No;0,592;Q2;41;114;159;5194;313;155;1,54;45,56;76,95;1;29;United States;Northern America;"Routledge";"1980-2025";"Education (Q2); Developmental and Educational Psychology (Q3)";"Psychology; Social Sciences"
484;5900152813;"International Journal of Art and Design Education";journal;"14768062, 14768070";"Wiley-Blackwell Publishing Ltd";No;No;0,592;Q2;34;48;143;1626;330;131;1,55;33,88;64,94;0;12;United Kingdom;Western Europe;"Wiley-Blackwell Publishing Ltd";"1996-2025";"Arts and Humanities (miscellaneous) (Q1); Visual Arts and Performing Arts (Q1); Education (Q2)";"Arts and Humanities; Social Sciences"
485;19600166324;"International Journal of Early Childhood";journal;"18784658, 00207187";"Springer Netherlands";No;No;0,591;Q2;34;55;71;3015;192;69;2,41;54,82;75,66;3;29;Netherlands;Western Europe;"Springer Netherlands";"1969-2025";"Education (Q2); Developmental and Educational Psychology (Q3)";"Psychology; Social Sciences"
486;21100390411;"Journal of Hospitality and Tourism Education";journal;"23256540, 10963758";"Taylor and Francis Ltd.";No;No;0,591;Q2;35;63;87;4036;345;75;3,00;64,06;38,78;0;41;United Kingdom;Western Europe;"Taylor and Francis Ltd.";"1997-2013, 2015-2025";"Education (Q2); Tourism, Leisure and Hospitality Management (Q2)";"Business, Management and Accounting; Social Sciences"
487;17730;"Asian Journal of Communication";journal;"01292986, 17420911";"Routledge";No;No;0,588;Q2;43;35;94;2227;223;88;2,11;63,63;53,42;0;5;United States;Northern America;"Routledge";"1990-2025";"Communication (Q1); Education (Q2)";"Social Sciences"
488;5700153985;"Exceptionality";journal;"09362835, 15327035";"Routledge";No;No;0,588;Q2;29;33;73;1674;153;73;1,59;50,73;60,20;1;24;United States;Northern America;"Routledge";"1990-1994, 2010-2025";"Education (Q2); Developmental and Educational Psychology (Q3)";"Psychology; Social Sciences"
489;21101068029;"RIED-Revista Iberoamericana de Educacion a Distancia";journal;"13903306, 11382783";"Ibero-American Association for Distance Higher Education (AIESAD)";Yes;Yes;0,588;Q2;23;32;99;1736;371;99;3,40;54,25;47,25;1;16;Spain;Western Europe;"Ibero-American Association for Distance Higher Education (AIESAD)";"2019-2025";"Computer Science Applications (Q2); Education (Q2)";"Computer Science; Social Sciences"
490;21100329302;"Journal of Information Literacy";journal;"17505968";"CILIP Information Literacy Group";Yes;Yes;0,587;Q2;17;34;81;1121;127;67;1,51;32,97;62,79;0;1;United Kingdom;Western Europe;"CILIP Information Literacy Group";"2014-2024";"Library and Information Sciences (Q1); Education (Q2); E-learning (Q2)";"Social Sciences"
491;19700200912;"CALICO Journal";journal;"20569017";"Equinox Publishing Ltd";No;No;0,586;Q2;49;17;61;612;154;48;2,12;36,00;50,00;0;1;United States;Northern America;"Equinox Publishing Ltd";"1983-1996, 1998-2024";"Linguistics and Language (Q1); Computer Science Applications (Q2); Education (Q2)";"Computer Science; Social Sciences"
492;21101021077;"Asian-Pacific Journal of Second and Foreign Language Education";journal;"23635169";"Springer Science + Business Media";Yes;No;0,583;Q2;21;62;113;4408;363;110;3,31;71,10;42,42;0;15;Germany;Western Europe;"Springer Science + Business Media";"2016-2025";"Linguistics and Language (Q1); Education (Q2)";"Social Sciences"
493;12100155734;"Ethnography and Education";journal;"17457823, 17457831";"Routledge";No;No;0,582;Q2;27;29;80;1284;146;78;1,58;44,28;65,12;0;11;United Kingdom;Western Europe;"Routledge";"2010-2025";"Cultural Studies (Q1); Education (Q2); Gender Studies (Q2)";"Social Sciences"
494;21100446523;"International Journal of Mentoring and Coaching in Education";journal;"20466862, 20466854";"Emerald Publishing";No;No;0,581;Q2;26;39;84;1973;226;83;2,55;50,59;70,09;0;11;United Kingdom;Western Europe;"Emerald Publishing";"2012-2025";"Education (Q2); Life-span and Life-course Studies (Q3)";"Social Sciences"
495;21100870584;"International Journal of School and Educational Psychology";journal;"21683603, 21683611";"Taylor and Francis Ltd.";No;No;0,581;Q2;24;20;110;1267;210;107;1,59;63,35;58,62;0;10;United Kingdom;Western Europe;"Taylor and Francis Ltd.";"2013-2024";"Education (Q2); Developmental and Educational Psychology (Q3)";"Psychology; Social Sciences"
496;24350;"Journal of Economic Education";journal;"00220485";"Routledge";Yes;No;0,581;Q2;58;42;112;1321;192;110;1,34;31,45;47,89;0;10;United States;Northern America;"Routledge";"1969-2025";"Economics and Econometrics (Q2); Education (Q2)";"Economics, Econometrics and Finance; Social Sciences"
497;21101087907;"PSU Research Review";journal;"23984007, 23991747";"Emerald Group Holdings Ltd.";Yes;Yes;0,581;Q2;23;55;36;3778;197;36;5,56;68,69;34,51;0;21;United Kingdom;Western Europe;"Emerald Group Holdings Ltd.";"2017-2024";"Economics, Econometrics and Finance (miscellaneous) (Q1); Social Sciences (miscellaneous) (Q1); Business, Management and Accounting (miscellaneous) (Q2); Computer Science Applications (Q2); Education (Q2)";"Business, Management and Accounting; Computer Science; Economics, Econometrics and Finance; Social Sciences"
498;21100903062;"Evolution: Education and Outreach";journal;"19366426, 19366434";"BioMed Central Ltd";Yes;No;0,580;Q2;40;22;46;1564;96;44;1,65;71,09;46,81;0;6;United Kingdom;Western Europe;"BioMed Central Ltd";"2008-2024";"Ecology, Evolution, Behavior and Systematics (Q2); Education (Q2)";"Agricultural and Biological Sciences; Social Sciences"
499;18400156722;"Research in Comparative and International Education";journal;"17454999";"SAGE Publications Inc.";No;No;0,580;Q2;28;32;88;1965;195;83;2,05;61,41;53,41;1;14;United Kingdom;Western Europe;"SAGE Publications Inc.";"2009-2025";"Education (Q2)";"Social Sciences"
500;200147114;"Quality in Higher Education";journal;"14701081, 13538322";"Routledge";No;No;0,579;Q2;51;30;76;1221;187;63;2,58;40,70;46,27;1;8;United Kingdom;Western Europe;"Routledge";"1995-2024";"Education (Q2)";"Social Sciences"
501;21101096642;"Entrepreneurship Education and Pedagogy";journal;"25151274";"SAGE Publications Inc.";No;No;0,578;Q2;22;26;109;1718;323;104;2,52;66,08;52,63;1;12;United States;Northern America;"SAGE Publications Inc.";"2018-2025";"Business and International Management (Q2); Education (Q2)";"Business, Management and Accounting; Social Sciences"
502;17700156732;"Journal of Teacher Education for Sustainability";journal;"16914147, 16915534";"De Gruyter Open Ltd";Yes;No;0,576;Q2;25;23;70;1127;180;64;2,17;49,00;70,37;0;21;Poland;Eastern Europe;"De Gruyter Open Ltd";"2007-2024";"Education (Q2)";"Social Sciences"
503;15415;"Phi Delta Kappan";journal;"19406487, 00317217";"SAGE Publications Inc.";No;No;0,576;Q2;71;133;407;1128;350;179;0,76;8,48;60,14;0;45;United Kingdom;Western Europe;"SAGE Publications Inc.";"1981, 1984, 1993-1994, 1996-2024";"Education (Q2)";"Social Sciences"
504;145250;"Industrial and Commercial Training";journal;"00197858";"Emerald Group Publishing Ltd.";No;No;0,575;Q2;45;27;91;2045;337;90;3,42;75,74;37,70;0;6;United Kingdom;Western Europe;"Emerald Group Publishing Ltd.";"1969-2025";"Business, Management and Accounting (miscellaneous) (Q2); Education (Q2); Organizational Behavior and Human Resource Management (Q2)";"Business, Management and Accounting; Social Sciences"
505;21100215706;"International Journal of Doctoral Studies";journal;"15568873, 15568881";"Informing Science Institute";Yes;No;0,574;Q2;39;17;74;1453;181;74;1,60;85,47;64,58;0;3;United States;Northern America;"Informing Science Institute";"2010-2025";"Education (Q2)";"Social Sciences"
506;21100447114;"Iranian Journal of Language Teaching Research";journal;"23221291";"Urmia University";Yes;Yes;0,574;Q2;21;29;78;1624;202;70;1,82;56,00;34,55;0;8;Iran;Middle East;"Urmia University";"2013-2024";"Linguistics and Language (Q1); Education (Q2)";"Social Sciences"
507;19700188305;"Journal of Agricultural Education and Extension";journal;"1389224X, 17508622";"Taylor and Francis Ltd.";No;No;0,574;Q2;40;62;103;3810;382;93;3,50;61,45;44,04;0;42;United Kingdom;Western Europe;"Taylor and Francis Ltd.";"2010-2025";"Agricultural and Biological Sciences (miscellaneous) (Q1); Education (Q2); Geography, Planning and Development (Q2)";"Agricultural and Biological Sciences; Social Sciences"
508;19700187628;"Teacher Educator";journal;"08878730, 19388101";"Taylor and Francis Ltd.";No;No;0,574;Q2;28;36;72;1725;154;66;2,08;47,92;71,74;0;13;United Kingdom;Western Europe;"Taylor and Francis Ltd.";"1971-2025";"Education (Q2)";"Social Sciences"
509;21100447802;"Asian Education and Development Studies";journal;"20463170, 20463162";"Emerald Publishing";No;No;0,573;Q2;22;39;112;2041;371;109;2,81;52,33;53,26;0;19;United Kingdom;Western Europe;"Emerald Publishing";"2013-2025";"Development (Q2); Education (Q2); Social Sciences (miscellaneous) (Q2)";"Social Sciences"
510;11400153314;"Contemporary Issues in Early Childhood";journal;"14639491";"SAGE Publications Inc.";No;No;0,573;Q2;36;67;103;3348;242;91;2,46;49,97;80,95;0;18;United Kingdom;Western Europe;"SAGE Publications Inc.";"2008-2025";"Education (Q2); Developmental and Educational Psychology (Q3)";"Psychology; Social Sciences"
511;12695;"International Review of Education";journal;"15730638, 00208566";"Springer Netherlands";No;No;0,572;Q2;51;46;121;2719;317;105;1,84;59,11;51,76;0;29;Netherlands;Western Europe;"Springer Netherlands";"1955-2025";"Education (Q2); E-learning (Q2)";"Social Sciences"
512;18300156707;"Visitor Studies";journal;"10645578, 19347715";"Routledge";No;No;0,571;Q2;30;11;27;543;73;27;2,62;49,36;65,00;0;2;United Kingdom;Western Europe;"Routledge";"1988-1989, 1992-1993, 2007-2024";"Communication (Q1); Museology (Q1); Education (Q2); Tourism, Leisure and Hospitality Management (Q2)";"Arts and Humanities; Business, Management and Accounting; Social Sciences"
513;145159;"Journal of Deaf Studies and Deaf Education";journal;"14657325, 10814159";"Oxford University Press";No;No;0,570;Q2;75;64;126;3288;288;125;1,76;51,38;64,47;1;12;United Kingdom;Western Europe;"Oxford University Press";"1996, 2004-2024";"Education (Q2); Speech and Hearing (Q2)";"Health Professions; Social Sciences"
514;16723;"Journal of Intellectual and Developmental Disability";journal;"13668250, 14699532";"Informa Healthcare";No;No;0,570;Q2;68;66;122;2841;264;118;1,90;43,05;68,89;1;19;United Kingdom;Western Europe;"Informa Healthcare";"1970-1991, 1993-1994, 1996-2025";"Arts and Humanities (miscellaneous) (Q1); Education (Q2); Medicine (miscellaneous) (Q2); Psychology (miscellaneous) (Q2)";"Arts and Humanities; Medicine; Psychology; Social Sciences"
515;21100229165;"Research in Learning Technology";journal;"21567077, 21567069";"Association for Learning Technology";Yes;Yes;0,570;Q2;41;18;60;827;182;60;1,97;45,94;68,18;0;8;United Kingdom;Western Europe;"Association for Learning Technology";"2012-2024";"Computer Science Applications (Q2); Education (Q2)";"Computer Science; Social Sciences"
516;21100228077;"Higher Education, Skills and Work-based Learning";journal;"2042390X, 20423896";"Emerald Publishing";No;No;0,569;Q2;31;117;195;6724;653;192;3,07;57,47;50,00;0;97;United Kingdom;Western Europe;"Emerald Publishing";"2010-2025";"Education (Q2); Life-span and Life-course Studies (Q3)";"Social Sciences"
517;6400153173;"Improving Schools";journal;"13654802, 14757583";"SAGE Publications Ltd";No;No;0,567;Q2;33;1;49;82;101;42;2,30;82,00;0,00;0;1;United Kingdom;Western Europe;"SAGE Publications Ltd";"1998-2024";"Education (Q2)";"Social Sciences"
518;21101068030;"Journal of Second Language Studies";journal;"25423835, 25423843";"John Benjamins Publishing Company";No;No;0,567;Q2;10;17;43;941;62;41;1,63;55,35;39,39;0;0;Netherlands;Western Europe;"John Benjamins Publishing Company";"2018-2025";"Linguistics and Language (Q1); Education (Q2)";"Social Sciences"
519;11300153728;"Zeitschrift fur Evidenz, Fortbildung und Qualitat im Gesundheitswesen";journal;"22120289, 18659217";"Elsevier GmbH";No;No;0,564;Q2;36;87;299;2459;453;288;1,69;28,26;60,80;0;36;Germany;Western Europe;"Elsevier GmbH";"2008-2025";"Education (Q2); Health Policy (Q2); Medicine (miscellaneous) (Q2)";"Medicine; Social Sciences"
520;19700200806;"American Journal of Distance Education";journal;"08923647, 15389286";"Taylor and Francis Ltd.";No;No;0,562;Q2;34;53;87;2122;230;69;2,03;40,04;61,03;0;17;United States;Northern America;"Taylor and Francis Ltd.";"1987-1996, 1998-1999, 2001, 2008-2025";"Computer Science Applications (Q2); Education (Q2)";"Computer Science; Social Sciences"
521;21100915697;"Journal of Special Education Technology";journal;"23813121, 01626434";"SAGE Publications Inc.";No;No;0,561;Q2;43;66;127;3071;367;125;2,89;46,53;66,97;1;49;United States;Northern America;"SAGE Publications Inc.";"1996-2025";"Computer Science Applications (Q2); Education (Q2)";"Computer Science; Social Sciences"
522;24236;"Prospects";journal;"00331538";"Springer Netherlands";No;No;0,561;Q2;41;75;143;2836;438;134;3,26;37,81;39,73;4;47;Netherlands;Western Europe;"Springer Netherlands";"1970, 1972-2025";"Education (Q2)";"Social Sciences"
523;12308;"Journal of Social Work Education";journal;"10437797, 21635811";"Taylor and Francis Ltd.";No;No;0,560;Q2;68;66;271;2960;564;246;1,78;44,85;75,00;0;22;United Kingdom;Western Europe;"Taylor and Francis Ltd.";"1985-2025";"Education (Q2); Social Sciences (miscellaneous) (Q2); Social Work (Q3)";"Social Sciences"
524;21100900059;"Teaching and Learning Inquiry";journal;"21674787";"University of Calgary Press";Yes;Yes;0,559;Q2;23;31;104;1392;201;100;1,59;44,90;74,16;0;10;Canada;Northern America;"University of Calgary Press";"2013-2025";"Education (Q2)";"Social Sciences"
525;21100778091;"Journal of Adult and Continuing Education";journal;"14779714, 14797194";"SAGE Publications Inc.";No;No;0,558;Q2;14;70;92;3444;241;86;1,89;49,20;52,57;0;42;United Kingdom;Western Europe;"SAGE Publications Inc.";"2014, 2016-2025";"Education (Q2)";"Social Sciences"
526;21100464750;"English Teaching and Learning";journal;"10237267";"National Taiwan Normal University";No;No;0,557;Q2;17;57;71;3278;141;68;1,73;57,51;45,87;0;14;Taiwan;Asiatic Region;"National Taiwan Normal University";"2015-2025";"Linguistics and Language (Q1); Education (Q2)";"Social Sciences"
527;145468;"International Journal for Educational and Vocational Guidance";journal;"15731782, 18730388";"Springer Netherlands";No;No;0,557;Q2;33;91;149;6106;382;146;2,51;67,10;55,60;0;37;Netherlands;Western Europe;"Springer Netherlands";"2001, 2005-2025";"Visual Arts and Performing Arts (Q1); Education (Q2)";"Arts and Humanities; Social Sciences"
528;24359;"Women's Studies International Forum";journal;"02775395";"Elsevier Ltd";No;No;0,557;Q2;77;123;270;8033;627;265;2,38;65,31;72,13;0;104;United Kingdom;Western Europe;"Elsevier Ltd";"1982-2025";"Law (Q1); Development (Q2); Education (Q2); Gender Studies (Q2); Sociology and Political Science (Q2)";"Social Sciences"
529;19200156951;"English Teaching";journal;"11758708";"Emerald Group Publishing Ltd.";No;No;0,555;Q2;29;34;107;1711;152;100;1,41;50,32;63,16;0;11;United Kingdom;Western Europe;"Emerald Group Publishing Ltd.";"2008-2024";"Linguistics and Language (Q1); Education (Q2)";"Social Sciences"
530;21100372549;"Teaching English with Technology";journal;"16421027";"University of Nicosia";Yes;No;0,555;Q2;21;13;51;698;133;48;4,22;53,69;52,00;0;5;Cyprus;Western Europe;"University of Nicosia";"2014-2024";"Linguistics and Language (Q1); Education (Q2)";"Social Sciences"
531;4400151729;"Eurasia Journal of Mathematics, Science and Technology Education";journal;"13058223, 13058215";"Modestum LTD";Yes;No;0,554;Q2;63;179;437;10242;1315;437;3,17;57,22;48,95;0;57;Turkey;Middle East;"Modestum LTD";"2006-2025";"Applied Mathematics (Q2); Education (Q2)";"Mathematics; Social Sciences"
532;4700152821;"Journal of Research in Childhood Education";journal;"02568543";"Taylor and Francis Ltd.";No;No;0,554;Q2;41;75;118;4580;250;115;1,95;61,07;71,98;3;35;United Kingdom;Western Europe;"Taylor and Francis Ltd.";"1986-2025";"Education (Q2); Developmental and Educational Psychology (Q3)";"Psychology; Social Sciences"
533;19700188306;"Perspectives: Policy and Practice in Higher Education";journal;"13603108, 14607018";"Routledge";No;No;0,553;Q2;24;40;71;1461;135;58;1,77;36,53;50,00;2;16;United States;Northern America;"Routledge";"1997-2025";"Education (Q2)";"Social Sciences"
534;16400154714;"British Journal of Religious Education";journal;"17407931, 01416200";"Routledge";No;No;0,552;Q2;32;71;127;3266;195;115;1,40;46,00;44,53;0;14;United Kingdom;Western Europe;"Routledge";"1978-2025";"Religious Studies (Q1); Education (Q2)";"Arts and Humanities; Social Sciences"
535;21100825549;"Arts Education Policy Review";journal;"19404395, 10632913";"Taylor and Francis Ltd.";No;No;0,551;Q2;32;52;71;2721;140;70;1,79;52,33;43,53;1;20;United Kingdom;Western Europe;"Taylor and Francis Ltd.";"1996-2025";"Visual Arts and Performing Arts (Q1); Education (Q2)";"Arts and Humanities; Social Sciences"
536;21100805775;"International Journal of Design Creativity and Innovation";journal;"21650357, 21650349";"Taylor and Francis Ltd.";No;No;0,549;Q2;23;14;42;934;128;38;3,29;66,71;41,03;0;4;United Kingdom;Western Europe;"Taylor and Francis Ltd.";"2013-2025";"Architecture (Q1); Arts and Humanities (miscellaneous) (Q1); Visual Arts and Performing Arts (Q1); Aerospace Engineering (Q2); Education (Q2); Engineering (miscellaneous) (Q2); Behavioral Neuroscience (Q3); Cognitive Neuroscience (Q3); Experimental and Cognitive Psychology (Q3)";"Arts and Humanities; Engineering; Neuroscience; Psychology; Social Sciences"
537;5800179611;"Teacher Development";journal;"13664530, 17475120";"Routledge";No;No;0,549;Q2;38;73;111;3986;211;111;1,84;54,60;75,50;1;21;United Kingdom;Western Europe;"Routledge";"1997-2025";"Education (Q2)";"Social Sciences"
538;21101030459;"Advances in Medical Education and Practice";journal;"11797258";"Dove Medical Press Ltd.";Yes;No;0,548;Q2;47;150;516;4080;1020;427;1,80;27,20;44,52;0;49;United Kingdom;Western Europe;"Dove Medical Press Ltd.";"2010-2025";"Education (Q2)";"Social Sciences"
539;21100897004;"Medical Science Educator";journal;"21568650";"Springer New York";No;No;0,547;Q2;29;312;773;8746;1439;593;1,60;28,03;56,42;1;74;United States;Northern America;"Springer New York";"2011-2025";"Education (Q2); Medicine (miscellaneous) (Q2)";"Medicine; Social Sciences"
540;21100898044;"International Journal of Comparative Education and Development";journal;"23094907, 23967404";"Emerald Group Publishing Ltd.";No;No;0,546;Q2;13;24;47;1417;130;45;2,08;59,04;55,10;0;14;United Kingdom;Western Europe;"Emerald Group Publishing Ltd.";"2016-2025";"Education (Q2)";"Social Sciences"
541;144745;"Educational Research and Evaluation";journal;"17444187, 13803611";"Taylor and Francis Ltd.";No;No;0,545;Q2;48;35;34;2016;116;26;3,41;57,60;74,76;0;15;United Kingdom;Western Europe;"Taylor and Francis Ltd.";"1995, 1997, 2004-2020, 2022-2025";"Education (Q2)";"Social Sciences"
542;147225;"Computers in the Schools";journal;"07380569, 15287033";"Routledge";No;No;0,544;Q2;39;55;61;2966;144;59;2,49;53,93;53,52;0;23;United States;Northern America;"Routledge";"1984-1997, 1999, 2001-2025";"Computer Science (miscellaneous) (Q2); Education (Q2); Library and Information Sciences (Q2)";"Computer Science; Social Sciences"
543;21100898619;"International Journal for Research in Vocational Education and Training";journal;"21978646, 21978638";"European Research Network Vocational Education and Training";Yes;Yes;0,544;Q2;18;18;55;1174;119;55;1,84;65,22;47,37;0;15;Germany;Western Europe;"European Research Network Vocational Education and Training";"2014-2025";"Education (Q2)";"Social Sciences"
544;12734;"Issues in Educational Research";journal;"03137155, 18376290";"Western Australian Institute for Educational Research Inc.";Yes;Yes;0,544;Q2;36;91;246;4471;502;231;1,78;49,13;62,44;0;31;Australia;Pacific Region;"Western Australian Institute for Educational Research Inc.";"2002-2024";"Education (Q2)";"Social Sciences"
545;21100782676;"Teaching Public Administration";journal;"01447394, 20478720";"SAGE Publications Inc.";No;No;0,544;Q2;17;37;72;1756;225;71;3,06;47,46;45,45;0;13;United Kingdom;Western Europe;"SAGE Publications Inc.";"1979-1980, 1982-2007, 2009, 2012-2024";"Education (Q2); Public Administration (Q2)";"Social Sciences"
546;9000153112;"Journal of School Choice";journal;"15582159, 15582167";"Routledge";No;No;0,543;Q2;23;54;88;2642;127;80;1,26;48,93;45,56;5;17;United Kingdom;Western Europe;"Routledge";"2006-2025";"Education (Q2)";"Social Sciences"
547;17600155309;"International Journal of Fashion Design, Technology and Education";journal;"17543266, 17543274";"Taylor and Francis Ltd.";No;No;0,542;Q2;33;79;113;3784;443;112;4,26;47,90;61,83;0;26;United Kingdom;Western Europe;"Taylor and Francis Ltd.";"2008-2025";"Visual Arts and Performing Arts (Q1); Education (Q2); Industrial and Manufacturing Engineering (Q2)";"Arts and Humanities; Engineering; Social Sciences"
548;21101045763;"Journal of Media Literacy Education";journal;"21678715";"National Association for Media Literacy Education";Yes;Yes;0,542;Q2;15;27;90;1435;216;90;2,59;53,15;56,45;0;8;United States;Northern America;"National Association for Media Literacy Education";"2019-2024";"Communication (Q2); Education (Q2)";"Social Sciences"
549;21101109778;"Whiteness and Education";journal;"23793414, 23793406";"Informa UK Limited";No;No;0,542;Q2;15;36;51;2138;119;51;2,64;59,39;63,24;1;7;United Kingdom;Western Europe;"Informa UK Limited";"2016-2025";"Cultural Studies (Q1); Demography (Q2); Education (Q2)";"Social Sciences"
550;29450;"Applied Measurement in Education";journal;"15324818, 08957347";"Routledge";No;No;0,540;Q2;55;26;63;1339;105;63;1,35;51,50;36,99;0;1;United States;Northern America;"Routledge";"1988-2024";"Education (Q2); Developmental and Educational Psychology (Q3)";"Psychology; Social Sciences"
551;29072;"Gerontology and Geriatrics Education";journal;"02701960, 15453847";"Routledge";No;No;0,539;Q2;32;86;138;2854;250;132;1,73;33,19;72,78;0;32;United States;Northern America;"Routledge";"1980-2025";"Education (Q2); Geriatrics and Gerontology (Q3)";"Medicine; Social Sciences"
552;21100199534;"Teoria de la Educacion";journal;"11303743, 23865660";"Universidad de Salamanca, Facultad de EducaciOn";Yes;Yes;0,539;Q2;19;21;70;1110;151;70;2,24;52,86;48,65;0;9;Spain;Western Europe;"Universidad de Salamanca, Facultad de EducaciOn";"2008-2025";"Philosophy (Q1); Education (Q2)";"Arts and Humanities; Social Sciences"
553;21100283377;"Australasian Journal of Engineering Education";journal;"22054952, 13254340";"Taylor and Francis Ltd.";No;No;0,538;Q2;17;18;46;906;125;40;1,69;50,33;50,00;0;10;United Kingdom;Western Europe;"Taylor and Francis Ltd.";"2013, 2015-2024";"Education (Q2); Engineering (miscellaneous) (Q2); Human-Computer Interaction (Q3)";"Computer Science; Engineering; Social Sciences"
554;145743;"Journal of Interactive Learning Research";journal;"1093023X";"Association for the Advancement of Computing in Education";No;No;0,538;Q2;33;19;48;837;143;45;3,75;44,05;60,00;0;5;United States;Northern America;"Association for the Advancement of Computing in Education";"2005-2025";"Computer Science Applications (Q2); Education (Q2); Human-Computer Interaction (Q3)";"Computer Science; Social Sciences"
555;15879;"Journal of Continuing Education in the Health Professions";journal;"08941912, 1554558X";"Lippincott Williams and Wilkins";No;No;0,537;Q2;67;66;179;3122;308;165;1,63;47,30;64,29;0;20;United States;Northern America;"Lippincott Williams and Wilkins";"1988-2025";"Education (Q2); E-learning (Q2); Medicine (miscellaneous) (Q2)";"Medicine; Social Sciences"
556;19700188159;"Mentoring and Tutoring: Partnership in Learning";journal;"14699745, 13611267";"Taylor and Francis Ltd.";No;No;0,537;Q2;47;33;103;1463;207;89;1,61;44,33;77,78;0;5;United Kingdom;Western Europe;"Taylor and Francis Ltd.";"1994-2025";"Education (Q2)";"Social Sciences"
557;19700187631;"Community College Journal of Research and Practice";journal;"10668926, 15210413";"Routledge";No;No;0,536;Q2;40;89;219;4358;334;216;1,28;48,97;59,46;1;35;United States;Northern America;"Routledge";"1993-2025";"Education (Q2)";"Social Sciences"
558;4700152737;"Journal of Applied School Psychology";journal;"15377903, 15377911";"Routledge";No;No;0,534;Q2;37;17;52;861;84;52;1,50;50,65;69,49;0;8;United States;Northern America;"Routledge";"2002-2025";"Education (Q2); Applied Psychology (Q3); Developmental and Educational Psychology (Q3); Psychiatry and Mental Health (Q3)";"Medicine; Psychology; Social Sciences"
559;144729;"On the Horizon";journal;"10748121";"Emerald Group Publishing Ltd.";No;No;0,534;Q2;34;17;46;668;136;43;2,24;39,29;42,31;0;8;United Kingdom;Western Europe;"Emerald Group Publishing Ltd.";"2000-2025";"Education (Q2)";"Social Sciences"
560;4500151513;"Narrative Inquiry";journal;"13876740";"John Benjamins Publishing Company";No;No;0,532;Q2;54;26;64;1492;108;61;1,09;57,38;57,81;0;3;Netherlands;Western Europe;"John Benjamins Publishing Company";"1998-2025";"History (Q1); Literature and Literary Theory (Q1); Education (Q2); Social Sciences (miscellaneous) (Q2)";"Arts and Humanities; Social Sciences"
561;21101197187;"Canadian Journal of Applied Linguistics";journal;"19201818";"Carleton University";Yes;Yes;0,531;Q2;7;15;67;764;82;60;1,09;50,93;62,96;0;3;Canada;Northern America;"Carleton University";"2020-2024";"Education (Q2)";"Social Sciences"
562;200147133;"International Journal of Lifelong Education";journal;"1464519X, 02601370";"Routledge";No;No;0,531;Q2;57;54;120;3118;314;106;2,37;57,74;54,17;1;23;United Kingdom;Western Europe;"Routledge";"1982-2025";"Education (Q2); E-learning (Q3); Life-span and Life-course Studies (Q3)";"Social Sciences"
563;29571;"Journal of Biological Education";journal;"00219266, 21576009";"Taylor and Francis Ltd.";No;No;0,531;Q2;49;143;172;8012;398;159;2,25;56,03;54,72;0;62;United Kingdom;Western Europe;"Taylor and Francis Ltd.";"1967-2025";"Agricultural and Biological Sciences (miscellaneous) (Q2); Education (Q2)";"Agricultural and Biological Sciences; Social Sciences"
564;5600152817;"Journal of Research in Special Educational Needs";journal;"14713802";"John Wiley and Sons Inc";No;No;0,531;Q2;41;110;99;6838;214;98;1,81;62,16;69,31;3;85;United Kingdom;Western Europe;"John Wiley and Sons Inc";"2007-2025";"Education (Q2)";"Social Sciences"
565;19800188077;"British Journal of Music Education";journal;"02650517, 14692104";"Cambridge University Press";No;No;0,529;Q2;30;44;77;2040;144;72;1,13;46,36;54,55;0;15;United Kingdom;Western Europe;"Cambridge University Press";"1984-1998, 2007-2025";"Music (Q1); Education (Q2)";"Arts and Humanities; Social Sciences"
566;21100925825;"Investigations in Mathematics Learning";journal;"19477503, 24727466";"Routledge";No;No;0,529;Q2;14;35;64;2050;113;62;1,34;58,57;51,72;0;3;United States;Northern America;"Routledge";"2008-2025";"Education (Q2); Mathematics (miscellaneous) (Q2)";"Mathematics; Social Sciences"
567;29442;"Quest";journal;"15432750, 00336297";"Taylor and Francis Ltd.";No;No;0,529;Q2;68;37;79;2160;167;79;1,55;58,38;49,59;0;12;United Kingdom;Western Europe;"Taylor and Francis Ltd.";"1963-2025";"Education (Q2); Sports Science (Q3)";"Health Professions; Social Sciences"
568;21100255539;"International Review of Economics Education";journal;"14773880";"Elsevier B.V.";No;No;0,528;Q2;28;19;55;691;132;55;2,11;36,37;35,90;1;7;United Kingdom;Western Europe;"Elsevier B.V.";"2003-2011, 2013-2025";"Education (Q2)";"Social Sciences"
569;29274;"Journal of Geography";journal;"17526868, 00221341";"Taylor and Francis Ltd.";No;No;0,526;Q2;41;18;49;768;105;43;1,86;42,67;72,73;0;5;United Kingdom;Western Europe;"Taylor and Francis Ltd.";"1902-2025";"Earth-Surface Processes (Q2); Education (Q2); Geography, Planning and Development (Q2)";"Earth and Planetary Sciences; Social Sciences"
570;5800222015;"Bilingual Research Journal";journal;"15235882, 15235890";"Routledge";No;No;0,525;Q2;51;44;71;2275;153;62;1,00;51,70;75,00;0;10;United States;Northern America;"Routledge";"1992-2006, 2009-2025";"Linguistics and Language (Q1); Education (Q2)";"Social Sciences"
571;21101117188;"IIM Kozhikode Society and Management Review";journal;"2321029X, 22779752";"Sage Publications India Pvt. Ltd";No;No;0,525;Q2;13;26;51;1973;190;51;2,51;75,88;29,79;1;13;Singapore;Asiatic Region;"Sage Publications India Pvt. Ltd";"2018-2025";"Education (Q2)";"Social Sciences"
572;11300153313;"Journal of Research in International Education";journal;"14752409, 17412943";"SAGE Publications Ltd";No;No;0,525;Q2;37;16;49;933;90;49;1,26;58,31;66,67;0;6;United Kingdom;Western Europe;"SAGE Publications Ltd";"2002-2024";"Education (Q2)";"Social Sciences"
573;19900191944;"OCNOS";journal;"1885446X";"Universidad de Castilla la Mancha";Yes;Yes;0,524;Q2;17;20;68;823;82;67;0,90;41,15;73,33;0;6;Spain;Western Europe;"Universidad de Castilla la Mancha";"2009-2025";"Literature and Literary Theory (Q1); Education (Q2); Social Psychology (Q3)";"Arts and Humanities; Psychology; Social Sciences"
574;7100153125;"Simulation in Healthcare";journal;"15592332, 1559713X";"Lippincott Williams and Wilkins Ltd.";No;No;0,524;Q2;69;108;234;3449;466;225;1,83;31,94;49,56;0;27;United States;Northern America;"Lippincott Williams and Wilkins Ltd.";"2006-2025";"Education (Q2); Modeling and Simulation (Q2); Epidemiology (Q3); Medicine (miscellaneous) (Q3)";"Mathematics; Medicine; Social Sciences"
575;17600155211;"Curriculum Perspectives";journal;"01597868";"Springer International Publishing AG";No;No;0,523;Q2;17;68;92;3112;219;72;2,57;45,76;63,31;0;28;Switzerland;Western Europe;"Springer International Publishing AG";"1980-1994, 1996-2003, 2006-2025";"Education (Q2)";"Social Sciences"
576;144982;"Physics Education";journal;"00319120";"IOP Publishing Ltd.";No;No;0,523;Q2;38;255;586;4026;564;573;0,96;15,79;28,03;0;35;United Kingdom;Western Europe;"IOP Publishing Ltd.";"1966-2025";"Education (Q2); Physics and Astronomy (miscellaneous) (Q2)";"Physics and Astronomy; Social Sciences"
577;22110;"Journal for the Education of the Gifted";journal;"21629501, 01623532";"SAGE Publications Inc.";No;No;0,522;Q2;45;16;47;1080;81;46;1,61;67,50;79,55;1;5;United States;Northern America;"SAGE Publications Inc.";"1987-2025";"Education (Q2)";"Social Sciences"
578;22108;"International Journal of Disability, Development and Education";journal;"1465346X, 1034912X";"Routledge";No;No;0,521;Q2;52;164;274;7991;607;274;2,11;48,73;62,71;0;90;United Kingdom;Western Europe;"Routledge";"1989-2025";"Health Professions (miscellaneous) (Q1); Education (Q2); Health (social science) (Q2); Developmental and Educational Psychology (Q3)";"Health Professions; Psychology; Social Sciences"
579;19700181331;"International Journal of Children's Spirituality";journal;"14698455, 1364436X";"Routledge";No;No;0,519;Q2;26;9;33;497;53;30;1,50;55,22;47,06;0;1;United Kingdom;Western Europe;"Routledge";"1996-2025";"Philosophy (Q1); Religious Studies (Q1); Education (Q2); Developmental and Educational Psychology (Q3)";"Arts and Humanities; Psychology; Social Sciences"
580;21100210909;"Nordic Journal of Digital Literacy";journal;"1891943X, 08096724";"Scandinavian University Press";Yes;Yes;0,519;Q2;25;17;54;639;143;48;2,12;37,59;64,00;0;2;Norway;Western Europe;"Scandinavian University Press";"2012-2024";"Computer Science Applications (Q2); Education (Q2); E-learning (Q3)";"Computer Science; Social Sciences"
581;5800161654;"Educational Forum";journal;"19388098, 00131725";"Taylor and Francis Ltd.";No;No;0,518;Q2;36;35;107;1713;190;91;0,93;48,94;72,15;0;14;United Kingdom;Western Europe;"Taylor and Francis Ltd.";"1936-2025";"Education (Q2)";"Social Sciences"
582;13000154734;"International Journal of Training and Development";journal;"14682419, 13603736";"Wiley-Blackwell Publishing Ltd";No;No;0,518;Q2;55;24;83;1714;190;79;2,21;71,42;44,44;0;14;United Kingdom;Western Europe;"Wiley-Blackwell Publishing Ltd";"1997-2025";"Education (Q2); Organizational Behavior and Human Resource Management (Q3)";"Business, Management and Accounting; Social Sciences"
583;21100905384;"Journal of Microbiology and Biology Education";journal;"19357877, 19357885";"American Society for Microbiology";Yes;No;0,518;Q2;23;92;310;2436;550;308;1,82;26,48;63,19;0;34;United States;Northern America;"American Society for Microbiology";"2019-2024";"Agricultural and Biological Sciences (miscellaneous) (Q2); Biochemistry, Genetics and Molecular Biology (miscellaneous) (Q2); Education (Q2); Immunology and Microbiology (miscellaneous)  (Q2)";"Agricultural and Biological Sciences; Biochemistry, Genetics and Molecular Biology; Immunology and Microbiology; Social Sciences"
584;21100856029;"International Journal of Science Education, Part B: Communication and Public Engagement";journal;"21548455, 21548463";"Taylor and Francis Ltd.";No;No;0,517;Q2;32;49;70;2419;168;69;2,38;49,37;64,97;0;20;United Kingdom;Western Europe;"Taylor and Francis Ltd.";"2011-2025";"Communication (Q2); Education (Q2)";"Social Sciences"
585;21101173094;"Qubahan Academic Journal";journal;"27098206";"Qubahan";Yes;No;0,514;Q2;14;160;94;7957;497;94;1,79;49,73;47,44;0;86;Iraq;Middle East;"Qubahan";"2021-2025";"Business, Management and Accounting (miscellaneous) (Q2); Computational Theory and Mathematics (Q2); Education (Q2); Artificial Intelligence (Q3)";"Business, Management and Accounting; Computer Science; Social Sciences"
586;19700190314;"Pastoral Care in Education";journal;"14680122, 02643944";"Routledge";No;No;0,512;Q2;28;58;88;2773;140;76;1,42;47,81;70,16;1;20;United States;Northern America;"Routledge";"1983-2025";"Education (Q2); Developmental and Educational Psychology (Q3)";"Psychology; Social Sciences"
587;21100940459;"Learning and Teaching in Higher Education: Gulf Perspectives";journal;"20775504";"Emerald Group Publishing Ltd.";Yes;Yes;0,511;Q2;13;2;24;140;58;20;1,92;70,00;0,00;0;0;United Kingdom;Western Europe;"Emerald Group Publishing Ltd.";"2004-2019, 2021-2022, 2024";"Education (Q2)";"Social Sciences"
588;28673;"Educational Gerontology";journal;"03601277, 15210472";"Routledge";No;No;0,510;Q2;64;136;171;6947;369;170;2,00;51,08;64,38;0;46;United Kingdom;Western Europe;"Routledge";"1976-2025";"Education (Q2); Geriatrics and Gerontology (Q3)";"Medicine; Social Sciences"
589;12062;"International Journal for the Advancement of Counselling";journal;"01650653, 15733246";"Springer New York";No;No;0,510;Q2;37;48;113;2819;192;113;1,46;58,73;70,63;0;13;United States;Northern America;"Springer New York";"1978-1996, 1998-2025";"Education (Q2); Psychology (miscellaneous) (Q2); Applied Psychology (Q3)";"Psychology; Social Sciences"
590;21100331609;"Australian Journal of Indigenous Education";journal;"13260111, 20497784";"Aboriginal and Torres Strait Islander Studies Unit, The University of Queensland";Yes;Yes;0,508;Q2;34;14;99;587;168;93;1,23;41,93;78,05;0;5;United Kingdom;Western Europe;"Aboriginal and Torres Strait Islander Studies Unit, The University of Queensland";"1996-2024";"Anthropology (Q1); Education (Q2)";"Social Sciences"
591;21101021437;"Advances in Social Work";journal;"23314125, 15278565";"Indiana University School of Social Work";Yes;Yes;0,506;Q2;13;32;165;1542;272;157;0,99;48,19;69,12;0;16;United States;Northern America;"Indiana University School of Social Work";"2019-2024";"Education (Q2); Social Sciences (miscellaneous) (Q2); Sociology and Political Science (Q2)";"Social Sciences"
592;21100900141;"Pixel-Bit, Revista de Medios y Educacion";journal;"11338482, 21717966";"Universidad de Sevilla";Yes;Yes;0,506;Q2;20;30;90;1383;222;90;2,58;46,10;39,76;0;11;Spain;Western Europe;"Universidad de Sevilla";"2018-2025";"Computer Networks and Communications (Q2); Computer Science Applications (Q2); Education (Q2); Information Systems (Q2)";"Computer Science; Social Sciences"
593;20878;"Health Education Journal";journal;"00178969, 17488176";"SAGE Publications Ltd";No;No;0,505;Q2;43;86;226;3510;380;223;1,30;40,81;68,12;1;50;United Kingdom;Western Europe;"SAGE Publications Ltd";"1943-2025";"Education (Q2); Health (social science) (Q2)";"Social Sciences"
594;24606;"Anthrozoos";journal;"08927936";"Taylor and Francis Ltd.";No;No;0,504;Q2;73;73;161;4466;412;161;2,49;61,18;71,50;0;15;United Kingdom;Western Europe;"Taylor and Francis Ltd.";"1990, 1992-1993, 1996-2025";"Anthropology (Q1); Animal Science and Zoology (Q2); Education (Q2); Sociology and Political Science (Q2); Veterinary (miscellaneous) (Q2)";"Agricultural and Biological Sciences; Social Sciences; Veterinary"
595;21100938252;"Journal of Women and Gender in Higher Education";journal;"26379112, 26379120";"Taylor and Francis Inc.";No;No;0,504;Q2;17;22;61;1277;110;57;1,82;58,05;79,03;0;14;United States;Northern America;"Taylor and Francis Inc.";"2019-2024";"Education (Q2); Gender Studies (Q2)";"Social Sciences"
596;18000156706;"PRIMUS";journal;"19354053, 10511970";"Taylor and Francis Ltd.";No;No;0,504;Q2;25;97;201;2162;206;197;0,73;22,29;52,29;0;12;United Kingdom;Western Europe;"Taylor and Francis Ltd.";"1991-2025";"Education (Q2); Mathematics (miscellaneous) (Q2)";"Mathematics; Social Sciences"
597;21100904390;"Journal of Education and Health Promotion";journal;"22779531, 23196440";"Wolters Kluwer Medknow Publications";Yes;No;0,503;Q2;30;319;1257;10601;2122;1241;1,39;33,23;52,06;1;163;India;Asiatic Region;"Wolters Kluwer Medknow Publications";"2019-2025";"Education (Q2); Medicine (miscellaneous) (Q3)";"Medicine; Social Sciences"
598;21101044442;"Online Journal of Communication and Media Technologies";journal;"19863497";"Bastas";No;No;0,503;Q2;13;61;126;3591;403;125;3,30;58,87;45,99;0;22;Cyprus;Western Europe;"Bastas";"2019-2024";"Communication (Q2); Computer Science Applications (Q2); Education (Q2); Media Technology (Q2)";"Computer Science; Engineering; Social Sciences"
599;17127;"Adult Education Quarterly";journal;"07417136, 15523047";"SAGE Publications Ltd";No;No;0,502;Q2;59;23;65;1071;166;62;2,27;46,57;65,79;1;13;United Kingdom;Western Europe;"SAGE Publications Ltd";"1950-2025";"Education (Q2); E-learning (Q3)";"Social Sciences"
600;19400157145;"Porta Linguarum";journal;"16977467";"Universidad de Granada";Yes;No;0,501;Q2;25;66;185;3201;406;167;2,30;48,50;49,54;0;12;Spain;Western Europe;"Universidad de Granada";"2008-2025";"Linguistics and Language (Q1); Education (Q2)";"Social Sciences"
601;21100943538;"Revista Internacional de Educacion para la Justicia Social";journal;"22543139";"Universidad Autonoma de Madrid";Yes;Yes;0,500;Q2;20;35;79;1636;125;78;1,81;46,74;74,44;1;29;Spain;Western Europe;"Universidad Autonoma de Madrid";"2012-2024";"Education (Q2); Sociology and Political Science (Q2)";"Social Sciences"
602;21101077305;"Asian Association of Open Universities Journal";journal;"24146994, 18583431";"Emerald Group Publishing Ltd.";Yes;Yes;0,499;Q2;21;23;62;1078;235;62;3,12;46,87;46,51;0;16;United Kingdom;Western Europe;"Emerald Group Publishing Ltd.";"2005-2006, 2008-2025";"Education (Q2); Social Sciences (miscellaneous) (Q2)";"Social Sciences"
603;19700188157;"Education 3-13";journal;"14757575, 03004279";"Routledge";No;No;0,498;Q2;34;181;334;9614;607;328;1,76;53,12;57,54;2;73;United States;Northern America;"Routledge";"1973-2025";"Education (Q2); Life-span and Life-course Studies (Q3)";"Social Sciences"
604;21100442189;"JALT CALL Journal";journal;"18324215";"";No;No;0,498;Q2;18;18;52;1026;141;52;2,00;57,00;69,70;0;3;Japan;Asiatic Region;"";"2015-2024";"Linguistics and Language (Q1); Computer Science Applications (Q2); Education (Q2)";"Computer Science; Social Sciences"
605;21100897232;"REICE. Revista Iberoamericana Sobre Calidad, Eficacia y Cambio en Educacion";journal;"16964713";"Universidad Autonoma de Madrid";Yes;Yes;0,497;Q2;29;26;94;1144;203;93;1,62;44,00;59,46;0;15;Spain;Western Europe;"Universidad Autonoma de Madrid";"2003-2025";"Cultural Studies (Q1); Education (Q2); Sociology and Political Science (Q2)";"Social Sciences"
606;5800224056;"Unterrichtswissenschaft";journal;"03404099";"Juventa Verlag GmbH";No;No;0,497;Q2;13;27;95;1527;145;95;1,58;56,56;56,72;0;15;Germany;Western Europe;"Juventa Verlag GmbH";"2012-2014, 2017-2025";"Education (Q2)";"Social Sciences"
607;19466;"Journal of Dental Education";journal;"00220337, 19307837";"John Wiley &amp; Sons Inc.";No;No;0,496;Q2;83;364;876;7298;1292;734;1,42;20,05;54,53;0;94;United States;Northern America;"John Wiley &amp; Sons Inc.";"1946-1947, 1949-1951, 1965-2025";"Dentistry (miscellaneous) (Q2); Education (Q2); Medicine (miscellaneous) (Q3)";"Dentistry; Medicine; Social Sciences"
608;21100780992;"GMS Journal for Medical Education";journal;"23665017";"German Medical Science";Yes;No;0,495;Q2;31;64;244;2170;414;225;1,67;33,91;60,59;0;27;Germany;Western Europe;"German Medical Science";"2016-2024";"Education (Q2); Medicine (miscellaneous) (Q3)";"Medicine; Social Sciences"
609;21100204917;"Statistics Education Research Journal";journal;"15701824";"International Association for Statistical Education";Yes;No;0,495;Q2;21;9;82;466;75;73;1,00;51,78;72,00;0;5;Netherlands;Western Europe;"International Association for Statistical Education";"2011-2024";"Education (Q2); Statistics and Probability (Q2)";"Mathematics; Social Sciences"
610;21100794697;"Journal of Spanish Language Teaching";journal;"23247800, 23247797";"Taylor and Francis Ltd.";No;No;0,493;Q2;17;14;38;674;77;35;1,12;48,14;72,73;0;2;United Kingdom;Western Europe;"Taylor and Francis Ltd.";"2014-2025";"Linguistics and Language (Q1); Education (Q2)";"Social Sciences"
611;21100446217;"Journal of International Education in Business";journal;"2046469X, 18363261";"Emerald Group Publishing Ltd.";No;No;0,492;Q2;21;37;45;2573;160;44;3,61;69,54;39,17;0;20;United Kingdom;Western Europe;"Emerald Group Publishing Ltd.";"2008-2025";"Business, Management and Accounting (miscellaneous) (Q2); Education (Q2)";"Business, Management and Accounting; Social Sciences"
612;19709;"Education Economics";journal;"09645292, 14695782";"Routledge";No;No;0,490;Q2;46;84;109;4293;173;107;1,41;51,11;37,95;9;53;United Kingdom;Western Europe;"Routledge";"1993-2025";"Economics and Econometrics (Q2); Education (Q2)";"Economics, Econometrics and Finance; Social Sciences"
613;5000155600;"Health Education";journal;"1758714X, 09654283";"Emerald Group Publishing Ltd.";No;No;0,490;Q2;44;16;99;828;166;98;1,63;51,75;77,19;0;8;United Kingdom;Western Europe;"Emerald Group Publishing Ltd.";"1992-2025";"Education (Q2); Public Health, Environmental and Occupational Health (Q3)";"Medicine; Social Sciences"
614;21101060650;"Journal of Second Language Pronunciation";journal;"22151931, 2215194X";"John Benjamins Publishing Company";No;No;0,490;Q2;12;16;60;710;72;60;0,84;44,38;60,00;0;1;Netherlands;Western Europe;"John Benjamins Publishing Company";"2019-2025";"Linguistics and Language (Q1); Education (Q2)";"Social Sciences"
615;52557;"International Journal of Nursing Education Scholarship";journal;"1548923X, 21945772";"Walter de Gruyter GmbH";No;No;0,488;Q2;45;25;105;994;175;104;1,15;39,76;81,65;0;4;Germany;Western Europe;"Walter de Gruyter GmbH";"2003-2025";"Education (Q2); Nursing (miscellaneous) (Q2)";"Nursing; Social Sciences"
616;17800156703;"Journal of Empirical Research on Human Research Ethics";journal;"15562646, 15562654";"SAGE Publications Inc.";No;No;0,488;Q2;42;27;131;960;236;125;1,61;35,56;59,34;0;9;United States;Northern America;"SAGE Publications Inc.";"2009-2025";"Law (Q1); Communication (Q2); Education (Q2); Medicine (miscellaneous) (Q3); Social Psychology (Q3)";"Medicine; Psychology; Social Sciences"
617;11200153573;"London Review of Education";journal;"14748460, 14748479";"UCL Press";Yes;Yes;0,488;Q2;33;40;110;2336;278;103;1,39;58,40;69,81;0;19;United Kingdom;Western Europe;"UCL Press";"2008-2024";"Education (Q2)";"Social Sciences"
618;21100220340;"Revista de Investigacion Educativa";journal;"02124068, 19899106";"University of Murcia";Yes;Yes;0,485;Q2;28;36;92;1497;200;90;2,06;41,58;66,32;0;20;Spain;Western Europe;"University of Murcia";"2012-2025";"Education (Q2)";"Social Sciences"
619;21100898957;"International Journal of Engineering Pedagogy";journal;"21924880";"";Yes;No;0,484;Q2;23;77;184;3697;495;183;2,79;48,01;46,88;0;37;Germany;Western Europe;"";"2018-2025";"Education (Q2); Engineering (miscellaneous) (Q2)";"Engineering; Social Sciences"
620;21100863126;"International Journal of Work-Integrated Learning";journal;"25381032";"International Journal of Work-Integrated Learning";Yes;Yes;0,484;Q2;29;12;110;721;159;110;1,14;60,08;75,00;0;12;New Zealand;Pacific Region;"International Journal of Work-Integrated Learning";"2018-2024";"Education (Q2)";"Social Sciences"
621;6400153174;"Journal of Transformative Education";journal;"15527840, 15413446";"SAGE Publications Inc.";No;No;0,484;Q2;41;32;83;1253;121;73;1,26;39,16;66,67;1;7;United States;Northern America;"SAGE Publications Inc.";"2003-2025";"Education (Q2)";"Social Sciences"
622;20322;"Journal of Adolescent and Adult Literacy";journal;"10813004";"Wiley-Blackwell";No;No;0,482;Q2;65;59;175;2504;290;138;1,51;42,44;71,30;0;28;United States;Northern America;"Wiley-Blackwell";"1995-2025";"Education (Q2)";"Social Sciences"
623;17700156403;"Journal of College Counseling";journal;"21611882, 10990399";"Wiley-Blackwell";No;No;0,482;Q2;31;0;12;0;21;11;0,00;0,00;0,00;0;0;United States;Northern America;"Wiley-Blackwell";"2009-2021";"Education (Q2)";"Social Sciences"
624;4700152460;"Language Acquisition";journal;"15327817, 10489223";"Psychology Press Ltd";No;No;0,481;Q2;32;37;55;2879;70;51;1,19;77,81;62,22;0;5;United Kingdom;Western Europe;"Psychology Press Ltd";"1990, 1992-1993, 1995, 2005-2025";"Linguistics and Language (Q1); Education (Q2)";"Social Sciences"
625;21101044881;"International Journal of Serious Games";journal;"23848766";"Serious Games Society";Yes;Yes;0,480;Q2;14;33;88;1619;215;74;2,20;49,06;35,14;0;8;Italy;Western Europe;"Serious Games Society";"2019-2024";"Applied Mathematics (Q2); Computer Graphics and Computer-Aided Design (Q2); Education (Q2); Artificial Intelligence (Q3); Human-Computer Interaction (Q3); Software (Q3)";"Computer Science; Mathematics; Social Sciences"
626;21101075508;"Journal of Applied Youth Studies";journal;"22049207, 22049193";"Springer Nature";No;No;0,480;Q2;10;45;66;2210;131;56;1,41;49,11;68,75;1;25;Singapore;Asiatic Region;"Springer Nature";"2020-2025";"Anthropology (Q1); Cultural Studies (Q1); Education (Q2); Social Sciences (miscellaneous) (Q2); Sociology and Political Science (Q2)";"Social Sciences"
627;5600155030;"New Directions for Evaluation";journal;"10976736";"Wiley-Blackwell";No;No;0,480;Q2;50;34;126;941;205;114;1,39;27,68;69,88;0;10;United States;Northern America;"Wiley-Blackwell";"1995-2024";"Education (Q2); Strategy and Management (Q2); Management Science and Operations Research (Q3)";"Business, Management and Accounting; Decision Sciences; Social Sciences"
628;6200180185;"Infancia y Aprendizaje";journal;"15784126, 02103702";"SAGE Publications Ltd";No;Yes;0,479;Q2;31;0;90;0;163;88;1,67;0,00;0,00;0;0;United Kingdom;Western Europe;"SAGE Publications Ltd";"1978-2023";"Education (Q2); Developmental and Educational Psychology (Q3)";"Psychology; Social Sciences"
629;19400156804;"Qualitative Research Journal";journal;"14480980, 14439883";"Emerald Group Publishing Ltd.";No;No;0,479;Q2;28;102;108;4765;242;107;2,21;46,72;66,83;0;39;United Kingdom;Western Europe;"Emerald Group Publishing Ltd.";"2006-2025";"Education (Q2); Social Sciences (miscellaneous) (Q2)";"Social Sciences"
630;21100886521;"Action in Teacher Education";journal;"21586098, 01626620";"Taylor and Francis Ltd.";No;No;0,478;Q2;33;34;77;1669;93;65;1,00;49,09;70,10;0;8;United Kingdom;Western Europe;"Taylor and Francis Ltd.";"1996-2025";"Education (Q2)";"Social Sciences"
631;145663;"Language Resources and Evaluation";journal;"1574020X";"Springer Netherlands";No;No;0,477;Q2;65;128;158;7025;666;156;4,08;54,88;36,15;1;14;Netherlands;Western Europe;"Springer Netherlands";"1996-2002, 2005-2025";"Linguistics and Language (Q1); Education (Q2); Library and Information Sciences (Q2)";"Social Sciences"
632;5700154766;"International Journal of Early Years Education";journal;"09669760";"Routledge";No;No;0,476;Q2;42;84;181;4127;332;168;1,80;49,13;77,61;6;30;United Kingdom;Western Europe;"Routledge";"1993-2025";"Education (Q2); Developmental and Educational Psychology (Q3)";"Psychology; Social Sciences"
633;21100906909;"Student Success";journal;"22050795";"QUT Library";Yes;Yes;0,476;Q2;16;28;84;649;122;76;1,26;23,18;82,19;0;7;Australia;Pacific Region;"QUT Library";"2019-2024";"Education (Q2)";"Social Sciences"
634;21101193684;"Journal of Disability Studies in Education";journal;"2588879X, 25888803";"Brill Academic Publishers";Yes;Yes;0,475;Q2;4;9;21;427;42;19;1,31;47,44;50,00;0;1;Netherlands;Western Europe;"Brill Academic Publishers";"2021-2024";"Education (Q2)";"Social Sciences"
635;11300153733;"Management in Education";journal;"17419883, 08920206";"SAGE Publications Ltd";No;No;0,475;Q2;29;47;134;2124;211;96;1,46;45,19;46,91;1;16;United Kingdom;Western Europe;"SAGE Publications Ltd";"1987-2025";"Education (Q2); Strategy and Management (Q2)";"Business, Management and Accounting; Social Sciences"
636;12000154349;"International Journal of Information and Communication Technology Education";journal;"15501337, 15501876";"IGI Publishing";No;No;0,474;Q2;24;53;64;1882;189;64;1,78;35,51;43,24;0;20;United States;Northern America;"IGI Publishing";"2005-2024";"Education (Q2); Computer Science Applications (Q3); E-learning (Q3)";"Computer Science; Social Sciences"
637;19700173116;"Journal of Children's Services";journal;"17466660";"Emerald Group Publishing Ltd.";No;No;0,474;Q2;28;20;58;1085;124;57;1,94;54,25;75,86;0;6;United Kingdom;Western Europe;"Emerald Group Publishing Ltd.";"2006-2024";"Law (Q1); Education (Q2); Health (social science) (Q2); Sociology and Political Science (Q2); Developmental and Educational Psychology (Q3)";"Psychology; Social Sciences"
638;5800207394;"Child Care in Practice";journal;"13575279";"Taylor and Francis Ltd.";No;No;0,473;Q2;31;70;131;3242;199;119;1,48;46,31;63,24;1;30;United Kingdom;Western Europe;"Taylor and Francis Ltd.";"1994-2025";"Community and Home Care (Q2); Education (Q2); Health (social science) (Q2); Pediatrics (Q2); Pediatrics, Perinatology and Child Health (Q2); Developmental and Educational Psychology (Q3)";"Medicine; Nursing; Psychology; Social Sciences"
639;18317;"Journal of Veterinary Medical Education";journal;"0748321X";"University of Toronto Press";No;No;0,473;Q2;47;100;296;3310;391;285;1,19;33,10;63,69;0;31;Canada;Northern America;"University of Toronto Press";"1996-1998, 2000-2025";"Education (Q2); Veterinary (miscellaneous) (Q2); Medicine (miscellaneous) (Q3)";"Medicine; Social Sciences; Veterinary"
640;4700152721;"Journal of Teaching in Travel and Tourism";journal;"15313220";"Routledge";No;No;0,472;Q2;35;29;78;1852;337;75;3,06;63,86;42,86;0;18;United States;Northern America;"Routledge";"2001-2025";"Education (Q2); Tourism, Leisure and Hospitality Management (Q3)";"Business, Management and Accounting; Social Sciences"
641;19700194015;"Religion and Education";journal;"15507394, 19498381";"Taylor and Francis Ltd.";No;No;0,472;Q2;15;23;69;882;90;57;1,09;38,35;60,61;0;10;United Kingdom;Western Europe;"Taylor and Francis Ltd.";"1995-2025";"Religious Studies (Q1); Education (Q2)";"Arts and Humanities; Social Sciences"
642;21100907391;"Australian Journal of Career Development";journal;"22006974";"SAGE Publications Ltd";No;No;0,471;Q2;19;29;74;1616;165;63;1,90;55,72;56,76;0;20;United Kingdom;Western Europe;"SAGE Publications Ltd";"2012-2024";"Education (Q2); Organizational Behavior and Human Resource Management (Q3)";"Business, Management and Accounting; Social Sciences"
643;21100228035;"Psychology in Russia: State of the Art";journal;"20746857";"Russian Psychological Society";Yes;Yes;0,471;Q2;17;31;119;1480;202;119;1,89;47,74;62,14;0;8;Russian Federation;Eastern Europe;"Russian Psychological Society";"2012-2024";"History and Philosophy of Science (Q1); Education (Q2); Psychology (miscellaneous) (Q3)";"Arts and Humanities; Psychology; Social Sciences"
644;21100904692;"Translation and Translanguaging in Multilingual Contexts";journal;"23521813, 23521805";"John Benjamins Publishing Company";No;No;0,470;Q2;9;22;49;776;117;48;2,32;35,27;90,91;0;2;Netherlands;Western Europe;"John Benjamins Publishing Company";"2019-2025";"Linguistics and Language (Q1); Literature and Literary Theory (Q1); Education (Q2)";"Arts and Humanities; Social Sciences"
645;5800208186;"Arts and Humanities in Higher Education";journal;"14740222";"SAGE Publications Ltd";No;No;0,467;Q2;35;25;63;1237;122;63;2,09;49,48;80,33;0;4;United Kingdom;Western Europe;"SAGE Publications Ltd";"2002-2025";"Visual Arts and Performing Arts (Q1); Education (Q2)";"Arts and Humanities; Social Sciences"
646;21100202940;"International Journal of Multicultural Education";journal;"19345267";"Eastern University";Yes;Yes;0,467;Q2;27;13;59;717;99;59;0,91;55,15;82,14;0;2;United States;Northern America;"Eastern University";"2007-2024";"Anthropology (Q1); Cultural Studies (Q1); Education (Q2); Social Sciences (miscellaneous) (Q2)";"Social Sciences"
647;21101022197;"Nordic Journal of Studies in Educational Policy";journal;"20020317";"Taylor and Francis Ltd.";Yes;Yes;0,467;Q2;22;37;62;2251;122;55;1,86;60,84;68,35;0;24;United Kingdom;Western Europe;"Taylor and Francis Ltd.";"2015-2025";"Education (Q2)";"Social Sciences"
648;21100894550;"Rural Special Education Quarterly";journal;"21688605, 87568705";"SAGE Publications Ltd";No;No;0,464;Q2;20;23;59;959;69;50;1,05;41,70;83,95;0;15;United States;Northern America;"SAGE Publications Ltd";"2015-2025";"Development (Q2); Education (Q2)";"Social Sciences"
649;14193;"Education Policy Analysis Archives";journal;"10682341";"Arizona State University";Yes;Yes;0,462;Q2;60;69;486;3678;566;485;1,23;53,30;56,32;0;38;United States;Northern America;"Arizona State University";"1996-2025";"Education (Q2)";"Social Sciences"
650;144643;"Learning Organization";journal;"09696474";"Emerald Group Publishing Ltd.";No;No;0,462;Q2;68;80;127;5710;383;113;3,17;71,38;43,03;0;24;United Kingdom;Western Europe;"Emerald Group Publishing Ltd.";"1994-2025";"Education (Q2); Organizational Behavior and Human Resource Management (Q3)";"Business, Management and Accounting; Social Sciences"
651;144658;"Quality Assurance in Education";journal;"09684883";"Emerald Group Publishing Ltd.";No;No;0,462;Q2;62;46;116;2276;317;113;2,46;49,48;46,15;0;23;United Kingdom;Western Europe;"Emerald Group Publishing Ltd.";"1993-2025";"Education (Q2)";"Social Sciences"
652;21100887523;"Marketing Education Review";journal;"10528008, 21539987";"Taylor and Francis Ltd.";No;No;0,460;Q2;17;40;108;2285;286;96;2,31;57,13;56,04;0;16;United Kingdom;Western Europe;"Taylor and Francis Ltd.";"2018-2024";"Education (Q2)";"Social Sciences"
653;21100902965;"Measurement";journal;"15366367, 15366359";"Taylor and Francis Ltd.";No;No;0,460;Q2;23;57;48;2422;50;48;1,13;42,49;34,04;0;6;United Kingdom;Western Europe;"Taylor and Francis Ltd.";"2010-2025";"Applied Mathematics (Q2); Education (Q2); Statistics and Probability (Q3)";"Mathematics; Social Sciences"
654;19700188302;"Journal of Continuing Higher Education";journal;"19484801, 07377363";"Routledge";No;No;0,459;Q2;24;36;53;1370;92;47;1,41;38,06;67,90;0;18;United States;Northern America;"Routledge";"1978-2025";"Education (Q2)";"Social Sciences"
655;21101138385;"Community Health Equity Research and Policy";journal;"27525368, 2752535X";"SAGE Publications Inc.";No;No;0,458;Q2;26;63;173;3231;247;170;0,88;51,29;70,32;0;53;United States;Northern America;"SAGE Publications Inc.";"2022-2025";"Education (Q2); Health Policy (Q3); Public Health, Environmental and Occupational Health (Q3)";"Medicine; Social Sciences"
656;21100899439;"European Journal of Behavior Analysis";journal;"2377729X";"Taylor and Francis Ltd.";No;No;0,458;Q2;22;12;38;831;49;34;1,52;69,25;66,67;0;2;United Kingdom;Western Europe;"Taylor and Francis Ltd.";"2000-2025";"Education (Q2); Psychology (miscellaneous) (Q3)";"Psychology; Social Sciences"
657;21100902609;"Journal of Korean Academy of Nursing Administration";journal;"22884955, 12259330";"Korean Academy of Nursing Administration";No;No;0,458;Q2;14;47;150;1748;166;150;1,03;37,19;73,21;0;5;South Korea;Asiatic Region;"Korean Academy of Nursing Administration";"2018-2024";"Education (Q2); Nursing (miscellaneous) (Q2)";"Nursing; Social Sciences"
658;21100901479;"Journal of Teaching and Learning for Graduate Employability";journal;"18383815";"Deakin University";Yes;Yes;0,458;Q2;16;36;62;1510;170;59;1,76;41,94;75,90;0;34;Australia;Pacific Region;"Deakin University";"2018-2024";"Education (Q2); Human Factors and Ergonomics (Q3); Organizational Behavior and Human Resource Management (Q3)";"Business, Management and Accounting; Social Sciences"
659;13457;"Learning and Motivation";journal;"00239690, 10959122";"Academic Press Inc.";No;No;0,458;Q2;52;93;149;5474;348;148;2,36;58,86;43,53;0;24;United States;Northern America;"Academic Press Inc.";"1970-2025";"Education (Q2); Health (social science) (Q2); Developmental and Educational Psychology (Q3); Experimental and Cognitive Psychology (Q3); Neuropsychology and Physiological Psychology (Q3)";"Psychology; Social Sciences"
660;200147103;"Literacy";journal;"17414350";"Wiley-Blackwell Publishing Ltd";No;No;0,458;Q2;35;40;89;1850;168;78;1,94;46,25;72,64;0;16;United Kingdom;Western Europe;"Wiley-Blackwell Publishing Ltd";"2005-2025";"Linguistics and Language (Q1); Education (Q2)";"Social Sciences"
661;5700155526;"Research in Education";journal;"00345237";"SAGE Publications Inc.";No;No;0,456;Q2;22;32;66;1653;145;64;1,84;51,66;64,63;0;12;United Kingdom;Western Europe;"SAGE Publications Inc.";"2007-2025";"Education (Q2)";"Social Sciences"
662;21100256106;"Survey Research Methods";journal;"18643361";"European Survey Research Association";Yes;Yes;0,455;Q2;42;17;68;1163;93;68;1,38;68,41;37,25;0;3;United Kingdom;Western Europe;"European Survey Research Association";"2007-2024";"Education (Q2)";"Social Sciences"
663;21100801727;"Digital Library Perspectives";journal;"20595816, 20595824";"Emerald Publishing";No;No;0,454;Q2;28;45;106;1858;191;92;1,79;41,29;49,38;0;9;United Kingdom;Western Europe;"Emerald Publishing";"2016-2025";"Education (Q2); Information Systems (Q2); Library and Information Sciences (Q2)";"Computer Science; Social Sciences"
664;6000159314;"International Journal of Education Through Art";journal;"17435234, 2040090X";"Intellect Ltd.";No;No;0,454;Q2;12;29;83;784;90;75;1,04;27,03;70,83;0;6;United Kingdom;Western Europe;"Intellect Ltd.";"2012-2024";"Arts and Humanities (miscellaneous) (Q1); Education (Q2)";"Arts and Humanities; Social Sciences"
665;22109;"Intervention in School and Clinic";journal;"10534512, 15384810";"SAGE Publications Ltd";No;No;0,454;Q2;42;44;156;1309;246;150;1,56;29,75;68,64;0;28;United States;Northern America;"SAGE Publications Ltd";"1965-2025";"Education (Q2); Clinical Psychology (Q3); Developmental and Educational Psychology (Q3)";"Psychology; Social Sciences"
666;28835;"Nursing Education Perspectives";journal;"15365026";"Lippincott Williams and Wilkins Ltd.";No;No;0,453;Q2;60;172;490;2408;594;438;1,19;14,00;82,87;0;31;United States;Northern America;"Lippincott Williams and Wilkins Ltd.";"2002-2025";"Education (Q2); Nursing (miscellaneous) (Q2); Medicine (miscellaneous) (Q3)";"Medicine; Nursing; Social Sciences"
667;5800179629;"Journal of Criminal Justice Education";journal;"10511253, 17459117";"Taylor and Francis Ltd.";No;No;0,452;Q2;37;84;104;3770;154;100;1,46;44,88;54,88;0;20;United Kingdom;Western Europe;"Taylor and Francis Ltd.";"1990-1995, 2005-2025";"Law (Q1); Education (Q2)";"Social Sciences"
668;21101176849;"Jurnal Ilmiah Peuradeun";journal;"23388617, 24432067";"SCAD Independent";No;No;0,451;Q2;9;60;152;3301;328;152;2,18;55,02;37,06;0;24;Indonesia;Asiatic Region;"SCAD Independent";"2019-2025";"Law (Q1); Linguistics and Language (Q1); Religious Studies (Q1); Education (Q2)";"Arts and Humanities; Social Sciences"
669;13164;"British Journal of Guidance and Counselling";journal;"03069885, 14693534";"Routledge";No;No;0,449;Q2;57;102;209;6566;394;198;1,96;64,37;54,84;4;25;United States;Northern America;"Routledge";"1973-2024";"Education (Q2); Applied Psychology (Q3)";"Psychology; Social Sciences"
670;21100897002;"Education Research International";journal;"20904010, 20904002";"John Wiley and Sons Ltd";Yes;No;0,448;Q2;24;13;401;683;970;401;2,13;52,54;21,88;0;7;United Kingdom;Western Europe;"John Wiley and Sons Ltd";"2018-2024";"Education (Q2)";"Social Sciences"
671;19900191760;"Journal of Peace Education";journal;"17400201, 1740021X";"Routledge";No;No;0,448;Q2;21;26;54;1668;91;52;1,73;64,15;61,36;0;15;United Kingdom;Western Europe;"Routledge";"2010-2025";"Education (Q2); Political Science and International Relations (Q2); Sociology and Political Science (Q2)";"Social Sciences"
672;17700156748;"Journal of Turkish Science Education";journal;"13046020";"";Yes;No;0,448;Q2;27;43;170;3061;369;170;1,81;71,19;38,26;0;17;Turkey;Middle East;"";"2009-2024";"Education (Q2); Applied Psychology (Q3)";"Psychology; Social Sciences"
673;17800156738;"Organization Management Journal";journal;"15416518, 27538567";"Emerald Publishing";Yes;Yes;0,448;Q2;25;15;45;424;102;38;2,47;28,27;51,72;0;5;United Kingdom;Western Europe;"Emerald Publishing";"2005, 2009-2025";"Business and International Management (Q2); Education (Q2); Strategy and Management (Q2); Organizational Behavior and Human Resource Management (Q3)";"Business, Management and Accounting; Social Sciences"
674;21100205991;"Journal of Mental Health Training, Education and Practice";journal;"20428707, 17556228";"Emerald Group Publishing Ltd.";No;No;0,444;Q2;23;25;112;1102;180;111;1,51;44,08;58,62;0;6;United Kingdom;Western Europe;"Emerald Group Publishing Ltd.";"2006-2025";"Education (Q2); Health (social science) (Q2); Health Policy (Q3); Organizational Behavior and Human Resource Management (Q3); Psychiatry and Mental Health (Q3)";"Business, Management and Accounting; Medicine; Social Sciences"
675;4700152835;"American Journal of Sexuality Education";journal;"15546136, 15546128";"Routledge";No;No;0,443;Q2;30;60;81;3236;162;81;1,85;53,93;74,16;0;53;United States;Northern America;"Routledge";"2005-2025";"Education (Q2)";"Social Sciences"
676;21101041811;"Journal of Teaching and Learning";journal;"14921154, 19118279";"University of Windsor";Yes;Yes;0,443;Q2;9;20;45;889;69;41;0,94;44,45;62,22;0;4;Canada;Northern America;"University of Windsor";"2019-2024";"Education (Q2)";"Social Sciences"
677;18675;"Teaching Sociology";journal;"0092055X, 1939862X";"SAGE Publications Inc.";No;No;0,441;Q2;45;35;102;1434;147;87;1,38;40,97;61,02;0;7;United States;Northern America;"SAGE Publications Inc.";"1986, 1990, 1996-2025";"Education (Q2); Sociology and Political Science (Q2)";"Social Sciences"
678;21100897521;"Tejuelo. Didactica de la Lengua y la Literatura. Educacion";journal;"19888430";"Universidad de Extremadura";Yes;Yes;0,441;Q2;8;14;78;712;75;77;0,96;50,86;40,91;0;3;Spain;Western Europe;"Universidad de Extremadura";"2018-2025";"Linguistics and Language (Q1); Music (Q1); Education (Q2)";"Arts and Humanities; Social Sciences"
679;21101134424;"Baltic Journal of Health and Physical Activity";journal;"20801297, 20809999";"Gdansk University of Physical Education and Sport";Yes;Yes;0,440;Q2;10;42;142;1656;184;142;1,60;39,43;35,48;0;5;Poland;Eastern Europe;"Gdansk University of Physical Education and Sport";"2019-2024";"Education (Q2); Health Professions (miscellaneous) (Q2); Physical Therapy, Sports Therapy and Rehabilitation (Q2); Public Health, Environmental and Occupational Health (Q3)";"Health Professions; Medicine; Social Sciences"
680;19700190347;"Canadian Journal of Science, Mathematics and Technology Education";journal;"19424051, 14926156";"Springer Nature";No;No;0,440;Q2;34;25;178;703;219;136;1,08;28,12;61,76;0;2;Switzerland;Western Europe;"Springer Nature";"2001-2025";"Education (Q2)";"Social Sciences"
681;82305;"School Science and Mathematics";journal;"00366803, 19498594";"John Wiley &amp; Sons Inc.";No;No;0,438;Q2;59;70;152;2971;187;112;1,06;42,44;63,64;0;8;United States;Northern America;"John Wiley &amp; Sons Inc.";"1973, 1978, 1996-2025";"History and Philosophy of Science (Q1); Education (Q2); Engineering (miscellaneous) (Q2); Mathematics (miscellaneous) (Q2); Physics and Astronomy (miscellaneous) (Q2)";"Arts and Humanities; Engineering; Mathematics; Physics and Astronomy; Social Sciences"
682;23858;"Turkish Online Journal of Distance Education";journal;"13026488";"Anadolu Universitesi";Yes;No;0,438;Q2;37;61;216;3340;510;211;1,68;54,75;47,50;0;36;Turkey;Middle East;"Anadolu Universitesi";"2004-2025";"Education (Q2)";"Social Sciences"
683;29852;"Journal of Accounting Education";journal;"07485751";"Elsevier B.V.";No;No;0,437;Q2;47;24;73;1179;209;72;2,32;49,13;39,68;0;9;United Kingdom;Western Europe;"Elsevier B.V.";"1983-2025";"Education (Q2); Accounting (Q3)";"Business, Management and Accounting; Social Sciences"
684;21100836847;"Preventing School Failure";journal;"1045988X, 19404387";"Taylor and Francis Ltd.";No;No;0,437;Q2;23;52;100;2626;148;99;1,14;50,50;67,86;0;30;United Kingdom;Western Europe;"Taylor and Francis Ltd.";"1996, 2014-2025";"Education (Q2); Developmental and Educational Psychology (Q3)";"Psychology; Social Sciences"
685;30408;"American Indian and Alaska Native Mental Health Research";journal;"15337731, 08935394";"University Press of Colorado";No;No;0,436;Q2;32;5;42;280;54;42;1,18;56,00;85,71;0;3;United States;Northern America;"University Press of Colorado";"1987-1990, 1992-2024";"Anthropology (Q1); History (Q1); Education (Q2); Medicine (miscellaneous) (Q3); Psychiatry and Mental Health (Q3); Psychology (miscellaneous) (Q3)";"Arts and Humanities; Medicine; Psychology; Social Sciences"
686;21100899523;"International Journal of Aerospace Psychology";journal;"24721832, 24721840";"Taylor and Francis Ltd.";No;No;0,436;Q2;54;16;56;882;116;51;2,09;55,13;24,44;0;2;United Kingdom;Western Europe;"Taylor and Francis Ltd.";"2017-2025";"Aerospace Engineering (Q2); Education (Q2); Applied Psychology (Q3); Computer Science Applications (Q3)";"Computer Science; Engineering; Psychology; Social Sciences"
687;21100834920;"Journal of Education for Business";journal;"08832323, 19403356";"Taylor and Francis Ltd.";No;No;0,436;Q2;60;46;189;1749;414;189;2,20;38,02;42,20;0;16;United Kingdom;Western Europe;"Taylor and Francis Ltd.";"1996-2025";"Business, Management and Accounting (miscellaneous) (Q2); Education (Q2)";"Business, Management and Accounting; Social Sciences"
688;21101032713;"Rural Educator";journal;"26439662, 0273446X";"National Rural Education Association";Yes;Yes;0,436;Q2;10;25;77;1215;96;70;0,98;48,60;74,58;0;7;United States;Northern America;"National Rural Education Association";"2019-2025";"Education (Q2)";"Social Sciences"
689;21101059012;"Chemistry Teacher International";journal;"25693263";"Walter de Gruyter GmbH";Yes;No;0,435;Q2;13;63;128;2269;325;126;1,81;36,02;44,67;0;29;Germany;Western Europe;"Walter de Gruyter GmbH";"2019-2025";"Chemistry (miscellaneous) (Q2); Education (Q2)";"Chemistry; Social Sciences"
690;8000153130;"Ensaio";journal;"01044036";"Fundacao Cesgranrio";Yes;Yes;0,435;Q2;17;56;163;1687;152;156;0,73;30,13;63,86;0;28;Brazil;Latin America;"Fundacao Cesgranrio";"2007-2025";"Education (Q2)";"Social Sciences"
691;6000152860;"Studies in Art Education";journal;"23258039, 00393541";"Taylor and Francis Ltd.";No;No;0,434;Q2;18;37;92;1467;89;67;0,86;39,65;65,22;0;8;United Kingdom;Western Europe;"Taylor and Francis Ltd.";"2014-2024";"Visual Arts and Performing Arts (Q1); Education (Q2)";"Arts and Humanities; Social Sciences"
692;24418;"Journal of Geoscience Education";journal;"10899995";"Taylor and Francis Ltd.";No;No;0,433;Q2;46;62;112;3891;230;88;2,18;62,76;62,98;0;28;United Kingdom;Western Europe;"Taylor and Francis Ltd.";"1996-2025";"Earth and Planetary Sciences (miscellaneous) (Q2); Education (Q2)";"Earth and Planetary Sciences; Social Sciences"
693;85257;"Studies in Philosophy and Education";journal;"00393746";"Springer Netherlands";No;No;0,432;Q2;41;48;121;1774;151;101;1,10;36,96;41,38;0;6;Netherlands;Western Europe;"Springer Netherlands";"1960-1970, 1972-1976, 1979, 1990-2025";"Philosophy (Q1); Education (Q2)";"Arts and Humanities; Social Sciences"
694;5800207390;"Clinical Supervisor";journal;"07325223, 1545231X";"Routledge";No;No;0,431;Q2;35;19;49;1058;77;43;0,94;55,68;68,89;0;1;United States;Northern America;"Routledge";"1983-2025";"Education (Q2); Clinical Psychology (Q3); Psychiatry and Mental Health (Q3)";"Medicine; Psychology; Social Sciences"
695;21100903821;"International Journal of Society, Culture and Language";journal;"23292210";"Lulu Press Inc";Yes;Yes;0,428;Q2;12;62;131;2881;289;131;2,58;46,47;57,22;0;5;United States;Northern America;"Lulu Press Inc";"2019-2024";"Anthropology (Q1); Linguistics and Language (Q1); Education (Q2); Gender Studies (Q2)";"Social Sciences"
696;21100854982;"Journal of Experiential Education";journal;"10538259, 2169009X";"SAGE Publications Ltd";No;No;0,428;Q2;48;67;85;3047;172;73;1,61;45,48;53,37;1;31;United Kingdom;Western Europe;"SAGE Publications Ltd";"1996-2025";"Education (Q2)";"Social Sciences"
697;5200152623;"Journal of Education";journal;"00220574, 25155741";"Boston University, School of Education";No;No;0,427;Q2;16;64;174;3905;268;173;1,59;61,02;60,66;2;22;United States;Northern America;"Boston University, School of Education";"2005, 2015-2025";"Arts and Humanities (miscellaneous) (Q1); Education (Q2)";"Arts and Humanities; Social Sciences"
698;21101121509;"Ulumuna";journal;"14113457, 23557648";"Universitas Islam Negeri (UIN) Mataram";Yes;Yes;0,426;Q2;7;37;70;1797;128;70;2,19;48,57;21,25;0;10;Indonesia;Asiatic Region;"Universitas Islam Negeri (UIN) Mataram";"2019-2024";"Arts and Humanities (miscellaneous) (Q1); Cultural Studies (Q1); History (Q1); Philosophy (Q1); Religious Studies (Q1); Education (Q2); Sociology and Political Science (Q2)";"Arts and Humanities; Social Sciences"
699;5800156831;"RLA";journal;"0033698X";"Universidad de Concepcion";Yes;No;0,425;Q2;19;13;52;507;37;50;0,59;39,00;69,23;0;3;Chile;Latin America;"Universidad de Concepcion";"2008-2024";"Linguistics and Language (Q1); Education (Q2)";"Social Sciences"
700;15913;"Zeitschrift fur Entwicklungspsychologie und Padagogische Psychologie";journal;"00498637, 21906262";"Hogrefe Publishing";No;No;0,423;Q2;28;16;43;956;59;39;1,12;59,75;65,85;0;5;Germany;Western Europe;"Hogrefe Publishing";"1982, 1996-2024";"Education (Q2); Developmental and Educational Psychology (Q3)";"Psychology; Social Sciences"
701;21100901844;"Journal of Outdoor and Environmental Education";journal;"22063110, 2522879X";"Springer International Publishing";No;No;0,422;Q2;19;47;60;2890;143;58;1,93;61,49;59,85;0;24;Switzerland;Western Europe;"Springer International Publishing";"2016-2025";"Education (Q2); Physical Therapy, Sports Therapy and Rehabilitation (Q2)";"Health Professions; Social Sciences"
702;145077;"Children's Literature in Education";journal;"00456713";"Springer Netherlands";No;No;0,421;Q2;25;67;110;2971;118;106;0,94;44,34;65,96;0;16;Netherlands;Western Europe;"Springer Netherlands";"1970-2002, 2005-2025";"Linguistics and Language (Q1); Literature and Literary Theory (Q1); Education (Q2)";"Arts and Humanities; Social Sciences"
703;21100887421;"Journal of Counselor Leadership and Advocacy";journal;"23267178";"Taylor and Francis Ltd.";No;No;0,421;Q2;15;18;38;940;62;36;1,44;52,22;65,96;0;5;United States;Northern America;"Taylor and Francis Ltd.";"2014-2025";"Education (Q2); Applied Psychology (Q3); Clinical Psychology (Q3); Psychiatry and Mental Health (Q3)";"Medicine; Psychology; Social Sciences"
704;21100897051;"Journal of Public Affairs Education";journal;"23289643, 15236803";"Taylor and Francis Ltd.";No;No;0,421;Q2;36;40;89;1889;246;70;2,52;47,23;54,78;0;13;United States;Northern America;"Taylor and Francis Ltd.";"1998-2025";"Education (Q2); Public Administration (Q2)";"Social Sciences"
705;21100898825;"Aloma";journal;"23399694, 11383194";"Facultat de Psicologia, Ciencies de l'Educacio i de l'Esport Blanquerna";Yes;No;0,420;Q2;10;13;49;639;71;49;1,33;49,15;52,38;0;3;Spain;Western Europe;"Facultat de Psicologia, Ciencies de l'Educacio i de l'Esport Blanquerna";"2018-2024";"Education (Q2); Physical Therapy, Sports Therapy and Rehabilitation (Q2); Computer Networks and Communications (Q3); Psychology (miscellaneous) (Q3)";"Computer Science; Health Professions; Psychology; Social Sciences"
706;21100901775;"BMJ Simulation and Technology Enhanced Learning";journal;"20566697";"BMJ Publishing Group";No;No;0,420;Q2;20;0;135;0;207;117;0,00;0,00;0,00;0;0;United Kingdom;Western Europe;"BMJ Publishing Group";"2015-2021";"Education (Q2); Health Informatics (Q3); Modeling and Simulation (Q3)";"Mathematics; Medicine; Social Sciences"
707;26168;"Computers and Composition";journal;"87554615";"Elsevier Ltd";No;No;0,420;Q2;46;40;86;1880;159;76;1,58;47,00;54,05;0;5;United Kingdom;Western Europe;"Elsevier Ltd";"1983-2025";"Linguistics and Language (Q1); Computer Science (miscellaneous) (Q2); Education (Q2)";"Computer Science; Social Sciences"
708;21100932443;"Journal of Immersion and Content-Based Language Education";journal;"22128433, 22128441";"John Benjamins Publishing Company";No;No;0,420;Q2;10;23;44;1292;74;39;1,50;56,17;65,45;0;4;Netherlands;Western Europe;"John Benjamins Publishing Company";"2019-2025";"Linguistics and Language (Q1); Education (Q2)";"Social Sciences"
709;21100791289;"Sport Management Education Journal";journal;"21632367, 19386974";"Human Kinetics Publishers Inc.";No;No;0,420;Q2;15;22;56;887;105;54;1,65;40,32;55,10;0;8;United States;Northern America;"Human Kinetics Publishers Inc.";"2016-2024";"Education (Q2); Strategy and Management (Q3); Tourism, Leisure and Hospitality Management (Q3)";"Business, Management and Accounting; Social Sciences"
710;21101145466;"International Journal of Educational Research and Innovation";journal;"23864303";"Universidad Pablo de Olavide";Yes;Yes;0,419;Q2;16;18;108;848;178;108;1,46;47,11;37,93;0;5;Spain;Western Europe;"Universidad Pablo de Olavide";"2019-2024";"Education (Q2)";"Social Sciences"
711;21100854757;"Open Archaeology";journal;"23006560";"Walter de Gruyter GmbH";Yes;No;0,419;Q2;18;30;228;2323;224;224;0,80;77,43;48,08;0;6;Poland;Eastern Europe;"Walter de Gruyter GmbH";"2015-2025";"Archeology (arts and humanities) (Q1); Conservation (Q1); Education (Q2)";"Arts and Humanities; Social Sciences"
712;19700187613;"Diaspora, Indigenous, and Minority Education";journal;"15595706, 15595692";"Taylor and Francis Ltd.";No;No;0,418;Q2;18;51;81;2736;160;71;2,00;53,65;68,37;0;25;United States;Northern America;"Taylor and Francis Ltd.";"2010-2025";"Cultural Studies (Q1); Education (Q2)";"Social Sciences"
713;21100898103;"RAUSP Management Journal";journal;"25310488";"Emerald Group Publishing Ltd.";Yes;Yes;0,417;Q2;20;27;78;1370;195;63;2,51;50,74;40,74;0;16;United Kingdom;Western Europe;"Emerald Group Publishing Ltd.";"2018-2025";"Business, Management and Accounting (miscellaneous) (Q2); Education (Q2)";"Business, Management and Accounting; Social Sciences"
714;21100904728;"TESL-EJ";journal;"10724303";"Editorial Board TESL - EJ";Yes;Yes;0,417;Q2;15;54;163;2797;317;156;2,09;51,80;43,21;0;9;United States;Northern America;"Editorial Board TESL - EJ";"2018-2025";"Linguistics and Language (Q1); Communication (Q2); Education (Q2)";"Social Sciences"
715;21100863714;"International Journal of Computer-Assisted Language Learning and Teaching";journal;"21557101, 21557098";"IGI Global Publishing";No;No;0,416;Q2;15;14;70;730;139;70;1,56;52,14;36,84;0;3;United States;Northern America;"IGI Global Publishing";"2017-2025";"Linguistics and Language (Q1); Computer Vision and Pattern Recognition (Q2); Education (Q2); Computer Science Applications (Q3)";"Computer Science; Social Sciences"
716;21100211745;"Journal of Information Systems Education";journal;"25743872, 10553096";"ISCAP- Information Systems and Computing Academic Professionals";No;No;0,416;Q2;30;40;97;1631;182;96;1,93;40,78;35,42;0;13;United States;Northern America;"ISCAP- Information Systems and Computing Academic Professionals";"2012-2025";"Education (Q2); Engineering (miscellaneous) (Q2); E-learning (Q3)";"Engineering; Social Sciences"
717;21100942342;"Asian Journal of University Education";journal;"26009749, 18237797";"UiTM Press";Yes;No;0,415;Q2;22;54;272;2682;598;272;1,89;49,67;44,05;0;33;Malaysia;Asiatic Region;"UiTM Press";"2019-2024";"Education (Q2)";"Social Sciences"
718;22015;"Child Language Teaching and Therapy";journal;"02656590, 14770865";"SAGE Publications Ltd";No;No;0,415;Q2;44;19;54;1029;79;53;1,21;54,16;89,74;0;7;United Kingdom;Western Europe;"SAGE Publications Ltd";"1985-2025";"Linguistics and Language (Q1); Education (Q2); Speech and Hearing (Q2); Clinical Psychology (Q3); Developmental and Educational Psychology (Q3)";"Health Professions; Psychology; Social Sciences"
719;21100992407;"International Journal of Modern Education and Computer Science";journal;"2075017X, 20750161";"Modern Education and Computer Science Press";Yes;No;0,415;Q2;20;42;109;1559;266;108;2,30;37,12;32,77;0;17;China;Asiatic Region;"Modern Education and Computer Science Press";"2019-2025";"Education (Q2); Computer Science Applications (Q3)";"Computer Science; Social Sciences"
720;24827;"Journal of Philosophy of Education";journal;"14679752, 03098249";"Oxford University Press";No;No;0,412;Q2;51;62;246;2630;266;228;0,84;42,42;48,10;0;13;United Kingdom;Western Europe;"Oxford University Press";"1967-2025";"History (Q1); Philosophy (Q1); Education (Q2)";"Arts and Humanities; Social Sciences"
721;21100490427;"Physics Teacher";journal;"0031921X, 19434928";"American Institute of Physics";No;No;0,412;Q2;46;251;827;2538;380;653;0,45;10,11;25,00;0;5;United States;Northern America;"American Institute of Physics";"1983, 1996-2025";"Education (Q2); Physics and Astronomy (miscellaneous) (Q2)";"Physics and Astronomy; Social Sciences"
722;28204;"Journal of Continuing Education in Nursing";journal;"00220124, 19382472";"Slack Incorporated";No;No;0,411;Q2;50;111;321;2033;331;277;1,01;18,32;80,48;0;21;United States;Northern America;"Slack Incorporated";"1970-2025";"Education (Q2); Nursing (miscellaneous) (Q2); Review and Exam Preparation (Q2)";"Nursing; Social Sciences"
723;15035;"Social Work with Groups";journal;"01609513, 15409481";"Routledge";No;No;0,409;Q2;27;32;102;1054;125;93;1,54;32,94;64,06;1;12;United States;Northern America;"Routledge";"1978-2025";"Education (Q2); Social Sciences (miscellaneous) (Q2); Social Work (Q4)";"Social Sciences"
724;21100898756;"Physics Education Research Conference Proceedings";conference and proceedings;"15399028, 23772379";"American Association of Physics Teachers";No;No;0,408;-;11;76;234;1913;161;230;0,74;25,17;45,21;0;11;United States;Northern America;"American Association of Physics Teachers";"2018-2024";"Education; Physics and Astronomy (miscellaneous)";"Physics and Astronomy; Social Sciences"
725;7000153220;"Research in Post-Compulsory Education";journal;"13596748, 17475112";"Routledge";No;No;0,407;Q2;26;32;93;1699;139;92;1,15;53,09;56,67;0;15;United Kingdom;Western Europe;"Routledge";"1996-2024";"Education (Q2)";"Social Sciences"
726;19700173246;"Academia Revista Latinoamericana de Administracion";journal;"10128255, 20565127";"Emerald Group Publishing Ltd.";No;No;0,405;Q2;24;38;89;2188;218;89;1,95;57,58;34,26;0;25;United Kingdom;Western Europe;"Emerald Group Publishing Ltd.";"2008-2025";"Economics, Econometrics and Finance (miscellaneous) (Q2); Education (Q2); Public Administration (Q2); Business and International Management (Q3); Management Science and Operations Research (Q3); Organizational Behavior and Human Resource Management (Q3); Strategy and Management (Q3)";"Business, Management and Accounting; Decision Sciences; Economics, Econometrics and Finance; Social Sciences"
727;21100829944;"Journal of Education for Library and Information Science";journal;"07485786, 23282967";"University of Toronto Press";No;No;0,405;Q2;13;26;82;949;125;81;1,30;36,50;75,41;0;9;Canada;Northern America;"University of Toronto Press";"2017-2025";"Education (Q2); Library and Information Sciences (Q2)";"Social Sciences"
728;21100935002;"Revista Espanola de Educacion Comparada";journal;"11378654, 21745382";"Universidad Nacional de Educacion a Distancia (UNED)";Yes;Yes;0,405;Q2;10;46;126;2079;170;125;1,04;45,20;64,29;1;29;Spain;Western Europe;"Universidad Nacional de Educacion a Distancia (UNED)";"2019-2025";"Philosophy (Q1); Education (Q2)";"Arts and Humanities; Social Sciences"
729;21101083580;"Language Teaching for Young Learners";journal;"2589207X, 25892053";"John Benjamins Publishing Company";No;No;0,404;Q2;11;17;40;732;58;35;1,32;43,06;71,43;0;2;Netherlands;Western Europe;"John Benjamins Publishing Company";"2019-2025";"Linguistics and Language (Q1); Education (Q2)";"Social Sciences"
730;21100886398;"Profile: Issues in Teachers' Professional Development";journal;"16570790, 22565760";"Universidad Nacional de Colombia";Yes;Yes;0,404;Q2;14;25;94;1197;113;88;0,94;47,88;61,90;0;6;Colombia;Latin America;"Universidad Nacional de Colombia";"2018-2025";"Linguistics and Language (Q1); Education (Q2)";"Social Sciences"
731;21101041947;"Triple Helix";journal;"21971927";"Brill Academic Publishers";Yes;No;0,404;Q2;17;16;44;731;106;40;2,89;45,69;48,15;0;10;Netherlands;Western Europe;"Brill Academic Publishers";"2014-2024";"Business, Management and Accounting (miscellaneous) (Q2); Economics, Econometrics and Finance (miscellaneous) (Q2); Education (Q2); Management of Technology and Innovation (Q3)";"Business, Management and Accounting; Economics, Econometrics and Finance; Social Sciences"
732;21100777750;"International Journal of Emotional Education";journal;"20737629";"University of Malta";Yes;Yes;0,403;Q2;17;22;47;851;71;45;1,43;38,68;77,42;0;3;Malta;Western Europe;"University of Malta";"2016-2024";"Education (Q2); Developmental and Educational Psychology (Q3)";"Psychology; Social Sciences"
733;21100844910;"Learning and Teaching";journal;"17552281, 17552273";"Berghahn Journals";Yes;Yes;0,403;Q2;11;18;53;863;77;47;1,09;47,94;79,41;0;3;United States;Northern America;"Berghahn Journals";"2017-2024";"Education (Q2); Sociology and Political Science (Q2); Developmental and Educational Psychology (Q3)";"Psychology; Social Sciences"
734;21101227929;"Nordic Journal of Media Studies";journal;"2003184X";"Walter de Gruyter";Yes;Yes;0,403;Q2;8;11;29;561;61;28;1,56;51,00;75,00;0;9;Germany;Western Europe;"Walter de Gruyter";"2019-2024";"Communication (Q2); Education (Q2); Media Technology (Q2); Social Sciences (miscellaneous) (Q2); Sociology and Political Science (Q2); Computer Networks and Communications (Q3); Global and Planetary Change (Q3)";"Computer Science; Engineering; Environmental Science; Social Sciences"
735;21100920046;"LUMAT";journal;"23237112";"University of Helsinki";Yes;Yes;0,400;Q2;10;16;90;462;104;88;0,74;28,88;58,97;0;5;Finland;Western Europe;"University of Helsinki";"2016-2024";"Education (Q2)";"Social Sciences"
736;21100403171;"Journal of Interprofessional Education and Practice";journal;"24054526";"Elsevier Inc.";No;No;0,399;Q2;19;36;271;868;329;266;1,19;24,11;71,90;0;12;United States;Northern America;"Elsevier Inc.";"2015-2025";"Education (Q2)";"Social Sciences"
737;21100905833;"Beyond Behavior";journal;"21635323, 10742956";"SAGE Publications Inc.";No;No;0,398;Q2;14;19;59;540;71;50;1,03;28,42;75,00;0;7;United States;Northern America;"SAGE Publications Inc.";"2012-2025";"Education (Q2); Clinical Psychology (Q3); Developmental and Educational Psychology (Q3)";"Psychology; Social Sciences"
738;21101210523;"Journal of Language and Literacy Education";journal;"15599035";"University of Georgia Mary Frances Early College of Education";No;No;0,398;Q2;8;18;73;861;58;46;0,64;47,83;80,65;0;5;United States;Northern America;"University of Georgia Mary Frances Early College of Education";"2020-2024";"Education (Q2)";"Social Sciences"
739;21101037149;"Training, Language and Culture";journal;"2521442X, 25202073";"RUDN University";Yes;Yes;0,398;Q2;11;32;87;1708;108;87;1,34;53,38;59,02;0;6;Russian Federation;Eastern Europe;"RUDN University";"2017-2024";"Cultural Studies (Q1); Linguistics and Language (Q1); Education (Q2)";"Social Sciences"
740;6500153246;"Applied Environmental Education and Communication";journal;"15330389, 1533015X";"Routledge";No;No;0,397;Q2;28;7;68;333;106;68;1,21;47,57;71,43;0;2;United States;Northern America;"Routledge";"2002-2024";"Communication (Q2); Education (Q2); Environmental Science (miscellaneous) (Q3)";"Environmental Science; Social Sciences"
741;21100217634;"Journal of Empirical Legal Studies";journal;"17401453, 17401461";"Wiley-Blackwell Publishing Ltd";No;No;0,397;Q2;36;26;87;1669;117;85;1,44;64,19;30,51;0;9;United Kingdom;Western Europe;"Wiley-Blackwell Publishing Ltd";"2011-2025";"Education (Q2); Law (Q2)";"Social Sciences"
742;21101105751;"Jurnal Pendidikan Islam";journal;"24608149, 23554339";"Faculty of Tarbiya and Teacher Training UIN Sunan Gunung";Yes;Yes;0,397;Q2;8;30;55;1625;127;55;2,62;54,17;35,37;0;16;Indonesia;Asiatic Region;"Faculty of Tarbiya and Teacher Training UIN Sunan Gunung";"2019-2024";"Religious Studies (Q1); Education (Q2); Social Sciences (miscellaneous) (Q2)";"Arts and Humanities; Social Sciences"
743;21100897215;"Revista de Educacion a Distancia";journal;"15787680";"Universidad de Murcia";Yes;Yes;0,395;Q2;18;25;120;1510;230;120;1,65;60,40;37,21;0;15;Spain;Western Europe;"Universidad de Murcia";"2018-2025";"Education (Q2); Computer Science Applications (Q3)";"Computer Science; Social Sciences"
744;21100298667;"Center for Educational Policy Studies Journal";journal;"18559719, 22322647";"University of Ljubljana";Yes;Yes;0,394;Q2;24;33;142;1443;169;128;1,02;43,73;71,83;0;16;Slovenia;Eastern Europe;"University of Ljubljana";"2011-2024";"Education (Q2)";"Social Sciences"
745;16018;"Quarterly Journal of Speech";journal;"00335630, 14795779";"Routledge";No;No;0,394;Q2;48;59;68;540;88;61;1,09;9,15;52,63;0;22;United States;Northern America;"Routledge";"1915-2025";"Linguistics and Language (Q1); Communication (Q2); Education (Q2)";"Social Sciences"
746;5700164234;"Theory and Research in Education";journal;"17413192, 14778785";"SAGE Publications Ltd";No;No;0,394;Q2;41;24;65;1054;101;62;1,35;43,92;30,56;0;8;United Kingdom;Western Europe;"SAGE Publications Ltd";"2003-2025";"Education (Q2)";"Social Sciences"
747;21101275454;"Update: Applications of Research in Music Education";journal;"19450109, 87551233";"SAGE Publications Inc.";No;No;0,394;Q2;5;55;52;2240;55;47;1,00;40,73;60,29;1;15;United Kingdom;Western Europe;"SAGE Publications Inc.";"2021";"Music (Q1); Education (Q2)";"Arts and Humanities; Social Sciences"
748;21100384282;"Journal for Multicultural Education";journal;"20535368, 2053535X";"Emerald Group Publishing Ltd.";No;No;0,393;Q2;20;42;106;2000;180;102;1,74;47,62;63,44;0;15;United Kingdom;Western Europe;"Emerald Group Publishing Ltd.";"2014-2025";"Cultural Studies (Q1); Linguistics and Language (Q1); Education (Q2)";"Social Sciences"
749;23304;"American Journal of Physiology - Advances in Physiology Education";journal;"10434046, 15221229";"American Physiological Society";Yes;No;0,392;Q2;78;129;360;3479;569;323;1,33;26,97;50,36;0;47;United States;Northern America;"American Physiological Society";"1998-2025";"Education (Q2); Physiology (Q4)";"Biochemistry, Genetics and Molecular Biology; Social Sciences"
750;4700152782;"College and Undergraduate Libraries";journal;"10691316, 15452530";"Routledge";No;No;0,392;Q2;24;8;65;261;77;63;0,96;32,63;71,43;0;1;United States;Northern America;"Routledge";"1994-2004, 2006-2024";"Education (Q2); Library and Information Sciences (Q2); E-learning (Q3)";"Social Sciences"
751;21101077107;"Continuity in Education";journal;"26319179";"Ubiquity Press";Yes;Yes;0,392;Q2;8;11;25;447;46;25;1,50;40,64;79,17;0;8;United Kingdom;Western Europe;"Ubiquity Press";"2020-2024";"Education (Q2); Developmental and Educational Psychology (Q3); Physiology (medical) (Q3); Social Psychology (Q3)";"Medicine; Psychology; Social Sciences"
752;21100238613;"Digital Education Review";journal;"20139144";"Universitat de Barcelona";Yes;Yes;0,392;Q2;26;24;87;1010;161;85;1,54;42,08;62,00;0;2;Spain;Western Europe;"Universitat de Barcelona";"2010-2025";"Education (Q2); Computer Science Applications (Q3)";"Computer Science; Social Sciences"
753;21101264428;"Journal of Culture and Values in Education";journal;"2590342X";"OpenED Network";Yes;No;0,392;Q2;8;54;55;2516;137;54;2,49;46,59;47,30;0;28;Turkey;Middle East;"OpenED Network";"2022-2024";"Cultural Studies (Q1); Linguistics and Language (Q1); Education (Q2); Social Sciences (miscellaneous) (Q2)";"Social Sciences"
754;21101210861;"Journal of Postsecondary Student Success";journal;"27694887, 27694879";"Center for Postsecondary Success, Florida State University";Yes;Yes;0,392;Q2;5;22;52;1343;72;49;1,05;61,05;72,22;2;10;United States;Northern America;"Center for Postsecondary Success, Florida State University";"2021-2025";"Education (Q2); Developmental and Educational Psychology (Q3)";"Psychology; Social Sciences"
755;21100450131;"Journal of Technology and Science Education";journal;"20145349, 20136374";"OmniaScience";Yes;No;0,392;Q2;23;67;144;3225;392;143;2,67;48,13;50,54;0;28;Spain;Western Europe;"OmniaScience";"2014-2025";"Education (Q2); Computer Science Applications (Q3)";"Computer Science; Social Sciences"
756;21100897170;"Power and Education";journal;"17577438";"SAGE Publications Ltd";Yes;No;0,392;Q2;22;48;62;2267;90;61;1,36;47,23;54,65;2;23;United Kingdom;Western Europe;"SAGE Publications Ltd";"2009-2025";"Education (Q2); Sociology and Political Science (Q2)";"Social Sciences"
757;21100894548;"Global Studies of Childhood";journal;"20436106";"SAGE Publications Ltd";No;No;0,391;Q2;20;52;84;2343;115;72;1,30;45,06;75,47;0;21;United Kingdom;Western Europe;"SAGE Publications Ltd";"2015-2025";"Demography (Q2); Development (Q2); Education (Q2); Sociology and Political Science (Q2); Developmental and Educational Psychology (Q3)";"Psychology; Social Sciences"
758;19893;"Canadian Modern Language Review";journal;"00084506";"University of Toronto Press";No;No;0,390;Q2;63;17;59;972;61;57;0,87;57,18;52,00;0;6;Canada;Northern America;"University of Toronto Press";"1996-2024";"Linguistics and Language (Q1); Education (Q2)";"Social Sciences"
759;100147339;"British Journal of Special Education";journal;"14678578, 09523383";"Wiley-Blackwell Publishing Ltd";No;No;0,389;Q2;45;56;105;2145;145;78;1,43;38,30;70,43;1;27;United Kingdom;Western Europe;"Wiley-Blackwell Publishing Ltd";"1974-2025";"Education (Q2); Developmental and Educational Psychology (Q3)";"Psychology; Social Sciences"
760;21101058102;"European Journal of Education and Psychology";journal;"18888992, 19892209";"Universidad Autonoma de Chile";No;Yes;0,389;Q2;10;12;44;557;61;42;1,07;46,42;52,50;0;5;Chile;Latin America;"Universidad Autonoma de Chile";"2019-2024";"Education (Q2); Psychology (miscellaneous) (Q3)";"Psychology; Social Sciences"
761;21100899297;"Middle School Journal";journal;"00940771, 23276223";"Taylor and Francis Ltd.";No;No;0,389;Q2;24;31;74;680;100;57;1,31;21,94;64,00;0;6;United States;Northern America;"Taylor and Francis Ltd.";"1996-2025";"Education (Q2); Developmental and Educational Psychology (Q3)";"Psychology; Social Sciences"
762;19700182688;"Journal of Baltic Science Education";journal;"16483898";"Scientific Methodical Center";Yes;No;0,388;Q2;29;76;222;4310;369;212;1,33;56,71;46,41;0;22;Lithuania;Eastern Europe;"Scientific Methodical Center";"2008-2024";"Education (Q2)";"Social Sciences"
763;21101142417;"Journal of Social and Economic Development";journal;"21996873, 09725792";"Springer";No;No;0,388;Q2;14;135;135;6969;256;131;1,70;51,62;31,75;0;115;Germany;Western Europe;"Springer";"2017-2025";"Economics, Econometrics and Finance (miscellaneous) (Q2); Education (Q2); Social Sciences (miscellaneous) (Q2)";"Economics, Econometrics and Finance; Social Sciences"
764;21100937443;"International Journal of Language Testing";journal;"24765880";"Tabaran Institute of Higher Education (Iran Ministry of Sciences)";Yes;No;0,387;Q2;9;11;75;662;97;75;1,31;60,18;53,85;0;2;Iran;Middle East;"Tabaran Institute of Higher Education (Iran Ministry of Sciences)";"2016-2024";"Linguistics and Language (Q1); Education (Q2)";"Social Sciences"
765;19600157915;"Journal of Applied Security Research";journal;"19361629, 19361610";"Routledge";No;No;0,387;Q2;21;34;101;1680;224;100;2,08;49,41;32,89;0;11;United Kingdom;Western Europe;"Routledge";"2008-2025";"Education (Q2); Law (Q2); Safety Research (Q2); Safety, Risk, Reliability and Quality (Q2)";"Engineering; Social Sciences"
766;21100901016;"Journal of Language and Education";journal;"24117390";"National Research University Higher School of Economics";Yes;Yes;0,386;Q2;14;40;168;2376;288;166;1,74;59,40;50,55;0;11;Russian Federation;Eastern Europe;"National Research University Higher School of Economics";"2018-2024";"Linguistics and Language (Q1); Education (Q2)";"Social Sciences"
767;19700187610;"Pedagogies";journal;"15544818, 1554480X";"Taylor and Francis Ltd.";No;No;0,386;Q2;22;65;81;3342;133;79;1,45;51,42;56,41;0;16;United Kingdom;Western Europe;"Taylor and Francis Ltd.";"2009-2025";"Education (Q2)";"Social Sciences"
768;21100201980;"For the Learning of Mathematics";journal;"02280671";"FLM Publishing Association";No;No;0,385;Q2;18;30;93;336;64;46;0,62;11,20;57,14;0;2;Canada;Northern America;"FLM Publishing Association";"2011-2024";"Education (Q2); Mathematics (miscellaneous) (Q2)";"Mathematics; Social Sciences"
769;19700201403;"Global Journal of Engineering Education";journal;"13283154";"World Institute for Engineering and Technology Education (WIETE)";No;No;0,385;Q2;18;33;98;512;129;92;1,46;15,52;49,21;0;21;Australia;Pacific Region;"World Institute for Engineering and Technology Education (WIETE)";"2010-2024";"Computer Science (miscellaneous) (Q2); Education (Q2)";"Computer Science; Social Sciences"
770;144811;"International Journal of Construction Education and Research";journal;"15578771, 15503984";"Routledge";No;No;0,385;Q2;29;48;77;2646;179;66;1,94;55,13;31,15;0;17;United Kingdom;Western Europe;"Routledge";"2004, 2006-2025";"Building and Construction (Q2); Education (Q2)";"Engineering; Social Sciences"
771;4700152716;"Children and Schools";journal;"15328759";"National Association of Social Workers";No;No;0,384;Q2;36;31;93;872;118;86;0,89;28,13;72,73;0;16;United States;Northern America;"National Association of Social Workers";"1978-1979, 1981-1995, 2005-2025";"Education (Q2); Health (social science) (Q3)";"Social Sciences"
772;21100803622;"Korean Journal of Medical Education";journal;"2005727X, 20057288";"Korean Society of Medical Education";Yes;No;0,384;Q2;23;38;96;889;146;93;1,51;23,39;53,93;0;10;South Korea;Asiatic Region;"Korean Society of Medical Education";"2015-2024";"Education (Q2)";"Social Sciences"
773;21100860011;"Physical Activity Review";journal;"23005076";"PPHU Projack";Yes;No;0,384;Q2;14;25;85;991;130;84;1,55;39,64;35,05;0;3;Poland;Eastern Europe;"PPHU Projack";"2017-2025";"Education (Q2); Health (social science) (Q3); Orthopedics and Sports Medicine (Q3); Physical Therapy, Sports Therapy and Rehabilitation (Q3)";"Health Professions; Medicine; Social Sciences"
774;15033;"Deafness and Education International";journal;"14643154, 1557069X";"Maney Publishing";No;No;0,382;Q2;29;26;59;1084;95;47;1,10;41,69;71,11;0;16;United Kingdom;Western Europe;"Maney Publishing";"1999-2025";"Education (Q2); Speech and Hearing (Q3)";"Health Professions; Social Sciences"
775;6300153130;"Education, Citizenship and Social Justice";journal;"17461987, 17461979";"SAGE Publications Ltd";No;No;0,382;Q2;33;66;73;4121;116;72;1,61;62,44;64,79;2;45;United Kingdom;Western Europe;"SAGE Publications Ltd";"2006-2025";"Education (Q2)";"Social Sciences"
776;21101039812;"European Journal of Science and Mathematics Education";journal;"2301251X";"Bastas";No;No;0,382;Q2;9;27;99;1279;152;99;1,48;47,37;50,00;0;3;Cyprus;Western Europe;"Bastas";"2019-2025";"Education (Q2)";"Social Sciences"
777;21101162818;"Management Teaching Review";journal;"23792981";"SAGE Publications Inc.";No;No;0,382;Q2;7;65;96;1409;127;84;1,09;21,68;61,42;0;19;United States;Northern America;"SAGE Publications Inc.";"2019-2025";"Education (Q2); Business, Management and Accounting (miscellaneous) (Q3)";"Business, Management and Accounting; Social Sciences"
778;16100154737;"Bulletin of the Council for Research in Music Education";journal;"21627223, 00109894";"University of Illinois at Urbana-Champaign";No;No;0,381;Q2;24;8;46;413;55;45;0,69;51,63;76,92;0;1;United States;Northern America;"University of Illinois at Urbana-Champaign";"2002-2024";"Music (Q1); Education (Q2)";"Arts and Humanities; Social Sciences"
779;145257;"Journal of Technology Education";journal;"10451064";"Virginia Polytechnic Institute";Yes;Yes;0,381;Q2;27;12;18;428;19;13;1,00;35,67;32,00;0;3;United States;Northern America;"Virginia Polytechnic Institute";"2002-2024";"Education (Q2); Engineering (miscellaneous) (Q2)";"Engineering; Social Sciences"
780;21101066040;"Asia-Pacific Science Education";journal;"23641177";"Brill Academic Publishers";Yes;No;0,381;Q3;14;16;55;804;71;50;0,74;50,25;52,63;0;6;Netherlands;Western Europe;"Brill Academic Publishers";"2015-2024";"Education (Q3)";"Social Sciences"
781;21100197182;"Annual Conference on Innovation and Technology in Computer Science Education, ITiCSE";conference and proceedings;"1942647X";"Association for Computing Machinery";No;No;0,381;-;42;175;462;4056;1077;448;2,68;23,18;39,92;0;33;United States;Northern America;"Association for Computing Machinery";"1999, 2011-2013, 2015-2024";"Education; Management of Technology and Innovation";"Business, Management and Accounting; Social Sciences"
782;21101043321;"Recreational Sports Journal";journal;"15588661, 1558867X";"SAGE Publications Ltd";No;No;0,380;Q3;22;21;49;896;73;49;1,34;42,67;58,57;0;5;United Kingdom;Western Europe;"SAGE Publications Ltd";"2002-2025";"Social Sciences (miscellaneous) (Q2); Education (Q3); Health (social science) (Q3); Tourism, Leisure and Hospitality Management (Q3)";"Business, Management and Accounting; Social Sciences"
783;21100241696;"Journal for Nurses in Professional Development";journal;"2169981X, 21699798";"Lippincott Williams and Wilkins";No;No;0,378;Q3;25;103;318;1442;283;290;0,85;14,00;86,97;0;8;United States;Northern America;"Lippincott Williams and Wilkins";"2013-2025";"Education (Q3); Fundamentals and Skills (Q3); Leadership and Management (Q3); Medicine (miscellaneous) (Q3); Review and Exam Preparation (Q3)";"Medicine; Nursing; Social Sciences"
784;21100448317;"Monografias de Traduccion e Interpretacion";journal;"18894178, 19899335";"Universidad de Alicante";No;Yes;0,378;Q3;12;13;56;588;48;56;0,39;45,23;62,50;0;4;Spain;Western Europe;"Universidad de Alicante";"2014-2024";"Linguistics and Language (Q1); Education (Q3)";"Social Sciences"
785;21100922942;"Teaching Exceptional Children";journal;"21635684, 00400599";"SAGE Publications Ltd";No;No;0,378;Q3;25;89;168;2713;190;129;1,01;30,48;67,19;1;43;United Kingdom;Western Europe;"SAGE Publications Ltd";"2014-2025";"Developmental and Educational Psychology (Q3); Education (Q3)";"Psychology; Social Sciences"
786;21101107566;"Jurnal Ilmiah Islam Futura";journal;"14121190, 24077542";"Universitas Islam Negeri Ar-Raniry";Yes;Yes;0,377;Q3;7;27;52;1194;97;52;2,11;44,22;20,59;0;7;Indonesia;Asiatic Region;"Universitas Islam Negeri Ar-Raniry";"2019-2025";"Philosophy (Q1); Religious Studies (Q1); Arts and Humanities (miscellaneous) (Q2); Gender Studies (Q2); Education (Q3)";"Arts and Humanities; Social Sciences"
787;12387;"International Journal of Mechanical Engineering Education";journal;"03064190, 20504586";"SAGE Publications Inc.";No;No;0,376;Q3;20;82;93;2830;177;91;1,77;34,51;24,76;0;27;United Kingdom;Western Europe;"SAGE Publications Inc.";"1981, 1983-1991, 2000, 2002-2025";"Mechanical Engineering (Q2); Education (Q3)";"Engineering; Social Sciences"
788;21101042013;"Journal of Educational Data Mining";journal;"21572100";"International Educational Data Mining Society";No;No;0,376;Q3;11;19;37;1043;80;33;2,46;54,89;30,51;0;2;United States;Northern America;"International Educational Data Mining Society";"2019-2025";"Artificial Intelligence (Q3); Computer Science Applications (Q3); Education (Q3)";"Computer Science; Social Sciences"
789;19800188058;"Australian Journal of Learning Difficulties";journal;"19404158, 19404166";"Routledge";No;No;0,375;Q3;19;11;30;873;59;30;2,20;79,36;68,42;0;8;United Kingdom;Western Europe;"Routledge";"2008-2025";"Developmental and Educational Psychology (Q3); Education (Q3); Social Psychology (Q3)";"Psychology; Social Sciences"
790;19700182115;"Education as Change";journal;"19479417, 16823206";"Unisa Press";Yes;No;0,375;Q3;23;23;72;1059;92;61;1,43;46,04;42,86;0;14;South Africa;Africa;"Unisa Press";"2008-2024";"Education (Q3)";"Social Sciences"
791;19700170279;"English in Education";journal;"17548845, 04250494";"Taylor and Francis Ltd.";No;No;0,374;Q3;26;29;92;1119;97;69;0,75;38,59;65,31;0;5;United Kingdom;Western Europe;"Taylor and Francis Ltd.";"1964-2025";"Linguistics and Language (Q1); Literature and Literary Theory (Q1); Education (Q3)";"Arts and Humanities; Social Sciences"
792;21101067151;"Adults Learning Mathematics International Journal";journal;"17441803";"Adults Learning Mathematics (ALM)";No;No;0,373;Q3;4;5;14;143;11;11;0,67;28,60;66,67;0;3;United Kingdom;Western Europe;"Adults Learning Mathematics (ALM)";"2019, 2021-2024";"Education (Q3); Mathematics (miscellaneous) (Q3)";"Mathematics; Social Sciences"
793;19300157017;"Revista de Educacion";journal;"1988592X, 00348082";"Ministry Education and Science";No;Yes;0,373;Q3;40;47;137;2441;186;133;1,01;51,94;57,98;0;24;Spain;Western Europe;"Ministry Education and Science";"2008-2025";"Education (Q3)";"Social Sciences"
794;110201;"Education for Health: Change in Learning and Practice";journal;"14695804, 13576283";"Wolters Kluwer Medknow Publications";No;No;0,372;Q3;42;0;89;0;74;52;0,64;0,00;0,00;0;0;India;Asiatic Region;"Wolters Kluwer Medknow Publications";"1997-2023";"Education (Q3); Medicine (miscellaneous) (Q3)";"Medicine; Social Sciences"
795;21101238109;"Entrepreneurship Education";journal;"25208152, 25208144";"Springer";No;No;0,372;Q3;4;24;18;1130;59;18;3,28;47,08;48,00;0;15;Singapore;Asiatic Region;"Springer";"2023-2025";"Economics, Econometrics and Finance (miscellaneous) (Q2); Social Sciences (miscellaneous) (Q2); Business, Management and Accounting (miscellaneous) (Q3); Education (Q3)";"Business, Management and Accounting; Economics, Econometrics and Finance; Social Sciences"
796;21101019622;"Studies in English Language and Education";journal;"24610275, 23552794";"Syiah Kuala University";Yes;No;0,372;Q3;15;99;240;4991;448;240;1,48;50,41;53,71;0;29;Indonesia;Asiatic Region;"Syiah Kuala University";"2019-2025";"Linguistics and Language (Q1); Literature and Literary Theory (Q1); Education (Q3)";"Arts and Humanities; Social Sciences"
797;19700201136;"ACM Inroads";trade journal;"21532184, 21532192";"Association for Computing Machinery (ACM)";No;No;0,371;Q3;31;33;78;795;94;78;1,26;24,09;36,00;0;3;United States;Northern America;"Association for Computing Machinery (ACM)";"2010-2024";"Computer Science (miscellaneous) (Q2); Education (Q3)";"Computer Science; Social Sciences"
798;21100386854;"Journal of Museum Education";journal;"10598650, 20516169";"Maney Publishing";No;No;0,371;Q3;15;58;141;1123;124;129;0,73;19,36;76,67;0;24;United Kingdom;Western Europe;"Maney Publishing";"2014-2025";"Museology (Q1); Education (Q3)";"Arts and Humanities; Social Sciences"
799;19900191857;"Education and Training in Autism and Developmental Disabilities";journal;"21541647";"Council for Exceptional Children";No;No;0,369;Q3;59;30;96;1320;106;96;0,86;44,00;65,35;0;15;United States;Northern America;"Council for Exceptional Children";"2010-2012, 2014-2024";"Developmental and Educational Psychology (Q3); Education (Q3)";"Psychology; Social Sciences"
800;21100896874;"European Journal of Educational Research";journal;"21658714";"Eurasian Society of Educational Research";Yes;No;0,369;Q3;29;115;463;6847;966;463;1,97;59,54;52,30;0;45;Netherlands;Western Europe;"Eurasian Society of Educational Research";"2018-2025";"Education (Q3)";"Social Sciences"
801;19900191902;"Journal of Occupational Therapy, Schools, and Early Intervention";journal;"19411243, 19411251";"Routledge";No;No;0,369;Q3;19;87;119;3948;166;116;1,24;45,38;84,79;0;31;United Kingdom;Western Europe;"Routledge";"2008-2025";"Occupational Therapy (Q2); Education (Q3); Social Psychology (Q3)";"Health Professions; Psychology; Social Sciences"
802;21100206280;"Ensenanza de las Ciencias";journal;"02124521, 21746486";"Universitat Autonoma de Barcelona";Yes;Yes;0,368;Q3;23;31;94;1422;125;91;1,40;45,87;66,67;0;9;Spain;Western Europe;"Universitat Autonoma de Barcelona";"2009-2024";"Education (Q3)";"Social Sciences"
803;21101057378;"Transformation in Higher Education";journal;"25195638, 24150991";"AOSIS (Pty) Ltd";Yes;No;0,368;Q3;8;20;34;1074;73;34;1,83;53,70;63,16;0;12;South Africa;Africa;"AOSIS (Pty) Ltd";"2019-2025";"Education (Q3)";"Social Sciences"
804;17600155115;"Australian Journal of Teacher Education";journal;"1835517X, 03135373";"Social Science Press";No;No;0,367;Q3;49;12;188;623;242;188;0,66;51,92;74,36;0;8;Australia;Pacific Region;"Social Science Press";"2008-2024";"Education (Q3)";"Social Sciences"
805;21101032142;"International Journal of Language Education";journal;"25488457, 25488465";"Universitas Negeri Makassar- Faculty of Languages and Literature";No;No;0,367;Q3;14;50;130;2568;288;130;2,24;51,36;38,97;0;29;Indonesia;Asiatic Region;"Universitas Negeri Makassar- Faculty of Languages and Literature";"2017-2024";"Linguistics and Language (Q1); Literature and Literary Theory (Q1); Education (Q3)";"Arts and Humanities; Social Sciences"
806;19700181415;"Journal of Beliefs and Values";journal;"13617672, 14699362";"Routledge";No;No;0,367;Q3;27;84;123;3962;143;119;1,13;47,17;53,01;1;16;United Kingdom;Western Europe;"Routledge";"1984-2025";"Religious Studies (Q1); Education (Q3)";"Arts and Humanities; Social Sciences"
807;5800207601;"Australian Journal of Language and Literacy";journal;"10381562";"Springer International Publishing AG";No;No;0,366;Q3;32;26;67;1404;105;62;1,58;54,00;68,18;0;11;Switzerland;Western Europe;"Springer International Publishing AG";"1997-2025";"Linguistics and Language (Q1); Education (Q3)";"Social Sciences"
808;19700169402;"Progress in Community Health Partnerships: Research, Education, and Action";journal;"1557055X, 15570541";"Johns Hopkins University Press";No;No;0,366;Q3;35;62;216;1479;139;169;0,51;23,85;77,96;0;49;United States;Northern America;"Johns Hopkins University Press";"2007-2024";"Sociology and Political Science (Q2); Education (Q3); Health (social science) (Q3); Medicine (miscellaneous) (Q3)";"Medicine; Social Sciences"
809;19700201532;"Revista Iberoamericana de Tecnologias del Aprendizaje";journal;"19328540";"Education Society of IEEE (Spanish Chapter)";No;No;0,366;Q3;25;42;142;1351;268;142;1,67;32,17;35,57;0;18;Spain;Western Europe;"Education Society of IEEE (Spanish Chapter)";"2006-2025";"Engineering (miscellaneous) (Q2); Education (Q3); E-learning (Q3)";"Engineering; Social Sciences"
810;21100896490;"ETS Research Report Series";journal;"23308516";"John Wiley &amp; Sons Inc.";No;No;0,365;Q3;26;15;57;1087;78;57;0,90;72,47;35,19;0;7;United States;Northern America;"John Wiley &amp; Sons Inc.";"1996-2014, 2018-2024";"Applied Psychology (Q3); Education (Q3); Social Psychology (Q3); Statistics, Probability and Uncertainty (Q3)";"Decision Sciences; Psychology; Social Sciences"
811;145569;"L1 Educational Studies in Language and Literature";journal;"15731731, 15676617";"International Association for Research in L1 Education (ARLE)";Yes;Yes;0,365;Q3;20;25;79;1490;83;78;1,00;59,60;52,50;0;0;Belgium;Western Europe;"International Association for Research in L1 Education (ARLE)";"2001-2025";"Linguistics and Language (Q1); Literature and Literary Theory (Q1); Health Professions (miscellaneous) (Q2); Education (Q3); Psychology (miscellaneous) (Q3)";"Arts and Humanities; Health Professions; Psychology; Social Sciences"
812;21101267696;"Action, Criticism, and Theory for Music Education";journal;"15454517";"The Mayday Group";Yes;Yes;0,364;Q3;7;6;58;224;57;54;0,55;37,33;0,00;0;0;United States;Northern America;"The Mayday Group";"2020-2024";"Education (Q3)";"Social Sciences"
813;21100316465;"Apunts. Educacion Fisica y Deportes";journal;"15774015, 20140983";"Institut Nacional d'Educacio Fisica de Catalunya";Yes;Yes;0,364;Q3;19;28;107;1063;190;107;1,56;37,96;28,80;0;7;Spain;Western Europe;"Institut Nacional d'Educacio Fisica de Catalunya";"2000, 2002, 2013-2025";"Cultural Studies (Q1); Education (Q3)";"Social Sciences"
814;21100451148;"Bordon";journal;"02105934, 23406577";"Sociedad Espanola de Pedagogia";Yes;Yes;0,364;Q3;21;34;95;1798;163;95;1,95;52,88;60,82;0;20;Spain;Western Europe;"Sociedad Espanola de Pedagogia";"2011-2024";"Developmental and Educational Psychology (Q3); Education (Q3)";"Psychology; Social Sciences"
815;21101172014;"Designs for Learning";journal;"20017480";"Stockholm University Press";Yes;No;0,364;Q3;7;0;27;0;37;26;1,38;0,00;0,00;0;0;Sweden;Western Europe;"Stockholm University Press";"2019-2023";"Cultural Studies (Q1); Linguistics and Language (Q1); Communication (Q2); Ecology (Q2); Developmental and Educational Psychology (Q3); Education (Q3); Human-Computer Interaction (Q3)";"Computer Science; Environmental Science; Psychology; Social Sciences"
816;21100229214;"Malaysian Journal of Learning and Instruction";journal;"21802483, 16758110";"Universiti Utara Malaysia Press";Yes;No;0,364;Q3;20;23;53;1364;126;53;2,32;59,30;41,38;0;14;Malaysia;Asiatic Region;"Universiti Utara Malaysia Press";"2006, 2010, 2012-2025";"Cultural Studies (Q1); Developmental and Educational Psychology (Q3); Education (Q3); Psychology (miscellaneous) (Q3)";"Psychology; Social Sciences"
817;5600155537;"Intercultural Education";journal;"14675986, 14698439";"Routledge";No;No;0,363;Q3;35;44;130;2084;172;122;1,10;47,36;56,57;0;17;United Kingdom;Western Europe;"Routledge";"2010-2025";"Cultural Studies (Q1); Education (Q3)";"Social Sciences"
818;21101111517;"Journal of Pedagogical Research";journal;"26023717";"Duzce University, Faculty of Education";Yes;Yes;0,363;Q3;12;83;210;5360;323;208;1,32;64,58;41,32;0;28;Turkey;Middle East;"Duzce University, Faculty of Education";"2019-2024";"Education (Q3)";"Social Sciences"
819;21100896905;"Pensamiento Educativo";journal;"07190409, 07171013";"Pontificia Universidad Catolica de Chile";Yes;Yes;0,363;Q3;10;21;72;1069;83;72;1,00;50,90;62,96;0;7;Chile;Latin America;"Pontificia Universidad Catolica de Chile";"2018-2024";"Development (Q2); Education (Q3)";"Social Sciences"
820;12043;"Interchange";journal;"15731790, 08264805";"Springer Netherlands";No;No;0,361;Q3;24;25;90;1428;143;90;1,55;57,12;30,30;0;15;Netherlands;Western Europe;"Springer Netherlands";"1970-2003, 2005-2025";"Arts and Humanities (miscellaneous) (Q2); Law (Q2); Social Sciences (miscellaneous) (Q2); Education (Q3)";"Arts and Humanities; Social Sciences"
821;19300156930;"Revista Complutense de Educacion";journal;"11302496, 19882793";"Universidad Complutense Madrid";Yes;Yes;0,361;Q3;24;75;207;3414;318;203;1,37;45,52;58,25;0;36;Spain;Western Europe;"Universidad Complutense Madrid";"2009-2025";"Education (Q3)";"Social Sciences"
822;21100829150;"Taiwan Journal of TESOL";journal;"18149448, 20767617";"Crane Publishing Co.";No;No;0,361;Q3;7;8;28;408;28;27;0,79;51,00;64,71;0;2;Taiwan;Asiatic Region;"Crane Publishing Co.";"2017-2024";"Linguistics and Language (Q1); Education (Q3)";"Social Sciences"
823;21100904317;"Avances de Investigacion en Educacion Matematica";journal;"22544313";"Spanish Society of Research in Mathematics Education";Yes;Yes;0,359;Q3;8;16;49;538;51;49;1,23;33,63;42,86;0;1;Spain;Western Europe;"Spanish Society of Research in Mathematics Education";"2018-2024";"Education (Q3); Mathematics (miscellaneous) (Q3)";"Mathematics; Social Sciences"
824;21100899009;"International Journal of Educational Psychology";journal;"20143591";"Hipatia Editorial";Yes;No;0,358;Q3;12;12;38;613;67;38;1,44;51,08;67,50;0;5;Spain;Western Europe;"Hipatia Editorial";"2018-2024";"Developmental and Educational Psychology (Q3); Education (Q3)";"Psychology; Social Sciences"
825;21101067746;"Journal of Medical Regulation";journal;"25721852, 25721801";"Federation of State Medical Boards";No;No;0,358;Q3;13;6;79;183;46;48;0,47;30,50;75,00;0;2;United States;Northern America;"Federation of State Medical Boards";"2014-2024";"Education (Q3); Health Policy (Q3); LPN and LVN (Q3)";"Medicine; Nursing; Social Sciences"
826;21100896926;"Creativity";journal;"23540036";"Sciendo";Yes;No;0,357;Q3;10;15;51;979;74;51;0,88;65,27;40,54;0;3;Poland;Eastern Europe;"Sciendo";"2018-2025";"Visual Arts and Performing Arts (Q1); Arts and Humanities (miscellaneous) (Q2); Education (Q3); Social Psychology (Q3); Statistics, Probability and Uncertainty (Q3)";"Arts and Humanities; Decision Sciences; Psychology; Social Sciences"
827;21101094552;"Music Educators Journal";journal;"00274321, 19450087";"SAGE Publications Inc.";No;No;0,357;Q3;29;22;123;26;75;61;0,45;1,18;51,72;0;2;United States;Northern America;"SAGE Publications Inc.";"1934-2024";"Music (Q1); Education (Q3)";"Arts and Humanities; Social Sciences"
828;21100775661;"Physical Culture and Sport, Studies and Research";journal;"20812221, 18994849";"De Gruyter Open Ltd";Yes;No;0,357;Q3;14;23;88;1397;146;88;1,72;60,74;42,03;0;6;Poland;Eastern Europe;"De Gruyter Open Ltd";"2016-2025";"Cultural Studies (Q1); Applied Psychology (Q3); Education (Q3); Tourism, Leisure and Hospitality Management (Q3)";"Business, Management and Accounting; Psychology; Social Sciences"
829;21100900267;"Teflin Journal";journal;"23562641, 0215773X";"Association for the teaching of English as a Foreign Language in Indonesia";Yes;Yes;0,357;Q3;11;19;55;1079;96;55;1,63;56,79;51,35;0;2;Indonesia;Asiatic Region;"Association for the teaching of English as a Foreign Language in Indonesia";"2018-2024";"Linguistics and Language (Q1); Education (Q3)";"Social Sciences"
830;20748;"Educational Media International";journal;"14695790, 09523987";"Routledge";No;No;0,356;Q3;49;34;61;1164;123;59;1,49;34,24;52,13;0;8;United Kingdom;Western Europe;"Routledge";"1978-1979, 1987-2025";"Communication (Q2); Education (Q3)";"Social Sciences"
831;21100913652;"IAFOR Journal of Education";journal;"21870594";"The International Academic Forum (IAFOR)";Yes;Yes;0,356;Q3;14;32;98;1595;167;91;1,43;49,84;70,00;0;19;Japan;Asiatic Region;"The International Academic Forum (IAFOR)";"2018-2024";"Public Administration (Q2); Education (Q3)";"Social Sciences"
832;21100898037;"Journal on Efficiency and Responsibility in Education and Science";journal;"23362375, 18031617";"Czech University of Life Sciences Prague";Yes;Yes;0,356;Q3;14;31;73;1707;139;73;1,82;55,06;42,05;0;13;Czech Republic;Eastern Europe;"Czech University of Life Sciences Prague";"2008-2024";"Education (Q3)";"Social Sciences"
833;19700183077;"Research in Dance Education";journal;"14701111, 14647893";"Taylor and Francis Ltd.";No;No;0,356;Q3;22;61;123;2659;146;112;1,07;43,59;60,45;1;16;United Kingdom;Western Europe;"Taylor and Francis Ltd.";"2010-2025";"Visual Arts and Performing Arts (Q1); Education (Q3)";"Arts and Humanities; Social Sciences"
834;21100887529;"RMLE Online";journal;"19404476";"Taylor and Francis Ltd.";Yes;No;0,356;Q3;21;11;30;690;71;30;1,80;62,73;65,63;0;5;United Kingdom;Western Europe;"Taylor and Francis Ltd.";"2002-2025";"Education (Q3)";"Social Sciences"
835;21101118072;"Australasian Journal of Special and Inclusive Education";journal;"25150731, 2515074X";"Cambridge University Press";No;No;0,351;Q3;20;4;44;206;62;43;1,39;51,50;85,71;0;3;United Kingdom;Western Europe;"Cambridge University Press";"2018-2025";"Education (Q3)";"Social Sciences"
836;30061;"History of Education Quarterly";journal;"00182680";"Cambridge University Press";No;No;0,351;Q3;15;26;75;1923;58;65;0,62;73,96;53,85;0;13;United States;Northern America;"Cambridge University Press";"1967, 1971-1972, 1974-1975, 1978, 1980-1981, 1983-1986, 1999-2000, 2002-2003, 2008-2025";"History (Q1); Education (Q3)";"Arts and Humanities; Social Sciences"
837;21101093007;"Journal of General Music Education";journal;"27527646";"SAGE Publications Inc.";No;No;0,351;Q3;4;29;72;417;44;59;0,57;14,38;71,43;0;7;United States;Northern America;"SAGE Publications Inc.";"2021-2025";"Music (Q1); Education (Q3)";"Arts and Humanities; Social Sciences"
838;12100155715;"Assessment for Effective Intervention";journal;"19387458, 15345084";"SAGE Publications Inc.";No;No;0,350;Q3;34;23;75;899;81;75;1,07;39,09;67,47;0;8;United States;Northern America;"SAGE Publications Inc.";"1988-1993, 1995, 1997, 1999-2025";"Health Professions (miscellaneous) (Q2); Developmental and Educational Psychology (Q3); Education (Q3)";"Health Professions; Psychology; Social Sciences"
839;30058;"History of Education";journal;"14645130, 0046760X";"Routledge";No;No;0,350;Q3;26;47;143;2930;127;134;0,85;62,34;52,38;0;12;United Kingdom;Western Europe;"Routledge";"1972-1997, 1999-2001, 2005-2025";"History and Philosophy of Science (Q2); Education (Q3)";"Arts and Humanities; Social Sciences"
840;21101088440;"Investigaciones sobre Lectura";journal;"23408685";"Asociacion Espanola de Comprension Lectora";Yes;Yes;0,350;Q3;6;8;32;282;43;32;1,36;35,25;78,57;0;1;Spain;Western Europe;"Asociacion Espanola de Comprension Lectora";"2019-2024";"Linguistics and Language (Q1); Education (Q3)";"Social Sciences"
841;17700155804;"Journal of E-Learning and Knowledge Society";journal;"18266223, 19718829";"Italian e-Learning Association";Yes;Yes;0,350;Q3;26;24;118;1303;198;112;1,38;54,29;49,25;0;7;Italy;Western Europe;"Italian e-Learning Association";"2006, 2009-2024";"Computer Science Applications (Q3); Education (Q3); E-learning (Q3)";"Computer Science; Social Sciences"
842;21100897169;"Studies in the Education of Adults";journal;"02660830, 14789833";"Taylor and Francis Ltd.";No;No;0,350;Q3;34;33;62;1656;75;56;1,21;50,18;49,12;1;18;United Kingdom;Western Europe;"Taylor and Francis Ltd.";"1996-2025";"Sociology and Political Science (Q2); Education (Q3)";"Social Sciences"
843;21101085514;"Journal of Childhood, Education and Society";journal;"2717638X";"Istanbul Kultur University";Yes;Yes;0,348;Q3;6;27;76;1502;103;73;1,08;55,63;71,93;0;8;Turkey;Middle East;"Istanbul Kultur University";"2020-2024";"Developmental and Educational Psychology (Q3); Education (Q3)";"Psychology; Social Sciences"
844;12100156092;"Journal of Political Science Education";journal;"15512177, 15512169";"Taylor and Francis Ltd.";No;No;0,348;Q3;33;69;226;2998;246;218;0,80;43,45;50,00;0;29;United Kingdom;Western Europe;"Taylor and Francis Ltd.";"2005-2025";"Sociology and Political Science (Q2); Education (Q3)";"Social Sciences"
845;21100898027;"Journal on Mathematics Education";journal;"24070610, 20878885";"Sriwijaya University";Yes;No;0,348;Q3;33;50;110;2815;244;110;1,60;56,30;35,63;0;12;Indonesia;Asiatic Region;"Sriwijaya University";"2010-2024";"Education (Q3); Mathematics (miscellaneous) (Q3)";"Mathematics; Social Sciences"
846;21100902635;"Revista Electronica Interuniversitaria de Formacion del Profesorado";journal;"15750965";"Universidad de Murcia Servicio de Publicaciones";Yes;Yes;0,348;Q3;15;60;130;2207;208;129;1,46;36,78;55,63;1;33;Spain;Western Europe;"Universidad de Murcia Servicio de Publicaciones";"2019-2024";"Cultural Studies (Q1); Education (Q3)";"Social Sciences"
847;145259;"International Education Journal";journal;"14431475";"University of Sydney";No;No;0,347;Q3;42;16;52;638;48;49;0,86;39,88;70,83;0;9;Australia;Pacific Region;"University of Sydney";"1999-2008, 2011-2024";"Education (Q3)";"Social Sciences"
848;21101041706;"Adult Learning";journal;"21624070, 10451595";"SAGE Publications Inc.";No;No;0,346;Q3;27;43;70;1345;105;63;1,24;31,28;63,75;2;16;United States;Northern America;"SAGE Publications Inc.";"1989-2025";"Social Sciences (miscellaneous) (Q2); Education (Q3)";"Social Sciences"
849;21101128457;"Critical Education";journal;"19204175";"Institute for Critical Education Studies";Yes;Yes;0,346;Q3;8;26;67;1259;58;65;0,65;48,42;60,47;0;10;Canada;Northern America;"Institute for Critical Education Studies";"2019-2024";"Education (Q3)";"Social Sciences"
850;21100780474;"Journal of Curriculum and Pedagogy";journal;"15505170, 21568154";"Taylor and Francis Ltd.";No;No;0,346;Q3;20;62;74;2699;86;61;1,29;43,53;61,36;1;13;United Kingdom;Western Europe;"Taylor and Francis Ltd.";"2004-2025";"Education (Q3)";"Social Sciences"
851;21100894767;"INFORMS Transactions on Education";journal;"15320545";"INFORMS Institute for Operations Research and the Management Sciences";Yes;Yes;0,345;Q3;8;19;59;553;71;55;1,22;29,11;30,19;0;4;United States;Northern America;"INFORMS Institute for Operations Research and the Management Sciences";"2018-2024";"Management Information Systems (Q2); Education (Q3); Management Science and Operations Research (Q3)";"Business, Management and Accounting; Decision Sciences; Social Sciences"
852;21100900271;"Higher Learning Research Communications";journal;"21576254";"Walden University";Yes;Yes;0,344;Q3;12;18;52;972;103;48;1,74;54,00;50,00;0;7;United States;Northern America;"Walden University";"2018-2024";"Education (Q3)";"Social Sciences"
853;21100929563;"LEARN Journal: Language Education and Acquisition Research Network";journal;"26300672, 26729431";"Language Institute of Thammasat University";Yes;Yes;0,344;Q3;13;75;190;3268;308;190;1,48;43,57;53,41;0;19;Thailand;Asiatic Region;"Language Institute of Thammasat University";"2019-2025";"Linguistics and Language (Q2); Education (Q3)";"Social Sciences"
854;19325;"Arab Gulf Journal of Scientific Research";journal;"25360051, 19859899";"Emerald Publishing";No;No;0,343;Q3;16;128;95;7120;275;95;4,23;55,63;34,88;0;75;United Kingdom;Western Europe;"Emerald Publishing";"1983-2024";"Agronomy and Crop Science (Q2); Ecology, Evolution, Behavior and Systematics (Q3); Education (Q3); Water Science and Technology (Q3)";"Agricultural and Biological Sciences; Environmental Science; Social Sciences"
855;21100211373;"Formacion Universitaria";journal;"07185006";"Centro de Informacion Tecnologica";Yes;Yes;0,343;Q3;25;87;229;2846;414;228;1,81;32,71;41,53;0;39;Chile;Latin America;"Centro de Informacion Tecnologica";"2012-2024";"Education (Q3)";"Social Sciences"
856;21101149663;"STEM Education";journal;"27671925";"American Institute of Mathematical Sciences";Yes;Yes;0,343;Q3;7;25;61;1054;109;55;1,98;42,16;44,44;0;13;United States;Northern America;"American Institute of Mathematical Sciences";"2021-2025";"Applied Mathematics (Q3); Education (Q3)";"Mathematics; Social Sciences"
857;21101173092;"Vestnik Volgogradskogo Gosudarstvennogo Universiteta. Seriya 2. Yazykoznanie";journal;"24091979, 19989911";"Volgograd State University";Yes;Yes;0,341;Q3;3;81;164;2283;52;164;0,32;28,19;77,17;0;10;Russian Federation;Eastern Europe;"Volgograd State University";"2022-2024";"Linguistics and Language (Q2); Education (Q3)";"Social Sciences"
858;27536;"European Journal of Physics";journal;"01430807, 13616404";"Institute of Physics";No;No;0,339;Q3;62;167;569;4670;505;563;0,93;27,96;24,41;0;9;United Kingdom;Western Europe;"Institute of Physics";"1980-2025";"Physics and Astronomy (miscellaneous) (Q2); Education (Q3)";"Physics and Astronomy; Social Sciences"
859;28883;"Zygon";journal;"05912385, 14679744";"Open Library of Humanities";Yes;Yes;0,339;Q3;31;45;217;1886;132;195;0,69;41,91;27,59;0;10;United Kingdom;Western Europe;"Open Library of Humanities";"1966-2024";"Cultural Studies (Q1); Religious Studies (Q1); Education (Q3)";"Arts and Humanities; Social Sciences"
860;19400157158;"Estudios Sobre Educacion";journal;"15787001";"Servicio de Publicaciones de la Universidad de Navarra";Yes;Yes;0,338;Q3;20;18;85;968;99;85;1,00;53,78;42,50;0;5;Spain;Western Europe;"Servicio de Publicaciones de la Universidad de Navarra";"2001-2025";"Education (Q3)";"Social Sciences"
861;21100468901;"Retos";journal;"19882041, 15791726";"Federacion Espanola de Docentes de Educacion Fisica";Yes;No;0,338;Q3;33;1291;1300;61341;3565;1300;2,82;47,51;34,82;2;327;Spain;Western Europe;"Federacion Espanola de Docentes de Educacion Fisica";"2016-2025";"Cultural Studies (Q1); Gender Studies (Q2); Pharmacy (Q2); Education (Q3); Orthopedics and Sports Medicine (Q3); Physical Therapy, Sports Therapy and Rehabilitation (Q3); Rehabilitation (Q3)";"Health Professions; Medicine; Social Sciences"
862;14564;"American Annals of the Deaf";journal;"15430375, 0002726X";"Gallaudet University Press";No;No;0,337;Q3;51;28;132;1048;87;106;0,51;37,43;73,91;0;7;United States;Northern America;"Gallaudet University Press";"1946-1951, 1961, 1965-2024";"Developmental and Educational Psychology (Q3); Education (Q3); Speech and Hearing (Q3)";"Health Professions; Psychology; Social Sciences"
863;19900192553;"Ethics and Education";journal;"17449642, 17449650";"Routledge";No;No;0,337;Q3;24;40;93;1763;115;93;0,86;44,08;43,40;0;9;United Kingdom;Western Europe;"Routledge";"2010-2025";"Philosophy (Q1); Education (Q3)";"Arts and Humanities; Social Sciences"
864;19700169951;"International Journal of Testing";journal;"15305058, 15327574";"Routledge";No;No;0,337;Q3;29;17;38;887;54;37;1,43;52,18;39,29;0;0;United Kingdom;Western Europe;"Routledge";"2010-2025";"Education (Q3); Modeling and Simulation (Q3); Social Psychology (Q3)";"Mathematics; Psychology; Social Sciences"
865;21101262279;"Discover Education";journal;"27315525";"Springer Nature";Yes;No;0,336;Q3;8;279;74;14300;123;73;1,66;51,25;48,65;0;117;Switzerland;Western Europe;"Springer Nature";"2022-2025";"Education (Q3)";"Social Sciences"
866;21100456858;"Aula Abierta";journal;"02102773, 23412313";"Universidad de Oviedo";Yes;Yes;0,335;Q3;21;22;133;928;170;129;1,16;42,18;58,18;0;15;Spain;Western Europe;"Universidad de Oviedo";"2014-2024";"Education (Q3)";"Social Sciences"
867;100147334;"Canadian Journal of Education";journal;"03802361";"Canadian Society for the Study of Education (CSSE)";Yes;Yes;0,335;Q3;46;36;147;1742;135;131;0,80;48,39;65,67;0;8;Canada;Northern America;"Canadian Society for the Study of Education (CSSE)";"1996-1997, 1999-2002, 2005-2024";"Education (Q3)";"Social Sciences"
868;24053;"College English";journal;"00100994";"National Council of Teachers of English";No;No;0,335;Q3;32;29;78;988;48;71;0,32;34,07;48,15;0;3;United States;Northern America;"National Council of Teachers of English";"2004-2024";"Linguistics and Language (Q2); Education (Q3)";"Social Sciences"
869;21100902551;"International Electronic Journal of Environmental Education";journal;"21460329";"International Electronic Journal of Environmental Education";Yes;No;0,334;Q3;7;0;9;0;18;9;0,00;0,00;0,00;0;0;Turkey;Middle East;"International Electronic Journal of Environmental Education";"2018-2021";"Education (Q3); Environmental Science (miscellaneous) (Q3)";"Environmental Science; Social Sciences"
870;21100823999;"Jurnal Pendidikan IPA Indonesia";journal;"20894392, 23391286";"Universitas Negeri Semarang";Yes;No;0,334;Q3;30;60;180;3993;404;180;2,12;66,55;45,63;0;22;Indonesia;Asiatic Region;"Universitas Negeri Semarang";"2012-2024";"Education (Q3)";"Social Sciences"
871;21101062486;"Mathematics Teacher Education and Development";journal;"14423901";"Mathematics Education Research Group of Australasia";No;No;0,334;Q3;8;10;59;611;75;56;0,96;61,10;64,00;0;0;Australia;Pacific Region;"Mathematics Education Research Group of Australasia";"2019-2024";"Education (Q3); Mathematics (miscellaneous) (Q3)";"Mathematics; Social Sciences"
872;21100911837;"Participatory Educational Research";journal;"21486123";"Ozgen Korkmaz";Yes;No;0,334;Q3;16;101;336;5910;522;335;1,48;58,51;39,73;0;37;Turkey;Middle East;"Ozgen Korkmaz";"2019-2025";"Developmental and Educational Psychology (Q3); Education (Q3)";"Psychology; Social Sciences"
873;21101040604;"Pedagogy of Physical Culture and Sports";journal;"26649837";"Iermakov Sergii Sidorovich";Yes;No;0,334;Q3;11;58;157;2321;293;157;2,20;40,02;30,14;0;12;Ukraine;Eastern Europe;"Iermakov Sergii Sidorovich";"2020-2024";"Education (Q3); Orthopedics and Sports Medicine (Q3); Physical Therapy, Sports Therapy and Rehabilitation (Q3)";"Health Professions; Medicine; Social Sciences"
874;21101017157;"Canadian Journal of Higher Education";journal;"22936602";"Canadian Society for Studies in Higher Education";Yes;Yes;0,332;Q3;12;10;76;503;86;72;0,73;50,30;76,19;0;4;Canada;Northern America;"Canadian Society for Studies in Higher Education";"2019-2025";"Education (Q3)";"Social Sciences"
875;19700187704;"International Studies in Catholic Education";journal;"19422539, 19422547";"Routledge";No;No;0,332;Q3;13;44;60;1781;36;48;0,70;40,48;36,62;1;7;United Kingdom;Western Europe;"Routledge";"2010-2025";"Religious Studies (Q1); Education (Q3)";"Arts and Humanities; Social Sciences"
876;21100400219;"European Journal for Research on the Education and Learning of Adults";journal;"20007426";"Linkoping University Electronic Press";Yes;Yes;0,331;Q3;13;21;67;1096;72;60;0,77;52,19;68,75;0;12;Sweden;Western Europe;"Linkoping University Electronic Press";"2010, 2015-2024";"Education (Q3)";"Social Sciences"
877;21101066748;"Health, Sport, Rehabilitation";journal;"25202677, 25202685";"Springer Nature";Yes;No;0,331;Q3;8;35;91;1181;147;91;1,52;33,74;45,07;0;4;Ukraine;Eastern Europe;"Springer Nature";"2019-2024";"Complementary and Manual Therapy (Q2); Education (Q3); Occupational Therapy (Q3); Orthopedics and Sports Medicine (Q3); Physical Therapy, Sports Therapy and Rehabilitation (Q3); Rehabilitation (Q3)";"Health Professions; Medicine; Social Sciences"
878;21101144400;"Journal of Catholic Education";journal;"23738170";"Loyola Marymount University";No;No;0,331;Q3;8;11;73;445;48;70;0,52;40,45;43,48;0;1;United States;Northern America;"Loyola Marymount University";"2019-2024";"Education (Q3)";"Social Sciences"
879;21100448566;"Journal of Information Technology Teaching Cases";journal;"20438869";"Springer International Publishing AG";No;No;0,331;Q3;13;88;92;1224;152;92;1,24;13,91;39,04;1;40;Switzerland;Western Europe;"Springer International Publishing AG";"2014-2025";"Library and Information Sciences (Q2); Education (Q3)";"Social Sciences"
880;12691;"Merrill-Palmer Quarterly";journal;"0272930X, 15350266";"Wayne State University Press";No;No;0,331;Q3;80;4;53;373;49;53;0,25;93,25;68,18;0;0;United States;Northern America;"Wayne State University Press";"1973, 1996-2024";"Social Sciences (miscellaneous) (Q2); Developmental and Educational Psychology (Q3); Education (Q3)";"Psychology; Social Sciences"
881;21100897139;"Nordic Studies in Science Education";journal;"18941257";"University of Oslo";Yes;Yes;0,331;Q3;8;18;65;682;52;58;0,74;37,89;71,79;0;4;Sweden;Western Europe;"University of Oslo";"2018-2024";"Education (Q3)";"Social Sciences"
882;21101070323;"Novitas-ROYAL";journal;"13074733";"Children Research Center";No;No;0,331;Q3;8;34;43;1243;78;43;2,23;36,56;70,30;0;9;Turkey;Middle East;"Children Research Center";"2019-2024";"Linguistics and Language (Q2); Education (Q3)";"Social Sciences"
883;21100255515;"Australasian Journal of Gifted Education";journal;"13239686";"Australian Association for the Education of the Gifted and Talented";No;No;0,330;Q3;13;10;30;449;39;23;0,85;44,90;77,78;0;3;Australia;Pacific Region;"Australian Association for the Education of the Gifted and Talented";"2009-2024";"Education (Q3)";"Social Sciences"
884;21101037306;"Journal of Teaching English for Specific and Academic Purposes";journal;"23349182, 23349212";"University of Nis";No;No;0,330;Q3;6;52;159;1667;139;158;0,98;32,06;68,83;0;19;Serbia;Eastern Europe;"University of Nis";"2019-2025";"Education (Q3)";"Social Sciences"
885;21100456197;"Multicultural Education Review";journal;"23770031, 2005615X";"Taylor and Francis Ltd.";No;No;0,330;Q3;19;17;52;1010;80;51;1,06;59,41;63,41;0;7;United Kingdom;Western Europe;"Taylor and Francis Ltd.";"2009-2013, 2015-2025";"Anthropology (Q2); Education (Q3)";"Social Sciences"
886;21100889433;"International Journal of Evidence Based Coaching and Mentoring";journal;"17418305";"Oxford Brookes University";Yes;Yes;0,329;Q3;12;54;121;2768;178;113;1,09;51,26;61,63;0;6;United Kingdom;Western Europe;"Oxford Brookes University";"2018-2025";"Business, Management and Accounting (miscellaneous) (Q3); Education (Q3)";"Business, Management and Accounting; Social Sciences"
887;5800179610;"Review of Education, Pedagogy, and Cultural Studies";journal;"15563022, 10714413";"Taylor and Francis Ltd.";No;No;0,329;Q3;30;75;67;3121;92;64;1,48;41,61;54,26;0;14;United Kingdom;Western Europe;"Taylor and Francis Ltd.";"1994-2025";"Cultural Studies (Q1); Education (Q3)";"Social Sciences"
888;21100923617;"Revista Pedagogia Universitaria y Didactica del Derecho";journal;"07195885";"Universidad de Chile";Yes;Yes;0,329;Q3;8;36;92;1101;68;90;0,73;30,58;51,06;0;12;Chile;Latin America;"Universidad de Chile";"2019-2024";"Law (Q2); Education (Q3)";"Social Sciences"
889;21100943527;"Philosophy of Music Education Review";journal;"10635734, 15433412";"Indiana University Press";No;No;0,328;Q3;7;14;40;602;28;32;0,30;43,00;15,38;0;1;United States;Northern America;"Indiana University Press";"2019-2024";"Music (Q1); Philosophy (Q1); Education (Q3)";"Arts and Humanities; Social Sciences"
890;21100451311;"TECHNE";journal;"22390243";"Firenze University Press";Yes;No;0,328;Q3;14;73;254;1081;179;237;0,80;14,81;58,99;0;44;Italy;Western Europe;"Firenze University Press";"2015-2024";"Architecture (Q2); Urban Studies (Q2); Building and Construction (Q3); Education (Q3); Health (social science) (Q3)";"Engineering; Social Sciences"
891;19600157369;"Journal of Physician Assistant Education";journal;"19419449, 19419430";"Lippincott Williams and Wilkins Ltd.";No;No;0,327;Q3;20;91;201;1593;155;187;0,78;17,51;62,50;0;26;United States;Northern America;"Lippincott Williams and Wilkins Ltd.";"2009-2025";"Medical Assisting and Transcription; Education (Q3); Medicine (miscellaneous) (Q3)";"Health Professions; Medicine; Social Sciences"
892;21100326894;"Revista Eureka";journal;"1697011X";"Universidad de Cadiz";Yes;Yes;0,327;Q3;18;38;121;1632;142;118;1,00;42,95;46,67;0;8;Spain;Western Europe;"Universidad de Cadiz";"2014-2024";"Education (Q3)";"Social Sciences"
893;21100870589;"International Journal of Play";journal;"21594953";"Taylor and Francis Ltd.";No;No;0,326;Q3;22;35;146;1166;130;120;0,80;33,31;67,57;0;4;United Kingdom;Western Europe;"Taylor and Francis Ltd.";"2012-2025";"Cultural Studies (Q1); Anthropology (Q2); Developmental and Educational Psychology (Q3); Education (Q3)";"Psychology; Social Sciences"
894;21101017734;"Journal of Urban Mathematics Education";journal;"21512612";"Texas A and M University";Yes;Yes;0,326;Q3;6;3;31;128;37;24;0,63;42,67;80,00;0;1;United States;Northern America;"Texas A and M University";"2019-2024";"Education (Q3); Mathematics (miscellaneous) (Q3)";"Mathematics; Social Sciences"
895;18700156723;"NASSP Bulletin";journal;"19301405, 01926365";"SAGE Publications Ltd";No;No;0,326;Q3;34;0;57;0;54;45;0,54;0,00;0,00;0;0;United Kingdom;Western Europe;"SAGE Publications Ltd";"1917-1921, 1926-2023";"Education (Q3)";"Social Sciences"
896;21100934092;"International Journal of Evaluation and Research in Education";journal;"26205440, 22528822";"Institute of Advanced Engineering and Science";Yes;No;0,324;Q3;28;432;655;21821;1570;655;2,04;50,51;44,40;0;164;Indonesia;Asiatic Region;"Institute of Advanced Engineering and Science";"2019-2025";"Education (Q3)";"Social Sciences"
897;21100855411;"Journal for Social Action in Counseling and Psychology";journal;"21598142";"Ball State University Center for Peace and Conflict Studies";Yes;Yes;0,324;Q3;8;7;29;475;28;29;1,08;67,86;73,08;0;6;United States;Northern America;"Ball State University Center for Peace and Conflict Studies";"2017-2024";"Sociology and Political Science (Q2); Clinical Psychology (Q3); Education (Q3); Social Psychology (Q3)";"Psychology; Social Sciences"
898;21101138521;"Journal of Education Culture and Society";journal;"20811640";"Pro Scientia Publica Foundation";Yes;No;0,323;Q3;14;86;234;2873;269;233;1,21;33,41;57,87;0;33;Poland;Eastern Europe;"Pro Scientia Publica Foundation";"2019-2024";"History (Q1); History and Philosophy of Science (Q2); Sociology and Political Science (Q2); Education (Q3); Psychology (miscellaneous) (Q3)";"Arts and Humanities; Psychology; Social Sciences"
899;21101037909;"Contemporary Trends and Issues in Science Education";book series;"18780482, 18780784";"Springer Science and Business Media Deutschland GmbH";No;No;0,322;Q3;15;76;84;3686;48;1;0,57;48,50;0,00;0;26;Netherlands;Western Europe;"Springer Science and Business Media Deutschland GmbH";"2010, 2012, 2014, 2016-2020, 2022-2024";"Social Sciences (miscellaneous) (Q2); Education (Q3)";"Social Sciences"
900;21101208908;"Open Praxis";journal;"2304070X, 13699997";"International Council for Open and Distance Education";Yes;Yes;0,322;Q3;14;48;86;2499;160;75;1,69;52,06;46,67;0;30;Norway;Western Europe;"International Council for Open and Distance Education";"2020-2024";"Library and Information Sciences (Q2); Education (Q3)";"Social Sciences"
901;21101034340;"English Teaching (South Korea)";journal;"26719312, 10177108";"Korea Association of Teachers of English";No;No;0,321;Q3;8;38;114;1935;100;114;0,63;50,92;69,23;0;17;South Korea;Asiatic Region;"Korea Association of Teachers of English";"2019-2024";"Education (Q3)";"Social Sciences"
902;21100206205;"IEEE Global Engineering Education Conference, EDUCON";conference and proceedings;"21659559, 21659567";"IEEE Computer Society";No;No;0,321;-;39;382;752;8936;1186;745;1,74;23,39;38,44;0;187;United States;Northern America;"IEEE Computer Society";"2012-2024";"Education; Engineering (miscellaneous); Information Systems and Management";"Decision Sciences; Engineering; Social Sciences"
903;19700181256;"Constructivist Foundations";journal;"1782348X";"Vrije Universiteit Brussel";No;No;0,319;Q3;26;42;276;684;133;275;0,50;16,29;20,51;0;2;Belgium;Western Europe;"Vrije Universiteit Brussel";"2010-2024";"Philosophy (Q1); History and Philosophy of Science (Q2); Multidisciplinary (Q2); Artificial Intelligence (Q3); Education (Q3); Cognitive Neuroscience (Q4)";"Arts and Humanities; Computer Science; Multidisciplinary; Neuroscience; Social Sciences"
904;17200154705;"European Journal of International Management";journal;"17516757, 17516765";"Inderscience Enterprises Ltd";No;No;0,318;Q3;37;77;202;6863;269;202;0,99;89,13;43,61;0;35;United Kingdom;Western Europe;"Inderscience Enterprises Ltd";"2007-2025";"Business and International Management (Q3); Education (Q3); Organizational Behavior and Human Resource Management (Q3)";"Business, Management and Accounting; Social Sciences"
905;21100830439;"Language Learning in Higher Education";journal;"2191611X, 21916128";"De Gruyter Mouton";No;No;0,318;Q3;12;26;99;1335;90;94;0,84;51,35;57,14;0;1;Germany;Western Europe;"De Gruyter Mouton";"2017-2024";"Linguistics and Language (Q2); Education (Q3)";"Social Sciences"
906;21100942842;"Physical Education Theory and Methodology";journal;"19937997, 19937989";"OVS LLC";Yes;No;0,318;Q3;16;120;269;4672;544;269;1,84;38,93;33,64;0;26;Ukraine;Eastern Europe;"OVS LLC";"2019-2024";"Education (Q3); Health (social science) (Q3); Physical Therapy, Sports Therapy and Rehabilitation (Q3); Public Health, Environmental and Occupational Health (Q3)";"Health Professions; Medicine; Social Sciences"
907;29335;"Education for Information";journal;"18758649, 01678329";"SAGE Publications Ltd";No;No;0,317;Q3;23;16;77;665;82;73;0,93;41,56;50,00;0;8;Netherlands;Western Europe;"SAGE Publications Ltd";"1983-2024";"Library and Information Sciences (Q2); Education (Q3); Information Systems (Q3)";"Computer Science; Social Sciences"
908;21100890669;"Journal of Engineering Education Transformations";journal;"23941707, 23492473";"Rajarambapu Institute Of Technology";No;No;0,317;Q3;15;240;513;5554;718;503;1,36;23,14;36,98;0;115;India;Asiatic Region;"Rajarambapu Institute Of Technology";"2018-2025";"Engineering (miscellaneous) (Q2); Development (Q3); Education (Q3)";"Engineering; Social Sciences"
909;21101073718;"Learning Disabilities";journal;"19376928, 19376936";"Learning Disabilities Worldwide (LDW)";No;No;0,317;Q3;12;9;32;429;35;32;0,86;47,67;65,85;0;5;United States;Northern America;"Learning Disabilities Worldwide (LDW)";"2018-2024";"Developmental and Educational Psychology (Q3); Education (Q3); Health (social science) (Q3)";"Psychology; Social Sciences"
910;21100897703;"International Journal of Learning, Teaching and Educational Research";journal;"16942116, 16942493";"Society for Research and Knowledge Management";No;No;0,316;Q3;23;336;831;17742;1386;831;1,70;52,80;42,84;0;181;Mauritius;Africa;"Society for Research and Knowledge Management";"2018-2025";"Education (Q3)";"Social Sciences"
911;21100887517;"Journal of Dance Education";journal;"15290824, 2158074X";"Taylor and Francis Ltd.";No;No;0,316;Q3;22;64;106;2247;88;102;0,81;35,11;75,00;0;12;United Kingdom;Western Europe;"Taylor and Francis Ltd.";"2001-2025";"Visual Arts and Performing Arts (Q1); Education (Q3)";"Arts and Humanities; Social Sciences"
912;21101183653;"Quality Advancement in Nursing Education";journal;"23686669";"Canadian Association of Schools of Nursing";Yes;Yes;0,316;Q3;7;33;75;1418;70;67;0,95;42,97;82,98;0;5;Canada;Northern America;"Canadian Association of Schools of Nursing";"2019-2024";"Education (Q3); Nursing (miscellaneous) (Q3); Research and Theory (Q3)";"Nursing; Social Sciences"
913;21100898028;"Educar";journal;"0211819X, 20148801";"Universitat Autonoma de Barcelona";Yes;Yes;0,315;Q3;14;33;96;1102;113;93;1,08;33,39;61,36;3;20;Spain;Western Europe;"Universitat Autonoma de Barcelona";"2018-2025";"Communication (Q2); Education (Q3); Human-Computer Interaction (Q4)";"Computer Science; Social Sciences"
914;21100933241;"Australian Universities Review";journal;"22085394, 08188068";"National Tertiary Education Union";No;No;0,314;Q3;8;9;36;222;30;32;0,46;24,67;44,44;0;4;Australia;Pacific Region;"National Tertiary Education Union";"2019-2022, 2024";"Education (Q3)";"Social Sciences"
915;21100201516;"International Journal of Mobile and Blended Learning";journal;"19418655, 19418647";"IGI Global Publishing";No;No;0,314;Q3;22;5;64;246;103;64;1,50;49,20;80,00;0;2;United States;Northern America;"IGI Global Publishing";"2009-2024";"Computer Science (miscellaneous) (Q3); Education (Q3); E-learning (Q3)";"Computer Science; Social Sciences"
916;21100903818;"Research in Educational Administration and Leadership";journal;"25647261";"Dokuz Eylul University";Yes;Yes;0,314;Q3;10;25;73;1387;94;71;1,00;55,48;49,02;0;13;Turkey;Middle East;"Dokuz Eylul University";"2016-2024";"Education (Q3)";"Social Sciences"
917;21100793123;"Journal of College Reading and Learning";journal;"10790195, 23327413";"Taylor and Francis Ltd.";No;No;0,313;Q3;22;13;61;612;55;49;0,83;47,08;50,00;0;8;United Kingdom;Western Europe;"Taylor and Francis Ltd.";"1983-2013, 2015-2025";"Linguistics and Language (Q2); Developmental and Educational Psychology (Q3); Education (Q3)";"Psychology; Social Sciences"
918;21101155951;"Journal of Curriculum Studies Research";journal;"26902788";"OpenED Network";Yes;No;0,313;Q3;13;21;63;1068;122;62;2,09;50,86;60,34;0;9;Turkey;Middle East;"OpenED Network";"2019-2024";"Social Sciences (miscellaneous) (Q2); Education (Q3)";"Social Sciences"
919;21100975561;"Journal of Visual Literacy";journal;"1051144X, 23796529";"Taylor and Francis Ltd.";No;No;0,313;Q3;23;18;48;1011;51;45;1,32;56,17;60,53;0;4;United Kingdom;Western Europe;"Taylor and Francis Ltd.";"1996-2025";"Visual Arts and Performing Arts (Q1); Communication (Q2); Education (Q3)";"Arts and Humanities; Social Sciences"
920;21100857775;"PNA";journal;"18873987";"Universidad de Granada, Grupo de Investigacion Didactica de la Matematica";Yes;Yes;0,312;Q3;7;20;39;835;46;39;1,00;41,75;54,17;0;1;Spain;Western Europe;"Universidad de Granada, Grupo de Investigacion Didactica de la Matematica";"2017-2025";"Education (Q3); Mathematics (miscellaneous) (Q3)";"Mathematics; Social Sciences"
921;21100314715;"Theory and Practice in Language Studies";journal;"20530692, 17992591";"Academy Publication";No;No;0,312;Q3;27;423;909;14380;907;909;1,08;34,00;51,24;0;91;United Kingdom;Western Europe;"Academy Publication";"2011-2014, 2017-2025";"Literature and Literary Theory (Q1); Linguistics and Language (Q2); Education (Q3)";"Arts and Humanities; Social Sciences"
922;21100267903;"International Journal of Game-Based Learning";journal;"21556857, 21556849";"IGI Global Publishing";No;No;0,311;Q3;29;7;38;415;60;38;1,48;59,29;53,33;0;2;United States;Northern America;"IGI Global Publishing";"2011-2025";"Developmental and Educational Psychology (Q3); Education (Q3); E-learning (Q3)";"Psychology; Social Sciences"
923;21100448003;"Journal of Higher Education Outreach and Engagement";journal;"15346102, 21648212";"University of Georgia";No;No;0,310;Q3;21;37;133;1654;140;130;0,95;44,70;67,86;0;21;United States;Northern America;"University of Georgia";"2015-2024";"Education (Q3)";"Social Sciences"
924;21101125267;"Russian Language at School";journal;"26190966, 01316141";"Nash Language Limited Liability Company";No;No;0,309;Q3;3;69;188;921;25;187;0,14;13,35;81,44;0;6;Russian Federation;Eastern Europe;"Nash Language Limited Liability Company";"2019-2025";"Linguistics and Language (Q2); Education (Q3)";"Social Sciences"
925;19700174629;"Cultura y Educacion";journal;"15784118, 11356405";"SAGE Publications Ltd";No;No;0,308;Q3;28;32;107;50;132;104;0,94;1,56;54,29;0;12;United Kingdom;Western Europe;"SAGE Publications Ltd";"2008-2024";"Cultural Studies (Q1); Education (Q3)";"Social Sciences"
926;21100451188;"European Journal of Adapted Physical Activity";journal;"18033857";"European Federation of Adapted Physical Activity";Yes;Yes;0,308;Q3;12;3;37;227;39;37;0,91;75,67;50,00;0;0;Czech Republic;Eastern Europe;"European Federation of Adapted Physical Activity";"2015-2024";"Education (Q3); Health (social science) (Q3); Physical Therapy, Sports Therapy and Rehabilitation (Q3); Social Psychology (Q3)";"Health Professions; Psychology; Social Sciences"
927;21100378965;"Journal of Social Science Education";journal;"16119665, 16185293";"sowi-online e.V.";Yes;Yes;0,307;Q3;15;27;93;1504;84;81;0,81;55,70;52,50;0;16;Germany;Western Europe;"sowi-online e.V.";"2014-2024";"Education (Q3)";"Social Sciences"
928;21100448516;"Journal of Information Technology Education: Innovations in Practice";journal;"2165316X, 21653151";"Informing Science Institute";Yes;No;0,306;Q3;17;17;25;1004;66;25;2,50;59,06;51,11;0;14;United States;Northern America;"Informing Science Institute";"2015-2025";"Computer Science (miscellaneous) (Q3); Education (Q3)";"Computer Science; Social Sciences"
929;21100837257;"College Teaching";journal;"87567555, 19308299";"Taylor and Francis Ltd.";No;No;0,305;Q3;56;94;149;2636;209;141;1,41;28,04;69,39;1;25;United Kingdom;Western Europe;"Taylor and Francis Ltd.";"1996-2025";"Education (Q3)";"Social Sciences"
930;21100398494;"Interdisciplinary Journal of Problem-based Learning";journal;"15415015";"Indiana University Press";Yes;Yes;0,305;Q3;26;7;39;328;45;36;0,77;46,86;86,36;0;4;United States;Northern America;"Indiana University Press";"2015-2024";"Education (Q3)";"Social Sciences"
931;21100205738;"Journal of Humanistic Counseling";journal;"21611939, 21590311";"John Wiley and Sons Ltd";No;No;0,305;Q3;23;25;44;1293;62;41;1,33;51,72;55,56;0;8;United Kingdom;Western Europe;"John Wiley and Sons Ltd";"2011-2024";"Developmental and Educational Psychology (Q3); Education (Q3)";"Psychology; Social Sciences"
932;21100827444;"Asia Pacific Media Educator";journal;"23215410, 1326365X";"Sage Publications India Pvt. Ltd";No;No;0,304;Q3;15;0;19;0;36;14;0,00;0,00;0,00;0;0;India;Asiatic Region;"Sage Publications India Pvt. Ltd";"2014-2021";"Communication (Q2); Education (Q3)";"Social Sciences"
933;21100903424;"Critical Studies in Teaching and Learning";journal;"23107103";"University of the Western Cape";Yes;No;0,304;Q3;10;23;82;988;83;70;0,92;42,96;90,32;0;5;South Africa;Africa;"University of the Western Cape";"2018-2024";"Sociology and Political Science (Q2); Education (Q3)";"Social Sciences"
934;14239;"College and Research Libraries News";journal;"21506698, 00990086";"Association of College and Research Libraries";No;No;0,303;Q3;27;79;236;601;142;164;0,68;7,61;76,92;0;6;United States;Northern America;"Association of College and Research Libraries";"1987-1988, 1992, 1994-2025";"Library and Information Sciences (Q2); Education (Q3)";"Social Sciences"
935;21100223135;"History of Education Review";journal;"08198691, 03113248";"Emerald Group Publishing Ltd.";No;No;0,303;Q3;10;15;37;813;27;37;0,54;54,20;48,15;0;7;United Kingdom;Western Europe;"Emerald Group Publishing Ltd.";"1980, 1982, 2012-2025";"History (Q1); Education (Q3)";"Arts and Humanities; Social Sciences"
936;21100440523;"Interaction Design and Architecture(s)";journal;"18269745, 22832998";"ASLERD";Yes;Yes;0,303;Q3;21;30;118;1122;180;118;1,13;37,40;46,75;0;16;Italy;Western Europe;"ASLERD";"2007, 2011-2024";"Architecture (Q2); Media Technology (Q2); Multidisciplinary (Q2); Social Sciences (miscellaneous) (Q2); Computer Science Applications (Q3); Education (Q3); Pharmacology (Q3); Human-Computer Interaction (Q4)";"Computer Science; Engineering; Multidisciplinary; Pharmacology, Toxicology and Pharmaceutics; Social Sciences"
937;5800207571;"Support for Learning";journal;"02682141";"Wiley-Blackwell";No;No;0,303;Q3;37;34;87;934;91;76;1,08;27,47;66,67;0;22;United States;Northern America;"Wiley-Blackwell";"1986-2025";"Education (Q3)";"Social Sciences"
938;21100897202;"FWU Journal of Social Sciences";journal;"19951272";"Shaheed Benazir Bhutto Women University";No;No;0,302;Q3;8;44;128;2317;205;128;1,78;52,66;32,65;0;24;Pakistan;Asiatic Region;"Shaheed Benazir Bhutto Women University";"2018-2024";"History (Q1); Social Sciences (miscellaneous) (Q2); Sociology and Political Science (Q2); Education (Q3); Psychology (miscellaneous) (Q3)";"Arts and Humanities; Psychology; Social Sciences"
939;21100933994;"Mathematics Teaching-Research Journal";journal;"25734377";"City University of New York";Yes;No;0,301;Q3;9;72;156;2962;189;143;1,21;41,14;37,32;0;13;United States;Northern America;"City University of New York";"2006-2024";"Education (Q3); Mathematics (miscellaneous) (Q3)";"Mathematics; Social Sciences"
940;17300154913;"Performance Improvement Quarterly";journal;"19378327, 08985952";"International Society for Performance Improvement";No;No;0,301;Q3;27;0;37;0;77;29;3,64;0,00;0,00;0;0;United States;Northern America;"International Society for Performance Improvement";"1988-1995, 2009-2022";"Education (Q3); Organizational Behavior and Human Resource Management (Q3)";"Business, Management and Accounting; Social Sciences"
941;21100921050;"International Journal of Information and Education Technology";journal;"20103689";"International Journal of Information and Education Technology";No;No;0,300;Q3;22;195;532;9231;1061;532;1,92;47,34;44,34;0;99;Singapore;Asiatic Region;"International Journal of Information and Education Technology";"2019-2025";"Computer Science Applications (Q3); Education (Q3)";"Computer Science; Social Sciences"
942;21100837232;"Epistemology and Philosophy of Science";journal;"1811833X, 23117133";"Institute of Philosophy, Russian Academy of Sciences";Yes;No;0,299;Q3;10;63;215;1494;62;211;0,27;23,71;35,38;0;1;Russian Federation;Eastern Europe;"Institute of Philosophy, Russian Academy of Sciences";"2017-2024";"Cultural Studies (Q1); Arts and Humanities (miscellaneous) (Q2); History and Philosophy of Science (Q2); Philosophy (Q2); Education (Q3)";"Arts and Humanities; Social Sciences"
943;23163;"Journal of College Science Teaching";journal;"19434898";"Informa UK Ltd";No;No;0,299;Q3;15;100;180;2842;139;177;0,69;28,42;62,57;0;33;United Kingdom;Western Europe;"Informa UK Ltd";"1977, 2014-2025";"Education (Q3)";"Social Sciences"
944;21100894554;"Multidisciplinary Journal of Educational Research";journal;"20142862";"Hipatia Editorial";Yes;No;0,299;Q3;10;18;38;1013;51;38;1,38;56,28;62,50;0;11;Spain;Western Europe;"Hipatia Editorial";"2018-2024";"Sociology and Political Science (Q2); Developmental and Educational Psychology (Q3); Education (Q3)";"Psychology; Social Sciences"
945;19900191880;"Bolema - Mathematics Education Bulletin";journal;"0103636X, 19804415";"BOLEMA Departamento de Matematica";Yes;Yes;0,298;Q3;16;83;210;2888;110;208;0,41;34,80;53,75;0;22;Brazil;Latin America;"BOLEMA Departamento de Matematica";"2010-2024";"Education (Q3); Mathematics (miscellaneous) (Q3)";"Mathematics; Social Sciences"
946;12045;"Interface: Communication, Health, Education";journal;"18075762, 14143283";"Fundacao UNI Botucatu/UNESP";Yes;No;0,298;Q3;28;111;384;3107;201;342;0,38;27,99;68,86;1;44;Brazil;Latin America;"Fundacao UNI Botucatu/UNESP";"1980, 2004, 2007-2025";"Communication (Q2); Education (Q3); Health (social science) (Q3)";"Social Sciences"
947;12345;"International Journal of Engineering Education";journal;"0949149X";"Tempus Publications";No;No;0,298;Q3;64;123;422;5386;459;398;0,93;43,79;46,54;0;47;Ireland;Western Europe;"Tempus Publications";"1996-2025";"Education (Q3); Engineering (miscellaneous) (Q3)";"Engineering; Social Sciences"
948;21100429296;"Journal of Social Studies Education Research";journal;"13099108";"Association for Social Studies Educa";Yes;No;0,298;Q3;23;62;166;4014;261;166;1,37;64,74;57,71;0;29;Turkey;Middle East;"Association for Social Studies Educa";"2015-2024";"Social Sciences (miscellaneous) (Q2); Education (Q3)";"Social Sciences"
949;15403;"Perspectives in Education";journal;"2519593X, 02582236";"University of the Free State";Yes;No;0,298;Q3;29;0;233;0;267;220;0,95;0,00;0,00;0;0;South Africa;Africa;"University of the Free State";"2004-2023";"Education (Q3)";"Social Sciences"
950;21100805726;"Voprosy Obrazovaniya / Educational Studies Moscow";journal;"24124354, 18149545";"National Research University Higher School of Economics";Yes;Yes;0,298;Q3;19;42;132;2259;138;132;1,14;53,79;72,92;0;24;Russian Federation;Eastern Europe;"National Research University Higher School of Economics";"2012-2024";"Education (Q3)";"Social Sciences"
951;21100283777;"Egitim ve Bilim";journal;"13001337";"Turkish Education Association";No;No;0,297;Q3;30;40;180;3335;146;180;0,58;83,38;57,14;0;18;Turkey;Middle East;"Turkish Education Association";"2008-2025";"Education (Q3)";"Social Sciences"
952;21101218126;"International Journal of Disability and Social Justice";journal;"27324044, 27324036";"Pluto Journals";Yes;Yes;0,297;Q3;4;16;38;907;61;35;1,27;56,69;58,06;0;12;United Kingdom;Western Europe;"Pluto Journals";"2021-2024";"Social Sciences (miscellaneous) (Q2); Sociology and Political Science (Q2); Education (Q3)";"Social Sciences"
953;21101176853;"Projeto Historia";journal;"01024442, 21762767";"Pontifícia Universidade Católica de São Paulo";Yes;Yes;0,297;Q3;3;41;136;1529;17;122;0,12;37,29;50,00;1;13;Brazil;Latin America;"Pontifícia Universidade Católica de São Paulo";"2019-2024";"History (Q1); Education (Q3)";"Arts and Humanities; Social Sciences"
954;21101148008;"Australian and International Journal of Rural Education";journal;"18397387, 10360026";"Society for the Provision of Education in Rural Education";Yes;Yes;0,295;Q3;8;30;81;1085;69;78;0,85;36,17;74,63;0;15;Australia;Pacific Region;"Society for the Provision of Education in Rural Education";"2019-2024";"Social Sciences (miscellaneous) (Q2); Education (Q3)";"Social Sciences"
955;21100899640;"Educational Research for Social Change";journal;"22214070";"Nelson Mandela University,Faculty of Education";Yes;No;0,295;Q3;10;18;54;576;35;44;0,40;32,00;60,61;0;13;South Africa;Africa;"Nelson Mandela University,Faculty of Education";"2018-2024";"Sociology and Political Science (Q2); Education (Q3)";"Social Sciences"
956;21100972436;"Gifted and Talented International";journal;"15332276, 24709565";"Routledge";No;No;0,295;Q3;16;11;39;616;36;37;1,03;56,00;40,74;0;3;United States;Northern America;"Routledge";"1996-2025";"Developmental and Educational Psychology (Q3); Education (Q3)";"Psychology; Social Sciences"
957;21100899617;"Canadian Journal of Learning and Technology";journal;"14996685";"Canadian Network for Innovation in Education";Yes;Yes;0,294;Q3;11;21;91;948;103;78;0,91;45,14;54,55;0;5;Canada;Northern America;"Canadian Network for Innovation in Education";"2018-2024";"Computer Science Applications (Q3); Education (Q3); Management of Technology and Innovation (Q3)";"Business, Management and Accounting; Computer Science; Social Sciences"
958;21100890306;"Journal of Physical Education, Recreation and Dance";journal;"07303084, 21683816";"Taylor and Francis Ltd.";No;No;0,293;Q3;18;102;278;1571;188;196;0,65;15,40;54,00;0;23;United Kingdom;Western Europe;"Taylor and Francis Ltd.";"2018-2025";"Education (Q3); Orthopedics and Sports Medicine (Q3); Physical Therapy, Sports Therapy and Rehabilitation (Q3)";"Health Professions; Medicine; Social Sciences"
959;21100453516;"Psychology, Society and Education";journal;"1989709X, 21712085";"UCOPress. Editorial Universidad de Cordoba";Yes;Yes;0,293;Q3;15;24;105;1141;112;105;1,17;47,54;58,75;0;11;Spain;Western Europe;"UCOPress. Editorial Universidad de Cordoba";"2012, 2015-2025";"Sociology and Political Science (Q2); Clinical Psychology (Q3); Education (Q3); Social Psychology (Q4)";"Psychology; Social Sciences"
960;22451;"Journal of Scholarly Publishing";journal;"17101166, 11989742";"University of Toronto Press";No;No;0,292;Q3;21;26;52;1517;55;48;1,03;58,35;36,54;0;3;Canada;Northern America;"University of Toronto Press";"1994-2003, 2005-2024";"Media Technology (Q2); Education (Q3)";"Engineering; Social Sciences"
961;21100899302;"Qualitative Research in Education";journal;"20146418";"Hipatia Editorial";Yes;No;0,292;Q3;9;13;33;662;46;33;1,14;50,92;52,94;0;5;Spain;Western Europe;"Hipatia Editorial";"2018-2024";"Arts and Humanities (miscellaneous) (Q2); Developmental and Educational Psychology (Q3); Education (Q3)";"Arts and Humanities; Psychology; Social Sciences"
962;21101115664;"SCHOLE: A Journal of Leisure Studies and Recreation Education";journal;"1937156X, 21624097";"Taylor and Francis Ltd.";No;No;0,292;Q3;13;10;79;362;64;78;0,59;36,20;47,22;0;3;United Kingdom;Western Europe;"Taylor and Francis Ltd.";"1993-2024";"Sociology and Political Science (Q2); Education (Q3); Tourism, Leisure and Hospitality Management (Q3)";"Business, Management and Accounting; Social Sciences"
963;21100217604;"Siglo Cero";journal;"02101696";"University of Salamanca";Yes;Yes;0,292;Q3;14;24;94;810;81;93;0,61;33,75;75,00;5;10;Spain;Western Europe;"University of Salamanca";"2012, 2015-2024";"Education (Q3); Psychiatry and Mental Health (Q3); Psychology (miscellaneous) (Q3); Social Psychology (Q4); Social Work (Q4)";"Medicine; Psychology; Social Sciences"
964;19700183131;"International Journal of Innovation in Science and Mathematics Education";journal;"22004270";"University of Sydney";No;No;0,291;Q3;19;31;65;853;56;62;0,80;27,52;57,89;0;8;Australia;Pacific Region;"University of Sydney";"2010-2024";"Education (Q3)";"Social Sciences"
965;21101027626;"Journal of Korean Academic Society of Nursing Education";journal;"20937814, 12259578";"Korean Academic Society of Nursing Education";No;No;0,291;Q3;11;34;116;1074;107;116;0,70;31,59;72,22;0;15;South Korea;Asiatic Region;"Korean Academic Society of Nursing Education";"2019-2024";"Education (Q3); Nursing (miscellaneous) (Q3); Research and Theory (Q3); Leadership and Management (Q4)";"Nursing; Social Sciences"
966;21100466809;"Journal of Technical Education and Training";journal;"22298932";"Penerbit UTHM";Yes;No;0,291;Q3;16;68;181;3099;308;178;1,75;45,57;42,55;0;47;Malaysia;Asiatic Region;"Penerbit UTHM";"2016-2024";"Education (Q3)";"Social Sciences"
967;21100215938;"Profesorado";journal;"1138414X, 19896395";"Universidad de Granada";Yes;Yes;0,291;Q3;27;15;166;775;160;164;0,92;51,67;55,00;0;5;Spain;Western Europe;"Universidad de Granada";"2012-2024";"Education (Q3)";"Social Sciences"
968;21100896938;"Revista Fuentes";journal;"21727775";"Facultad de Ciencias de la Educacion";Yes;Yes;0,289;Q3;9;30;90;1412;104;90;1,02;47,07;52,05;0;18;Spain;Western Europe;"Facultad de Ciencias de la Educacion";"2018-2025";"Sociology and Political Science (Q2); Developmental and Educational Psychology (Q3); Education (Q3)";"Psychology; Social Sciences"
969;5700176609;"Revista Mexicana de Investigacion Educativa";journal;"14056666";"Consejo Mexicano de Investigacion";Yes;No;0,289;Q3;21;0;87;0;100;84;1,04;0,00;0,00;0;0;Mexico;Latin America;"Consejo Mexicano de Investigacion";"2012-2022";"Education (Q3)";"Social Sciences"
970;21101042191;"Case Studies in the Environment";journal;"24739510";"University of California Press";No;No;0,288;Q3;11;13;89;725;74;89;0,57;55,77;45,00;0;12;United States;Northern America;"University of California Press";"2017-2025";"Education (Q3); Environmental Science (miscellaneous) (Q3); Renewable Energy, Sustainability and the Environment (Q3)";"Energy; Environmental Science; Social Sciences"
971;21100970321;"Chemistry, Didactics, Ecology, Metrology";journal;"16409019, 20844506";"Sciendo";No;No;0,288;Q3;5;8;30;337;33;30;1,20;42,13;38,46;0;5;Poland;Eastern Europe;"Sciendo";"2019-2023";"Ecology (Q3); Education (Q3); Environmental Engineering (Q3); Environmental Chemistry (Q4)";"Environmental Science; Social Sciences"
972;21100937445;"Journal of Education and e-Learning Research";journal;"25180169, 24109991";"Asian Online Journal Publishing Group";Yes;No;0,288;Q3;14;75;183;3983;319;183;1,53;53,11;48,76;0;32;United States;Northern America;"Asian Online Journal Publishing Group";"2019-2025";"Computer Science Applications (Q3); Developmental and Educational Psychology (Q3); Education (Q3)";"Computer Science; Psychology; Social Sciences"
973;5800207412;"Journal of Intercultural Communication";journal;"14041634";"Immigrant Institutet";No;No;0,288;Q3;12;61;97;3352;166;97;1,71;54,95;38,40;0;17;Sweden;Western Europe;"Immigrant Institutet";"2011-2024";"Cultural Studies (Q1); Communication (Q2); Gender Studies (Q2); Linguistics and Language (Q2); Education (Q3); Public Administration (Q3); Strategy and Management (Q3)";"Business, Management and Accounting; Social Sciences"
974;5000159706;"Revista Electronica de Investigacion Educativa";journal;"16074041";"Universidad Autonoma de Baja California";Yes;Yes;0,288;Q3;22;20;90;836;98;90;1,09;41,80;65,38;0;8;Mexico;Latin America;"Universidad Autonoma de Baja California";"2006-2024";"Education (Q3)";"Social Sciences"
975;21101186193;"Journal of Education Human Resources";journal;"2562783X";"University of Toronto Press";No;No;0,287;Q3;7;66;117;1788;51;90;0,43;27,09;43,75;0;25;Canada;Northern America;"University of Toronto Press";"2020-2024";"Education (Q3)";"Social Sciences"
976;19700169822;"Ikala";journal;"01233432";"Publishing University of Antioquia";Yes;Yes;0,286;Q3;14;38;116;1780;103;116;0,92;46,84;64,81;0;7;Colombia;Latin America;"Publishing University of Antioquia";"2013-2024";"Cultural Studies (Q1); Literature and Literary Theory (Q1); Linguistics and Language (Q2); Education (Q3)";"Arts and Humanities; Social Sciences"
977;21100223321;"International Journal of Training Research";journal;"14480220";"Taylor and Francis Ltd.";No;No;0,286;Q3;17;31;44;1586;76;44;1,47;51,16;36,84;1;18;United Kingdom;Western Europe;"Taylor and Francis Ltd.";"2012-2024";"Education (Q3)";"Social Sciences"
978;21100838052;"Qwerty";journal;"18287344, 22402950";"Progetti editoriali s.r.l.";No;No;0,286;Q3;10;13;45;455;50;39;0,89;35,00;75,00;0;1;Italy;Western Europe;"Progetti editoriali s.r.l.";"2017-2024";"Cultural Studies (Q1); Communication (Q2); Education (Q3); Human-Computer Interaction (Q4)";"Computer Science; Social Sciences"
979;21100925880;"Art Education";journal;"23255161, 00043125";"Routledge";No;No;0,285;Q3;30;42;200;892;106;170;0,43;21,24;73,68;0;6;United Kingdom;Western Europe;"Routledge";"1996-2025";"Visual Arts and Performing Arts (Q1); Education (Q3)";"Arts and Humanities; Social Sciences"
980;5700153334;"Changing English";journal;"1358684X";"Routledge";No;No;0,285;Q3;23;47;108;1394;86;96;0,71;29,66;57,38;0;5;United States;Northern America;"Routledge";"1994-2025";"Cultural Studies (Q1); Education (Q3)";"Social Sciences"
981;21101123259;"Journal of Problem Based Learning in Higher Education";journal;"22460918";"Aalborg University press";Yes;Yes;0,285;Q3;7;22;55;552;56;49;1,11;25,09;42,86;0;5;Denmark;Western Europe;"Aalborg University press";"2019-2024";"Education (Q3)";"Social Sciences"
982;21100901168;"Dialogic Pedagogy";journal;"23253290";"University Library System, University of Pittsburgh";Yes;Yes;0,284;Q3;9;5;45;206;52;45;1,14;41,20;16,67;0;0;United States;Northern America;"University Library System, University of Pittsburgh";"2018-2025";"Linguistics and Language (Q2); Education (Q3)";"Social Sciences"
983;19900193932;"Informacios Tarsadalom";journal;"15878694";"Infonia";No;No;0,283;Q3;7;19;83;541;89;81;1,00;28,47;26,92;0;3;Hungary;Eastern Europe;"Infonia";"2008-2024";"Communication (Q2); Education (Q3); Management of Technology and Innovation (Q3); Social Psychology (Q4)";"Business, Management and Accounting; Psychology; Social Sciences"
984;21101058363;"Language Teaching Research Quarterly";journal;"26676753";"European Knowledge Development (EUROKD)";No;No;0,283;Q3;10;116;124;6678;146;121;1,23;57,57;49,74;0;24;Turkey;Middle East;"European Knowledge Development (EUROKD)";"2019-2024";"Linguistics and Language (Q2); Education (Q3)";"Social Sciences"
985;19500157110;"Educational Sciences: Theory and Practice";journal;"21487561, 26305984";"Edam";Yes;No;0,282;Q3;18;16;64;702;115;64;2,78;43,88;23,68;0;6;Turkey;Middle East;"Edam";"2019-2025";"Education (Q3)";"Social Sciences"
986;21101021535;"GI_Forum";journal;"23081708";"Austrian Acedemy of Sciences Press";Yes;No;0,282;Q3;9;4;97;184;84;97;0,76;46,00;23,08;0;3;Austria;Western Europe;"Austrian Acedemy of Sciences Press";"2018-2023";"Computer Science Applications (Q3); Computers in Earth Sciences (Q3); Education (Q3); Geography, Planning and Development (Q3)";"Computer Science; Earth and Planetary Sciences; Social Sciences"
987;21100301415;"Journal of Language Teaching and Research";journal;"17984769, 20530684";"Academy Publication";No;No;0,282;Q3;23;216;464;7681;508;463;1,20;35,56;43,98;0;54;United Kingdom;Western Europe;"Academy Publication";"2014-2025";"Literature and Literary Theory (Q1); Linguistics and Language (Q2); Education (Q3)";"Arts and Humanities; Social Sciences"
988;21101039663;"Journal of Learning for Development";journal;"23111550";"Commonwealth of Learning";Yes;Yes;0,282;Q3;11;43;115;1433;170;107;1,29;33,33;35,42;0;24;Canada;Northern America;"Commonwealth of Learning";"2019-2024";"Education (Q3)";"Social Sciences"
989;19900192134;"Decision Sciences Journal of Innovative Education";journal;"15404609, 15404595";"John Wiley and Sons Ltd";No;No;0,281;Q3;29;19;53;872;76;52;1,03;45,89;42,22;0;7;United Kingdom;Western Europe;"John Wiley and Sons Ltd";"2011-2025";"Business, Management and Accounting (miscellaneous) (Q3); Decision Sciences (miscellaneous) (Q3); Education (Q3)";"Business, Management and Accounting; Decision Sciences; Social Sciences"
990;28821;"Educational Theory";journal;"00132004";"Wiley-Blackwell";No;No;0,280;Q3;52;55;125;0;143;103;1,11;0,00;45,59;0;12;United States;Northern America;"Wiley-Blackwell";"1951-2025";"Education (Q3)";"Social Sciences"
991;21100903451;"Foro de Educacion";journal;"16987802";"FahrenHouse";Yes;Yes;0,280;Q3;9;28;111;1407;78;110;0,57;50,25;44,90;0;13;Spain;Western Europe;"FahrenHouse";"2018-2024";"Education (Q3)";"Social Sciences"
992;21100220379;"International Journal of Technology Enhanced Learning";journal;"17535263, 17535255";"Inderscience";No;No;0,278;Q3;31;26;75;1564;135;74;1,80;60,15;39,13;0;11;Switzerland;Western Europe;"Inderscience";"2008-2025";"Computer Science Applications (Q3); Education (Q3); E-learning (Q4)";"Computer Science; Social Sciences"
993;21101045041;"Journal of Education (South Africa)";journal;"0259479X, 25209868";"University of KwaZulu-Natal";Yes;No;0,278;Q3;9;29;115;1236;120;106;0,74;42,62;53,49;0;9;South Africa;Africa;"University of KwaZulu-Natal";"2019-2024";"Education (Q3)";"Social Sciences"
994;21100996943;"Psychological Science and Education";journal;"18142052, 23117273";"Moscow State University of Psychology and Education";Yes;Yes;0,277;Q3;17;68;196;2337;188;192;0,91;34,37;72,93;0;24;Russian Federation;Eastern Europe;"Moscow State University of Psychology and Education";"1999, 2004-2024";"Developmental and Educational Psychology (Q3); Education (Q3); Psychology (miscellaneous) (Q3); Social Psychology (Q4)";"Psychology; Social Sciences"
995;21100899904;"Brazilian Journal of Occupational Therapy";journal;"25268910";"Universidade Federal de Sao Carlos";Yes;No;0,276;Q3;14;77;306;3261;229;299;0,63;42,35;77,84;0;35;Brazil;Latin America;"Universidade Federal de Sao Carlos";"2018-2024";"Education (Q3); Health (social science) (Q3); Occupational Therapy (Q3)";"Health Professions; Social Sciences"
996;21100220434;"Science of Gymnastics Journal";journal;"22322639, 18557171";"University of Ljubljana Press";Yes;Yes;0,276;Q3;15;42;106;1302;67;93;0,60;31,00;40,71;0;4;Slovenia;Eastern Europe;"University of Ljubljana Press";"2012-2024";"Education (Q3); Orthopedics and Sports Medicine (Q3); Physical Therapy, Sports Therapy and Rehabilitation (Q3)";"Health Professions; Medicine; Social Sciences"
997;18800156721;"Electronic Journal of Research in Educational Psychology";journal;"16962095, 16995880";"Universidad de Almeria";Yes;Yes;0,275;Q3;37;30;91;1740;80;90;0,70;58,00;53,09;1;12;Spain;Western Europe;"Universidad de Almeria";"2003-2024";"Developmental and Educational Psychology (Q3); Education (Q3)";"Psychology; Social Sciences"
998;21100910239;"Journal of Elementary Education";journal;"23504803, 18554431";"University of Maribor Press";Yes;Yes;0,275;Q3;8;40;103;1422;75;100;0,64;35,55;76,92;0;10;Slovenia;Eastern Europe;"University of Maribor Press";"2015-2024";"Developmental and Educational Psychology (Q3); Education (Q3)";"Psychology; Social Sciences"
999;21100984845;"Journal of School Administration Research and Development";journal;"24708496, 2470850X";"California State University Press";Yes;No;0,275;Q3;6;10;32;367;31;32;0,91;36,70;64,71;0;3;United States;Northern America;"California State University Press";"2018-2024";"Development (Q3); Education (Q3); Public Administration (Q3); Strategy and Management (Q3)";"Business, Management and Accounting; Social Sciences"
1000;21100836108;"Knowledge Cultures";journal;"23756527, 23275731";"Addleton Academic Publishers";No;No;0,275;Q3;17;32;74;1484;69;72;1,06;46,38;67,31;0;9;United States;Northern America;"Addleton Academic Publishers";"2013-2024";"Cultural Studies (Q1); History (Q1); Literature and Literary Theory (Q1); Law (Q2); Library and Information Sciences (Q2); Philosophy (Q2); Sociology and Political Science (Q2); Education (Q3)";"Arts and Humanities; Social Sciences"
1001;21100456864;"Professions and Professionalism";journal;"18931049";"Oslo and Akershus University College of Applied Sciences";Yes;Yes;0,275;Q3;12;6;51;282;53;49;0,93;47,00;68,42;0;1;Norway;Western Europe;"Oslo and Akershus University College of Applied Sciences";"2016-2024";"Education (Q3); Life-span and Life-course Studies (Q4)";"Social Sciences"
1002;21100856604;"Revista Electronica Educare";journal;"14094258";"Universidad Nacional, Costa Rica";Yes;Yes;0,275;Q3;15;45;251;1613;241;251;0,98;35,84;50,00;0;22;Costa Rica;Latin America;"Universidad Nacional, Costa Rica";"2017-2024";"Education (Q3)";"Social Sciences"
1003;17900156731;"Young Exceptional Children";journal;"2154400X, 10962506";"SAGE Publications Inc.";No;No;0,275;Q3;20;23;64;426;53;54;0,65;18,52;83,72;0;3;United States;Northern America;"SAGE Publications Inc.";"1998-2024";"Developmental and Educational Psychology (Q3); Education (Q3)";"Psychology; Social Sciences"
1004;19700188158;"Research in Drama Education";journal;"1470112X, 13569783";"Routledge";No;No;0,274;Q3;22;64;134;2356;110;121;0,69;36,81;69,52;0;18;United States;Northern America;"Routledge";"2010-2025";"Literature and Literary Theory (Q1); Visual Arts and Performing Arts (Q1); Education (Q3)";"Arts and Humanities; Social Sciences"
1005;21101248337;"Advanced Education";journal;"24093351, 24108286";"National Technical University of Ukraine Igor Sikorsky Kyiv Polytechnic Institute";Yes;No;0,273;Q3;7;21;86;813;77;86;0,87;38,71;69,77;0;5;Ukraine;Eastern Europe;"National Technical University of Ukraine Igor Sikorsky Kyiv Polytechnic Institute";"2020-2024";"Education (Q3)";"Social Sciences"
1006;21101131495;"Edutec";journal;"11359250";"GTE-Educational Technology Group, University of the Balearic Islands";Yes;Yes;0,273;Q3;10;48;139;1784;140;130;1,19;37,17;52,83;0;16;Spain;Western Europe;"GTE-Educational Technology Group, University of the Balearic Islands";"2019-2024";"Computer Science Applications (Q3); Education (Q3)";"Computer Science; Social Sciences"
1007;21100945763;"International Journal of Education and the Arts";journal;"15298094";"Pennsylvania State University Libraries";Yes;Yes;0,273;Q3;24;25;58;1268;62;56;0,75;50,72;72,88;0;6;United States;Northern America;"Pennsylvania State University Libraries";"2004-2025";"Literature and Literary Theory (Q1); Music (Q1); Visual Arts and Performing Arts (Q1); Education (Q3)";"Arts and Humanities; Social Sciences"
1008;19700183130;"Journal of Asia TEFL";journal;"24661511, 17383102";"The Asian Association of Teachers of English as a Foreign Language";Yes;No;0,273;Q3;23;70;272;2840;240;237;0,71;40,57;49,53;0;12;South Korea;Asiatic Region;"The Asian Association of Teachers of English as a Foreign Language";"2004, 2007, 2010-2024";"Linguistics and Language (Q2); Education (Q3)";"Social Sciences"
1009;21101055930;"Open Education Studies";journal;"25447831";"Walter de Gruyter GmbH";Yes;No;0,273;Q3;11;70;75;4456;104;75;1,16;63,66;53,95;0;38;Poland;Eastern Europe;"Walter de Gruyter GmbH";"2019-2025";"Social Sciences (miscellaneous) (Q2); Education (Q3); Developmental and Educational Psychology (Q4)";"Psychology; Social Sciences"
1010;29598;"Religious Education";journal;"15473201, 00344087";"Taylor and Francis Ltd.";No;No;0,273;Q3;21;45;131;1519;65;109;0,38;33,76;43,75;0;13;United Kingdom;Western Europe;"Taylor and Francis Ltd.";"1906-2025";"Religious Studies (Q1); Education (Q3)";"Arts and Humanities; Social Sciences"
1011;21100902869;"South African Journal of Childhood Education";journal;"22237674, 22237682";"AOSIS (Pty) Ltd";Yes;No;0,273;Q3;12;71;119;3568;139;115;1,02;50,25;66,38;0;34;South Africa;Africa;"AOSIS (Pty) Ltd";"2019-2025";"Education (Q3); Developmental and Educational Psychology (Q4)";"Psychology; Social Sciences"
1012;21100898602;"Vysshee Obrazovanie v Rossii";journal;"08693617, 20720459";"Moscow Polytechnic University";Yes;Yes;0,273;Q3;15;88;357;3039;322;357;1,21;34,53;63,27;0;39;Russian Federation;Eastern Europe;"Moscow Polytechnic University";"2018-2025";"Philosophy (Q2); Sociology and Political Science (Q2); Education (Q3)";"Arts and Humanities; Social Sciences"
1013;21101216644;"Advancing Women in Leadership Journal";journal;"10937099";"Texas A and M University";No;No;0,272;Q3;3;13;33;653;28;33;1,04;50,23;96,77;0;12;United States;Northern America;"Texas A and M University";"2021-2024";"Gender Studies (Q2); Education (Q3)";"Social Sciences"
1014;21100860773;"Journal of Sport and Health Research";journal;"19896239";"Didactic Asociation Andalucia";Yes;No;0,272;Q3;13;41;154;1722;153;154;0,93;42,00;29,80;0;11;Spain;Western Europe;"Didactic Asociation Andalucia";"2018-2025";"Cultural Studies (Q1); Complementary and Manual Therapy (Q3); Education (Q3); Orthopedics and Sports Medicine (Q3); Physical Therapy, Sports Therapy and Rehabilitation (Q3); Public Health, Environmental and Occupational Health (Q3); Developmental and Educational Psychology (Q4)";"Health Professions; Medicine; Psychology; Social Sciences"
1015;21101266478;"New Directions for Higher Education";journal;"02710560, 15360741";"John Wiley and Sons Inc";No;No;0,272;Q3;2;0;20;0;17;18;0,85;0,00;0,00;0;0;United States;Northern America;"John Wiley and Sons Inc";"2022, 2025";"Education (Q3)";"Social Sciences"
1016;21100201535;"World Transactions on Engineering and Technology Education";journal;"14462257";"World Institute for Engineering and Technology Education (WIETE)";No;No;0,272;Q3;21;52;165;780;139;155;0,89;15,00;57,02;0;23;Australia;Pacific Region;"World Institute for Engineering and Technology Education (WIETE)";"2009-2024";"Education (Q3); Engineering (miscellaneous) (Q3)";"Engineering; Social Sciences"
1017;21100204509;"Exceptionality Education International";journal;"19185227";"Scholarship at Western";No;No;0,271;Q3;15;11;16;488;15;16;0,50;44,36;52,27;0;8;Canada;Northern America;"Scholarship at Western";"2012-2024";"Education (Q3); Developmental and Educational Psychology (Q4)";"Psychology; Social Sciences"
1018;21101046174;"International Journal of Educational Reform";journal;"10567879, 26319675";"SAGE Publications Inc.";No;No;0,271;Q3;17;79;139;4065;161;139;1,11;51,46;45,64;0;35;United States;Northern America;"SAGE Publications Inc.";"1992-2025";"Social Sciences (miscellaneous) (Q2); Education (Q3)";"Social Sciences"
1019;21101037126;"Video Journal of Education and Pedagogy";journal;"23644583";"Brill Academic Publishers";Yes;No;0,271;Q3;9;13;42;428;27;42;0,50;32,92;62,96;0;3;Netherlands;Western Europe;"Brill Academic Publishers";"2016-2019, 2021-2024";"Education (Q3)";"Social Sciences"
1020;21100792737;"International Journal of Cognitive Research in Science, Engineering and Education";journal;"2334847X, 23348496";"Association for the Development of Science, Engineering and Education";Yes;No;0,269;Q3;17;55;127;2336;154;122;1,12;42,47;57,14;0;19;Serbia;Eastern Europe;"Association for the Development of Science, Engineering and Education";"2013-2024";"Education (Q3); Cognitive Neuroscience (Q4); Experimental and Cognitive Psychology (Q4)";"Neuroscience; Psychology; Social Sciences"
1021;19900192131;"Journal of Leadership Studies";journal;"19352611, 1935262X";"John Wiley and Sons Ltd";No;No;0,269;Q3;26;37;113;1547;98;88;0,72;41,81;48,08;0;2;United Kingdom;Western Europe;"John Wiley and Sons Ltd";"2007-2025";"Education (Q3)";"Social Sciences"
1022;4700152296;"Journal of Teaching in International Business";journal;"08975930";"Routledge";No;No;0,269;Q3;29;6;41;351;44;32;0,81;58,50;35,29;0;2;United States;Northern America;"Routledge";"1989-2024";"Business, Management and Accounting (miscellaneous) (Q3); Education (Q3)";"Business, Management and Accounting; Social Sciences"
1023;21100894553;"Gifted Child Today";journal;"10762175, 2162951X";"SAGE Publications Ltd";No;No;0,268;Q3;19;31;88;764;62;68;0,72;24,65;60,34;0;7;United States;Northern America;"SAGE Publications Ltd";"2015-2025";"Education (Q3); Developmental and Educational Psychology (Q4)";"Psychology; Social Sciences"
1024;21101030339;"Korean Journal of English Language and Linguistics";journal;"25867474, 15981398";"The Korean Association for the Study of English Language and Linguistics";No;No;0,268;Q3;5;69;213;2873;122;213;0,39;41,64;55,68;0;7;South Korea;Asiatic Region;"The Korean Association for the Study of English Language and Linguistics";"2019-2025";"Linguistics and Language (Q2); Education (Q3)";"Social Sciences"
1025;21100889415;"African Journal of Social Work";journal;"24095605";"National Association of Social Workers Zimbabwe";Yes;Yes;0,267;Q3;12;25;117;519;94;117;0,64;20,76;55,00;0;14;Zimbabwe;Africa;"National Association of Social Workers Zimbabwe";"2018-2024";"Education (Q3); Health (social science) (Q3); Social Sciences (miscellaneous) (Q3); Sociology and Political Science (Q3)";"Social Sciences"
1026;21100901134;"Revista Electronica de LEEME";journal;"15759563";"Societat de Filosofia del Pais Valencia";Yes;Yes;0,267;Q3;10;15;56;546;76;52;1,58;36,40;45,83;0;4;Spain;Western Europe;"Societat de Filosofia del Pais Valencia";"2018-2024";"Music (Q1); Education (Q3)";"Arts and Humanities; Social Sciences"
1027;21101196736;"APTISI Transactions on Technopreneurship";journal;"26558807, 26568888";"Pandawan Sejahtera";No;No;0,266;Q3;22;44;98;2159;531;98;5,54;49,07;44,74;0;23;Indonesia;Asiatic Region;"Pandawan Sejahtera";"2021-2024";"Computer Science Applications (Q3); Education (Q3); Management Information Systems (Q3); Artificial Intelligence (Q4)";"Business, Management and Accounting; Computer Science; Social Sciences"
1028;21100888509;"Cakrawala Pendidikan";journal;"24428620, 02161370";"Universitas Negeri Yogyakarta (Yogyakarta State University)";Yes;No;0,266;Q3;17;65;197;2780;319;197;1,29;42,77;48,70;0;20;Indonesia;Asiatic Region;"Universitas Negeri Yogyakarta (Yogyakarta State University)";"2018-2024";"Education (Q3)";"Social Sciences"
1029;21101158858;"Nordic Journal of Comparative and International Education";journal;"25354051";"Oslo Metropolitan University University Library";Yes;Yes;0,266;Q3;10;24;64;1160;87;58;0,75;48,33;62,12;0;12;Norway;Western Europe;"Oslo Metropolitan University University Library";"2019-2025";"Education (Q3)";"Social Sciences"
1030;21100244625;"Revista Espanola de Orientacion y Psicopedagogia";journal;"11397853, 19897448";"Universidad Nacional de Educacion a Distancia (UNED)";Yes;Yes;0,266;Q3;18;28;83;1155;79;74;0,86;41,25;77,78;0;18;Spain;Western Europe;"Universidad Nacional de Educacion a Distancia (UNED)";"2010-2024";"Education (Q3); Applied Psychology (Q4)";"Psychology; Social Sciences"
1031;21100829711;"ELOPE: English Language Overseas Perspectives and Enquiries";journal;"15818918, 23860316";"Ljubljana University Press";Yes;Yes;0,265;Q3;5;23;61;1060;24;58;0,37;46,09;64,29;0;4;Slovenia;Eastern Europe;"Ljubljana University Press";"2015-2024";"Literature and Literary Theory (Q1); Linguistics and Language (Q2); Education (Q3)";"Arts and Humanities; Social Sciences"
1032;21100212700;"RAE Revista de Administracao de Empresas";journal;"2178938X, 00347590";"Fundacao Getulio Vargas";Yes;Yes;0,265;Q3;24;41;140;2365;145;138;0,93;57,68;47,79;0;16;Brazil;Latin America;"Fundacao Getulio Vargas";"2007-2025";"Business and International Management (Q3); Business, Management and Accounting (miscellaneous) (Q3); Development (Q3); Education (Q3); Industrial Relations (Q3); Information Systems and Management (Q3); Management of Technology and Innovation (Q3); Management Science and Operations Research (Q3); Marketing (Q3); Organizational Behavior and Human Resource Management (Q3); Public Administration (Q3); Strategy and Management (Q3)";"Business, Management and Accounting; Decision Sciences; Social Sciences"
1033;20600195505;"Nordic Studies in Education";journal;"18915949, 18915914";"Cappelen Damm Akademisk";Yes;Yes;0,264;Q3;14;18;62;866;66;61;1,09;48,11;54,55;0;6;Norway;Western Europe;"Cappelen Damm Akademisk";"2012-2024";"Education (Q3)";"Social Sciences"
1034;21101090700;"Journal of Higher Education Policy and Leadership Studies";journal;"27171426";"Ali Khorsandi Taskoh";Yes;Yes;0,263;Q3;6;41;137;1463;112;109;0,86;35,68;46,15;0;16;Iran;Middle East;"Ali Khorsandi Taskoh";"2020-2024";"Education (Q3); Public Administration (Q3); Social Sciences (miscellaneous) (Q3); Strategy and Management (Q3)";"Business, Management and Accounting; Social Sciences"
1035;21100887525;"New Educator";journal;"15499243";"Taylor and Francis Ltd.";No;No;0,263;Q3;25;16;61;779;79;48;1,13;48,69;63,64;0;8;United Kingdom;Western Europe;"Taylor and Francis Ltd.";"2005-2025";"Education (Q3); Sociology and Political Science (Q3)";"Social Sciences"
1036;19700186821;"International Journal of Web Based Communities";journal;"17418216, 14778394";"Inderscience Enterprises Ltd";No;No;0,262;Q3;28;25;64;498;80;64;1,13;19,92;46,67;0;0;United Kingdom;Western Europe;"Inderscience Enterprises Ltd";"2004-2024";"Communication (Q3); Computer Networks and Communications (Q3); Education (Q3); Software (Q3)";"Computer Science; Social Sciences"
1037;21101028193;"Applied Research on English Language";journal;"22520198, 23225343";"University of Isfahan, Department of English";Yes;No;0,260;Q3;8;29;62;1679;76;62;1,24;57,90;40,68;0;9;Iran;Middle East;"University of Isfahan, Department of English";"2019-2024";"Linguistics and Language (Q2); Education (Q3)";"Social Sciences"
1038;21100828959;"European Education";journal;"19447086, 10564934";"Routledge";No;No;0,260;Q3;23;13;43;764;56;43;1,04;58,77;61,54;1;5;United Kingdom;Western Europe;"Routledge";"1996-2013, 2015-2025";"Education (Q3)";"Social Sciences"
1039;21101030204;"Journal of Women's Entrepreneurship and Education";journal;"18211283, 24060674";"Institute of Economic Sciences";Yes;No;0,259;Q3;10;26;79;1326;164;73;2,40;51,00;42,11;0;22;Serbia;Eastern Europe;"Institute of Economic Sciences";"2019-2024";"Business, Management and Accounting (miscellaneous) (Q3); Education (Q3); Gender Studies (Q3)";"Business, Management and Accounting; Social Sciences"
1040;21101045770;"Nordic Journal of Studies in Policing";journal;"27037045";"Scandinavian University Press";Yes;Yes;0,259;Q3;5;7;28;451;23;27;0,57;64,43;43,75;0;2;Norway;Western Europe;"Scandinavian University Press";"2020-2024";"Law (Q2); Education (Q3); Social Sciences (miscellaneous) (Q3); Sociology and Political Science (Q3)";"Social Sciences"
1041;17600155045;"Staps";journal;"17821568, 0247106X";"Boeck Universite";No;No;0,258;Q3;12;49;54;1699;37;53;0,24;34,67;38,96;1;11;Belgium;Western Europe;"Boeck Universite";"2001-2022, 2024-2025";"Cultural Studies (Q1); History (Q1); Anthropology (Q2); Multidisciplinary (Q2); Education (Q3); Psychology (miscellaneous) (Q3); Social Sciences (miscellaneous) (Q3); Sociology and Political Science (Q3)";"Arts and Humanities; Multidisciplinary; Psychology; Social Sciences"
1042;21101044732;"E-Balonmano.com: Revista de Ciencias del Deporte";journal;"18857019";"Federacion Extremena de Balonmano, University of Extremadura";Yes;Yes;0,257;Q3;8;30;68;1437;67;68;0,81;47,90;20,21;0;5;Spain;Western Europe;"Federacion Extremena de Balonmano, University of Extremadura";"2019-2025";"Education (Q3); Physical Therapy, Sports Therapy and Rehabilitation (Q3); Social Sciences (miscellaneous) (Q3); Tourism, Leisure and Hospitality Management (Q4)";"Business, Management and Accounting; Health Professions; Social Sciences"
1043;5000153601;"Journal of Teaching in Social Work";journal;"15407349, 08841233";"Routledge";No;No;0,257;Q3;35;31;110;1176;138;103;0,95;37,94;79,27;0;14;United States;Northern America;"Routledge";"1987-2025";"Education (Q3); Sociology and Political Science (Q3); Social Work (Q4)";"Social Sciences"
1044;21100264820;"Prisma Social";journal;"19893469";"Fundacion de Investigacion Social Avanzada";Yes;No;0,256;Q3;15;58;168;2844;188;158;1,23;49,03;66,92;0;45;Spain;Western Europe;"Fundacion de Investigacion Social Avanzada";"2013-2024";"Communication (Q3); Education (Q3); Social Sciences (miscellaneous) (Q3)";"Social Sciences"
1045;21101045282;"Acta Innovations";journal;"23005599";"Rotherham Academic Press Ltd";Yes;No;0,254;Q3;15;18;82;570;147;82;1,88;31,67;28,07;0;15;United Kingdom;Western Europe;"Rotherham Academic Press Ltd";"2013-2025";"Education (Q3); Energy (miscellaneous) (Q3); Environmental Engineering (Q3); Management of Technology and Innovation (Q3); Public Health, Environmental and Occupational Health (Q3); Renewable Energy, Sustainability and the Environment (Q4)";"Business, Management and Accounting; Energy; Environmental Science; Medicine; Social Sciences"
1046;21101079130;"Advances in Laboratory Medicine";journal;"2628491X";"Walter de Gruyter GmbH";Yes;Yes;0,254;Q3;9;79;208;2294;156;179;0,58;29,04;63,95;0;16;Germany;Western Europe;"Walter de Gruyter GmbH";"2020-2025";"Medical Laboratory Technology (Q2); Education (Q3); Medicine (miscellaneous) (Q3)";"Health Professions; Medicine; Social Sciences"
1047;21100896893;"Frontiers of Nursing";journal;"25448994";"Sciendo";Yes;Yes;0,254;Q3;9;51;157;1757;107;156;0,50;34,45;64,63;0;23;Poland;Eastern Europe;"Sciendo";"2018-2024";"Education (Q3); Nursing (miscellaneous) (Q3)";"Nursing; Social Sciences"
1048;29064;"Engineering Economist";journal;"0013791X, 15472701";"Taylor and Francis Ltd.";No;No;0,253;Q3;37;17;52;603;43;41;0,78;35,47;24,24;0;4;United Kingdom;Western Europe;"Taylor and Francis Ltd.";"1955-2024";"Economics and Econometrics (Q3); Education (Q3); Engineering (miscellaneous) (Q3)";"Economics, Econometrics and Finance; Engineering; Social Sciences"
1049;5800207558;"International Journal of English Studies";journal;"15787044";"Universidad de Murcia";Yes;No;0,253;Q3;16;23;40;1101;29;40;0,58;47,87;65,38;0;3;Spain;Western Europe;"Universidad de Murcia";"2013-2024";"Cultural Studies (Q1); Literature and Literary Theory (Q1); Linguistics and Language (Q2); Education (Q3)";"Arts and Humanities; Social Sciences"
1050;21101039470;"Revista Interuniversitaria de Formacion del Profesorado";journal;"25303791, 02138646";"Asociacion Universitaria de Formacion del Profesorado (AUFOP)";Yes;Yes;0,253;Q3;10;51;134;2372;121;134;0,84;46,51;66,40;0;25;Spain;Western Europe;"Asociacion Universitaria de Formacion del Profesorado (AUFOP)";"2019-2024";"Cultural Studies (Q1); Education (Q3)";"Social Sciences"
1051;19700201168;"Action Learning: Research and Practice";journal;"14767341, 14767333";"Taylor and Francis Ltd.";No;No;0,251;Q3;15;33;86;767;110;57;1,34;23,24;60,61;0;5;United Kingdom;Western Europe;"Taylor and Francis Ltd.";"2010-2025";"Business, Management and Accounting (miscellaneous) (Q3); Education (Q3)";"Business, Management and Accounting; Social Sciences"
1052;21101042128;"Juridical Tribune";journal;"22477195, 22480382";"Bucharest University of Economic Studies";Yes;Yes;0,251;Q3;9;0;99;0;142;99;1,61;0,00;0,00;0;0;Romania;Eastern Europe;"Bucharest University of Economic Studies";"2019-2023";"Law (Q2); Education (Q3); Political Science and International Relations (Q3); Public Administration (Q3)";"Social Sciences"
1053;21100788924;"African Journal of Research in Mathematics, Science and Technology Education";journal;"18117295, 24697656";"Taylor and Francis Ltd.";No;No;0,250;Q3;22;33;73;1363;71;72;0,70;41,30;43,08;0;17;United Kingdom;Western Europe;"Taylor and Francis Ltd.";"1997-2025";"Computer Science Applications (Q3); Education (Q3); Engineering (miscellaneous) (Q3); Mathematics (miscellaneous) (Q3); Physics and Astronomy (miscellaneous) (Q3)";"Computer Science; Engineering; Mathematics; Physics and Astronomy; Social Sciences"
1054;21100898309;"Tuning Journal for Higher Education";journal;"23863137, 23408170";"University of Deusto";Yes;Yes;0,250;Q3;7;10;71;519;59;60;0,87;51,90;63,64;0;6;Spain;Western Europe;"University of Deusto";"2018-2024";"Education (Q3); Management of Technology and Innovation (Q3)";"Business, Management and Accounting; Social Sciences"
1055;17700156749;"Intangible Capital";journal;"20143214, 16979818";"OmniaScience";Yes;No;0,249;Q3;26;27;63;2109;114;63;1,80;78,11;37,10;0;14;Spain;Western Europe;"OmniaScience";"2009-2024";"Accounting (Q3); Business and International Management (Q3); Education (Q3); Management of Technology and Innovation (Q3); Organizational Behavior and Human Resource Management (Q3); Strategy and Management (Q3)";"Business, Management and Accounting; Social Sciences"
1056;21100886411;"International Journal of Education and Practice";journal;"23116897, 23103868";"Conscientia Beam";No;No;0,249;Q3;16;78;138;3800;182;138;0,94;48,72;46,24;0;37;United States;Northern America;"Conscientia Beam";"2018-2025";"Education (Q3); Developmental and Educational Psychology (Q4)";"Psychology; Social Sciences"
1057;21101038527;"SOTL in the South";journal;"25231154";"University of Johannesburg";Yes;Yes;0,249;Q3;6;22;68;806;51;67;0,76;36,64;74,19;0;13;South Africa;Africa;"University of Johannesburg";"2017-2024";"Education (Q3)";"Social Sciences"
1058;21101041610;"Acta Didactica Norden";journal;"25358219";"Universitetet i Oslo";Yes;Yes;0,248;Q3;8;55;160;2977;93;157;0,58;54,13;62,26;1;19;Norway;Western Europe;"Universitetet i Oslo";"2020-2024";"Education (Q3)";"Social Sciences"
1059;19700176214;"International Electronic Journal of Elementary Education";journal;"13079298";"Kura Publishing House";Yes;No;0,248;Q3;29;43;120;2239;114;117;0,90;52,07;67,44;0;21;Turkey;Middle East;"Kura Publishing House";"2009-2024";"Education (Q3)";"Social Sciences"
1060;21100406640;"Journal for Critical Education Policy Studies";journal;"17402743, 20510969";"Institute for Education Policy Studies";Yes;No;0,248;Q3;13;20;92;1268;47;91;0,51;63,40;48,15;0;8;United Kingdom;Western Europe;"Institute for Education Policy Studies";"2015-2024";"Education (Q3)";"Social Sciences"
1061;21101032113;"Nordisk Tidsskrift for Utdanning og Praksis";journal;"25357697";"Cappelen Damm Akademisk";Yes;No;0,248;Q3;5;22;42;1049;27;40;0,58;47,68;73,91;0;9;Norway;Western Europe;"Cappelen Damm Akademisk";"2019-2025";"Education (Q3)";"Social Sciences"
1062;14000155883;"Revista Espanola de Linguistica Aplicada";journal;"22546774, 02132028";"John Benjamins Publishing Company";Yes;No;0,248;Q3;9;25;73;1355;50;73;0,58;54,20;64,58;0;2;Spain;Western Europe;"John Benjamins Publishing Company";"2009, 2014-2016, 2018-2024";"Linguistics and Language (Q2); Education (Q3); E-learning (Q4)";"Social Sciences"
1063;21100936375;"Policy and Practice";journal;"1748135X, 20534272";"Centre for Global Education";Yes;Yes;0,247;Q3;5;25;62;749;33;48;0,60;29,96;46,43;0;12;United Kingdom;Western Europe;"Centre for Global Education";"2019-2024";"Education (Q3)";"Social Sciences"
1064;5900152751;"Art, Design and Communication in Higher Education";journal;"20400896, 1474273X";"Intellect Ltd.";No;No;0,246;Q3;12;14;48;439;30;41;0,64;31,36;77,27;0;3;United Kingdom;Western Europe;"Intellect Ltd.";"2012-2024";"Arts and Humanities (miscellaneous) (Q2); Communication (Q3); Education (Q3)";"Arts and Humanities; Social Sciences"
1065;21100902550;"Humana Mente";journal;"19721293";"Humana Mente";Yes;Yes;0,246;Q3;9;19;56;963;39;53;0,55;50,68;42,11;0;3;Italy;Western Europe;"Humana Mente";"2018-2024";"History and Philosophy of Science (Q2); Linguistics and Language (Q2); Philosophy (Q2); Education (Q3)";"Arts and Humanities; Social Sciences"
1066;19700170288;"Visual Communication Quarterly";journal;"15551407, 15551393";"Routledge";No;No;0,246;Q3;22;23;64;803;33;45;0,40;34,91;52,00;0;3;United Kingdom;Western Europe;"Routledge";"1994-2024";"Communication (Q3); Education (Q3)";"Social Sciences"
1067;21100900129;"Childhood and Philosophy";journal;"25255061, 19845987";"State Univ of Rio de Janeiro - Center of Childhood and Philosophy Studies";Yes;Yes;0,245;Q3;6;40;122;1493;36;122;0,22;37,33;45,71;0;11;Brazil;Latin America;"State Univ of Rio de Janeiro - Center of Childhood and Philosophy Studies";"2018-2024";"Philosophy (Q2); Education (Q3); Developmental and Educational Psychology (Q4)";"Arts and Humanities; Psychology; Social Sciences"
1068;21101037125;"Numeracy";journal;"19364660";"";Yes;Yes;0,245;Q3;6;10;51;259;47;47;1,30;25,90;25,00;0;4;United States;Northern America;"";"2019-2025";"Education (Q3); Mathematics (miscellaneous) (Q3)";"Mathematics; Social Sciences"
1069;19700182133;"South African Journal of Education";journal;"20763433, 02560100";"Foundation for Education Science and Technology";Yes;No;0,245;Q3;42;64;246;3395;240;241;0,63;53,05;58,04;0;22;South Africa;Africa;"Foundation for Education Science and Technology";"2003, 2008-2024";"Education (Q3)";"Social Sciences"
1070;21100898771;"Strategies";journal;"21683778, 08924562";"Taylor and Francis Ltd.";No;No;0,245;Q3;15;51;144;663;75;124;0,50;13,00;45,83;0;7;United Kingdom;Western Europe;"Taylor and Francis Ltd.";"1996-2025";"Education (Q3); Orthopedics and Sports Medicine (Q3)";"Medicine; Social Sciences"
1071;21101274044;"Asian Journal for Mathematics Education";journal;"27527271, 27527263";"SAGE Publications Ltd";Yes;Yes;0,244;Q3;3;23;21;1107;23;21;1,10;48,13;46,94;0;8;United Kingdom;Western Europe;"SAGE Publications Ltd";"2023-2025";"Education (Q3); Social Sciences (miscellaneous) (Q3)";"Social Sciences"
1072;21101266480;"Intercultural Communication Education";journal;"22091041";"Castledown Publishers";Yes;Yes;0,244;Q3;5;2;28;91;36;26;1,00;45,50;100,00;0;1;Australia;Pacific Region;"Castledown Publishers";"2021-2024";"Cultural Studies (Q2); Linguistics and Language (Q2); Communication (Q3); Education (Q3)";"Social Sciences"
1073;20000195049;"Magis";journal;"20271174, 20271182";"Pontificia Universidad Javeriana";Yes;Yes;0,243;Q3;16;24;80;1280;62;79;0,65;53,33;75,51;0;11;Colombia;Latin America;"Pontificia Universidad Javeriana";"2008-2025";"Education (Q3)";"Social Sciences"
1074;21100898611;"Mextesol Journal";journal;"23959908";"Asociacion Mexicana de Maestros de Ingles MEXTESOL A.C";Yes;Yes;0,243;Q3;9;65;240;3117;188;240;0,64;47,95;45,83;0;16;Mexico;Latin America;"Asociacion Mexicana de Maestros de Ingles MEXTESOL A.C";"2018-2025";"Cultural Studies (Q2); Linguistics and Language (Q2); Education (Q3)";"Social Sciences"
1075;9400153141;"Revista Espanola de Pedagogia";journal;"21740909, 00349461";"Universidad Internacional de la Rioja";Yes;Yes;0,243;Q3;21;35;84;1794;93;81;1,00;51,26;58,89;0;8;Spain;Western Europe;"Universidad Internacional de la Rioja";"2006-2024";"Education (Q3)";"Social Sciences"
1076;21101128450;"Science Education International";journal;"20772327, 1450104X";"International Council of Associations for Science Education (ICASE)";Yes;Yes;0,243;Q3;11;46;132;2202;128;123;0,88;47,87;55,42;0;21;Ireland;Western Europe;"International Council of Associations for Science Education (ICASE)";"2019-2024";"Education (Q3)";"Social Sciences"
1077;21100870382;"ABAC Journal";journal;"08580855";"Assumption University";No;No;0,242;Q3;12;60;178;3607;316;178;1,93;60,12;51,06;0;21;Thailand;Asiatic Region;"Assumption University";"2018-2024";"Literature and Literary Theory (Q1); Business, Management and Accounting (miscellaneous) (Q3); Economics, Econometrics and Finance (miscellaneous) (Q3); Education (Q3); Social Sciences (miscellaneous) (Q3)";"Arts and Humanities; Business, Management and Accounting; Economics, Econometrics and Finance; Social Sciences"
1078;21100901465;"Generos";journal;"20143613";"Hipatia Editorial";Yes;Yes;0,242;Q3;7;12;34;579;46;34;1,45;48,25;68,57;0;11;Spain;Western Europe;"Hipatia Editorial";"2018-2024";"Education (Q3); Gender Studies (Q3)";"Social Sciences"
1079;21100831441;"TEM Journal";journal;"22178309, 22178333";"UIKTEN - Association for Information Communication Technology Education and Science";Yes;No;0,242;Q3;26;338;774;11543;1103;774;1,35;34,15;44,82;0;136;Serbia;Eastern Europe;"UIKTEN - Association for Information Communication Technology Education and Science";"2017-2024";"Computer Science (miscellaneous) (Q3); Education (Q3); Information Systems (Q3); Information Systems and Management (Q3); Management of Technology and Innovation (Q3); Strategy and Management (Q3)";"Business, Management and Accounting; Computer Science; Decision Sciences; Social Sciences"
1080;21101128451;"Avicenna Journal of Nursing and Midwifery Care";journal;"26765748";"Hamadan University of Medical Sciences";Yes;Yes;0,241;Q3;8;31;97;1071;76;97;0,59;34,55;62,71;0;17;Iran;Middle East;"Hamadan University of Medical Sciences";"2019-2024";"Advanced and Specialized Nursing (Q3); Education (Q3); Maternity and Midwifery (Q3); Pediatrics (Q3); Gerontology (Q4); Issues, Ethics and Legal Aspects (Q4); Leadership and Management (Q4); Psychiatry and Mental Health (Q4)";"Medicine; Nursing; Social Sciences"
1081;21100984271;"Journal of Education and Community Health";journal;"2820896X";"Hamadan University of Medical Sciences";Yes;No;0,241;Q3;8;16;113;597;76;109;0,57;37,31;62,26;0;8;Iran;Middle East;"Hamadan University of Medical Sciences";"2019-2024";"Education (Q3); Health (social science) (Q3); Health Informatics (Q4)";"Medicine; Social Sciences"
1082;17700154911;"Revista Electronica Complutense de Investigacion en Educacion Musical";journal;"16987454";"Universidad Complutense Madrid";Yes;Yes;0,241;Q3;11;18;80;770;36;77;0,31;42,78;42,42;3;8;Spain;Western Europe;"Universidad Complutense Madrid";"2004-2024";"Music (Q1); Education (Q3)";"Arts and Humanities; Social Sciences"
1083;21100899301;"International Journal of Sociology of Education";journal;"20143575";"Hipatia Editorial";Yes;No;0,240;Q3;10;11;36;539;30;36;0,67;49,00;72,41;0;6;Spain;Western Europe;"Hipatia Editorial";"2018-2024";"Education (Q3); Social Sciences (miscellaneous) (Q3)";"Social Sciences"
1084;21100937992;"Journal of Classics Teaching";journal;"20586310";"Cambridge University Press";Yes;Yes;0,240;Q3;6;51;67;1296;36;63;0,64;25,41;58,73;0;9;United Kingdom;Western Europe;"Cambridge University Press";"2019-2025";"Classics (Q1); Education (Q3)";"Arts and Humanities; Social Sciences"
1085;21100901213;"Waikato Journal of Education";journal;"23820373";"Wilf Malcolm Institute of Educational Research";Yes;Yes;0,240;Q3;9;0;81;0;66;71;0,74;0,00;0,00;0;0;New Zealand;Pacific Region;"Wilf Malcolm Institute of Educational Research";"2018-2023";"Education (Q3)";"Social Sciences"
1086;19700188119;"Educacion Quimica";journal;"18708404, 0187893X";"National Autonomous University of Mexico, Faculty of Chemistry";Yes;Yes;0,239;Q3;18;43;201;1137;89;188;0,38;26,44;49,47;0;12;Mexico;Latin America;"National Autonomous University of Mexico, Faculty of Chemistry";"2010-2017, 2019-2024";"Chemistry (miscellaneous) (Q3); Education (Q3)";"Chemistry; Social Sciences"
1087;21100902661;"Acta Scientiae";journal;"15174492, 21787727";"Lutheran University of Brazil";No;No;0,238;Q3;8;16;211;541;103;211;0,43;33,81;39,29;0;5;Brazil;Latin America;"Lutheran University of Brazil";"2018-2024";"Multidisciplinary (Q2); Education (Q3)";"Multidisciplinary; Social Sciences"
1088;21101162627;"Infinity Journal";journal;"20896867, 24609285";"STKIP Siliwangi Bandung (IKIP Siliwangi)";Yes;No;0,238;Q3;11;30;74;1624;112;74;1,32;54,13;38,37;0;8;Indonesia;Asiatic Region;"STKIP Siliwangi Bandung (IKIP Siliwangi)";"2019-2025";"Development (Q3); Education (Q3); Mathematics (miscellaneous) (Q3); Social Sciences (miscellaneous) (Q3)";"Mathematics; Social Sciences"
1089;19400157202;"International Journal of Web-Based Learning and Teaching Technologies";journal;"15481107, 15481093";"IGI Publishing";No;No;0,238;Q3;20;95;139;2823;275;139;1,79;29,72;48,42;0;36;United States;Northern America;"IGI Publishing";"2006-2025";"Education (Q3); Computer Science Applications (Q4); E-learning (Q4)";"Computer Science; Social Sciences"
1090;20000195050;"Paideia";journal;"0103863X, 19824327";"Universidade of Sao Paulo, Faculty of Philosophy, Languages and Literature, and Human Sciences";Yes;Yes;0,238;Q3;22;39;122;1116;78;122;0,63;28,62;63,55;0;10;Brazil;Latin America;"Universidade of Sao Paulo, Faculty of Philosophy, Languages and Literature, and Human Sciences";"2011-2024";"Education (Q3); Psychology (miscellaneous) (Q3)";"Psychology; Social Sciences"
1091;21100834525;"Gruppe. Interaktion. Organisation. Zeitschrift fur Angewandte Organisationspsychologie";journal;"23666145, 23666218";"Springer Fachmedien Wiesbaden GmbH";No;No;0,237;Q3;19;56;158;2234;121;142;0,75;39,89;49,65;1;13;Germany;Western Europe;"Springer Fachmedien Wiesbaden GmbH";"2016-2025";"Education (Q3); Applied Psychology (Q4); Developmental and Educational Psychology (Q4); Organizational Behavior and Human Resource Management (Q4); Social Psychology (Q4)";"Business, Management and Accounting; Psychology; Social Sciences"
1092;21100781490;"Studies About Languages";journal;"16482824, 20297203";"Kauno Technologijos Universitetas";Yes;Yes;0,237;Q3;7;16;48;597;33;48;0,47;37,31;85,71;0;0;Lithuania;Eastern Europe;"Kauno Technologijos Universitetas";"2016-2024";"Archeology (arts and humanities) (Q2); Linguistics and Language (Q2); Education (Q3)";"Arts and Humanities; Social Sciences"
1093;21100223785;"Pythagoras";journal;"22237895, 10122346";"AOSIS (Pty) Ltd";Yes;No;0,236;Q3;13;8;40;379;27;36;0,61;47,38;40,00;0;2;South Africa;Africa;"AOSIS (Pty) Ltd";"2012-2024";"Education (Q3); Mathematics (miscellaneous) (Q4)";"Mathematics; Social Sciences"
1094;21101053558;"Revista de Educacion y Derecho";journal;"23864885, 2013584X";"Universitat de Barcelona";Yes;Yes;0,236;Q3;6;36;86;1345;66;85;0,83;37,36;50,00;0;14;Spain;Western Europe;"Universitat de Barcelona";"2019-2024";"Law (Q2); Education (Q3); Social Sciences (miscellaneous) (Q3)";"Social Sciences"
1095;21100894552;"Journal of Advertising Education";journal;"10980482, 25161873";"SAGE Publications Ltd";No;No;0,235;Q3;9;14;34;468;24;24;0,81;33,43;72,73;0;5;United States;Northern America;"SAGE Publications Ltd";"2015-2025";"Communication (Q3); Education (Q3); Marketing (Q3)";"Business, Management and Accounting; Social Sciences"
1096;21100900514;"Obrazovanie i Nauka";journal;"19945639, 23105828";"Russian State Vocational Pedagogical University";Yes;No;0,235;Q3;16;70;216;3144;211;216;0,96;44,91;63,46;0;40;Russian Federation;Eastern Europe;"Russian State Vocational Pedagogical University";"2018-2025";"Education (Q3); Physical Therapy, Sports Therapy and Rehabilitation (Q3); Developmental and Educational Psychology (Q4)";"Health Professions; Psychology; Social Sciences"
1097;21101050033;"Sustainability and Climate Change";journal;"26922924, 26922932";"Mary Ann Liebert Inc.";No;No;0,235;Q3;27;42;139;1678;113;105;0,80;39,95;47,95;0;23;United States;Northern America;"Mary Ann Liebert Inc.";"2021-2025";"Education (Q3); Geography, Planning and Development (Q3); Management, Monitoring, Policy and Law (Q3); Global and Planetary Change (Q4); Renewable Energy, Sustainability and the Environment (Q4)";"Energy; Environmental Science; Social Sciences"
1098;5800208514;"Communication Teacher";journal;"17404622, 17404630";"Taylor and Francis Ltd.";No;No;0,234;Q3;15;55;154;1023;110;152;0,69;18,60;67,57;0;17;United Kingdom;Western Europe;"Taylor and Francis Ltd.";"2010-2025";"Communication (Q3); Education (Q3)";"Social Sciences"
1099;21101081861;"Forum for Linguistic Studies";journal;"27050602, 27050610";"Bilingual Publishing Group";No;No;0,234;Q3;7;296;94;12775;171;91;2,01;43,16;59,34;0;70;Singapore;Asiatic Region;"Bilingual Publishing Group";"2019-2025";"Linguistics and Language (Q2); Education (Q3)";"Social Sciences"
1100;21101053110;"Turkish Psychological Counseling and Guidance Journal";journal;"13021370";"Turkish Psychological Counseling and Guidance Association";No;No;0,234;Q3;6;44;111;2760;70;111;0,44;62,73;47,06;0;10;Turkey;Middle East;"Turkish Psychological Counseling and Guidance Association";"2019-2024";"Education (Q3); Psychology (miscellaneous) (Q3); Applied Psychology (Q4)";"Psychology; Social Sciences"
1101;21101017026;"Athens Journal of Education";journal;"22417958";"Athens Institute for Education and Research";Yes;Yes;0,233;Q3;7;21;101;841;80;100;0,73;40,05;62,79;0;6;Greece;Western Europe;"Athens Institute for Education and Research";"2019-2025";"Education (Q3)";"Social Sciences"
1102;21100927251;"International Journal of Practice-Based Learning in Health and Social Care";journal;"20516223";"Coventry University";No;No;0,233;Q3;9;18;49;726;42;44;0,38;40,33;78,57;0;7;United Kingdom;Western Europe;"Coventry University";"2019-2024";"Health Professions (miscellaneous) (Q2); Education (Q3); Fundamentals and Skills (Q4); Medicine (miscellaneous) (Q4); Research and Theory (Q4)";"Health Professions; Medicine; Nursing; Social Sciences"
1103;21100790079;"Journal of Agricultural Extension";journal;"24086851, 1119944X";"Agricultural Extension Society of Nigeria";Yes;No;0,233;Q3;11;46;136;1072;132;136;1,04;23,30;35,11;0;31;Nigeria;Africa;"Agricultural Extension Society of Nigeria";"2016-2025";"Agricultural and Biological Sciences (miscellaneous) (Q3); Development (Q3); Education (Q3)";"Agricultural and Biological Sciences; Social Sciences"
1104;21100218021;"Journal of Practice Teaching and Learning";journal;"17466113, 17595150";"Whiting and Birch";No;No;0,233;Q3;9;12;76;405;39;69;0,40;33,75;65,63;0;3;United Kingdom;Western Europe;"Whiting and Birch";"2009-2011, 2013-2014, 2017-2024";"Education (Q3); Health (social science) (Q3); Public Health, Environmental and Occupational Health (Q3)";"Medicine; Social Sciences"
1105;21100372604;"Journal of Applied Research on Children";journal;"21555834";"Texas Medical Center Library";Yes;Yes;0,232;Q3;16;0;41;0;27;35;0,19;0,00;0,00;0;0;United States;Northern America;"Texas Medical Center Library";"2014-2023";"Education (Q3); Sociology and Political Science (Q3); Developmental and Educational Psychology (Q4)";"Psychology; Social Sciences"
1106;5000160208;"Revista Cubana de Educacion Medica Superior";journal;"08642141, 15612902";"Editorial Ciencias Medicas";Yes;Yes;0,232;Q3;17;48;214;1009;86;185;0,45;21,02;52,73;0;16;Cuba;Latin America;"Editorial Ciencias Medicas";"1996-2002, 2006-2007, 2009-2025";"Education (Q3); Medicine (miscellaneous) (Q4)";"Medicine; Social Sciences"
1107;17600154907;"Advances in Engineering Education";journal;"19411766";"American Society for Engineering Education";No;No;0,231;Q3;29;9;66;354;62;64;0,91;39,33;61,36;0;5;United States;Northern America;"American Society for Engineering Education";"2009-2025";"Education (Q3); Engineering (miscellaneous) (Q3)";"Engineering; Social Sciences"
1108;21100902938;"Trends in Language Acquisition Research";book series;"15690644";"John Benjamins Publishing Company";No;No;0,231;Q3;10;0;34;0;37;12;2,00;0,00;0,00;0;0;Netherlands;Western Europe;"John Benjamins Publishing Company";"2018, 2020-2023";"Cultural Studies (Q2); Linguistics and Language (Q2); Communication (Q3); Education (Q3); Developmental and Educational Psychology (Q4)";"Psychology; Social Sciences"
1109;5700169412;"Acta Comportamentalia";journal;"01888145";"Universidad Nacional Autonoma de Mexico";No;No;0,229;Q3;6;34;121;1274;31;121;0,26;37,47;31,75;0;8;Mexico;Latin America;"Universidad Nacional Autonoma de Mexico";"2017-2024";"Linguistics and Language (Q2); Education (Q3); Applied Psychology (Q4); Developmental and Educational Psychology (Q4)";"Psychology; Social Sciences"
1110;5100155019;"Estudios Pedagogicos";journal;"0716050X";"Universidad Austral de Chile";Yes;Yes;0,228;Q3;31;47;262;2153;140;259;0,35;45,81;55,86;0;20;Chile;Latin America;"Universidad Austral de Chile";"1997-2002, 2006-2024";"Education (Q3)";"Social Sciences"
1111;17966;"International Journal of Electrical Engineering and Education";journal;"20504578, 00207209";"SAGE Publications Inc.";No;No;0,228;Q3;31;29;193;603;436;193;2,96;20,79;29,09;0;9;United Kingdom;Western Europe;"SAGE Publications Inc.";"1963, 1965, 1967, 1969-1972, 1974-2024";"Education (Q3); Electrical and Electronic Engineering (Q3)";"Engineering; Social Sciences"
1112;21101093543;"Chinese Journal of Nursing Education";journal;"16729234";"Chinese Nursing Journals Publishing House";No;No;0,227;Q3;7;240;675;4157;363;675;0,56;17,32;65,34;0;99;China;Asiatic Region;"Chinese Nursing Journals Publishing House";"2019-2025";"Education (Q3); Nursing (miscellaneous) (Q3)";"Nursing; Social Sciences"
1113;21100400185;"Girlhood Studies";journal;"19388209, 19388322";"Berghahn Books Inc.";No;No;0,227;Q3;14;30;87;884;60;77;0,64;29,47;96,77;0;10;United States;Northern America;"Berghahn Books Inc.";"2014-2024";"Education (Q3); Gender Studies (Q3); Sociology and Political Science (Q3); Developmental and Educational Psychology (Q4); Life-span and Life-course Studies (Q4); Social Psychology (Q4)";"Psychology; Social Sciences"
1114;144624;"International Journal of Innovation and Learning";journal;"14718197, 17418089";"Inderscience Enterprises Ltd";No;No;0,227;Q3;30;42;156;2715;224;153;0,87;64,64;52,69;0;18;United Kingdom;Western Europe;"Inderscience Enterprises Ltd";"2003-2025";"Education (Q3); Management of Technology and Innovation (Q4)";"Business, Management and Accounting; Social Sciences"
1115;20000195008;"International Journal of Technological Learning, Innovation and Development";journal;"17531942, 17531950";"Inderscience Enterprises Ltd";No;No;0,227;Q3;29;10;44;746;62;44;1,61;74,60;30,00;0;7;United Kingdom;Western Europe;"Inderscience Enterprises Ltd";"2007-2024";"Education (Q3); Computer Science Applications (Q4); Management of Technology and Innovation (Q4)";"Business, Management and Accounting; Computer Science; Social Sciences"
1116;21100820896;"Journal of Advanced Pharmacy Education and Research";journal;"22493379";"Society of Pharmaceutical Education &amp; Research [SPER]";No;No;0,226;Q3;16;69;262;2186;279;262;1,37;31,68;53,65;0;26;India;Asiatic Region;"Society of Pharmaceutical Education &amp; Research [SPER]";"2015, 2017-2025";"Education (Q3); Pharmaceutical Science (Q3); Pharmacy (Q3)";"Health Professions; Pharmacology, Toxicology and Pharmaceutics; Social Sciences"
1117;21101075552;"Media Practice and Education";journal;"25741136, 25741144";"Taylor and Francis Ltd.";No;No;0,226;Q3;24;48;81;2272;73;77;0,78;47,33;49,37;0;13;United Kingdom;Western Europe;"Taylor and Francis Ltd.";"2018-2025";"Communication (Q3); Education (Q3)";"Social Sciences"
1118;21101063726;"Natural Sciences Education";journal;"21688281, 21688273";"John Wiley and Sons Ltd";No;No;0,226;Q3;14;24;84;796;93;82;0,93;33,17;47,37;0;14;United States;Northern America;"John Wiley and Sons Ltd";"2013-2025";"Agronomy and Crop Science (Q3); Animal Science and Zoology (Q3); Ecology (Q3); Education (Q3); Plant Science (Q3); Soil Science (Q3); Insect Science (Q4)";"Agricultural and Biological Sciences; Environmental Science; Social Sciences"
1119;21100899503;"Transactional Analysis Journal";journal;"23295244, 03621537";"Taylor and Francis Ltd.";No;No;0,226;Q3;9;30;92;814;85;72;0,80;27,13;55,26;0;6;United Kingdom;Western Europe;"Taylor and Francis Ltd.";"2018-2025";"Decision Sciences (miscellaneous) (Q3); Education (Q3); Clinical Psychology (Q4); Developmental and Educational Psychology (Q4); Psychiatry and Mental Health (Q4)";"Decision Sciences; Medicine; Psychology; Social Sciences"
1120;5800207863;"Eesti Rakenduslingvistika Uhingu Aastaraamat";journal;"17362563";"Estonian Association Applied Linguists";Yes;Yes;0,225;Q3;10;13;48;589;20;48;0,44;45,31;86,67;0;1;Estonia;Eastern Europe;"Estonian Association Applied Linguists";"2005-2024";"Linguistics and Language (Q2); Education (Q3)";"Social Sciences"
1121;21101000285;"Historia y Memoria de la Educacion";journal;"24440043";"Universidad Nacional de Educacion a Distancia (UNED)";Yes;Yes;0,225;Q3;5;41;130;1665;32;129;0,19;40,61;53,03;0;8;Spain;Western Europe;"Universidad Nacional de Educacion a Distancia (UNED)";"2019-2025";"History (Q1); Education (Q3)";"Arts and Humanities; Social Sciences"
1122;21100268400;"International Journal for Technology in Mathematics Education";journal;"17442710, 20452519";"Research Information Ltd";No;No;0,225;Q3;11;28;86;494;49;77;0,41;17,64;42,86;0;5;United Kingdom;Western Europe;"Research Information Ltd";"2012-2024";"Education (Q3); Computational Theory and Mathematics (Q4); Computer Science Applications (Q4)";"Computer Science; Social Sciences"
1123;21100925824;"String Research Journal";journal;"21640661, 19484992";"SAGE Publications Ltd";No;No;0,225;Q3;7;5;14;175;10;14;0,67;35,00;81,82;0;0;United Kingdom;Western Europe;"SAGE Publications Ltd";"2010-2016, 2018-2024";"History (Q1); Music (Q2); Education (Q3)";"Arts and Humanities; Social Sciences"
1124;21101065161;"Ciencias Psicologicas";journal;"16884221, 16884094";"Departamentos de Psicologia de la Universidad Catolica del Uruguay";Yes;Yes;0,224;Q3;7;41;128;2408;82;125;0,45;58,73;46,55;0;12;Uruguay;Latin America;"Departamentos de Psicologia de la Universidad Catolica del Uruguay";"2019-2024";"Education (Q3); Health (social science) (Q3); Psychology (miscellaneous) (Q3); Neuroscience (miscellaneous) (Q4)";"Neuroscience; Psychology; Social Sciences"
1125;5800208402;"Citizenship, Social and Economics Education";journal;"20471734";"SAGE Publications Inc.";No;No;0,224;Q3;17;12;37;696;47;37;1,17;58,00;50,00;0;6;United Kingdom;Western Europe;"SAGE Publications Inc.";"2011-2025";"Economics, Econometrics and Finance (miscellaneous) (Q3); Education (Q3); Sociology and Political Science (Q3)";"Economics, Econometrics and Finance; Social Sciences"
1126;19700194014;"Journal of Jewish Education";journal;"15244113, 1554611X";"Taylor and Francis Ltd.";No;No;0,224;Q3;14;23;63;718;24;50;0,37;31,22;79,17;0;1;United Kingdom;Western Europe;"Taylor and Francis Ltd.";"1929-1932, 1938-1945, 1949-1950, 1952-1956, 1958-1970, 1972-2025";"Religious Studies (Q1); Cultural Studies (Q2); Education (Q3)";"Arts and Humanities; Social Sciences"
1127;21100932524;"Journal of Technology and Chinese Language Teaching";journal;"1949260X";"Technology and Chinese Language Teaching Association";No;No;0,224;Q3;5;10;29;317;27;28;0,29;31,70;47,62;0;1;United States;Northern America;"Technology and Chinese Language Teaching Association";"2019-2024";"Linguistics and Language (Q2); Education (Q3); Computer Science Applications (Q4)";"Computer Science; Social Sciences"
1128;15285;"Zeitschrift fur Padagogik";journal;"00443247";"Verlag Julius Beltz GmbH";No;No;0,224;Q3;28;46;147;1984;43;140;0,26;43,13;53,57;0;9;Germany;Western Europe;"Verlag Julius Beltz GmbH";"1996-2024";"Education (Q3); Pediatrics, Perinatology and Child Health (Q3)";"Medicine; Social Sciences"
1129;21101271735;"Revista Digital de Investigacion en Docencia Universitaria";journal;"22232516";"Universidad Peruana de Ciencias Aplicadas";Yes;Yes;0,223;Q3;9;23;51;1049;61;46;0,91;45,61;47,27;0;4;Peru;Latin America;"Universidad Peruana de Ciencias Aplicadas";"2020-2025";"Cultural Studies (Q2); Education (Q3); Developmental and Educational Psychology (Q4)";"Psychology; Social Sciences"
1130;12822;"Chinese Education and Society";journal;"19447116, 10611932";"M.E. Sharpe Inc.";Yes;No;0,222;Q3;23;9;71;442;55;61;0,64;49,11;53,33;0;8;United States;Northern America;"M.E. Sharpe Inc.";"1993-1997, 1999-2024";"Education (Q3); Sociology and Political Science (Q3)";"Social Sciences"
1131;21100840458;"Periodicals of Engineering and Natural Sciences";journal;"23034521";"International University of Sarajevo";Yes;No;0,222;Q3;27;46;564;1793;720;563;1,40;38,98;37,50;0;22;Bosnia and Herzegovina;Eastern Europe;"International University of Sarajevo";"2017-2025";"Architecture (Q2); Computer Science (miscellaneous) (Q3); Education (Q3); Electrical and Electronic Engineering (Q3); Industrial and Manufacturing Engineering (Q3); Mechanical Engineering (Q3); Bioengineering (Q4); Biomedical Engineering (Q4)";"Chemical Engineering; Computer Science; Engineering; Social Sciences"
1132;21100896854;"Eurasian Journal of Applied Linguistics";journal;"21491135";"Hacettepe University";Yes;No;0,221;Q3;15;69;175;2860;210;175;1,08;41,45;54,82;0;8;Turkey;Middle East;"Hacettepe University";"2018-2024";"Linguistics and Language (Q2); Education (Q3); Social Psychology (Q4)";"Psychology; Social Sciences"
1133;21100833036;"Texto Livre";journal;"19833652";"Universidade Federal de Minas Gerais";Yes;Yes;0,221;Q3;10;44;182;1539;137;181;0,73;34,98;55,81;0;11;Brazil;Latin America;"Universidade Federal de Minas Gerais";"2017-2025";"Linguistics and Language (Q2); Communication (Q3); Education (Q3); Computer Science Applications (Q4)";"Computer Science; Social Sciences"
1134;21100880214;"Higher Education Forum";journal;"24329614";"Hiroshima University,Research Institute for Higher Education,";No;No;0,220;Q3;6;10;29;492;24;28;0,84;49,20;50,00;0;6;Japan;Asiatic Region;"Hiroshima University,Research Institute for Higher Education,";"2012, 2014-2024";"Education (Q3)";"Social Sciences"
1135;21100202718;"International Journal of Management in Education";journal;"17503868, 1750385X";"Inderscience";No;No;0,220;Q3;17;28;91;2194;95;91;1,03;78,36;36,76;0;15;Switzerland;Western Europe;"Inderscience";"2007-2024";"Education (Q3); Business, Management and Accounting (miscellaneous) (Q4)";"Business, Management and Accounting; Social Sciences"
1136;21100906921;"MAI Journal";journal;"22306862";"Nga Pae o te Maramatanga";No;No;0,220;Q3;12;13;59;669;49;59;0,62;51,46;82,35;0;4;New Zealand;Pacific Region;"Nga Pae o te Maramatanga";"2019-2024";"Cultural Studies (Q2); Anthropology (Q3); Education (Q3); Health (social science) (Q4)";"Social Sciences"
1137;12597;"American Biology Teacher";journal;"00027685";"National Association of Biology Teachers, Inc";No;No;0,219;Q3;37;61;303;1067;123;251;0,39;17,49;48,74;0;14;United States;Northern America;"National Association of Biology Teachers, Inc";"1970-2025";"Agricultural and Biological Sciences (miscellaneous) (Q3); Education (Q3)";"Agricultural and Biological Sciences; Social Sciences"
1138;21100894551;"Christian Education Journal";journal;"07398913, 2378525X";"SAGE Publications Ltd";No;No;0,219;Q3;6;20;78;642;21;67;0,24;32,10;40,00;0;2;United States;Northern America;"SAGE Publications Ltd";"2015-2024";"Religious Studies (Q1); Education (Q3)";"Arts and Humanities; Social Sciences"
1139;19700187616;"Christian Higher Education";journal;"15363759, 15394107";"Taylor and Francis Ltd.";No;No;0,219;Q3;17;30;68;1486;36;58;0,43;49,53;47,06;0;8;United Kingdom;Western Europe;"Taylor and Francis Ltd.";"2002-2025";"Religious Studies (Q1); Education (Q3)";"Arts and Humanities; Social Sciences"
1140;21100857102;"Ethics and Bioethics (in Central Europe)";journal;"13385615, 24537829";"Sciendo";Yes;Yes;0,219;Q3;6;21;68;794;53;65;0,86;37,81;27,59;0;3;Poland;Eastern Europe;"Sciendo";"2017-2024";"Philosophy (Q2); Education (Q3); Health Policy (Q4)";"Arts and Humanities; Medicine; Social Sciences"
1141;21101037302;"Harmonia: Journal of Arts Research and Education";journal;"14115115, 25412426";"Universitas Negeri Semarang";Yes;No;0,219;Q3;6;33;98;1366;50;97;0,42;41,39;40,74;0;9;Indonesia;Asiatic Region;"Universitas Negeri Semarang";"2019-2024";"Visual Arts and Performing Arts (Q1); Music (Q2); Education (Q3)";"Arts and Humanities; Social Sciences"
1142;21100220465;"International Journal of Knowledge and Learning";journal;"17411017, 17411009";"Inderscience";No;No;0,219;Q3;24;33;63;2066;78;63;0,82;62,61;41,98;0;9;Switzerland;Western Europe;"Inderscience";"2005-2012, 2014-2025";"Education (Q3)";"Social Sciences"
1143;12826;"Journal of Negro Education";journal;"21676437, 00222984";"Howard University";No;No;0,219;Q3;49;0;105;0;68;101;0,32;0,00;0,00;0;0;United States;Northern America;"Howard University";"1972, 1976-1977, 1980-1982, 1984, 1996-2000, 2005-2023";"Anthropology (Q3); Education (Q3)";"Social Sciences"
1144;12900154728;"New Educational Review";journal;"17326729";"Adam Marszalek Publishing House";No;No;0,219;Q3;18;66;219;1472;146;214;0,65;22,30;64,16;0;22;Poland;Eastern Europe;"Adam Marszalek Publishing House";"2008-2024";"Education (Q3)";"Social Sciences"
1145;5100152914;"Educacion Medica";journal;"15751813";"Elsevier Espana S.L.U";Yes;No;0,218;Q3;24;99;325;1906;219;211;0,77;19,25;52,07;0;35;Spain;Western Europe;"Elsevier Espana S.L.U";"2003-2004, 2006-2012, 2014-2025";"Education (Q3); Medicine (miscellaneous) (Q4)";"Medicine; Social Sciences"
1146;16264;"Journal of Legal Education";journal;"00222208";"Association of American Law Schools";No;No;0,218;Q3;23;0;58;0;70;52;2,23;0,00;0,00;0;0;United States;Northern America;"Association of American Law Schools";"1988, 1996-2022";"Education (Q3); Law (Q3)";"Social Sciences"
1147;21100904443;"Asia Pacific Journal of Educators and Education";journal;"21803463, 22899057";"Penerbit Universiti Sains Malaysia";No;No;0,217;Q3;7;29;76;1793;69;73;0,63;61,83;40,98;0;12;Malaysia;Asiatic Region;"Penerbit Universiti Sains Malaysia";"2018-2024";"Education (Q3)";"Social Sciences"
1148;21101043322;"Education in Medicine Journal";journal;"21801932";"Penerbit Universiti Sains Malaysia";No;No;0,217;Q3;8;73;120;2189;108;119;0,56;29,99;56,36;0;19;Malaysia;Asiatic Region;"Penerbit Universiti Sains Malaysia";"2019-2024";"Health Professions (miscellaneous) (Q2); Education (Q3); Nursing (miscellaneous) (Q3); Medicine (miscellaneous) (Q4)";"Health Professions; Medicine; Nursing; Social Sciences"
1149;21101142541;"E-Journal of Dokuz Eylul University Nursing Faculty";journal;"21490333";"Dokuz Eylul University";Yes;Yes;0,217;Q3;6;12;151;425;90;151;0,51;35,42;93,33;0;5;Turkey;Middle East;"Dokuz Eylul University";"2019-2024";"Advanced and Specialized Nursing (Q3); Critical Care Nursing (Q3); Education (Q3); Emergency Nursing (Q3); Nursing (miscellaneous) (Q3); Review and Exam Preparation (Q4)";"Nursing; Social Sciences"
1150;21100920051;"Journal of Research Administration";journal;"25737104, 15391590";"Society of Research Administrators International";No;No;0,217;Q3;6;8;45;236;41;39;0,90;29,50;52,17;0;0;United States;Northern America;"Society of Research Administrators International";"2019-2024";"Education (Q3); Strategy and Management (Q4)";"Business, Management and Accounting; Social Sciences"
1151;21100873638;"Philologia Estonica Tallinnensis";journal;"25046624, 25046616";"Tallinn University";Yes;No;0,217;Q3;5;7;28;264;12;27;0,50;37,71;100,00;0;1;Estonia;Eastern Europe;"Tallinn University";"2016-2024";"Literature and Literary Theory (Q1); Linguistics and Language (Q2); Education (Q3)";"Arts and Humanities; Social Sciences"
1152;21101192675;"Revista de Estudios e Investigacion en Psicologia y Educacion";journal;"23867418";"Publications Service of the University of A Coruna - Elvina Campus";Yes;Yes;0,217;Q3;6;17;73;706;53;72;0,75;41,53;61,90;0;3;Spain;Western Europe;"Publications Service of the University of A Coruna - Elvina Campus";"2019-2024";"Education (Q3); Psychology (miscellaneous) (Q4)";"Psychology; Social Sciences"
1153;21101146538;"Revista Electronica de Linguistica Aplicada";journal;"18859089";"Asociacion Espanola de Linguistica Aplicada";Yes;Yes;0,217;Q3;12;21;29;1150;18;29;0,50;54,76;71,43;0;2;Spain;Western Europe;"Asociacion Espanola de Linguistica Aplicada";"2008-2016, 2018-2025";"Linguistics and Language (Q2); Education (Q3); Social Sciences (miscellaneous) (Q3)";"Social Sciences"
1154;21100896480;"Education et Didactique";journal;"21114838, 19563485";"Presses Universitaires de Rennes";No;No;0,216;Q3;5;43;64;1335;15;58;0,32;31,05;52,31;1;3;France;Western Europe;"Presses Universitaires de Rennes";"2018-2024";"Education (Q3); Social Sciences (miscellaneous) (Q3); Developmental and Educational Psychology (Q4)";"Psychology; Social Sciences"
1155;21100201720;"Education Therapeutique du Patient";journal;"21000816, 21000808";"EDP Sciences";No;No;0,216;Q3;13;13;40;420;17;38;0,43;32,31;77,59;0;5;France;Western Europe;"EDP Sciences";"2009-2024";"Education (Q3); Public Health, Environmental and Occupational Health (Q4)";"Medicine; Social Sciences"
1156;21100220499;"Field Actions Science Report";journal;"1867139X, 18678521";"Institut Veolia Environnement";Yes;Yes;0,216;Q3;19;15;73;86;50;56;0,55;5,73;25,00;0;8;France;Western Europe;"Institut Veolia Environnement";"2012-2025";"Development (Q3); Education (Q3); Geography, Planning and Development (Q3); Sociology and Political Science (Q3); Health (social science) (Q4)";"Social Sciences"
1157;12814;"Journal of Extension";journal;"10775315";"Extension Journal, Inc.";Yes;Yes;0,216;Q3;38;111;196;2372;82;196;0,44;21,37;62,50;0;40;United States;Northern America;"Extension Journal, Inc.";"1976, 1996-2024";"Education (Q3)";"Social Sciences"
1158;21100867459;"Educacion Matematica";journal;"24488089, 01878298";"Mexican Society for Research and Dissemination of Mathematics Education";No;Yes;0,215;Q3;8;34;118;1115;48;108;0,32;32,79;56,16;0;3;Mexico;Latin America;"Mexican Society for Research and Dissemination of Mathematics Education";"2018-2024";"Education (Q3); Mathematics (miscellaneous) (Q4)";"Mathematics; Social Sciences"
1159;79567;"Journal of the Royal College of Physicians of Edinburgh";journal;"14782715, 20428189";"SAGE Publications Inc.";Yes;No;0,215;Q3;34;77;307;1279;183;188;0,61;16,61;36,73;0;28;United States;Northern America;"SAGE Publications Inc.";"2002-2024";"History (Q1); Education (Q3); Medicine (miscellaneous) (Q4)";"Arts and Humanities; Medicine; Social Sciences"
1160;21101021756;"rEFLections";journal;"15135934, 26511479";"School of Liberal Arts, King Mongkut's University of Technology Thonburi";No;No;0,214;Q3;9;63;103;3347;97;103;0,87;53,13;52,33;0;19;Thailand;Asiatic Region;"School of Liberal Arts, King Mongkut's University of Technology Thonburi";"2019-2024";"Linguistics and Language (Q2); Education (Q3)";"Social Sciences"
1161;4700152850;"Revista Brasileira de Ensino de Fisica";journal;"01024744";"Sociedade Brasileira de Fisica";Yes;Yes;0,214;Q3;16;148;381;4644;144;380;0,49;31,38;16,53;0;11;Brazil;Latin America;"Sociedade Brasileira de Fisica";"2006-2025";"Education (Q3); Physics and Astronomy (miscellaneous) (Q3)";"Physics and Astronomy; Social Sciences"
1162;21100897945;"Educacao and Realidade";journal;"01003143, 21756236";"Universidade Federal do Rio Grande do Sul,Faculdade de Educacao";Yes;Yes;0,213;Q3;8;55;177;2119;49;176;0,28;38,53;53,06;0;25;Brazil;Latin America;"Universidade Federal do Rio Grande do Sul,Faculdade de Educacao";"2018-2024";"Arts and Humanities (miscellaneous) (Q2); Education (Q3); Social Sciences (miscellaneous) (Q3)";"Arts and Humanities; Social Sciences"
1163;19700182354;"Movimento";journal;"19828918, 0104754X";"Universidade Federal do Rio Grande do Sul";Yes;Yes;0,212;Q3;19;60;225;2246;124;225;0,53;37,43;39,22;0;16;Brazil;Latin America;"Universidade Federal do Rio Grande do Sul";"2010-2024";"Education (Q3)";"Social Sciences"
1164;4000148104;"New Directions for Teaching and Learning";journal;"02710633";"Wiley-Blackwell";No;No;0,212;Q3;58;45;120;1126;97;107;0,60;25,02;67,35;0;4;United States;Northern America;"Wiley-Blackwell";"1980-2025";"Education (Q3)";"Social Sciences"
1165;11800154546;"Eurasian Journal of Educational Research";journal;"1302597X, 25288911";"Ani Publishing";Yes;No;0,211;Q3;30;93;307;4189;374;307;1,09;45,04;46,20;0;48;Turkey;Middle East;"Ani Publishing";"2008-2024";"Education (Q3)";"Social Sciences"
1166;21101152134;"Hogre Utbildning";journal;"20007558";"Cappelen Damm Akademisk, Nordic Open Scholarly Publishing (NOASP)";Yes;Yes;0,211;Q3;4;23;73;684;25;70;0,17;29,74;67,50;0;8;Norway;Western Europe;"Cappelen Damm Akademisk, Nordic Open Scholarly Publishing (NOASP)";"2019-2024";"Education (Q3)";"Social Sciences"
1167;25234;"Perspectives on Global Development and Technology";journal;"15691497, 15691500";"Brill Academic Publishers";No;No;0,211;Q3;22;22;84;1076;50;81;0,57;48,91;31,25;0;10;Netherlands;Western Europe;"Brill Academic Publishers";"2002-2024";"Development (Q3); Education (Q3); Geography, Planning and Development (Q3); Political Science and International Relations (Q3); Social Sciences (miscellaneous) (Q3); Health (social science) (Q4)";"Social Sciences"
1168;21100400803;"Revista Iberoamericana de Educacion Superior";journal;"20072872";"Elsevier B.V.";Yes;Yes;0,211;Q3;13;32;102;1288;62;102;0,54;40,25;60,00;0;13;Mexico;Latin America;"Elsevier B.V.";"2015-2024";"Education (Q3)";"Social Sciences"
1169;29758;"Revista Mexicana de Fisica";journal;"0035001X";"Sociedad Mexicana de Fisica";Yes;No;0,211;Q3;36;105;323;3768;326;323;0,98;35,89;20,33;0;9;Mexico;Latin America;"Sociedad Mexicana de Fisica";"1991-1993, 1995-2025";"Education (Q3); Physics and Astronomy (miscellaneous) (Q4)";"Physics and Astronomy; Social Sciences"
1170;16719;"Proceedings - Frontiers in Education Conference, FIE";conference and proceedings;"15394565";"Institute of Electrical and Electronics Engineers Inc.";No;No;0,211;-;49;0;1295;0;1048;1291;0,71;0,00;0,00;0;0;United States;Northern America;"Institute of Electrical and Electronics Engineers Inc.";"1976, 1978-1989, 1991-2013, 2015-2023";"Computer Science Applications; Education; Software";"Computer Science; Social Sciences"
1171;21101075992;"Proceedings of the International Conference on Education and Research in Computer Aided Architectural Design in Europe";conference and proceedings;"26841843";"Education and research in Computer Aided Architectural Design in Europe";No;No;0,211;-;23;148;436;2679;243;425;0,57;18,10;35,41;0;72;Belgium;Western Europe;"Education and research in Computer Aided Architectural Design in Europe";"1999-2024";"Architecture; Computer Graphics and Computer-Aided Design; Education";"Computer Science; Engineering; Social Sciences"
1172;21100881506;"Przestrzen Spoleczna";journal;"20841558, 20847696";"";Yes;No;0,210;Q3;7;0;64;0;84;59;1,44;0,00;0,00;0;0;Poland;Eastern Europe;"";"2018-2022";"Cultural Studies (Q2); Demography (Q3); Economics, Econometrics and Finance (miscellaneous) (Q3); Education (Q3); Geography, Planning and Development (Q3); Social Sciences (miscellaneous) (Q3); Sociology and Political Science (Q3); Urban Studies (Q3); Social Psychology (Q4)";"Economics, Econometrics and Finance; Psychology; Social Sciences"
1173;21100203318;"Cardiovascular Therapy and Prevention (Russian Federation)";journal;"17288800";"Vserossiiskoe Obshchestvo Kardiologov";Yes;Yes;0,210;Q4;26;218;617;7416;559;588;0,85;34,02;68,17;0;129;Russian Federation;Eastern Europe;"Vserossiiskoe Obshchestvo Kardiologov";"2011-2024";"Cardiology and Cardiovascular Medicine (Q4); Education (Q4)";"Medicine; Social Sciences"
1174;5600152864;"Education et Societes";journal;"1373847X, 17821428";"De Boeck Supérieur";No;No;0,210;Q4;15;21;39;886;11;39;0,21;42,19;56,10;0;0;Belgium;Western Europe;"De Boeck Supérieur";"2001-2024";"Sociology and Political Science (Q3); Education (Q4)";"Social Sciences"
1175;5600152802;"Journal of Food Science Education";journal;"15414329";"Wiley-Blackwell";No;No;0,210;Q4;19;0;28;0;28;20;0,00;0,00;0,00;0;0;United States;Northern America;"Wiley-Blackwell";"2007-2021";"Food Science (Q3); Education (Q4)";"Agricultural and Biological Sciences; Social Sciences"
1176;21100207204;"Journal of Research in Education Sciences";journal;"2073753X";"National Taiwan Normal University";Yes;No;0,210;Q4;11;32;103;1874;59;103;0,55;58,56;53,09;0;23;Taiwan;Asiatic Region;"National Taiwan Normal University";"2009-2024";"Education (Q4)";"Social Sciences"
1177;10800153304;"Revista Brasileira de Educacao Especial";journal;"14136538";"Associacao Brasileira de Pesquisadores em Educacao Especial";Yes;Yes;0,210;Q4;14;46;143;1807;53;142;0,20;39,28;77,88;0;31;Brazil;Latin America;"Associacao Brasileira de Pesquisadores em Educacao Especial";"2007-2024";"Education (Q4)";"Social Sciences"
1178;21100944646;"SiSal Journal";journal;"21853762";"Kanda University of International Studies";Yes;Yes;0,210;Q4;7;36;92;1058;48;81;0,58;29,39;45,45;0;6;Japan;Asiatic Region;"Kanda University of International Studies";"2019-2024";"Linguistics and Language (Q2); Computer Science Applications (Q4); Education (Q4)";"Computer Science; Social Sciences"
1179;21101194210;"Proceedings of the International Group for the Psychology of Mathematics Education";conference and proceedings;"0771100X, 27903648";"Psychology of Mathematics Education (PME)";No;No;0,210;-;7;327;1050;2002;219;1034;0,22;6,12;57,22;0;25;Germany;Western Europe;"Psychology of Mathematics Education (PME)";"2019, 2021-2024";"Developmental and Educational Psychology; Education; Experimental and Cognitive Psychology; Mathematics (miscellaneous)";"Mathematics; Psychology; Social Sciences"
1180;21100901047;"Pedagogia Social";journal;"19899742, 11391723";"Sociedad Iberoamericana de Pedagogia Social";Yes;Yes;0,209;Q4;8;29;85;1278;66;81;0,60;44,07;66,67;0;22;Spain;Western Europe;"Sociedad Iberoamericana de Pedagogia Social";"2018-2025";"Sociology and Political Science (Q3); Education (Q4)";"Social Sciences"
1181;21100827888;"Studia Paedagogica";journal;"18037437, 23364521";"Masaryk University, Faculty of Arts";Yes;Yes;0,209;Q4;9;6;73;286;35;71;0,41;47,67;72,73;0;2;Czech Republic;Eastern Europe;"Masaryk University, Faculty of Arts";"2017-2024";"Education (Q4)";"Social Sciences"
1182;21101028116;"Asia Pacific Scholar";journal;"24249335, 24249270";"Centre for Medical Education (CenMed) Yong Loo Lin School of Medicine National University of Singapore";Yes;Yes;0,208;Q4;7;62;163;779;81;129;0,47;12,56;48,15;0;20;Singapore;Asiatic Region;"Centre for Medical Education (CenMed) Yong Loo Lin School of Medicine National University of Singapore";"2019-2025";"Health Professions (miscellaneous) (Q2); Reviews and References (medical) (Q3); Education (Q4); Medicine (miscellaneous) (Q4)";"Health Professions; Medicine; Social Sciences"
1183;21101072016;"Neofilolog";journal;"14292173, 25453971";"Polskie Towarzystwo Neofilologiczne";Yes;Yes;0,208;Q4;4;56;134;2150;32;126;0,26;38,39;76,00;0;11;Poland;Eastern Europe;"Polskie Towarzystwo Neofilologiczne";"2019-2024";"Linguistics and Language (Q2); Education (Q4)";"Social Sciences"
1184;21101020140;"Text (Australia)";journal;"13279556";"Australasian Association of Writing Programs";No;No;0,208;Q4;5;48;172;1494;36;155;0,28;31,13;73,81;0;4;Australia;Pacific Region;"Australasian Association of Writing Programs";"2019-2025";"Literature and Literary Theory (Q1); Education (Q4)";"Arts and Humanities; Social Sciences"
1185;21100945719;"International Journal of Media and Information Literacy";journal;"2500106X";"Cherkas Global University Press";Yes;No;0,207;Q4;10;37;132;1988;100;132;0,73;53,73;59,77;0;9;United States;Northern America;"Cherkas Global University Press";"2016-2024";"Communication (Q3); Library and Information Sciences (Q3); Education (Q4)";"Social Sciences"
1186;21100223145;"Journal of Music, Technology and Education";journal;"17527074, 17527066";"Intellect Ltd.";No;No;0,207;Q4;19;0;46;0;28;40;0,29;0,00;0,00;0;0;United Kingdom;Western Europe;"Intellect Ltd.";"2012-2023";"Music (Q2); Computer Science Applications (Q4); Education (Q4)";"Arts and Humanities; Computer Science; Social Sciences"
1187;21100897721;"Revista Colombiana de Educacion";journal;"23230134, 01203916";"Research Center of Universidad Pedagogica Nacional";Yes;Yes;0,207;Q4;8;72;156;3506;90;155;0,53;48,69;61,54;0;31;Colombia;Latin America;"Research Center of Universidad Pedagogica Nacional";"2018-2025";"Education (Q4)";"Social Sciences"
1188;4700152714;"Cadernos de Pesquisa";journal;"01001574";"Fundacao Carlos Chagas";Yes;Yes;0,206;Q4;22;54;142;2326;70;141;0,35;43,07;66,00;0;28;Brazil;Latin America;"Fundacao Carlos Chagas";"1983, 2006-2024";"Cultural Studies (Q2); Gender Studies (Q3); Education (Q4)";"Social Sciences"
1189;21100396345;"International Journal of Learning and Change";journal;"17402875, 17402883";"Inderscience";No;No;0,205;Q4;13;33;113;2229;119;111;1,12;67,55;60,27;0;9;Switzerland;Western Europe;"Inderscience";"2005, 2015-2025";"Education (Q4); Management of Technology and Innovation (Q4)";"Business, Management and Accounting; Social Sciences"
1190;21101045275;"Iranian Journal of Health Education and Health Promotion";journal;"2345346X, 23453265";"Iranian Association of Health Education and Health Promotion";Yes;Yes;0,205;Q4;9;31;97;1118;64;97;0,51;36,06;48,08;0;17;Iran;Middle East;"Iranian Association of Health Education and Health Promotion";"2019-2025";"Health Professions (miscellaneous) (Q3); Education (Q4); Health Informatics (Q4); Health Policy (Q4); Public Health, Environmental and Occupational Health (Q4)";"Health Professions; Medicine; Social Sciences"
1191;17700155807;"Journal of Educators Online";journal;"1547500X";"Grand Canyon University";Yes;Yes;0,205;Q4;29;77;169;3768;124;167;0,71;48,94;53,80;0;22;United States;Northern America;"Grand Canyon University";"2009-2025";"Education (Q4); E-learning (Q4)";"Social Sciences"
1192;21101213851;"Southern African Journal of Environmental Education";journal;"24115959, 02567504";"EEASA, Environmental Learning Research Centre, Department of Education, Rhodes University";Yes;Yes;0,205;Q4;8;6;29;275;24;27;0,79;45,83;66,67;0;5;South Africa;Africa;"EEASA, Environmental Learning Research Centre, Department of Education, Rhodes University";"2019-2024";"Earth and Planetary Sciences (miscellaneous) (Q4); Education (Q4)";"Earth and Planetary Sciences; Social Sciences"
1193;21101021144;"Visions for Sustainability";journal;"23848677";"University of Torino";No;No;0,205;Q4;7;43;69;2164;64;60;0,78;50,33;48,72;0;37;Italy;Western Europe;"University of Torino";"2019-2024";"Education (Q4); Environmental Science (miscellaneous) (Q4); Renewable Energy, Sustainability and the Environment (Q4)";"Energy; Environmental Science; Social Sciences"
1194;21100854631;"International Journal of Christianity and Education";journal;"2056998X, 20569971";"SAGE Publications Ltd";No;No;0,204;Q4;6;26;61;1025;26;51;0,48;39,42;40,48;0;2;United Kingdom;Western Europe;"SAGE Publications Ltd";"2015-2025";"Religious Studies (Q2); Education (Q4)";"Arts and Humanities; Social Sciences"
1195;21100229177;"Journal of Psychological and Educational Research";journal;"22471537";"Editura Universitati din Oradea";No;No;0,204;Q4;11;19;48;1038;32;47;0,63;54,63;64,81;0;6;Romania;Eastern Europe;"Editura Universitati din Oradea";"2011-2024";"Applied Psychology (Q4); Developmental and Educational Psychology (Q4); Education (Q4)";"Psychology; Social Sciences"
1196;21100780996;"Psychology, Journal of the Higher School of Economics";journal;"18138918";"National Research University Higher School of Economics";No;No;0,204;Q4;10;44;150;1851;85;145;0,37;42,07;66,67;0;4;Russian Federation;Eastern Europe;"National Research University Higher School of Economics";"2016-2024";"Cultural Studies (Q2); Education (Q4); Psychology (miscellaneous) (Q4)";"Psychology; Social Sciences"
1197;6600153105;"Revista Brasileira de Educacao";journal;"1809449X, 14132478";"Revista Brasileira de Educacao";Yes;Yes;0,204;Q4;20;91;224;3530;75;224;0,37;38,79;57,05;0;29;Brazil;Latin America;"Revista Brasileira de Educacao";"2007-2024";"Education (Q4)";"Social Sciences"
1198;21100228079;"Analise Psicologica";journal;"08708231";"Instituto Superior de Psicologia Aplicada";Yes;No;0,203;Q4;14;14;54;725;27;54;0,47;51,79;69,05;0;4;Portugal;Western Europe;"Instituto Superior de Psicologia Aplicada";"2010-2024";"Education (Q4); Psychology (miscellaneous) (Q4)";"Psychology; Social Sciences"
1199;21100996098;"Canadian Journal of Educational Administration and Policy";journal;"12077798";"University of Saskatchewan, Department of Educational Administration, College of Education";Yes;No;0,203;Q4;6;9;79;622;66;78;0,52;69,11;61,90;0;4;Canada;Northern America;"University of Saskatchewan, Department of Educational Administration, College of Education";"2020-2025";"Education (Q4); Strategy and Management (Q4)";"Business, Management and Accounting; Social Sciences"
1200;21101037300;"Explorations in Media Ecology";journal;"15397785, 20480717";"Intellect Ltd.";No;No;0,203;Q4;5;26;101;790;24;74;0,13;30,38;40,00;0;3;United Kingdom;Western Europe;"Intellect Ltd.";"2019-2024";"Cultural Studies (Q2); Education (Q4)";"Social Sciences"
1201;21100812627;"Publicaciones de la Facultad de Educacion y Humanidades del Campus de Melilla";journal;"25309269, 15774147";"Universidad de Granada";Yes;Yes;0,203;Q4;12;14;103;549;72;96;0,60;39,21;40,00;2;9;Spain;Western Europe;"Universidad de Granada";"2012-2024";"Developmental and Educational Psychology (Q4); Education (Q4)";"Psychology; Social Sciences"
1202;21100851844;"Malaysian Online Journal of Educational Management";journal;"22894489";"University of Malaya";No;No;0,202;Q4;9;20;59;1302;69;59;1,00;65,10;38,46;0;10;Malaysia;Asiatic Region;"University of Malaya";"2017-2025";"Education (Q4)";"Social Sciences"
1203;21100858125;"Medical Writing";journal;"20474814, 20474806";"European Medical Writers Association";No;No;0,202;Q4;7;90;221;903;40;150;0,22;10,03;75,47;0;16;United Kingdom;Western Europe;"European Medical Writers Association";"2016-2024";"Medical Terminology; Education (Q4); Health Informatics (Q4); Medicine (miscellaneous) (Q4)";"Health Professions; Medicine; Social Sciences"
1204;27358;"New Review of Information Networking";journal;"13614576, 17407869";"Taylor and Francis Ltd.";No;No;0,202;Q4;16;0;19;0;23;17;1,58;0,00;0,00;0;0;United Kingdom;Western Europe;"Taylor and Francis Ltd.";"1995-2008, 2010-2025";"Computer Networks and Communications (Q4); Education (Q4); Human-Computer Interaction (Q4); Information Systems (Q4)";"Computer Science; Social Sciences"
1205;21100902332;"PASAA";journal;"22870024, 01252488";"Chulalongkorn University Language Institute";No;No;0,202;Q4;10;30;79;1535;62;73;0,61;51,17;34,21;0;5;Thailand;Asiatic Region;"Chulalongkorn University Language Institute";"2018-2024";"Linguistics and Language (Q2); Education (Q4)";"Social Sciences"
1206;21101044734;"Journal of International Special Needs Education";journal;"21594341, 23314001";"Division of International Special Education and Services";No;No;0,201;Q4;4;4;19;182;15;17;0,54;45,50;66,67;0;3;United States;Northern America;"Division of International Special Education and Services";"2019-2024";"Education (Q4)";"Social Sciences"
1207;21101102056;"J-Reading";journal;"22814310, 22815694";"Edizioni Nuova Cultura";No;No;0,201;Q4;6;20;42;877;20;42;0,50;43,85;47,50;0;8;Italy;Western Europe;"Edizioni Nuova Cultura";"2020-2024";"Demography (Q3); Geography, Planning and Development (Q3); Social Sciences (miscellaneous) (Q3); Urban Studies (Q3); Computers in Earth Sciences (Q4); Education (Q4)";"Earth and Planetary Sciences; Social Sciences"
1208;5700169467;"Sodobna Pedagogika/Journal of Contemporary Educational Studies";journal;"00380474";"Association of Slovenian Educationalists";No;No;0,201;Q4;8;36;156;1351;48;143;0,20;37,53;84,00;0;13;Slovenia;Eastern Europe;"Association of Slovenian Educationalists";"2015-2024";"Education (Q4)";"Social Sciences"
1209;21101168867;"Teaching English Language";journal;"2538547X, 25385488";"Teaching English Language and Literature Society of Iran (TELLSI)";Yes;No;0,201;Q4;8;26;69;1499;56;69;0,93;57,65;41,18;0;4;Iran;Middle East;"Teaching English Language and Literature Society of Iran (TELLSI)";"2019-2025";"Linguistics and Language (Q2); Education (Q4)";"Social Sciences"
1210;19700177120;"Journal of the Australian and New Zealand Student Services Association";journal;"13202480";"Australian and New Zealand Student Services Association";Yes;Yes;0,200;Q4;9;19;29;440;15;26;0,29;23,16;72,50;0;7;Australia;Pacific Region;"Australian and New Zealand Student Services Association";"2009-2013, 2016-2024";"Education (Q4)";"Social Sciences"
1211;21101063738;"Journal of Curriculum and Teaching";journal;"19272685, 19272677";"Sciedu Press";No;No;0,199;Q4;10;134;319;5884;317;319;0,98;43,91;48,55;0;75;Canada;Northern America;"Sciedu Press";"2019, 2021-2025";"Education (Q4)";"Social Sciences"
1212;21101105298;"Ogigia";journal;"18873731";"Universidad de Valladolid";Yes;Yes;0,199;Q4;6;21;47;892;13;46;0,37;42,48;68,42;0;2;Spain;Western Europe;"Universidad de Valladolid";"2019-2024";"Literature and Literary Theory (Q1); Linguistics and Language (Q2); Education (Q4)";"Arts and Humanities; Social Sciences"
1213;21100372856;"Data in Brief";journal;"23523409";"Elsevier Inc.";Yes;No;0,198;Q4;60;1319;3045;16513;4996;5;1,74;12,52;50,00;2;523;United States;Northern America;"Elsevier Inc.";"2014-2025";"Multidisciplinary (Q3); Education (Q4)";"Multidisciplinary; Social Sciences"
1214;21101233761;"Desde el Sur";journal;"20762674, 24150959";"Universidad Cientifica del Sur";Yes;Yes;0,198;Q4;6;69;130;2145;61;120;0,38;31,09;40,45;0;19;Peru;Latin America;"Universidad Cientifica del Sur";"2021-2025";"Cultural Studies (Q2); Gender Studies (Q3); Library and Information Sciences (Q3); Sociology and Political Science (Q3); Education (Q4); Public Administration (Q4); Safety Research (Q4)";"Social Sciences"
1215;66262;"International Journal of Continuing Engineering Education and Life-Long Learning";journal;"15604624, 17415055";"Inderscience Enterprises Ltd";No;No;0,198;Q4;26;36;141;652;349;141;2,32;18,11;48,28;0;18;United Kingdom;Western Europe;"Inderscience Enterprises Ltd";"1986, 1988, 1990-2025";"Engineering (miscellaneous) (Q3); Education (Q4); E-learning (Q4)";"Engineering; Social Sciences"
1216;21100200659;"International Journal of Virtual and Personal Learning Environments";journal;"19478526, 19478518";"IGI Global Publishing";No;No;0,198;Q4;13;5;66;283;78;66;1,36;56,60;58,33;0;1;United States;Northern America;"IGI Global Publishing";"2010-2025";"Computer Science Applications (Q4); Education (Q4); E-learning (Q4)";"Computer Science; Social Sciences"
1217;21101206094;"Journal of Interdisciplinary Studies in Education";journal;"21662681, 26900408";"STAR Scholars Network";No;No;0,198;Q4;8;32;65;1257;60;64;1,05;39,28;47,37;0;13;United States;Northern America;"STAR Scholars Network";"2020-2025";"Cultural Studies (Q2); Education (Q4)";"Social Sciences"
1218;21101043442;"World Journal of English Language";journal;"19250711, 19250703";"Sciedu Press";No;No;0,198;Q4;10;354;700;13077;485;694;0,65;36,94;51,17;1;118;Canada;Northern America;"Sciedu Press";"2020-2025";"Literature and Literary Theory (Q1); Linguistics and Language (Q2); Education (Q4)";"Arts and Humanities; Social Sciences"
1219;21100889438;"International Journal of Pluralism and Economics Education";journal;"17575656, 17575648";"Inderscience Enterprises Ltd";No;No;0,197;Q4;6;14;55;765;29;54;0,59;54,64;33,33;0;3;Switzerland;Western Europe;"Inderscience Enterprises Ltd";"2018-2024";"Economics, Econometrics and Finance (miscellaneous) (Q3); Sociology and Political Science (Q3); Education (Q4)";"Economics, Econometrics and Finance; Social Sciences"
1220;19400158901;"Perfiles Educativos";journal;"01852698";"Universidad Nacional Autonoma de Mexico";Yes;No;0,197;Q4;20;51;163;2019;80;154;0,54;39,59;63,10;0;23;Mexico;Latin America;"Universidad Nacional Autonoma de Mexico";"2004-2005, 2009-2024";"Education (Q4)";"Social Sciences"
1221;21100847479;"Contemporary Education Dialogue";journal;"09731849, 22495320";"Sage Publications India Pvt. Ltd";No;No;0,195;Q4;11;20;39;557;30;29;0,50;27,85;68,42;0;11;India;Asiatic Region;"Sage Publications India Pvt. Ltd";"2003, 2010, 2015-2025";"Education (Q4)";"Social Sciences"
1222;21100900142;"Theory and Practice of Second Language Acquisition";journal;"24505455, 24512125";"University of Silesia Press in Katowice";Yes;Yes;0,195;Q4;6;27;64;1370;42;58;0,60;50,74;47,06;0;5;Poland;Eastern Europe;"University of Silesia Press in Katowice";"2018-2024";"Linguistics and Language (Q2); Developmental and Educational Psychology (Q4); Education (Q4)";"Psychology; Social Sciences"
1223;21100831449;"Italian Journal of Sociology of Education";journal;"20354983";"Padova University Press";Yes;Yes;0,194;Q4;9;23;79;1272;55;76;0,69;55,30;67,57;0;10;Italy;Western Europe;"Padova University Press";"2017-2024";"Social Sciences (miscellaneous) (Q3); Education (Q4)";"Social Sciences"
1224;21100258947;"Teoriya i Praktika Fizicheskoy Kultury";journal;"00403601";"Committee on Physical Culture and Sports of the Council of Ministers of the USSR";No;No;0,194;Q4;14;615;1596;3278;285;1394;0,21;5,33;58,21;0;79;Russian Federation;Eastern Europe;"Committee on Physical Culture and Sports of the Council of Ministers of the USSR";"1955, 1961, 2012-2025";"Education (Q4); Physical Therapy, Sports Therapy and Rehabilitation (Q4)";"Health Professions; Social Sciences"
1225;21100829905;"Bulletin of Educational Psychology";journal;"10115714";"National Taiwan Normal University";No;No;0,193;Q4;8;28;114;1911;53;114;0,43;68,25;40,98;0;22;Taiwan;Asiatic Region;"National Taiwan Normal University";"2015-2024";"Developmental and Educational Psychology (Q4); Education (Q4)";"Psychology; Social Sciences"
1226;21100886400;"Education and Self Development";journal;"19917740";"Kazan Federal University";Yes;No;0,193;Q4;10;54;200;1518;101;186;0,48;28,11;75,36;0;26;Russian Federation;Eastern Europe;"Kazan Federal University";"2018-2024";"Political Science and International Relations (Q3); Development (Q4); Education (Q4)";"Social Sciences"
1227;21101034433;"Musical Art and Education";journal;"23091428";"Moscow Pedagogical State University";Yes;No;0,193;Q4;5;34;130;636;30;130;0,18;18,71;82,50;0;3;Russian Federation;Eastern Europe;"Moscow Pedagogical State University";"2019-2024";"Music (Q2); Developmental and Educational Psychology (Q4); Education (Q4)";"Arts and Humanities; Psychology; Social Sciences"
1228;21100940325;"Reading and Writing (South Africa)";journal;"20798245, 23081422";"AOSIS (Pty) Ltd";Yes;No;0,193;Q4;8;28;32;1124;31;29;0,87;40,14;80,56;0;15;South Africa;Africa;"AOSIS (Pty) Ltd";"2019-2024";"Linguistics and Language (Q2); Education (Q4)";"Social Sciences"
1229;21101162692;"Journal of Education and Learning";journal;"20899823, 23029277";"Intelektual Pustaka Media Utama";No;No;0,192;Q4;6;166;74;7831;105;74;1,42;47,17;42,43;1;63;Indonesia;Asiatic Region;"Intelektual Pustaka Media Utama";"2023-2025";"Development (Q4); Developmental and Educational Psychology (Q4); Education (Q4)";"Psychology; Social Sciences"
1230;21100896882;"Journal of Educational and Social Research";journal;"2239978X, 22400524";"Richtmann Publishing Ltd";No;No;0,192;Q4;15;197;482;7631;385;482;0,82;38,74;49,20;0;92;Poland;Eastern Europe;"Richtmann Publishing Ltd";"2018-2025";"Social Sciences (miscellaneous) (Q3); Education (Q4)";"Social Sciences"
1231;21101092739;"Korean Journal of Research in Music Education";journal;"12294179, 27133788";"Korean Music Education Society";No;No;0,192;Q4;7;47;106;1762;47;101;0,52;37,49;67,31;0;8;South Korea;Asiatic Region;"Korean Music Education Society";"2019-2024";"Music (Q2); Education (Q4)";"Arts and Humanities; Social Sciences"
1232;21100860144;"International Journal of Online Pedagogy and Course Design";journal;"21556873, 21556881";"IGI Global Publishing";No;No;0,191;Q4;12;10;86;447;75;86;0,94;44,70;57,14;0;2;United States;Northern America;"IGI Global Publishing";"2017-2025";"Education (Q4)";"Social Sciences"
1233;21100922989;"Journal of Spiritual Formation and Soul Care";journal;"23281030, 19397909";"SAGE Publications Ltd";No;No;0,191;Q4;6;28;43;316;14;38;0,07;11,29;19,05;0;3;United Kingdom;Western Europe;"SAGE Publications Ltd";"2008-2025";"History (Q2); Religious Studies (Q2); Education (Q4)";"Arts and Humanities; Social Sciences"
1234;15321;"Paedagogica Historica";journal;"1477674X, 00309230";"Taylor and Francis Ltd.";No;No;0,191;Q4;25;82;171;0;87;167;0,50;0,00;61,02;1;39;United Kingdom;Western Europe;"Taylor and Francis Ltd.";"1961-1985, 1990-1999, 2001-2004, 2006-2025";"History (Q2); Education (Q4)";"Arts and Humanities; Social Sciences"
1235;21100781706;"South African Computer Journal";journal;"10157999, 23137835";"South African Institute of Computer Scientists and Information Technologists";Yes;No;0,191;Q4;12;15;54;714;67;46;1,24;47,60;45,45;0;2;South Africa;Africa;"South African Institute of Computer Scientists and Information Technologists";"2016-2024";"Computer Networks and Communications (Q4); Computer Science Applications (Q4); Education (Q4); Human-Computer Interaction (Q4); Information Systems (Q4)";"Computer Science; Social Sciences"
1236;21101052816;"Arteterapia";journal;"19888309, 18866190";"Universidad Complutense Madrid";Yes;Yes;0,190;Q4;3;19;134;527;15;75;0,19;27,74;62,96;0;5;Spain;Western Europe;"Universidad Complutense Madrid";"2019-2025";"Arts and Humanities (miscellaneous) (Q2); Applied Psychology (Q4); Clinical Psychology (Q4); Education (Q4); Rehabilitation (Q4)";"Arts and Humanities; Medicine; Psychology; Social Sciences"
1237;19700188329;"Geography Teacher";journal;"17526884, 19338341";"Routledge";No;No;0,190;Q4;9;42;101;670;41;77;0,38;15,95;53,06;0;2;United States;Northern America;"Routledge";"2010-2025";"Earth and Planetary Sciences (miscellaneous) (Q4); Education (Q4); Geography, Planning and Development (Q4)";"Earth and Planetary Sciences; Social Sciences"
1238;21100790339;"Integration of Education";journal;"19919468, 23081058";"National Research Ogarev Mordovia State University";Yes;Yes;0,190;Q4;12;37;117;1315;90;117;0,85;35,54;68,87;0;18;Russian Federation;Eastern Europe;"National Research Ogarev Mordovia State University";"2016-2024";"Cultural Studies (Q2); Linguistics and Language (Q2); Developmental and Educational Psychology (Q4); Education (Q4)";"Psychology; Social Sciences"
1239;21100905327;"Investigacoes em Ensino de Ciencias";journal;"15188795, 15189384";"Universidade Federal do Rio Grande do Sul, Instituto de Fisica";Yes;Yes;0,190;Q4;5;68;183;3762;69;183;0,34;55,32;48,97;0;14;Brazil;Latin America;"Universidade Federal do Rio Grande do Sul, Instituto de Fisica";"2019-2024";"Education (Q4)";"Social Sciences"
1240;21101087368;"Beijing International Review of Education";journal;"25902539, 25902547";"Brill Academic Publishers";No;No;0,189;Q4;10;23;127;678;68;112;0,48;29,48;27,27;0;8;Netherlands;Western Europe;"Brill Academic Publishers";"2019-2024";"Arts and Humanities (miscellaneous) (Q2); History (Q2); Philosophy (Q2); Education (Q4)";"Arts and Humanities; Social Sciences"
1241;21100258631;"International Journal of Early Childhood Learning";journal;"23278722, 23277939";"Common Ground Research Networks";No;No;0,189;Q4;5;12;23;756;10;23;0,54;63,00;53,85;0;5;United States;Northern America;"Common Ground Research Networks";"2012-2025";"Developmental and Educational Psychology (Q4); Education (Q4)";"Psychology; Social Sciences"
1242;21100265696;"International Journal of Euro-Mediterranean Studies";journal;"22326022, 18553362";"EMUNI University";Yes;Yes;0,189;Q4;5;13;31;584;19;27;0,50;44,92;60,00;0;6;Slovenia;Eastern Europe;"EMUNI University";"2012-2024";"History (Q2); Political Science and International Relations (Q3); Sociology and Political Science (Q3); Economics and Econometrics (Q4); Education (Q4)";"Arts and Humanities; Economics, Econometrics and Finance; Social Sciences"
1243;21101057340;"Revista de Medicina y Cine";journal;"18855210";"University of Salamanca";Yes;Yes;0,189;Q4;3;29;107;433;16;96;0,13;14,93;42,31;0;10;Spain;Western Europe;"University of Salamanca";"2019-2024";"Visual Arts and Performing Arts (Q1); Communication (Q3); Education (Q4); Medicine (miscellaneous) (Q4)";"Arts and Humanities; Medicine; Social Sciences"
1244;21100208058;"Bellaterra Journal of Teaching and Learning Language and Literature";journal;"20136196";"Universitat Autonoma de Barcelona";Yes;Yes;0,188;Q4;9;23;74;810;39;70;0,35;35,22;76,47;0;7;Spain;Western Europe;"Universitat Autonoma de Barcelona";"2016-2024";"Literature and Literary Theory (Q1); Linguistics and Language (Q2); Education (Q4)";"Arts and Humanities; Social Sciences"
1245;21101173093;"Biosaintifika";journal;"23387610, 2085191X";"Universitas Negeri Semarang";Yes;No;0,188;Q4;11;50;149;2176;126;149;0,82;43,52;43,51;0;25;Indonesia;Asiatic Region;"Universitas Negeri Semarang";"2018-2024";"Biochemistry, Genetics and Molecular Biology (miscellaneous) (Q4); Education (Q4)";"Biochemistry, Genetics and Molecular Biology; Social Sciences"
1246;24052;"College Composition and Communication";journal;"0010096X, 19399006";"National Council of Teachers of English";No;No;0,188;Q4;44;17;97;868;44;73;0,42;51,06;82,86;0;2;United States;Northern America;"National Council of Teachers of English";"2004-2024";"Literature and Literary Theory (Q1); Linguistics and Language (Q2); Education (Q4)";"Arts and Humanities; Social Sciences"
1247;21101176017;"Journal of Visualized Surgery";journal;"22212965";"AME Publishing Company";No;No;0,188;Q4;4;29;142;610;52;127;0,41;21,03;25,00;0;11;Hong Kong;Asiatic Region;"AME Publishing Company";"2021-2025";"Communication (Q3); Surgery (Q3); Education (Q4)";"Medicine; Social Sciences"
1248;21100901563;"Korean Journal of Physical, Multiple and Health Disabilities";journal;"22883843";"Seorim";No;No;0,188;Q4;10;37;107;1796;60;107;0,57;48,54;56,72;0;25;South Korea;Asiatic Region;"Seorim";"2018-2024";"Developmental and Educational Psychology (Q4); Education (Q4); Physical Therapy, Sports Therapy and Rehabilitation (Q4)";"Health Professions; Psychology; Social Sciences"
1249;18133;"Law Teacher";journal;"03069400, 19430353";"Taylor and Francis Ltd.";No;No;0,188;Q4;16;42;110;0;106;105;1,04;0,00;57,14;0;10;United Kingdom;Western Europe;"Taylor and Francis Ltd.";"1967-2025";"Law (Q3); Education (Q4)";"Social Sciences"
1250;21101245778;"Mathematics Education Journal";journal;"19780044, 25491040";"Sriwijaya University";Yes;Yes;0,188;Q4;7;28;64;1145;52;64;0,73;40,89;65,31;0;7;Indonesia;Asiatic Region;"Sriwijaya University";"2020-2024";"Cultural Studies (Q2); Development (Q4); Education (Q4); Mathematics (miscellaneous) (Q4)";"Mathematics; Social Sciences"
1251;21100784205;"Revista de la Educacion Superior";journal;"23959037, 01852760";"Asociacion Nacional de Universidades e Instituciones de Educacion Superior A.C";Yes;Yes;0,188;Q4;17;32;83;1217;36;83;0,26;38,03;55,36;0;13;Mexico;Latin America;"Asociacion Nacional de Universidades e Instituciones de Educacion Superior A.C";"2014-2024";"Education (Q4)";"Social Sciences"
1252;21101092880;"Health Professions Education";journal;"24523011";"";Yes;Yes;0,187;Q4;24;49;46;1685;23;41;0,53;34,39;61,25;0;15;Saudi Arabia;Middle East;"";"2015-2024";"Education (Q4); Medicine (miscellaneous) (Q4); Nursing (miscellaneous) (Q4)";"Medicine; Nursing; Social Sciences"
1253;21100211343;"Hellenic Journal of Psychology";journal;"17901391";"Psychological Society of Northern Greece";No;No;0,187;Q4;15;14;44;1142;28;44;0,54;81,57;62,79;0;3;Greece;Western Europe;"Psychological Society of Northern Greece";"2011-2024";"Education (Q4); Psychology (miscellaneous) (Q4)";"Psychology; Social Sciences"
1254;33328;"International Journal of Special Education";journal;"08273383, 19177844";"SPED Ltd";Yes;No;0,187;Q4;35;31;97;1536;77;97;0,88;49,55;63,16;0;22;Canada;Northern America;"SPED Ltd";"1995, 2001-2024";"Education (Q4); Rehabilitation (Q4)";"Medicine; Social Sciences"
1255;4700152505;"Journal of Education Finance";journal;"00989495";"University of Illinois Press";No;No;0,186;Q4;20;5;83;248;22;45;0,28;49,60;28,57;0;3;United States;Northern America;"University of Illinois Press";"2005-2024";"Education (Q4); Finance (Q4); Public Administration (Q4)";"Economics, Econometrics and Finance; Social Sciences"
1256;21100401034;"Journal of Pedagogy";journal;"13381563, 13382144";"Walter de Gruyter";Yes;No;0,186;Q4;15;7;34;321;32;34;0,50;45,86;60,00;0;2;Germany;Western Europe;"Walter de Gruyter";"2010-2024";"Education (Q4)";"Social Sciences"
1257;21101176722;"LLT Journal: Journal on Language and Language Teaching";journal;"14107201, 25799533";"Sanata Dharma University";Yes;Yes;0,186;Q4;4;60;159;2813;101;159;0,71;46,88;48,60;0;14;Indonesia;Asiatic Region;"Sanata Dharma University";"2021-2024";"Linguistics and Language (Q2); Education (Q4)";"Social Sciences"
1258;21101268226;"National Psychological Journal";journal;"20796617, 23099828";"Lomonosov Moscow State University";Yes;Yes;0,186;Q4;4;52;65;1959;34;65;0,55;37,67;67,55;0;11;Russian Federation;Eastern Europe;"Lomonosov Moscow State University";"2020-2021, 2023-2024";"Applied Psychology (Q4); Education (Q4); Experimental and Cognitive Psychology (Q4); Psychology (miscellaneous) (Q4)";"Psychology; Social Sciences"
1259;21100198426;"College Mathematics Journal";journal;"07468342, 19311346";"Taylor and Francis Ltd.";No;No;0,185;Q4;10;95;162;437;25;152;0,12;4,60;22,11;0;2;United States;Northern America;"Taylor and Francis Ltd.";"1997, 2009-2025";"Education (Q4); Mathematics (miscellaneous) (Q4)";"Mathematics; Social Sciences"
1260;4500151523;"Educacao e Sociedade";journal;"01017330";"Centro de Estudos Educacao e Sociedade - CEDES";Yes;No;0,185;Q4;30;58;189;2080;77;170;0,29;35,86;42,16;0;34;Brazil;Latin America;"Centro de Estudos Educacao e Sociedade - CEDES";"2006-2025";"Education (Q4)";"Social Sciences"
1261;19400158569;"KEDI Journal of Educational Policy";journal;"17394341";"Korean Educational Development Institute (KEDI)";No;No;0,185;Q4;16;11;24;518;15;23;0,71;47,09;42,31;0;3;South Korea;Asiatic Region;"Korean Educational Development Institute (KEDI)";"2008-2024";"Education (Q4)";"Social Sciences"
1262;19700175904;"Collegiate Aviation Review";journal;"15235955";"University Aviation Association";No;No;0,184;Q4;9;32;84;875;41;82;0,46;27,34;25,81;0;9;United States;Northern America;"University Aviation Association";"2009-2025";"Education (Q4)";"Social Sciences"
1263;5800215128;"Deutsch als Fremdsprache";journal;"00119741";"Langenscheidt";No;No;0,184;Q4;4;20;82;508;9;73;0,11;25,40;68,18;0;0;Germany;Western Europe;"Langenscheidt";"2013, 2017-2024";"Linguistics and Language (Q2); Education (Q4)";"Social Sciences"
1264;21100904427;"International Journal for Research on Service-Learning and Community Engagement";journal;"23749466";"Tulane University";No;No;0,184;Q4;8;14;39;672;35;39;0,50;48,00;69,09;0;10;United States;Northern America;"Tulane University";"2018-2024";"Political Science and International Relations (Q3); Sociology and Political Science (Q3); Education (Q4)";"Social Sciences"
1265;21101079408;"Journal of English Language and Literature";journal;"10162283, 24658545";"English Language and Literature Association of Korea";No;No;0,184;Q4;3;39;114;910;10;114;0,11;23,33;45,83;0;11;South Korea;Asiatic Region;"English Language and Literature Association of Korea";"2019-2024";"Literature and Literary Theory (Q1); Cultural Studies (Q2); Linguistics and Language (Q2); Education (Q4)";"Arts and Humanities; Social Sciences"
1266;21101102055;"International Journal of Sport and Society";journal;"21527865, 21527857";"Common Ground Research Networks";No;No;0,182;Q4;4;27;71;1517;32;71;0,30;56,19;47,27;0;11;United States;Northern America;"Common Ground Research Networks";"2019-2025";"Health Professions (miscellaneous) (Q3); Social Sciences (miscellaneous) (Q3); Urology (Q3); Education (Q4); Medicine (miscellaneous) (Q4); Psychology (miscellaneous) (Q4)";"Health Professions; Medicine; Psychology; Social Sciences"
1267;21101145499;"Slobozhanskyi Herald of Science and Sport";journal;"23116374, 19910177";"Kharkiv State Academy of Physical Culture";Yes;Yes;0,182;Q4;6;20;117;612;54;117;1,02;30,60;45,98;0;4;Ukraine;Eastern Europe;"Kharkiv State Academy of Physical Culture";"2019-2024";"Education (Q4); Physical Therapy, Sports Therapy and Rehabilitation (Q4)";"Health Professions; Social Sciences"
1268;21100405538;"International Journal of Learning Technology";journal;"17418119, 14778386";"Inderscience";No;No;0,181;Q4;16;20;54;1262;48;52;0,82;63,10;48,98;0;12;Switzerland;Western Europe;"Inderscience";"2014-2024";"Education (Q4); E-learning (Q4)";"Social Sciences"
1269;21101257043;"Munaddhomah";journal;"27752933";"Institut Pesantren KH Abdul Chalim";Yes;No;0,181;Q4;8;40;151;1772;99;151;0,68;44,30;34,15;0;17;Indonesia;Asiatic Region;"Institut Pesantren KH Abdul Chalim";"2020-2024";"Philosophy (Q2); Religious Studies (Q2); Education (Q4)";"Arts and Humanities; Social Sciences"
1270;14008;"Hrvatska Revija Za Rehabilitacijska Istrazivanja";journal;"13313010";"University of Zagreb, Faculty of Education and Rehabilitation Sciences";Yes;Yes;0,180;Q4;13;16;66;1027;36;64;0,56;64,19;79,41;0;2;Croatia;Eastern Europe;"University of Zagreb, Faculty of Education and Rehabilitation Sciences";"1999-2006, 2008-2024";"Social Sciences (miscellaneous) (Q3); Education (Q4); Health (social science) (Q4); Rehabilitation (Q4)";"Medicine; Social Sciences"
1271;21100401096;"Africa Education Review";journal;"18146627, 17535921";"Taylor and Francis Ltd.";No;No;0,179;Q4;17;20;56;926;34;56;0,56;46,30;48,15;0;5;United Kingdom;Western Europe;"Taylor and Francis Ltd.";"2015-2025";"Education (Q4)";"Social Sciences"
1272;5800210946;"Australian Journal of Adult Learning";journal;"14431394";"Adult Learning Australia";No;No;0,179;Q4;24;25;66;858;39;55;0,57;34,32;78,13;0;15;Australia;Pacific Region;"Adult Learning Australia";"2008-2024";"Education (Q4); E-learning (Q4)";"Social Sciences"
1273;21100851349;"Metodicki Ogledi";journal;"18482325, 0353765X";"Croatian Philosophical Society";No;No;0,179;Q4;4;13;81;556;16;78;0,19;42,77;91,30;0;5;Croatia;Eastern Europe;"Croatian Philosophical Society";"2017-2024";"Philosophy (Q2); Education (Q4)";"Arts and Humanities; Social Sciences"
1274;21100940690;"Cultural Management: Science and Education";journal;"25126962";"Logos Verlag Berlin GmbH";No;No;0,178;Q4;8;14;50;450;33;44;0,75;32,14;52,17;0;5;Germany;Western Europe;"Logos Verlag Berlin GmbH";"2019-2024";"Arts and Humanities (miscellaneous) (Q2); Business and International Management (Q4); Education (Q4); Strategy and Management (Q4)";"Arts and Humanities; Business, Management and Accounting; Social Sciences"
1275;21100463861;"HSE Social and Education History";journal;"20143567";"Hipatia Editorial";Yes;No;0,178;Q4;9;10;47;520;34;47;0,96;52,00;60,87;0;3;Spain;Western Europe;"Hipatia Editorial";"2016-2024";"History (Q2); Social Sciences (miscellaneous) (Q3); Education (Q4)";"Arts and Humanities; Social Sciences"
1276;21100904920;"Journal of Measurement and Evaluation in Education and Psychology";journal;"13096575";"Association of Measurement and Evaluation in Education and Psychology (EPODDER)";Yes;No;0,178;Q4;7;28;77;1266;56;77;0,83;45,21;34,38;0;1;Turkey;Middle East;"Association of Measurement and Evaluation in Education and Psychology (EPODDER)";"2018-2024";"Developmental and Educational Psychology (Q4); Education (Q4)";"Psychology; Social Sciences"
1277;12100155918;"Revista Lusofona de Educacao";journal;"1646401X, 16457250";"University of Lusophone Humanities and Technology";Yes;No;0,178;Q4;11;41;110;839;30;95;0,28;20,46;55,29;0;15;Portugal;Western Europe;"University of Lusophone Humanities and Technology";"2008-2025";"Education (Q4)";"Social Sciences"
1278;21101023086;"Sport TK";journal;"22544070, 23408812";"Universidad de Murcia";Yes;No;0,178;Q4;10;120;263;3654;182;263;0,69;30,45;31,40;0;26;Spain;Western Europe;"Universidad de Murcia";"2019-2025";"Occupational Therapy (Q3); Complementary and Manual Therapy (Q4); Education (Q4); Orthopedics and Sports Medicine (Q4); Physical Therapy, Sports Therapy and Rehabilitation (Q4)";"Health Professions; Medicine; Social Sciences"
1279;21100860442;"Asia-Pacific Journal of Research in Early Childhood Education";journal;"19761961, 22335234";"Pacific Early Childhood Education Research Association";No;No;0,177;Q4;6;23;79;1032;41;79;0,51;44,87;65,85;0;9;China;Asiatic Region;"Pacific Early Childhood Education Research Association";"2018-2025";"Developmental and Educational Psychology (Q4); Education (Q4)";"Psychology; Social Sciences"
1280;14000156183;"Croatian Journal of Education";journal;"18485197, 18485189";"Faculty of Teacher Education, University of Zagreb";Yes;No;0,177;Q4;15;32;150;1375;54;136;0,29;42,97;63,08;0;12;Croatia;Eastern Europe;"Faculty of Teacher Education, University of Zagreb";"2011-2024";"Education (Q4)";"Social Sciences"
1281;21101052865;"Detskie Chtenia";journal;"26867052, 23045817";"Institute of Russian Literature (The Pushkin House), Russian Academy of Sciences";Yes;Yes;0,177;Q4;3;29;118;881;16;113;0,14;30,38;73,33;0;2;Russian Federation;Eastern Europe;"Institute of Russian Literature (The Pushkin House), Russian Academy of Sciences";"2019-2024";"Literature and Literary Theory (Q1); Education (Q4)";"Arts and Humanities; Social Sciences"
1282;21100812853;"Journal of Physical Education (Maringa)";journal;"24482455";"Universidade Estadual de Maringa";Yes;No;0,177;Q4;15;78;182;2670;90;182;0,47;34,23;40,60;0;20;Brazil;Latin America;"Universidade Estadual de Maringa";"2009, 2016-2025";"Education (Q4); Health (social science) (Q4); Physical Therapy, Sports Therapy and Rehabilitation (Q4); Public Health, Environmental and Occupational Health (Q4)";"Health Professions; Medicine; Social Sciences"
1283;21101040617;"Teanga";journal;"25656325, 0332205X";"The Irish Association for Applied Linguistics";Yes;Yes;0,177;Q4;5;12;41;371;16;35;0,30;30,92;60,00;0;5;Ireland;Western Europe;"The Irish Association for Applied Linguistics";"2018-2024";"Linguistics and Language (Q2); Education (Q4)";"Social Sciences"
1284;21100307487;"Proceedings of the European Conference on e-Learning, ECEL";conference and proceedings;"20488637, 20488645";"Academic Conferences and Publishing International Limited";No;No;0,177;-;13;69;201;1580;125;195;0,67;22,90;49,67;0;36;United Kingdom;Western Europe;"Academic Conferences and Publishing International Limited";"2011, 2013-2024";"Computer Science (miscellaneous); Education; E-learning";"Computer Science; Social Sciences"
1285;21100915635;"English Scholarship Beyond Borders";journal;"24109096";"Editorial Board English Scholarship Beyond Borders";No;No;0,176;Q4;4;14;39;606;9;26;0,20;43,29;23,08;0;4;United Arab Emirates;Middle East;"Editorial Board English Scholarship Beyond Borders";"2019-2024";"Linguistics and Language (Q2); Education (Q4)";"Social Sciences"
1286;21101234305;"International Journal of TESOL Studies";journal;"26326779, 26336898";"International Tesol Union Co., Ltd";Yes;Yes;0,176;Q4;4;23;78;924;38;69;0,49;40,17;50,00;0;2;United Kingdom;Western Europe;"International Tesol Union Co., Ltd";"2022-2025";"Literature and Literary Theory (Q1); Linguistics and Language (Q2); Education (Q4)";"Arts and Humanities; Social Sciences"
1287;21100818926;"Kappa Delta Pi Record";journal;"21631611, 00228958";"Routledge";No;No;0,176;Q4;14;0;94;0;36;72;0,40;0,00;0,00;0;0;United Kingdom;Western Europe;"Routledge";"1996, 2003, 2015-2023";"Education (Q4)";"Social Sciences"
1288;21101032718;"LEARNing Landscapes";journal;"19135688";"Leading English Education and Resource Network (LEARN)";No;No;0,176;Q4;7;20;76;751;23;73;0,24;37,55;73,17;0;5;Canada;Northern America;"Leading English Education and Resource Network (LEARN)";"2019-2024";"Education (Q4)";"Social Sciences"
1289;21101034439;"Studia Sportiva";journal;"25708783, 18027679";"Masaryk University Faculty of Sports Studies";No;No;0,176;Q4;4;34;86;1299;45;86;0,53;38,21;34,69;0;4;Czech Republic;Eastern Europe;"Masaryk University Faculty of Sports Studies";"2019-2024";"Applied Psychology (Q4); Education (Q4); Health (social science) (Q4); Orthopedics and Sports Medicine (Q4); Physical Therapy, Sports Therapy and Rehabilitation (Q4); Tourism, Leisure and Hospitality Management (Q4)";"Business, Management and Accounting; Health Professions; Medicine; Psychology; Social Sciences"
1290;21100944571;"Al-'Arabiyya";journal;"23754036, 08898731";"Georgetown University Press";No;No;0,175;Q4;3;5;16;351;5;14;0,50;70,20;28,57;0;0;United States;Northern America;"Georgetown University Press";"2019-2021, 2023-2024";"Literature and Literary Theory (Q1); Linguistics and Language (Q2); Education (Q4)";"Arts and Humanities; Social Sciences"
1291;21100823215;"Chinese as a Second Language Research";journal;"21932263, 21932271";"De Gruyter Mouton";No;No;0,175;Q4;6;12;35;464;12;35;0,22;38,67;55,00;0;4;Germany;Western Europe;"De Gruyter Mouton";"2017-2024";"Linguistics and Language (Q2); Education (Q4)";"Social Sciences"
1292;3900148501;"North American Journal of Psychology";journal;"15277143";"North American Journal of Psychology";No;No;0,174;Q4;33;62;148;2760;80;144;0,42;44,52;50,76;0;15;United States;Northern America;"North American Journal of Psychology";"2005-2024";"Sociology and Political Science (Q3); Developmental and Educational Psychology (Q4); Education (Q4); Psychology (miscellaneous) (Q4)";"Psychology; Social Sciences"
1293;5700158158;"Educational Practice and Theory";journal;"1323577X";"James Nicholas Publishers, Pty. Ltd";No;No;0,173;Q4;8;13;39;420;12;33;0,30;32,31;53,33;0;4;Australia;Pacific Region;"James Nicholas Publishers, Pty. Ltd";"2014-2024";"Education (Q4)";"Social Sciences"
1294;21101210863;"Journal of Advocacy, Research and Education";journal;"24104981, 25081055";"Centre for Behaviour and Wellness Advocacy";No;No;0,173;Q4;3;37;41;1264;27;39;0,36;34,16;42,86;0;23;Ghana;Africa;"Centre for Behaviour and Wellness Advocacy";"2020-2024";"Cultural Studies (Q2); Education (Q4); Health (social science) (Q4)";"Social Sciences"
1295;11700154706;"Pedagogika";journal;"20290551, 13920340";"Vytautas Magnus University";Yes;Yes;0,173;Q4;11;31;143;1460;91;141;0,67;47,10;68,00;0;5;Lithuania;Eastern Europe;"Vytautas Magnus University";"2008-2025";"Education (Q4)";"Social Sciences"
1296;21100874216;"Revista Mexicana de Fisica E";journal;"18703542";"Sociedad Mexicana de Fisica";No;No;0,173;Q4;15;15;70;366;21;70;0,21;24,40;21,43;0;1;Mexico;Latin America;"Sociedad Mexicana de Fisica";"2006-2024";"Education (Q4); Physics and Astronomy (miscellaneous) (Q4)";"Physics and Astronomy; Social Sciences"
1297;4700152249;"Educacao e Pesquisa";journal;"15179702";"Faculdade de Educacao da Universidade de Sao Paulo";Yes;Yes;0,172;Q4;24;92;320;3282;121;319;0,34;35,67;60,18;0;37;Brazil;Latin America;"Faculdade de Educacao da Universidade de Sao Paulo";"1999-2002, 2006-2024";"Education (Q4)";"Social Sciences"
1298;35961;"Glasnik - Srpskog Geografskog Drustva";journal;"2406078X, 03503593";"Geografsko Drustvo";Yes;Yes;0,172;Q4;6;24;81;839;36;81;0,39;34,96;24,53;0;15;Serbia;Eastern Europe;"Geografsko Drustvo";"1981-1984, 2019-2024";"Atmospheric Science (Q4); Education (Q4); Geography, Planning and Development (Q4); Geology (Q4); Global and Planetary Change (Q4)";"Earth and Planetary Sciences; Environmental Science; Social Sciences"
1299;21101023096;"Revista de Investigacion en Educacion";journal;"21723427, 16975200";"Universidade de Vigo - Facultad de Ciencias de la Educacion y del Deporte";No;Yes;0,172;Q4;4;39;62;1693;45;62;0,86;43,41;51,65;0;21;Spain;Western Europe;"Universidade de Vigo - Facultad de Ciencias de la Educacion y del Deporte";"2019-2024";"Education (Q4)";"Social Sciences"
1300;21101234844;"Revista Pesquisa Qualitativa";journal;"25258222";"Sociedade de Estudos e Pesquisa Qualitativos";No;Yes;0,172;Q4;4;46;108;1616;29;102;0,30;35,13;64,23;0;13;Brazil;Latin America;"Sociedade de Estudos e Pesquisa Qualitativos";"2020-2025";"History and Philosophy of Science (Q3); Social Sciences (miscellaneous) (Q3); Education (Q4); Health (social science) (Q4)";"Arts and Humanities; Social Sciences"
1301;21101173096;"Transactions of the Association of European Schools of Planning";journal;"25662147";"Association of European Schools of Planning";Yes;Yes;0,172;Q4;5;7;24;375;12;20;0,42;53,57;33,33;0;3;Italy;Western Europe;"Association of European Schools of Planning";"2019-2024";"Urban Studies (Q3); Education (Q4); Geography, Planning and Development (Q4)";"Social Sciences"
1302;21101039065;"Ethics in Progress";journal;"20849257";"Adam Mickiewicz University, Faculty of Philosophy";Yes;Yes;0,171;Q4;6;17;58;751;21;57;0,36;44,18;52,00;0;3;Poland;Eastern Europe;"Adam Mickiewicz University, Faculty of Philosophy";"2010-2024";"Philosophy (Q2); Developmental and Educational Psychology (Q4); Education (Q4); Psychology (miscellaneous) (Q4)";"Arts and Humanities; Psychology; Social Sciences"
1303;21100268403;"International Journal of Design Education";journal;"2325128X, 23251298";"Common Ground Research Networks";No;No;0,171;Q4;6;21;69;859;31;69;0,42;40,90;48,78;0;8;United States;Northern America;"Common Ground Research Networks";"2013-2025";"Visual Arts and Performing Arts (Q1); Education (Q4)";"Arts and Humanities; Social Sciences"
1304;21101274777;"Journal of Interpretation Research";journal;"10925872, 26929376";"SAGE Publications Inc.";No;No;0,170;Q4;3;6;25;278;15;19;0,28;46,33;64,29;0;2;United Kingdom;Western Europe;"SAGE Publications Inc.";"2021-2024";"Education (Q4); Tourism, Leisure and Hospitality Management (Q4)";"Business, Management and Accounting; Social Sciences"
1305;21101186199;"Journal of Learning Spaces";journal;"21586195";"University of North Carolina at Greensboro";No;Yes;0,170;Q4;8;0;47;0;33;47;0,43;0,00;0,00;0;0;United States;Northern America;"University of North Carolina at Greensboro";"2019-2023";"Library and Information Sciences (Q3); Education (Q4); Public Administration (Q4)";"Social Sciences"
1306;21100293202;"Proceedings of the European Conference on Games-based Learning";conference and proceedings;"20490992";"Dechema e.V.";No;No;0,170;-;19;143;319;3685;205;313;0,72;25,77;51,93;0;66;Germany;Western Europe;"Dechema e.V.";"2005-2006, 2008-2009, 2011-2012, 2014-2016, 2018-2024";"Artificial Intelligence; Computer Graphics and Computer-Aided Design; Computer Networks and Communications; Control and Systems Engineering; Education; E-learning; Human-Computer Interaction; Software";"Computer Science; Engineering; Social Sciences"
1307;29423;"Alberta Journal of Educational Research";journal;"19231857, 00024805";"University of Alberta";No;No;0,169;Q4;29;23;92;1133;40;88;0,37;49,26;62,50;0;8;Canada;Northern America;"University of Alberta";"1996-2024";"Education (Q4)";"Social Sciences"
1308;21100933832;"Panta Rei";journal;"23868864, 11362464";"Centro de Estudios del Proximo Oriente y la Antiguedad Tardia";Yes;Yes;0,169;Q4;6;13;32;922;16;32;0,35;70,92;48,28;0;2;Spain;Western Europe;"Centro de Estudios del Proximo Oriente y la Antiguedad Tardia";"2019-2024";"History (Q2); Anthropology (Q3); Archeology (arts and humanities) (Q3); Education (Q4)";"Arts and Humanities; Social Sciences"
1309;17700154932;"Hebrew Union College Annual";journal;"03609049";"Atla";No;No;0,168;Q4;7;0;22;0;1;19;0,05;0,00;0,00;0;0;United States;Northern America;"Atla";"2006-2010, 2014-2017, 2019-2023";"Religious Studies (Q2); Education (Q4)";"Arts and Humanities; Social Sciences"
1310;23018;"Logos (The Netherlands)";journal;"18784712, 09579656";"Brill Academic Publishers";No;No;0,168;Q4;9;17;61;367;12;50;0,17;21,59;76,19;0;1;Netherlands;Western Europe;"Brill Academic Publishers";"1994, 1996-2024";"Literature and Literary Theory (Q1); Communication (Q3); Library and Information Sciences (Q3); Media Technology (Q3); Computer Science Applications (Q4); Education (Q4)";"Arts and Humanities; Computer Science; Engineering; Social Sciences"
1311;21100942113;"Nordic Journal of Educational History";journal;"20019076, 20017766";"University of UMEA";Yes;Yes;0,168;Q4;5;14;44;826;25;39;0,58;59,00;57,14;0;6;Sweden;Western Europe;"University of UMEA";"2019-2025";"History (Q2); Education (Q4)";"Arts and Humanities; Social Sciences"
1312;21100976733;"Przeglad Rusycystyczny";journal;"0137298X";"Polskie Towarzystwo Rusycystyczne";Yes;Yes;0,168;Q4;2;48;170;1748;9;165;0,03;36,42;55,77;0;3;Poland;Eastern Europe;"Polskie Towarzystwo Rusycystyczne";"2019-2024";"Literature and Literary Theory (Q1); Cultural Studies (Q2); Philosophy (Q2); Linguistics and Language (Q3); Education (Q4)";"Arts and Humanities; Social Sciences"
1313;21101037305;"Russian Psychological Journal";journal;"18121853, 24115789";"Russian Psychological Society";Yes;No;0,168;Q4;5;58;153;2638;82;153;0,54;45,48;65,09;0;19;Russian Federation;Eastern Europe;"Russian Psychological Society";"2019-2024";"Philosophy (Q2); Cognitive Neuroscience (Q4); Education (Q4); Psychology (miscellaneous) (Q4)";"Arts and Humanities; Neuroscience; Psychology; Social Sciences"
1314;13600154749;"South African Journal for Research in Sport, Physical Education and Recreation";journal;"29602386, 03799069";"North-West Unversity";No;No;0,168;Q4;21;4;50;155;28;50;0,30;38,75;46,15;0;0;South Africa;Africa;"North-West Unversity";"2008-2024";"Education (Q4); Physical Therapy, Sports Therapy and Rehabilitation (Q4); Sports Science (Q4)";"Health Professions; Social Sciences"
1315;21100901214;"Writing and Pedagogy";journal;"17565847, 17565839";"Equinox Publishing Ltd";No;No;0,168;Q4;6;0;47;0;30;42;0,32;0,00;0,00;0;0;United Kingdom;Western Europe;"Equinox Publishing Ltd";"2018-2023";"Linguistics and Language (Q3); Education (Q4)";"Social Sciences"
1316;21101152743;"Indonesia Law Review";journal;"20888430, 23562129";"University of Indonesia Faculty of Law";Yes;Yes;0,167;Q4;4;9;37;255;21;37;0,45;28,33;31,25;0;5;Indonesia;Asiatic Region;"University of Indonesia Faculty of Law";"2019-2024";"Law (Q3); Social Sciences (miscellaneous) (Q3); Education (Q4)";"Social Sciences"
1317;18700156707;"Teaching Theology and Religion";journal;"13684868, 14679647";"Wiley-Blackwell Publishing Ltd";No;No;0,167;Q4;15;25;61;587;18;46;0,17;23,48;45,83;0;2;United Kingdom;Western Europe;"Wiley-Blackwell Publishing Ltd";"2009-2024";"Religious Studies (Q2); Education (Q4)";"Arts and Humanities; Social Sciences"
1318;21100979263;"Journal of Japanese Linguistics";journal;"01973150, 25121413";"De Gruyter Mouton";No;No;0,166;Q4;8;12;38;337;6;31;0,15;28,08;66,67;0;0;Germany;Western Europe;"De Gruyter Mouton";"1998, 2001-2024";"Linguistics and Language (Q3); Education (Q4)";"Social Sciences"
1319;21101079123;"Pamukkale Journal of Sport Sciences";journal;"13090356";"Pamukkale University";Yes;Yes;0,166;Q4;3;32;42;1662;11;42;0,32;51,94;39,78;0;5;Turkey;Middle East;"Pamukkale University";"2019-2024";"Education (Q4); Orthopedics and Sports Medicine (Q4); Physical Therapy, Sports Therapy and Rehabilitation (Q4); Sports Science (Q4)";"Health Professions; Medicine; Social Sciences"
1320;21101037303;"Philosophical Inquiry in Education";journal;"23698659";"Canadian Philosophy Education Society";Yes;Yes;0,166;Q4;5;21;66;761;33;59;0,48;36,24;31,82;0;3;Canada;Northern America;"Canadian Philosophy Education Society";"2019-2024";"Education (Q4)";"Social Sciences"
1321;21100898955;"Praxis Educativa";journal;"18094031, 18094309";"Universidade Estadual de Ponta Grossa, Editora";Yes;Yes;0,166;Q4;9;119;257;4416;68;252;0,26;37,11;61,90;0;47;Brazil;Latin America;"Universidade Estadual de Ponta Grossa, Editora";"2017-2025";"Social Sciences (miscellaneous) (Q3); Education (Q4)";"Social Sciences"
1322;21100901898;"Revista Digital de Biblioteconomia e Ciencia da Informacao";journal;"1678765X";"Universidade Estadual de Campinas";Yes;Yes;0,166;Q4;5;31;98;1112;35;96;0,41;35,87;62,96;0;9;Brazil;Latin America;"Universidade Estadual de Campinas";"2018-2025";"Library and Information Sciences (Q3); Education (Q4); Information Systems (Q4); Public Administration (Q4)";"Computer Science; Social Sciences"
1323;19700200888;"Theatre, Dance and Performance Training";journal;"19443919, 19443927";"Taylor and Francis Ltd.";No;No;0,166;Q4;13;72;183;963;75;121;0,28;13,38;53,62;0;12;United Kingdom;Western Europe;"Taylor and Francis Ltd.";"2010-2025";"Visual Arts and Performing Arts (Q1); Education (Q4)";"Arts and Humanities; Social Sciences"
1324;21101039664;"Health Education and Health Promotion";journal;"25885715, 23452897";"Tarbiat Modares University";No;No;0,165;Q4;6;95;283;3347;111;275;0,35;35,23;51,30;0;42;Iran;Middle East;"Tarbiat Modares University";"2019-2024";"Education (Q4); Health Informatics (Q4); Health Information Management (Q4); Health Policy (Q4); Medicine (miscellaneous) (Q4); Public Health, Environmental and Occupational Health (Q4)";"Health Professions; Medicine; Social Sciences"
1325;21100927241;"Acta Paedagogica Vilnensia";journal;"13925016, 1648665X";"Vilnius University Press";Yes;Yes;0,164;Q4;5;25;72;1002;37;70;0,30;40,08;78,85;0;13;Lithuania;Eastern Europe;"Vilnius University Press";"2019-2024";"Education (Q4)";"Social Sciences"
1326;21100305345;"Encyclopaideia";journal;"18258670, 1590492X";"Bononia University Press";Yes;Yes;0,164;Q4;9;25;96;969;28;85;0,30;38,76;65,85;0;7;Italy;Western Europe;"Bononia University Press";"2013-2024";"Education (Q4); E-learning (Q4)";"Social Sciences"
1327;17299;"IEEE Potentials";journal;"02786648";"Institute of Electrical and Electronics Engineers Inc.";No;No;0,164;Q4;41;44;164;335;99;155;0,54;7,61;33,33;0;9;United States;Northern America;"Institute of Electrical and Electronics Engineers Inc.";"1984-2025";"Education (Q4); Electrical and Electronic Engineering (Q4); Strategy and Management (Q4)";"Business, Management and Accounting; Engineering; Social Sciences"
1328;19700201438;"Journal of Research on Christian Education";journal;"19344945, 10656219";"Taylor and Francis Ltd.";No;No;0,164;Q4;14;8;43;565;19;41;0,33;70,63;26,67;0;2;United Kingdom;Western Europe;"Taylor and Francis Ltd.";"1992-1995, 1997-2024";"Religious Studies (Q2); Education (Q4)";"Arts and Humanities; Social Sciences"
1329;19400158636;"Sociologija i Prostor";journal;"18465226";"Institute for Social Research in Zagreb";Yes;No;0,164;Q4;12;18;93;815;42;84;0,35;45,28;41,46;0;5;Croatia;Eastern Europe;"Institute for Social Research in Zagreb";"2009-2024";"Sociology and Political Science (Q3); Urban Studies (Q3); Education (Q4); Geography, Planning and Development (Q4)";"Social Sciences"
1330;21101045759;"Encuentros (Maracaibo)";journal;"26108046, 23436131";"Rafael Maria Baralt National Experimental University";Yes;Yes;0,163;Q4;4;88;181;3050;61;175;0,39;34,66;48,21;0;46;Venezuela;Latin America;"Rafael Maria Baralt National Experimental University";"2019-2025";"History (Q2); Philosophy (Q2); Anthropology (Q3); Social Sciences (miscellaneous) (Q3); Sociology and Political Science (Q3); Education (Q4)";"Arts and Humanities; Social Sciences"
1331;21101090587;"Investigacion en Educacion Medica";journal;"20075057, 2007865X";"Universidad Nacional Autonoma de Mexico";No;Yes;0,163;Q4;10;60;172;1346;95;129;0,46;22,43;41,53;0;18;Mexico;Latin America;"Universidad Nacional Autonoma de Mexico";"2019-2025";"Health Professions (miscellaneous) (Q3); Education (Q4); Health Informatics (Q4); Health (social science) (Q4); Medicine (miscellaneous) (Q4)";"Health Professions; Medicine; Social Sciences"
1332;7200153128;"Zeitschrift fur Evaluation";journal;"16195515";"Waxmann Verlag GmbH";No;No;0,163;Q4;8;20;72;486;14;44;0,15;24,30;65,63;0;3;Germany;Western Europe;"Waxmann Verlag GmbH";"2006-2013, 2015-2024";"Communication (Q3); Social Sciences (miscellaneous) (Q3); Applied Psychology (Q4); Education (Q4); Statistics and Probability (Q4); Strategy and Management (Q4)";"Business, Management and Accounting; Mathematics; Psychology; Social Sciences"
1333;4700152626;"Frontiers of Education in China";journal;"16733533, 1673341X";"Higher Education Press Limited Company";No;No;0,162;Q4;26;20;54;766;34;53;0,40;38,30;52,50;0;8;China;Asiatic Region;"Higher Education Press Limited Company";"2006-2024";"Education (Q4)";"Social Sciences"
1334;21100255501;"International Journal of Educational Organization and Leadership";journal;"23291656, 23291591";"Common Ground Research Networks";No;No;0,162;Q4;7;13;40;948;19;40;0,65;72,92;42,31;0;3;United States;Northern America;"Common Ground Research Networks";"2013-2025";"Education (Q4); Strategy and Management (Q4)";"Business, Management and Accounting; Social Sciences"
1335;21101171788;"Journal of Educational Technology Development and Exchange";journal;"19418035, 19418027";"University of Southern MIssissippi";Yes;Yes;0,162;Q4;6;31;43;1316;25;42;0,47;42,45;65,71;0;16;United States;Northern America;"University of Southern MIssissippi";"2019-2025";"Education (Q4)";"Social Sciences"
1336;21101090412;"Historia Scholastica";journal;"2336680X, 18044913";"Comenius National Pedagogical Library";Yes;Yes;0,161;Q4;2;26;59;1168;13;57;0,16;44,92;61,54;0;4;Czech Republic;Eastern Europe;"Comenius National Pedagogical Library";"2019-2024";"History (Q2); Education (Q4); Social Sciences (miscellaneous) (Q4)";"Arts and Humanities; Social Sciences"
1337;21101176038;"Philanthropy and Education";journal;"24707694, 24707686";"Indiana University Press";No;No;0,161;Q4;5;5;19;357;13;18;0,54;71,40;16,67;0;0;United States;Northern America;"Indiana University Press";"2019-2024";"Education (Q4)";"Social Sciences"
1338;21101057624;"Acta Scientiarum - Education";journal;"21785198, 21785201";"Universidade Estadual de Maringa";Yes;Yes;0,160;Q4;3;52;144;1974;32;143;0,28;37,96;52,69;0;12;Brazil;Latin America;"Universidade Estadual de Maringa";"2019-2025";"Education (Q4)";"Social Sciences"
1339;21100942398;"Emerald Emerging Markets Case Studies";journal;"20450621";"Emerald Group Publishing Ltd.";No;No;0,160;Q4;9;143;438;1894;133;437;0,30;13,24;48,85;0;92;United Kingdom;Western Europe;"Emerald Group Publishing Ltd.";"2011-2025";"Business and International Management (Q4); Economics and Econometrics (Q4); Education (Q4); Finance (Q4); Strategy and Management (Q4)";"Business, Management and Accounting; Economics, Econometrics and Finance; Social Sciences"
1340;21100229117;"Journal for Advancement of Marketing Education";journal;"15375137, 23263296";"Marketing Management Association";No;Yes;0,160;Q4;12;4;20;220;12;18;0,56;55,00;11,11;0;1;United States;Northern America;"Marketing Management Association";"2012-2024";"Education (Q4); Marketing (Q4)";"Business, Management and Accounting; Social Sciences"
1341;5800162233;"Journal of Aesthetic Education";journal;"00218510, 15437809";"University of Illinois Press";No;No;0,160;Q4;23;28;79;1733;40;79;0,48;61,89;38,24;0;2;United States;Northern America;"University of Illinois Press";"2002-2025";"Arts and Humanities (miscellaneous) (Q3); Education (Q4)";"Arts and Humanities; Social Sciences"
1342;21101046684;"Pedagogy";journal;"15336255, 15314200";"Duke University Press";No;No;0,160;Q4;4;26;110;786;31;102;0,29;30,23;73,91;0;1;United States;Northern America;"Duke University Press";"2019-2025";"Cultural Studies (Q2); Linguistics and Language (Q3); Education (Q4)";"Social Sciences"
1343;21100920036;"Artseduca";journal;"22540709";"Artseduca";Yes;No;0,159;Q4;5;94;187;3570;85;172;0,53;37,98;32,52;0;41;Spain;Western Europe;"Artseduca";"2019-2025";"Arts and Humanities (miscellaneous) (Q3); Education (Q4)";"Arts and Humanities; Social Sciences"
1344;21101138629;"JALT Journal";journal;"02872420";"JALT";No;No;0,159;Q4;9;0;34;0;15;30;0,50;0,00;0,00;0;0;Japan;Asiatic Region;"JALT";"2013-2023";"Linguistics and Language (Q3); Education (Q4)";"Social Sciences"
1345;21101204644;"Rehabilitation and Recreation";journal;"27868354, 27868346";"Publishing House Helvetica";No;No;0,159;Q4;5;87;207;1754;69;207;0,33;20,16;64,23;0;23;Ukraine;Eastern Europe;"Publishing House Helvetica";"2022-2024";"Education (Q4); Physical Therapy, Sports Therapy and Rehabilitation (Q4); Rehabilitation (Q4)";"Health Professions; Medicine; Social Sciences"
1346;21100236814;"Ubiquitous Learning";journal;"18359795";"Common Ground Research Networks";No;No;0,159;Q4;12;17;40;745;25;40;0,73;43,82;42,86;0;8;United States;Northern America;"Common Ground Research Networks";"2009-2025";"Computer Science (miscellaneous) (Q4); Education (Q4); E-learning (Q4)";"Computer Science; Social Sciences"
1347;19900191811;"Youth Theatre Journal";journal;"08929092, 19484798";"Taylor and Francis Ltd.";No;No;0,158;Q4;14;2;28;36;13;22;0,13;18,00;100,00;0;1;United Kingdom;Western Europe;"Taylor and Francis Ltd.";"1995-2024";"Visual Arts and Performing Arts (Q2); Education (Q4)";"Arts and Humanities; Social Sciences"
1348;17700156011;"Enfances et Psy";journal;"12865559, 17762820";"Editions Eres";No;No;0,157;Q4;10;36;137;394;17;122;0,14;10,94;69,57;0;5;France;Western Europe;"Editions Eres";"2000-2024";"Sociology and Political Science (Q3); Developmental and Educational Psychology (Q4); Education (Q4)";"Psychology; Social Sciences"
1349;21101262994;"Kinesiologia Slovenica";journal;"13182269, 22324062";"University of Ljubljana";No;No;0,157;Q4;4;30;109;1069;30;106;0,19;35,63;45,45;0;7;Slovenia;Eastern Europe;"University of Ljubljana";"2020-2024";"Anthropology (Q3); Education (Q4); Health (social science) (Q4)";"Social Sciences"
1350;17600155129;"Resonance";journal;"09718044, 0973712X";"Springer India";No;No;0,157;Q4;25;161;423;1412;168;325;0,37;8,77;33,09;0;9;India;Asiatic Region;"Springer India";"1996, 2000, 2002, 2006-2025";"Multidisciplinary (Q3); Education (Q4)";"Multidisciplinary; Social Sciences"
1351;21101074854;"Brazilian English Language Teaching Journal";journal;"21783640";"Editora Universitaria da PUCRS";Yes;Yes;0,156;Q4;2;0;24;0;4;24;0,23;0,00;0,00;0;0;Brazil;Latin America;"Editora Universitaria da PUCRS";"2019-2023";"Linguistics and Language (Q3); Education (Q4)";"Social Sciences"
1352;21100258624;"International Journal of Assessment and Evaluation";journal;"23277920, 23278692";"Common Ground Research Networks";No;No;0,156;Q4;5;7;37;319;21;37;0,50;45,57;47,06;0;5;United States;Northern America;"Common Ground Research Networks";"2013-2025";"Education (Q4)";"Social Sciences"
1353;21100258611;"International Journal of Learning in Higher Education";journal;"23277955, 23278749";"Common Ground Research Networks";No;No;0,156;Q4;6;22;69;987;49;69;0,89;44,86;48,98;0;11;United States;Northern America;"Common Ground Research Networks";"2013-2025";"Education (Q4)";"Social Sciences"
1354;21101026923;"International Public History";journal;"25671111";"De Gruyter Oldenbourg";No;No;0,156;Q4;5;15;43;531;20;41;0,48;35,40;70,59;0;3;Germany;Western Europe;"De Gruyter Oldenbourg";"2018-2024";"History (Q2); Education (Q4)";"Arts and Humanities; Social Sciences"
1355;21101119578;"Philological Class";journal;"20712405, 26585235";"Ural State Pedagogical University";Yes;Yes;0,155;Q4;3;80;276;2458;30;275;0,09;30,73;80,91;0;9;Russian Federation;Eastern Europe;"Ural State Pedagogical University";"2019-2024";"Literature and Literary Theory (Q1); Linguistics and Language (Q3); Education (Q4)";"Arts and Humanities; Social Sciences"
1356;21100202508;"Revista Brasileira de Orientacao Profissional";journal;"16793390, 19847270";"Universidade de Sao Paulo, Faculdade de Filosofia";Yes;Yes;0,155;Q4;12;11;35;401;14;35;0,31;36,45;62,50;0;2;Brazil;Latin America;"Universidade de Sao Paulo, Faculdade de Filosofia";"2011-2022, 2024";"Applied Psychology (Q4); Education (Q4); Organizational Behavior and Human Resource Management (Q4)";"Business, Management and Accounting; Psychology; Social Sciences"
1357;21100925826;"Specijalna Edukacija i Rehabilitacija";journal;"14527367, 24061328";"University of Belgrade - Faculty of Special Education and Rehabilitation";Yes;Yes;0,155;Q4;4;23;57;1075;27;57;0,35;46,74;77,36;0;16;Serbia;Eastern Europe;"University of Belgrade - Faculty of Special Education and Rehabilitation";"2018-2024";"Developmental and Educational Psychology (Q4); Education (Q4)";"Psychology; Social Sciences"
1358;21100400012;"Proceedings of International Conference of the Learning Sciences, ICLS";conference and proceedings;"18149316";"International Society of the Learning Sciences (ISLS)";No;No;0,155;-;18;0;1005;0;293;997;0,28;0,00;0,00;0;0;United States;Northern America;"International Society of the Learning Sciences (ISLS)";"2014, 2016, 2018, 2021-2022";"Computer Science (miscellaneous); Education";"Computer Science; Social Sciences"
1359;5800210911;"English in Australia";journal;"0046208X";"AATE - Australian Association Teaching English";No;No;0,154;Q4;17;0;42;0;28;35;0,70;0,00;0,00;0;0;Australia;Pacific Region;"AATE - Australian Association Teaching English";"2008-2022";"History (Q2); Linguistics and Language (Q3); Education (Q4)";"Arts and Humanities; Social Sciences"
1360;21101152725;"International Journal of African Higher Education";journal;"23135069";"International Network for Higher Education in Africa, University of Kwazulu-Natal";Yes;Yes;0,154;Q4;6;13;60;791;34;58;0,64;60,85;40,00;0;8;South Africa;Africa;"International Network for Higher Education in Africa, University of Kwazulu-Natal";"2019-2024";"Education (Q4)";"Social Sciences"
1361;21100921057;"Ricerche di Pedagogia e Didattica";journal;"19702221";"University of Bologna";Yes;Yes;0,154;Q4;6;19;96;851;40;93;0,21;44,79;60,53;0;7;Italy;Western Europe;"University of Bologna";"2019-2024";"Developmental and Educational Psychology (Q4); Education (Q4)";"Psychology; Social Sciences"
1362;21100396307;"International Journal of Education Economics and Development";journal;"17595673, 17595681";"Inderscience";No;No;0,153;Q4;10;28;74;1735;47;74;0,71;61,96;46,84;0;23;Switzerland;Western Europe;"Inderscience";"2011, 2014-2025";"Education (Q4)";"Social Sciences"
1363;21101046209;"Journal of Muslim Philanthropy and Civil Society";journal;"25726544";"Indiana University Press";Yes;Yes;0,153;Q4;7;14;35;649;21;30;0,57;46,36;45,00;0;5;United States;Northern America;"Indiana University Press";"2017-2024";"Cultural Studies (Q2); Education (Q4); Political Science and International Relations (Q4)";"Social Sciences"
1364;20300195012;"Proceedings - RoEduNet IEEE International Conference";conference and proceedings;"20681038";"IEEE Computer Society";No;No;0,153;-;14;34;109;555;58;104;0,58;16,32;24,47;0;11;United States;Northern America;"IEEE Computer Society";"2011, 2013-2014, 2019-2024";"Computer Networks and Communications; Education";"Computer Science; Social Sciences"
1365;21101021436;"Per Linguam";journal;"22240012, 02592312";"Department of General Linguistics, Stellenbosch University";Yes;No;0,152;Q4;4;15;39;565;14;33;0,40;37,67;70,59;0;5;South Africa;Africa;"Department of General Linguistics, Stellenbosch University";"2020-2024";"Linguistics and Language (Q3); Developmental and Educational Psychology (Q4); Education (Q4)";"Psychology; Social Sciences"
1366;21101164613;"Review of Science, Mathematics and ICT Education";journal;"1791261X, 17923999";"Department of Educational Sciences and Early Childhood Education, University of Patras";No;Yes;0,152;Q4;6;10;31;543;21;30;0,55;54,30;50,00;0;4;Greece;Western Europe;"Department of Educational Sciences and Early Childhood Education, University of Patras";"2019-2024";"Developmental and Educational Psychology (Q4); Education (Q4); Mathematical Physics (Q4); Mathematics (miscellaneous) (Q4)";"Mathematics; Psychology; Social Sciences"
1367;27710;"Teaching Philosophy";journal;"21536619, 01455788";"Philosophy Documentation Center";No;No;0,152;Q4;17;33;71;666;18;70;0,09;20,18;34,38;0;5;United States;Northern America;"Philosophy Documentation Center";"1977, 1996-2024";"Philosophy (Q2); Education (Q4)";"Arts and Humanities; Social Sciences"
1368;18620;"Software Engineering Education Conference, Proceedings";conference and proceedings;"10930175";"Institute of Electrical and Electronics Engineers Inc.";No;No;0,152;-;26;54;41;955;36;38;0,88;17,69;28,79;0;8;United States;Northern America;"Institute of Electrical and Electronics Engineers Inc.";"1996-1997, 1999-2008, 2010, 2013, 2015, 2023-2024";"Education; Software";"Computer Science; Social Sciences"
1369;21101044706;"Archivio Antropologico Mediterraneo";journal;"20383215";"University of Palermo - Department of Culture and Societies";Yes;Yes;0,151;Q4;6;32;66;1349;13;60;0,18;42,16;66,67;0;12;Italy;Western Europe;"University of Palermo - Department of Culture and Societies";"2019-2024";"Anthropology (Q3); Gender Studies (Q3); Urban Studies (Q3); Education (Q4)";"Social Sciences"
1370;21101248215;"New Zealand International Research in Early Childhood Education Journal";journal;"25377191";"Office of Early Childhood Education (OECE - NZ)";No;No;0,151;Q4;2;0;23;0;12;21;0,40;0,00;0,00;0;0;New Zealand;Pacific Region;"Office of Early Childhood Education (OECE - NZ)";"2021-2023";"Education (Q4)";"Social Sciences"
1371;21100305268;"Journal of Educational Multimedia and Hypermedia";journal;"19435916, 10558896";"Association for the Advancement of Computing in Education";No;No;0,150;Q4;13;0;30;0;13;30;0,14;0,00;0,00;0;0;United States;Northern America;"Association for the Advancement of Computing in Education";"2013-2023";"Computer Science Applications (Q4); Education (Q4)";"Computer Science; Social Sciences"
1372;21101017883;"International Conference on Higher Education Advances";conference and proceedings;"26035871";"Universidad Politecnica de Valencia";No;No;0,150;-;6;162;503;2603;165;500;0,33;16,07;62,19;0;63;Spain;Western Europe;"Universidad Politecnica de Valencia";"2020-2024";"Education";"Social Sciences"
1373;19900192534;"Electronic Journal of Foreign Language Teaching";journal;"02199874";"Centre for Medical Education (CenMed) Yong Loo Lin School of Medicine National University of Singapore";Yes;Yes;0,149;Q4;16;18;44;721;16;38;0,39;40,06;40,00;0;5;Singapore;Asiatic Region;"Centre for Medical Education (CenMed) Yong Loo Lin School of Medicine National University of Singapore";"2011-2024";"Linguistics and Language (Q3); Education (Q4)";"Social Sciences"
1374;21101047721;"Human Research in Rehabilitation";journal;"22329935, 2232996X";"Institute for Human Rehabilitation";Yes;Yes;0,149;Q4;4;32;80;1204;46;79;0,64;37,63;58,73;0;15;Bosnia and Herzegovina;Eastern Europe;"Institute for Human Rehabilitation";"2019-2024";"Education (Q4); Rehabilitation (Q4); Social Psychology (Q4)";"Medicine; Psychology; Social Sciences"
1375;21100888250;"IBIMA Business Review";journal;"19473788";"IBIMA Publishing";No;No;0,149;Q4;11;57;238;2010;135;238;0,35;35,26;56,91;0;27;United States;Northern America;"IBIMA Publishing";"2018-2025";"Business, Management and Accounting (miscellaneous) (Q4); Education (Q4)";"Business, Management and Accounting; Social Sciences"
1376;21101174380;"Revista de Lenguas para Fines Especificos";journal;"11331127, 23408561";"Universidad de Las Palmas de Gran Canaria";Yes;Yes;0,149;Q4;1;10;10;369;6;10;0,60;36,90;72,73;0;1;Spain;Western Europe;"Universidad de Las Palmas de Gran Canaria";"2023-2024";"Linguistics and Language (Q3); Education (Q4)";"Social Sciences"
1377;21100202122;"Computer-Supported Collaborative Learning Conference, CSCL";conference and proceedings;"15734552";"International Society of the Learning Sciences (ISLS)";No;No;0,149;-;26;0;293;0;72;287;0,22;0,00;0,00;0;0;United States;Northern America;"International Society of the Learning Sciences (ISLS)";"2007-2008, 2013, 2015, 2017, 2019-2023";"Education; Human-Computer Interaction";"Computer Science; Social Sciences"
1378;19600157924;"Hacettepe Egitim Dergisi";journal;"13005340";"Hacettepe University";Yes;No;0,148;Q4;23;28;187;1434;56;181;0,24;51,21;60,42;0;6;Turkey;Middle East;"Hacettepe University";"2008-2025";"Education (Q4)";"Social Sciences"
1379;19700174616;"Pedagogische Studien";journal;"01650645";"Vereniging voor Onderwijsresearch (VOR)";Yes;Yes;0,148;Q4;10;18;65;751;19;64;0,30;41,72;59,09;0;8;Netherlands;Western Europe;"Vereniging voor Onderwijsresearch (VOR)";"2009-2024";"Education (Q4)";"Social Sciences"
1380;21101062041;"Physics Educator";journal;"26613409, 26613395";"World Scientific";No;No;0,148;Q4;5;22;74;304;17;74;0,29;13,82;23,81;0;2;Singapore;Asiatic Region;"World Scientific";"2019-2025";"Education (Q4); Mathematics (miscellaneous) (Q4); Physics and Astronomy (miscellaneous) (Q4)";"Mathematics; Physics and Astronomy; Social Sciences"
1381;21101038734;"Infectious Diseases: News, Opinions, Training";journal;"26587394, 23053496";"Geotar Media Publishing Group";No;No;0,146;Q4;8;66;200;1921;68;200;0,29;29,11;65,82;0;48;Russian Federation;Eastern Europe;"Geotar Media Publishing Group";"2019-2024";"Education (Q4); Immunology and Allergy (Q4); Infectious Diseases (Q4)";"Medicine; Social Sciences"
1382;21100258621;"International Journal of Technologies in Learning";journal;"23272686, 23270144";"Common Ground Research Networks";No;No;0,146;Q4;6;20;37;989;21;37;0,57;49,45;48,65;0;11;United States;Northern America;"Common Ground Research Networks";"2013-2025";"Computer Science Applications (Q4); Education (Q4); E-learning (Q4)";"Computer Science; Social Sciences"
1383;21101146415;"Jurnal Pengukuran Psikologi dan Pendidikan Indonesia";journal;"20896247, 26545713";"Syarif Hidayatullah State Islamic University (UIN) Jakarta";Yes;Yes;0,146;Q4;3;13;45;571;10;44;0,27;43,92;43,75;0;0;Indonesia;Asiatic Region;"Syarif Hidayatullah State Islamic University (UIN) Jakarta";"2019-2024";"Applied Psychology (Q4); Developmental and Educational Psychology (Q4); Education (Q4); Psychology (miscellaneous) (Q4)";"Psychology; Social Sciences"
1384;21101121512;"Strides in Development of Medical Education Journal";journal;"26453452, 26453525";"Kerman University of Medical Sciences";Yes;Yes;0,146;Q4;5;39;89;1156;35;72;0,40;29,64;58,12;0;19;Iran;Middle East;"Kerman University of Medical Sciences";"2019-2025";"Education (Q4); Health (social science) (Q4)";"Social Sciences"
1385;19900192618;"History of Education and Children's Literature";journal;"19711093, 19711131";"eum - Edizioni Universita di Macerata";No;No;0,145;Q4;7;29;200;1405;38;198;0,20;48,45;64,10;0;11;Italy;Western Europe;"eum - Edizioni Universita di Macerata";"2011-2024";"History and Philosophy of Science (Q3); Education (Q4)";"Arts and Humanities; Social Sciences"
1386;21100396634;"Journal of Educational, Cultural and Psychological Studies";journal;"20377924, 20377932";"LED Edizioni Universitarie";Yes;Yes;0,145;Q4;13;24;74;664;29;66;0,33;27,67;48,98;0;4;Italy;Western Europe;"LED Edizioni Universitarie";"2014-2024";"Developmental and Educational Psychology (Q4); Education (Q4); Social Psychology (Q4)";"Psychology; Social Sciences"
1387;21100898630;"Journal of Special Education Leadership";journal;"15251810";"Council of Administrators of Special Education";No;No;0,145;Q4;7;6;39;168;14;25;0,36;28,00;77,78;0;4;United States;Northern America;"Council of Administrators of Special Education";"2018-2024";"Developmental and Educational Psychology (Q4); Education (Q4); Public Administration (Q4)";"Psychology; Social Sciences"
1388;21100872121;"Revista Portuguesa de Educacao";journal;"21830452, 08719187";"Center for Research in Education, Institute of Education of the University of Minho";Yes;Yes;0,145;Q4;6;46;117;2081;30;111;0,24;45,24;65,52;0;13;Portugal;Western Europe;"Center for Research in Education, Institute of Education of the University of Minho";"2018-2025";"Education (Q4)";"Social Sciences"
1389;21101080474;"World Journal of Chemical Education";journal;"23751657, 23751665";"Science and Education Publishing";No;No;0,145;Q4;6;12;70;260;25;70;0,40;21,67;41,67;0;3;United States;Northern America;"Science and Education Publishing";"2019-2025";"Analytical Chemistry (Q4); Chemistry (miscellaneous) (Q4); Education (Q4); Physical and Theoretical Chemistry (Q4)";"Chemistry; Social Sciences"
1390;21100938727;"British Journal for the History of Mathematics";journal;"26375494, 26375451";"Taylor and Francis Ltd.";No;No;0,144;Q4;9;14;38;703;15;34;0,33;50,21;21,05;0;0;United Kingdom;Western Europe;"Taylor and Francis Ltd.";"2019-2025";"History and Philosophy of Science (Q3); Education (Q4); Mathematics (miscellaneous) (Q4)";"Arts and Humanities; Mathematics; Social Sciences"
1391;21101098813;"Journal of Medical Education Development";journal;"29807670, 22519521";"Zanjan University of Medical Sciences and Health Services";Yes;Yes;0,144;Q4;4;69;113;2275;45;106;0,43;32,97;47,51;0;23;Iran;Middle East;"Zanjan University of Medical Sciences and Health Services";"2019-2024";"Education (Q4); Medicine (miscellaneous) (Q4)";"Medicine; Social Sciences"
1392;21100943982;"Journal of Southeast Asian American Education and Advancement";journal;"21538999";"Purdue University Press";Yes;Yes;0,144;Q4;4;5;30;138;9;19;0,21;27,60;66,67;0;1;United States;Northern America;"Purdue University Press";"2019-2025";"Education (Q4)";"Social Sciences"
1393;21101028164;"Scientia Paedagogica Experimentalis";journal;"05822351";"ICIWO vzw";No;No;0,144;Q4;3;9;28;238;8;26;0,17;26,44;73,68;0;4;Belgium;Western Europe;"ICIWO vzw";"2018-2024";"Education (Q4); Social Sciences (miscellaneous) (Q4)";"Social Sciences"
1394;21101236074;"Australian Journal of Applied Linguistics";journal;"22090959";"Castledown Publishers";Yes;No;0,143;Q4;3;19;32;1113;20;31;0,75;58,58;22,58;0;2;Australia;Pacific Region;"Castledown Publishers";"2021-2025";"Linguistics and Language (Q3); Education (Q4)";"Social Sciences"
1395;21100244843;"International Journal of Humanities Education";journal;"23272457, 23270063";"Common Ground Research Networks";No;No;0,143;Q4;5;12;36;606;10;35;0,15;50,50;62,50;0;6;United States;Northern America;"Common Ground Research Networks";"2013-2025";"Arts and Humanities (miscellaneous) (Q3); Education (Q4)";"Arts and Humanities; Social Sciences"
1396;21101128566;"Educacion y Humanismo";journal;"26652420, 01242121";"Simon Bolivar University (Barranquilla)";Yes;Yes;0,142;Q4;3;24;45;1187;29;45;0,64;49,46;57,45;0;8;Colombia;Latin America;"Simon Bolivar University (Barranquilla)";"2022-2025";"Cultural Studies (Q3); History and Philosophy of Science (Q3); Education (Q4); Gender Studies (Q4)";"Arts and Humanities; Social Sciences"
1397;21101171601;"Journal of Education in Muslim Societies";journal;"26410044, 26410052";"Indiana University Press";No;No;0,142;Q4;3;16;44;546;15;34;0,31;34,13;58,82;0;7;United States;Northern America;"Indiana University Press";"2019-2024";"Cultural Studies (Q3); Education (Q4)";"Social Sciences"
1398;7200153137;"Zbornik Instituta za Pedagoska Istrazivanja";journal;"05796431";"Institute for Educational Research";Yes;Yes;0,142;Q4;9;8;38;365;12;38;0,32;45,63;77,78;0;3;Serbia;Eastern Europe;"Institute for Educational Research";"2007-2024";"Education (Q4)";"Social Sciences"
1399;21100830428;"Journal of Applied Linguistics and Professional Practice";journal;"20403666, 20403658";"Equinox Publishing Ltd";No;No;0,141;Q4;22;5;25;294;12;25;0,48;58,80;76,47;0;0;United Kingdom;Western Europe;"Equinox Publishing Ltd";"2010-2020, 2022-2024";"Linguistics and Language (Q3); Education (Q4)";"Social Sciences"
1400;21101124730;"Neonatology";journal;"23082402, 26587424";"Geotar Media Publishing Group";No;No;0,141;Q4;5;52;113;1276;52;105;0,46;24,54;79,63;0;13;Russian Federation;Eastern Europe;"Geotar Media Publishing Group";"2019-2024";"Family Practice (Q3); Education (Q4); Medicine (miscellaneous) (Q4); Pediatrics, Perinatology and Child Health (Q4)";"Medicine; Social Sciences"
1401;21100888252;"Perspektivy Nauki i Obrazovania";journal;"23072334";"LLC Ecological Help";No;No;0,141;Q4;10;276;735;10615;248;735;0,35;38,46;73,82;0;160;Russian Federation;Eastern Europe;"LLC Ecological Help";"2018-2024";"Philosophy (Q3); Developmental and Educational Psychology (Q4); Education (Q4)";"Arts and Humanities; Psychology; Social Sciences"
1402;21101190210;"International Journal for Research in Learning Disabilities";journal;"2325565X, 23293764";"International Academy for Research in Learning Disabilities (IARLD)";No;No;0,140;Q4;3;5;14;385;5;14;0,30;77,00;73,33;0;5;United States;Northern America;"International Academy for Research in Learning Disabilities (IARLD)";"2019-2024";"Education (Q4); Medicine (miscellaneous) (Q4); Neuroscience (miscellaneous) (Q4); Psychology (miscellaneous) (Q4)";"Medicine; Neuroscience; Psychology; Social Sciences"
1403;21101207451;"Jurnal Ilmiah Ilmu Terapan Universitas Jambi";journal;"25802240, 25802259";"Jambi University";No;No;0,140;Q4;4;63;78;3195;58;78;0,90;50,71;40,12;0;41;Indonesia;Asiatic Region;"Jambi University";"2020-2024";"Economics, Econometrics and Finance (miscellaneous) (Q4); Education (Q4); Public Health, Environmental and Occupational Health (Q4)";"Economics, Econometrics and Finance; Medicine; Social Sciences"
1404;21101216643;"Magistra Iadertina";journal;"18490018, 18463606";"University of Zadar Department of Teacher and Preschool Teacher Education";Yes;Yes;0,140;Q4;1;6;33;211;5;33;0,18;35,17;76,92;0;1;Croatia;Eastern Europe;"University of Zadar Department of Teacher and Preschool Teacher Education";"2020-2024";"Arts and Humanities (miscellaneous) (Q3); Education (Q4)";"Arts and Humanities; Social Sciences"
1405;21100199532;"Recherche et Pratiques Pedagogiques en Langues de Specialite - Cahiers de l'APLIUT";journal;"21195242, 22575405";"Association des Professeurs de Langues des Instituts Universitaires de Technologie (APLIUT)";Yes;No;0,140;Q4;8;16;75;530;8;73;0,11;33,13;73,33;0;7;France;Western Europe;"Association des Professeurs de Langues des Instituts Universitaires de Technologie (APLIUT)";"2011-2019, 2021-2024";"Linguistics and Language (Q3); Education (Q4)";"Social Sciences"
1406;21101068581;"Revista de Contabilidade e Organizacoes";journal;"19826486";"Universidade De Sao Paulo";Yes;Yes;0,140;Q4;5;12;58;370;27;53;0,33;30,83;47,06;0;4;Brazil;Latin America;"Universidade De Sao Paulo";"2019-2024";"Accounting (Q4); Education (Q4); Management of Technology and Innovation (Q4); Organizational Behavior and Human Resource Management (Q4)";"Business, Management and Accounting; Social Sciences"
1407;21101134686;"Proceedings - International Conference on Education and Technology, ICET";conference and proceedings;"27704807";"Institute of Electrical and Electronics Engineers";No;No;0,140;-;4;41;91;1233;57;89;0,63;30,07;43,59;0;13;United States;Northern America;"Institute of Electrical and Electronics Engineers";"2022-2024";"Computer Networks and Communications; Education; Information Systems and Management; Instrumentation; Management Information Systems; Media Technology";"Business, Management and Accounting; Computer Science; Decision Sciences; Engineering; Physics and Astronomy; Social Sciences"
1408;21101090843;"Ebre 38";journal;"18852580, 16962672";"Universitat de Barcelona";Yes;Yes;0,139;Q4;3;22;48;644;6;44;0,09;29,27;46,67;0;6;Spain;Western Europe;"Universitat de Barcelona";"2017-2024";"History (Q2); Education (Q4)";"Arts and Humanities; Social Sciences"
1409;21100258852;"International Journal of Interdisciplinary Educational Studies";journal;"2327011X, 23272570";"Common Ground Research Networks";No;No;0,139;Q4;5;30;47;1352;16;46;0,24;45,07;50,75;0;17;United States;Northern America;"Common Ground Research Networks";"2012-2025";"Education (Q4)";"Social Sciences"
1410;21101023315;"Praksis";journal;"24481939";"UNIVERSIDADE FEEVALE";Yes;Yes;0,139;Q4;2;31;94;958;9;91;0,08;30,90;49,02;0;8;Brazil;Latin America;"UNIVERSIDADE FEEVALE";"2019-2024";"History (Q2); Linguistics and Language (Q3); Education (Q4)";"Arts and Humanities; Social Sciences"
1411;21101059299;"Asian Journal of Legal Education";journal;"23482451, 23220058";"SAGE Publications Inc.";No;No;0,138;Q4;5;19;47;129;24;46;0,52;6,79;62,07;0;10;United States;Northern America;"SAGE Publications Inc.";"2014-2024";"Law (Q3); Development (Q4); Education (Q4)";"Social Sciences"
1412;21100863712;"English Australia Journal";journal;"22026169, 14444496";"English Australia Ltd.";No;No;0,138;Q4;6;17;59;445;16;57;0,08;26,18;66,67;0;4;Australia;Pacific Region;"English Australia Ltd.";"2014, 2018-2024";"Linguistics and Language (Q3); Education (Q4)";"Social Sciences"
1413;27887;"Horizons";journal;"03609669";"Cambridge University Press";No;No;0,138;Q4;9;16;60;1362;18;53;0,19;85,13;43,75;0;4;United Kingdom;Western Europe;"Cambridge University Press";"1970, 1974-2024";"Religious Studies (Q2); Education (Q4)";"Arts and Humanities; Social Sciences"
1414;12816;"Journal of General Education";journal;"00213667, 15272060";"Penn State University Press";No;No;0,138;Q4;14;0;12;0;3;12;0,00;0,00;0,00;0;0;United States;Northern America;"Penn State University Press";"1975-1976, 1980, 2010-2021";"Education (Q4)";"Social Sciences"
1415;21101227055;"Visible Language";journal;"00222224, 26915529";"University of Cincinnati";No;No;0,137;Q4;5;5;20;238;6;18;0,29;47,60;20,00;0;0;United States;Northern America;"University of Cincinnati";"2019-2024";"Computational Theory and Mathematics (Q4); Education (Q4); Human-Computer Interaction (Q4); Software (Q4)";"Computer Science; Social Sciences"
1416;21100898040;"Childhood Education";journal;"00094056, 21620725";"Taylor and Francis Ltd.";No;No;0,136;Q4;31;58;187;54;43;184;0,24;0,93;76,06;0;4;United Kingdom;Western Europe;"Taylor and Francis Ltd.";"1996-2025";"Developmental and Educational Psychology (Q4); Education (Q4); Management of Technology and Innovation (Q4)";"Business, Management and Accounting; Psychology; Social Sciences"
1417;21101257963;"IDA: International Design and Art Journal";journal;"26875373";"Nilay OZSAVAS ULUCAY";Yes;Yes;0,136;Q4;1;23;20;838;5;20;0,25;36,43;71,43;0;7;Turkey;Middle East;"Nilay OZSAVAS ULUCAY";"2023-2024";"Visual Arts and Performing Arts (Q2); Architecture (Q3); Arts and Humanities (miscellaneous) (Q3); Education (Q4)";"Arts and Humanities; Engineering; Social Sciences"
1418;21100814517;"Space and Culture, India";journal;"20528396";"ACCB Publishing";Yes;No;0,136;Q4;16;35;94;1731;40;82;0,34;49,46;43,06;0;19;United Kingdom;Western Europe;"ACCB Publishing";"2013-2024";"Arts and Humanities (miscellaneous) (Q3); Cultural Studies (Q3); Development (Q4); Economics, Econometrics and Finance (miscellaneous) (Q4); Education (Q4); Gender Studies (Q4); Sociology and Political Science (Q4)";"Arts and Humanities; Economics, Econometrics and Finance; Social Sciences"
1419;21101023397;"Proceedings of International Conference on Computational Thinking Education";conference and proceedings;"26645661";"The Education University of Hong Kong";No;No;0,136;-;9;43;93;563;17;88;0,20;13,09;45,16;0;8;Hong Kong;Asiatic Region;"The Education University of Hong Kong";"2017-2024";"Computer Science Applications; Education";"Computer Science; Social Sciences"
1420;21101074583;"Instructed Second Language Acquisition";journal;"23984163, 23984155";"Equinox Publishing Ltd";No;No;0,135;Q4;6;7;38;274;6;32;0,11;39,14;37,50;0;0;United Kingdom;Western Europe;"Equinox Publishing Ltd";"2019-2024";"Linguistics and Language (Q3); Education (Q4)";"Social Sciences"
1421;5100152301;"Milli Egitim";journal;"13025600";"T.C. Milli Egitim Bakanligi";No;No;0,135;Q4;10;64;453;3550;96;453;0,19;55,47;52,31;25;24;Turkey;Middle East;"T.C. Milli Egitim Bakanligi";"2006-2025";"Education (Q4)";"Social Sciences"
1422;21100206246;"Orientation Scolaire et Professionnelle";journal;"02496739, 21043795";"Inetop-Cnam";No;No;0,135;Q4;7;9;101;124;12;90;0,03;13,78;70,00;0;3;France;Western Europe;"Inetop-Cnam";"2011-2024";"Developmental and Educational Psychology (Q4); Education (Q4); Social Psychology (Q4)";"Psychology; Social Sciences"
1423;5800157999;"Hispania";journal;"00182133";"Johns Hopkins University Press";No;No;0,134;Q4;19;43;253;752;69;239;0,21;17,49;60,00;0;2;United States;Northern America;"Johns Hopkins University Press";"2010-2024";"Linguistics and Language (Q3); Education (Q4)";"Social Sciences"
1424;21100894628;"Journal of Historical Research in Music Education";journal;"15366006, 23282525";"SAGE Publications Ltd";No;No;0,134;Q4;5;17;39;0;7;32;0,24;0,00;66,67;0;3;United States;Northern America;"SAGE Publications Ltd";"2015-2024";"History (Q2); Music (Q3); Education (Q4)";"Arts and Humanities; Social Sciences"
1425;21100819033;"International Symposium on Project Approaches in Engineering Education";conference and proceedings;"21831378";"University of Minho";No;No;0,134;-;8;69;163;1197;29;157;0,19;17,35;43,61;0;38;Portugal;Western Europe;"University of Minho";"2016-2024";"Education; Engineering (miscellaneous); Environmental Engineering; Pollution; Waste Management and Disposal";"Engineering; Environmental Science; Social Sciences"
1426;21100291858;"Advances in Accounting Education: Teaching and Curriculum Innovations";book series;"10854622";"Emerald Group Publishing Ltd.";No;No;0,133;Q4;12;11;38;325;37;1;1,04;29,55;0,00;0;2;United Kingdom;Western Europe;"Emerald Group Publishing Ltd.";"2007-2017, 2019-2024";"Business and International Management (Q4); Education (Q4)";"Business, Management and Accounting; Social Sciences"
1427;21101158946;"Brill's Series on Chinese Education";book series;"22127437";"Brill Academic Publishers";No;No;0,133;Q4;1;8;19;555;2;1;0,11;69,38;0,00;0;0;Netherlands;Western Europe;"Brill Academic Publishers";"2014, 2016, 2018, 2020, 2022, 2024";"Cultural Studies (Q3); Linguistics and Language (Q3); Education (Q4)";"Social Sciences"
1428;21101078107;"Children: Global Posthumanist Perspectives and Materialist Theories";book series;"25233416, 25233408";"Springer Nature";No;No;0,133;Q4;4;0;51;0;14;1;0,32;0,00;0,00;0;0;Singapore;Asiatic Region;"Springer Nature";"2019-2023";"Education (Q4); Sociology and Political Science (Q4)";"Social Sciences"
1429;21101198442;"Critical Cultural Studies of Childhood";book series;"2731636X, 27316378";"Palgrave Macmillan";No;No;0,133;Q4;7;17;55;609;18;1;0,33;35,82;0,00;0;3;United Kingdom;Western Europe;"Palgrave Macmillan";"2006, 2009-2012, 2014-2016, 2018-2019, 2023-2024";"Cultural Studies (Q3); Education (Q4); Life-span and Life-course Studies (Q4); Sociology and Political Science (Q4)";"Social Sciences"
1430;21100900553;"Cultural Studies and Transdisciplinarity in Education";book series;"23457708";"Springer Nature";No;No;0,133;Q4;8;0;59;0;12;1;0,36;0,00;0,00;0;0;United States;Northern America;"Springer Nature";"2014-2023";"Cultural Studies (Q3); Education (Q4); Sociology and Political Science (Q4)";"Social Sciences"
1431;21100407234;"Education and Society in the Middle Ages and Renaissance";book series;"09266070";"Brill Academic Publishers";No;No;0,133;Q4;5;0;2;0;0;1;0,00;0,00;0,00;0;0;Netherlands;Western Europe;"Brill Academic Publishers";"2007-2017, 2019, 2021, 2023";"Cultural Studies (Q3); History (Q3); Education (Q4)";"Arts and Humanities; Social Sciences"
1432;5700157895;"Enfance";journal;"00137545";"Presses Universitaires de France";Yes;No;0,133;Q4;16;31;95;1066;14;85;0,17;34,39;68,42;2;10;France;Western Europe;"Presses Universitaires de France";"1949-1953, 2002-2024";"Arts and Humanities (miscellaneous) (Q3); Developmental and Educational Psychology (Q4); Education (Q4); Health (social science) (Q4); Pediatrics, Perinatology and Child Health (Q4)";"Arts and Humanities; Medicine; Psychology; Social Sciences"
1433;8300153114;"International Perspectives on Inclusive Education";book series;"14793636";"Emerald Group Publishing Ltd.";No;No;0,133;Q4;13;36;62;1113;31;1;0,30;30,92;0,00;0;28;United Kingdom;Western Europe;"Emerald Group Publishing Ltd.";"2001, 2012, 2014-2017, 2019-2024";"Education (Q4)";"Social Sciences"
1434;21100775395;"Journal of Information Technology Education: Discussion Cases";journal;"21661324, 21661316";"Informing Science Institute";No;No;0,133;Q4;2;0;1;0;0;1;0,00;0,00;0,00;0;0;United States;Northern America;"Informing Science Institute";"2012-2017, 2021";"Computer Science (miscellaneous) (Q4); Education (Q4); Sociology and Political Science (Q4)";"Computer Science; Social Sciences"
1435;21100281307;"Recherches en Didactiques des Sciences et des Technologies";journal;"21106460";"Institut National de Recherche Pedagogique";No;No;0,133;Q4;6;8;39;449;6;39;0,13;56,13;68,18;0;1;France;Western Europe;"Institut National de Recherche Pedagogique";"2011, 2013-2024";"Education (Q4)";"Social Sciences"
1436;21101188712;"Springer International Handbooks of Education";book series;"21971951, 2197196X";"Springer International Publishing";No;No;0,133;Q4;23;317;252;16046;128;1;0,55;50,62;25,00;1;126;Netherlands;Western Europe;"Springer International Publishing";"2007-2009, 2011-2015, 2017-2024";"Education (Q4); Social Sciences (miscellaneous) (Q4)";"Social Sciences"
1437;21101145385;"Utrecht Studies in Language and Communication";book series;"09277706";"Brill Academic Publishers";No;No;0,133;Q4;12;23;19;1054;0;1;0,00;45,83;0,00;0;0;Netherlands;Western Europe;"Brill Academic Publishers";"1997-2000, 2003-2005, 2007-2008, 2010, 2012-2014, 2016, 2018-2020, 2022-2025";"Linguistics and Language (Q3); Communication (Q4); Education (Q4)";"Social Sciences"
1438;21101192681;"Bosniaca";journal;"15125033, 23038888";"National and University Library of Bosnia and Herzegovina";Yes;Yes;0,132;Q4;1;13;26;363;4;24;0,15;27,92;80,00;0;2;Bosnia and Herzegovina;Eastern Europe;"National and University Library of Bosnia and Herzegovina";"2022-2024";"Cultural Studies (Q3); Education (Q4); Social Sciences (miscellaneous) (Q4)";"Social Sciences"
1439;19700177335;"Didactica Slovenica - Pedagoska Obzorja";journal;"03531392";"Pedagoska Obzorja d.o.o";No;No;0,132;Q4;7;0;84;0;13;80;0,13;0,00;0,00;0;0;Slovenia;Eastern Europe;"Pedagoska Obzorja d.o.o";"2008-2023";"Education (Q4)";"Social Sciences"
1440;21100253384;"International Journal of Cyber Behavior, Psychology and Learning";journal;"21557136, 21557144";"IGI Global Publishing";No;No;0,132;Q4;23;9;52;555;22;52;0,44;61,67;41,67;0;1;United States;Northern America;"IGI Global Publishing";"2011-2025";"Developmental and Educational Psychology (Q4); Education (Q4); Experimental and Cognitive Psychology (Q4)";"Psychology; Social Sciences"
1441;21100899925;"Nomadas";journal;"25394762, 01217550";"Universidad Central";Yes;Yes;0,132;Q4;6;0;73;0;17;70;0,19;0,00;0,00;0;0;Colombia;Latin America;"Universidad Central";"2018-2023";"Anthropology (Q3); Cultural Studies (Q3); Philosophy (Q3); Education (Q4); Psychology (miscellaneous) (Q4); Social Sciences (miscellaneous) (Q4)";"Arts and Humanities; Psychology; Social Sciences"
1442;21100285431;"Bulletin of the Technical Committee on Learning Technology";trade journal;"23060212";"IEEE Technical Committee on Learning Technology";No;No;0,131;Q4;11;0;4;0;1;4;0,25;0,00;0,00;0;0;Taiwan;Asiatic Region;"IEEE Technical Committee on Learning Technology";"2012-2016, 2023";"Computer Science Applications (Q4); Education (Q4)";"Computer Science; Social Sciences"
1443;20000195095;"Meta: Avaliacao";journal;"21752753";"Fundacao Cesgranrio";Yes;Yes;0,130;Q4;7;46;133;1472;26;133;0,17;32,00;50,00;0;15;Brazil;Latin America;"Fundacao Cesgranrio";"2009-2024";"Education (Q4)";"Social Sciences"
1444;21100933317;"Journal of Information Systems Security";journal;"15510123, 15510808";"Information Institute";No;No;0,129;Q4;3;15;35;431;10;24;0,23;28,73;26,32;0;4;United States;Northern America;"Information Institute";"2019-2024";"Education (Q4); Information Systems (Q4); Information Systems and Management (Q4); Management Information Systems (Q4); Safety Research (Q4); Software (Q4)";"Business, Management and Accounting; Computer Science; Decision Sciences; Social Sciences"
1445;21101199381;"Journal of Philosophy in Schools";journal;"22042482";"University of Birmingham Library Services";Yes;Yes;0,129;Q4;4;16;33;499;8;28;0,19;31,19;63,16;0;1;United Kingdom;Western Europe;"University of Birmingham Library Services";"2020-2024";"Philosophy (Q3); Education (Q4); Social Sciences (miscellaneous) (Q4)";"Arts and Humanities; Social Sciences"
1446;21101272557;"New Perspectives in Science Education - International Conference";book series;"24209732";"Pixel Associazione";No;No;0,129;Q4;2;70;199;1051;13;88;0,10;15,01;53,99;0;30;Italy;Western Europe;"Pixel Associazione";"2020-2025";"Education (Q4); Engineering (miscellaneous) (Q4); Materials Science (miscellaneous) (Q4)";"Engineering; Materials Science; Social Sciences"
1447;19700173306;"Revista Latinoamericana de Investigacion en Matematica Educativa";journal;"16652436";"Latinoamericano de Matematica Educativa";Yes;No;0,129;Q4;13;0;40;0;9;33;0,12;0,00;0,00;0;0;Mexico;Latin America;"Latinoamericano de Matematica Educativa";"2009-2023";"Education (Q4)";"Social Sciences"
1448;21101021864;"Compilation and Translation Review";journal;"20714858, 20714866";"National Academy for Educational Research";No;No;0,128;Q4;2;10;30;683;6;30;0,13;68,30;33,33;0;1;Taiwan;Asiatic Region;"National Academy for Educational Research";"2019-2024";"Linguistics and Language (Q3); Education (Q4)";"Social Sciences"
1449;21100258632;"International Journal of Pedagogy and Curriculum";journal;"23277963, 23279133";"Common Ground Research Networks";No;No;0,128;Q4;5;18;46;850;12;46;0,33;47,22;54,55;0;10;United States;Northern America;"Common Ground Research Networks";"2013-2025";"Developmental and Educational Psychology (Q4); Education (Q4)";"Psychology; Social Sciences"
1450;21100865401;"International Journal on E-Learning: Corporate, Government, Healthcare, and Higher Education";journal;"15372456, 19435932";"Association for the Advancement of Computing in Education";No;No;0,128;Q4;17;28;54;723;21;53;0,15;25,82;62,69;0;14;United States;Northern America;"Association for the Advancement of Computing in Education";"2011-2024";"Computer Science Applications (Q4); Education (Q4)";"Computer Science; Social Sciences"
1451;19400158662;"Curriculo sem Fronteiras";journal;"16451384";"Curriculo sem Fronteiras";Yes;Yes;0,127;Q4;12;22;196;834;19;193;0,11;37,91;55,32;0;7;Portugal;Western Europe;"Curriculo sem Fronteiras";"2009-2024";"Education (Q4)";"Social Sciences"
1452;19711;"Education Next";journal;"15399672, 15399664";"Hoover Institution";Yes;No;0,127;Q4;26;56;148;0;70;16;0,41;0,00;14,29;0;5;United States;Northern America;"Hoover Institution";"2004-2025";"Education (Q4)";"Social Sciences"
1453;21101117184;"Postcolonial Directions in Education";journal;"23045388";"University of Malta";No;No;0,127;Q4;3;9;34;416;7;28;0,20;46,22;68,42;0;9;Malta;Western Europe;"University of Malta";"2019-2024";"Education (Q4)";"Social Sciences"
1454;5600155562;"Sciences de l'Education pour l'Ere Nouvelle";journal;"22593764, 07559593";"Centre d'Etudes et de Recherche en Sciences de l'Education (CERSE)";No;No;0,127;Q4;5;19;48;456;5;43;0,19;24,00;72,22;0;1;France;Western Europe;"Centre d'Etudes et de Recherche en Sciences de l'Education (CERSE)";"2011, 2013-2022, 2024";"Developmental and Educational Psychology (Q4); Education (Q4)";"Psychology; Social Sciences"
1455;16376;"Academe";journal;"01902946";"American Association of University Professors";No;No;0,126;Q4;25;47;124;397;10;82;0,09;8,45;39,13;0;0;United States;Northern America;"American Association of University Professors";"1996-2024";"Education (Q4)";"Social Sciences"
1456;21100838570;"Academia (Greece)";journal;"22411402";"Higher Education Policy Network";Yes;Yes;0,126;Q4;5;23;66;862;21;58;0,40;37,48;54,29;0;9;Greece;Western Europe;"Higher Education Policy Network";"2017-2025";"Education (Q4)";"Social Sciences"
1457;21100983351;"International Journal of Academic Medicine";journal;"24555568";"Wolters Kluwer Medknow Publications";No;No;0,126;Q4;6;35;91;758;23;75;0,21;21,66;37,37;0;9;India;Asiatic Region;"Wolters Kluwer Medknow Publications";"2019-2024";"Education (Q4); Health (social science) (Q4)";"Social Sciences"
1458;21100935905;"Boyhood Studies";journal;"23759240, 23759267";"Berghahn Journals";No;No;0,125;Q4;6;6;44;214;7;41;0,04;35,67;70,00;0;4;United States;Northern America;"Berghahn Journals";"2018-2024";"Cultural Studies (Q3); Developmental and Educational Psychology (Q4); Education (Q4); Gender Studies (Q4); Life-span and Life-course Studies (Q4); Social Psychology (Q4)";"Psychology; Social Sciences"
1459;16300154708;"College Music Symposium";journal;"00695696, 2334203X";"";No;No;0,125;Q4;7;21;51;633;3;26;0,06;30,14;57,89;0;4;United States;Northern America;"";"2002-2007, 2011-2024";"Music (Q3); Education (Q4)";"Arts and Humanities; Social Sciences"
1460;21101226103;"Acta Iadertina";journal;"18453392, 18491243";"University of Zadar";No;No;0,124;Q4;2;11;39;353;5;39;0,13;32,09;82,61;0;6;Croatia;Eastern Europe;"University of Zadar";"2020-2024";"Philosophy (Q3); Education (Q4); Social Sciences (miscellaneous) (Q4)";"Arts and Humanities; Social Sciences"
1461;21100455214;"Caritas et Veritas";journal;"18050948";"University of South Bohemia";Yes;No;0,124;Q4;3;13;73;646;11;70;0,06;49,69;66,67;0;5;Czech Republic;Eastern Europe;"University of South Bohemia";"2015-2024";"Philosophy (Q3); Religious Studies (Q3); Education (Q4); Sociology and Political Science (Q4)";"Arts and Humanities; Social Sciences"
1462;75696;"Catholic University Law Review";journal;"00088390";"Catholic University of America Press";No;No;0,124;Q4;13;15;63;3335;14;62;0,20;222,33;30,77;0;6;United States;Northern America;"Catholic University of America Press";"1973-1974, 1979, 1982, 1988, 1998-1999, 2002-2003, 2005-2025";"Religious Studies (Q3); Education (Q4); Law (Q4)";"Arts and Humanities; Social Sciences"
1463;5700171852;"Curriculum and Teaching";journal;"0726416X";"James Nicholas Publishers, Pty. Ltd";No;No;0,124;Q4;8;12;38;432;18;33;0,24;36,00;57,89;0;4;Australia;Pacific Region;"James Nicholas Publishers, Pty. Ltd";"2014-2024";"Education (Q4)";"Social Sciences"
1464;21100258630;"International Journal of Diversity in Education";journal;"23272163, 23270020";"Common Ground Research Networks";No;No;0,124;Q4;6;12;31;676;8;31;0,32;56,33;43,33;0;9;United States;Northern America;"Common Ground Research Networks";"2013-2025";"Cultural Studies (Q3); Education (Q4)";"Social Sciences"
1465;12100156089;"Ljetopis Socijalnog Rada";journal;"18465412";"University of Zagreb";Yes;Yes;0,124;Q4;12;15;77;634;21;73;0,24;42,27;83,33;0;6;Croatia;Eastern Europe;"University of Zagreb";"2008-2024";"Developmental and Educational Psychology (Q4); Education (Q4); Social Work (Q4); Sociology and Political Science (Q4)";"Psychology; Social Sciences"
1466;21101264278;"Onco.News";journal;"21836914, 16467868";"Portuguese Oncological Nursing Association (AEOP)";Yes;Yes;0,124;Q4;1;12;39;439;3;34;0,04;36,58;83,87;0;6;Portugal;Western Europe;"Portuguese Oncological Nursing Association (AEOP)";"2020-2025";"Education (Q4); Health Professions (miscellaneous) (Q4); Oncology (nursing) (Q4)";"Health Professions; Nursing; Social Sciences"
1467;21100914970;"Annali di Storia delle Universita Italiane";journal;"11278250";"Societa Editrice Il Mulino";No;No;0,123;Q4;2;32;80;1917;4;77;0,07;59,91;35,71;0;1;Italy;Western Europe;"Societa Editrice Il Mulino";"2018-2024";"History (Q3); Education (Q4)";"Arts and Humanities; Social Sciences"
1468;3100147503;"Bioscene";journal;"15392422";"Association of College and Univesity Biology Educators";No;No;0,123;Q4;11;0;30;0;8;29;0,00;0,00;0,00;0;0;United States;Northern America;"Association of College and Univesity Biology Educators";"2004-2023";"Agricultural and Biological Sciences (miscellaneous) (Q4); Education (Q4)";"Agricultural and Biological Sciences; Social Sciences"
1469;21100258629;"International Journal of Science, Mathematics and Technology Learning";journal;"2327915X, 23277971";"Common Ground Research Networks";No;No;0,123;Q4;6;26;33;1008;11;32;0,45;38,77;45,83;0;10;United States;Northern America;"Common Ground Research Networks";"2012-2025";"Education (Q4); Engineering (miscellaneous) (Q4); Physics and Astronomy (miscellaneous) (Q4)";"Engineering; Physics and Astronomy; Social Sciences"
1470;21100915391;"Radical Teacher";journal;"19410832";"University Library System, University of Pittsburgh";Yes;Yes;0,123;Q4;7;30;117;438;30;75;0,27;14,60;79,31;0;14;United States;Northern America;"University Library System, University of Pittsburgh";"2019-2024";"Education (Q4)";"Social Sciences"
1471;21101147597;"Revista Brasileira de Meio Ambiente";journal;"25954431";"Reativar Ambiental";Yes;Yes;0,123;Q4;5;23;122;960;32;121;0,20;41,74;48,39;0;16;Brazil;Latin America;"Reativar Ambiental";"2019-2024";"Education (Q4); Environmental Science (miscellaneous) (Q4)";"Environmental Science; Social Sciences"
1472;21100913650;"Teaching of Mathematics";journal;"14514966, 24061077";"Drustvo Matematicara Srbije";Yes;Yes;0,123;Q4;10;9;29;91;7;26;0,32;10,11;35,29;0;0;Serbia;Eastern Europe;"Drustvo Matematicara Srbije";"1998-2024";"Education (Q4); Mathematics (miscellaneous) (Q4)";"Mathematics; Social Sciences"
1473;16300154715;"Journal of Architectural Education";journal;"10464883, 1531314X";"Taylor and Francis Ltd.";No;No;0,122;Q4;27;44;157;155;41;72;0,23;3,52;54,29;0;11;United Kingdom;Western Europe;"Taylor and Francis Ltd.";"1970-1971, 1973-2024";"Visual Arts and Performing Arts (Q3); Architecture (Q4); Education (Q4)";"Arts and Humanities; Engineering; Social Sciences"
1474;19600162201;"Journal of Institutional Research South East Asia";journal;"16756061";"SEAAIR,S. E. Asian Association for Institutional Res.";Yes;Yes;0,122;Q4;7;41;51;1866;13;47;0,21;45,51;41,58;0;18;Australia;Pacific Region;"SEAAIR,S. E. Asian Association for Institutional Res.";"2002-2024";"Education (Q4)";"Social Sciences"
1475;17600155215;"Spirale";journal;"12784699";"Editions Eres";No;No;0,122;Q4;7;67;217;431;5;210;0,03;6,43;69,39;0;0;France;Western Europe;"Editions Eres";"2001-2024";"Developmental and Educational Psychology (Q4); Education (Q4); Health (social science) (Q4)";"Psychology; Social Sciences"
1476;21101194101;"Millenium: Journal of Education, Technologies, and Health";journal;"08733015, 1647662X";"Polytechnic Institute of Viseu";Yes;Yes;0,121;Q4;4;60;165;1426;29;154;0,10;23,77;76,61;0;21;Portugal;Western Europe;"Polytechnic Institute of Viseu";"2019-2025";"Education (Q4); Social Sciences (miscellaneous) (Q4)";"Social Sciences"
1477;21100904807;"Revista Conhecimento Online";journal;"21768501";"UNIVERSIDADE FEEVALE";Yes;Yes;0,121;Q4;4;24;88;685;23;84;0,20;28,54;69,05;0;8;Brazil;Latin America;"UNIVERSIDADE FEEVALE";"2019-2024";"Education (Q4); Multidisciplinary (Q4)";"Multidisciplinary; Social Sciences"
1478;21101064979;"Revista Historia Social y de las Mentalidades";journal;"07175248, 07194749";"Universidad de Santiago de Chile";Yes;Yes;0,121;Q4;4;20;63;1126;14;59;0,20;56,30;54,17;0;3;Chile;Latin America;"Universidad de Santiago de Chile";"2019-2024";"History (Q3); Education (Q4)";"Arts and Humanities; Social Sciences"
1479;21100258613;"International Journal of Literacies";journal;"23270136, 2327266X";"Common Ground Research Networks";No;No;0,120;Q4;4;12;27;521;13;27;0,60;43,42;40,00;0;1;United States;Northern America;"Common Ground Research Networks";"2012-2025";"Education (Q4)";"Social Sciences"
1480;21101262339;"Revista Historia Hoje";journal;"18063993";"Associacao Nacional de Historia";Yes;Yes;0,120;Q4;1;40;131;928;4;110;0,03;23,20;61,70;0;8;Brazil;Latin America;"Associacao Nacional de Historia";"2020-2024";"Education (Q4)";"Social Sciences"
1481;21100878565;"Proceedings of the European Conference on Research Methods in Business and Management Studies";conference and proceedings;"20490976, 20490968";"Academic Conferences and Publishing International Limited";No;No;0,120;-;8;37;107;933;42;101;0,24;25,22;55,77;0;20;United Kingdom;Western Europe;"Academic Conferences and Publishing International Limited";"2017, 2019-2024";"Business and International Management; Education; Strategy and Management";"Business, Management and Accounting; Social Sciences"
1482;21101071897;"CIAN-Revista de Historia de las Universidades";journal;"11396628, 19888503";"Universidad Carlos III de Madrid";No;Yes;0,119;Q4;4;19;39;781;5;38;0,19;41,11;52,38;0;1;Spain;Western Europe;"Universidad Carlos III de Madrid";"2019-2024";"History (Q3); Education (Q4)";"Arts and Humanities; Social Sciences"
1483;21100773816;"International Journal of Adult, Community and Professional Learning";journal;"23286318, 23286296";"Common Ground Research Networks";No;No;0,119;Q4;4;6;17;272;3;17;0,30;45,33;65,00;0;2;United States;Northern America;"Common Ground Research Networks";"2013-2025";"Education (Q4)";"Social Sciences"
1484;21101220756;"Journal of Buddhist Anthropology";journal;"2985086X";"Temple of Wang Tawan Tok";No;No;0,119;Q4;1;26;28;455;3;28;0,11;17,50;45,45;0;14;Thailand;Asiatic Region;"Temple of Wang Tawan Tok";"2023-2024";"Arts and Humanities (miscellaneous) (Q3); Religious Studies (Q3); Anthropology (Q4); Education (Q4)";"Arts and Humanities; Social Sciences"
1485;21100264880;"Orbis Scholae";journal;"18024637, 23363177";"Karolinum - Nakladatelstvi Univerzity Karlovy";Yes;Yes;0,119;Q4;12;4;50;227;16;40;0,41;56,75;55,56;0;1;Czech Republic;Eastern Europe;"Karolinum - Nakladatelstvi Univerzity Karlovy";"2007-2011, 2013-2024";"Education (Q4)";"Social Sciences"
1486;21100900136;"Perspectiva Teologica";journal;"21768757, 01024469";"Faculdade Jesuita de Filosofia e Teologia";Yes;Yes;0,119;Q4;4;56;111;1763;9;102;0,08;31,48;16,33;0;1;Brazil;Latin America;"Faculdade Jesuita de Filosofia e Teologia";"2018-2024";"Philosophy (Q3); Religious Studies (Q3); Education (Q4); Sociology and Political Science (Q4)";"Arts and Humanities; Social Sciences"
1487;21101038532;"Ukrainian Journal of Radiology and Oncology";journal;"27087166, 27087174";"Grigoriev Institute for medical Radiology and Oncology NAMS of Ukraine";Yes;No;0,119;Q4;4;44;102;1238;30;102;0,18;28,14;51,33;0;32;Ukraine;Eastern Europe;"Grigoriev Institute for medical Radiology and Oncology NAMS of Ukraine";"2020-2024";"Education (Q4); Oncology (Q4); Radiological and Ultrasound Technology (Q4); Radiology, Nuclear Medicine and Imaging (Q4)";"Health Professions; Medicine; Social Sciences"
1488;21101266479;"Asian Journal of Interdisciplinary Research";journal;"25818430";"Asian Research Association";No;No;0,118;Q4;1;16;31;611;4;31;0,13;38,19;42,86;0;2;India;Asiatic Region;"Asian Research Association";"2022-2024";"Archeology (Q3); Archeology (arts and humanities) (Q3); Arts and Humanities (miscellaneous) (Q3); History (Q3); Linguistics and Language (Q3); Business, Management and Accounting (miscellaneous) (Q4); Education (Q4)";"Arts and Humanities; Business, Management and Accounting; Social Sciences"
1489;21100856796;"International Journal of Research on History Didactics, History Education, and History Culture (JHEC): Yearbook of the International Society for History Didactics (ISHD)";journal;"27498573, 25671014";"Wochenschau Verland";No;No;0,117;Q4;4;0;28;0;4;19;0,25;0,00;0,00;0;0;Germany;Western Europe;"Wochenschau Verland";"2015-2022";"History (Q3); Education (Q4)";"Arts and Humanities; Social Sciences"
1490;21100841704;"Journal of Cognitive Education and Psychology";journal;"18107621, 19458959";"Springer Publishing Company";No;No;0,117;Q4;9;0;26;0;11;25;0,31;0,00;0,00;0;0;United States;Northern America;"Springer Publishing Company";"2017-2022";"Developmental and Educational Psychology (Q4); Education (Q4); Experimental and Cognitive Psychology (Q4)";"Psychology; Social Sciences"
1491;21101021172;"Revista de Estudos da Linguagem";journal;"22372083, 01040588";"Universidade Federal de Minas Gerais, Faculdade de Letras";Yes;Yes;0,117;Q4;4;35;189;1381;30;188;0,12;39,46;59,09;0;2;Brazil;Latin America;"Universidade Federal de Minas Gerais, Faculdade de Letras";"2019-2024";"Linguistics and Language (Q3); Education (Q4)";"Social Sciences"
1492;21575;"Zeitschrift fur Padagogik (Beiheft)";journal;"05142717";"Verlag Julius Beltz GmbH";No;No;0,117;Q4;14;16;39;1119;12;38;0,35;69,94;64,00;0;5;Germany;Western Europe;"Verlag Julius Beltz GmbH";"2002-2005, 2007-2024";"Education (Q4)";"Social Sciences"
1493;21100220482;"Proceedings of the Information Systems Education Conference, ISECON";conference and proceedings;"21671435";"Foundation for Information Technology Education";No;No;0,117;-;9;24;54;399;9;49;0,11;16,63;29,31;0;8;United States;Northern America;"Foundation for Information Technology Education";"2006-2009, 2012, 2019-2024";"Education; Information Systems; Software";"Computer Science; Social Sciences"
1494;19700172601;"Asia-Pacific Forum on Science Learning and Teaching";journal;"16094913";"Hong Kong Institute of Education";Yes;No;0,116;Q4;20;0;9;0;7;9;0,00;0,00;0,00;0;0;Hong Kong;Asiatic Region;"Hong Kong Institute of Education";"2009-2019, 2021";"Education (Q4)";"Social Sciences"
1495;21101168053;"Bilingual Processing and Acquisition";book series;"23520531";"John Benjamins Publishing Company";No;No;0,116;Q4;8;15;60;1514;113;2;1,24;100,93;0,00;0;0;Netherlands;Western Europe;"John Benjamins Publishing Company";"2019-2024";"Linguistics and Language (Q3); Developmental and Educational Psychology (Q4); Education (Q4)";"Psychology; Social Sciences"
1496;16600154707;"Explicator";journal;"1939926X, 00144940";"Routledge";No;No;0,116;Q4;7;88;111;1087;8;111;0,06;12,35;39,74;0;3;United States;Northern America;"Routledge";"1975-1980, 1982-1983, 1985, 1987-2025";"Literature and Literary Theory (Q3); Education (Q4)";"Arts and Humanities; Social Sciences"
1497;21100944567;"Journal of Peer Learning";journal;"22002359";"";No;No;0,116;Q4;5;0;13;0;3;11;0,23;0,00;0,00;0;0;Australia;Pacific Region;"";"2019-2020, 2022, 2025";"Education (Q4)";"Social Sciences"
1498;21101072520;"Strata";journal;"26334216, 20427867";"Anglo-Israel Archaeological Society";No;No;0,116;Q4;10;0;2;0;0;2;0,00;0,00;0,00;0;0;United Kingdom;Western Europe;"Anglo-Israel Archaeological Society";"2009-2020, 2022";"History (Q3); Linguistics and Language (Q3); Education (Q4)";"Arts and Humanities; Social Sciences"
1499;21100258633;"International Journal of Learner Diversity and Identities";journal;"23270128, 23272627";"Common Ground Research Networks";No;No;0,114;Q4;6;13;36;582;11;36;0,26;44,77;63,64;0;8;United States;Northern America;"Common Ground Research Networks";"2013-2025";"Cultural Studies (Q3); Education (Q4)";"Social Sciences"
1500;19900189254;"International Journal of Technology, Knowledge and Society";journal;"28350391, 18323669";"Common Ground Research Networks";No;No;0,114;Q4;10;10;9;543;2;9;0,25;54,30;52,17;0;6;United States;Northern America;"Common Ground Research Networks";"2008-2014, 2016-2025";"Computer Science Applications (Q4); Education (Q4); Engineering (miscellaneous) (Q4); Library and Information Sciences (Q4); Social Sciences (miscellaneous) (Q4)";"Computer Science; Engineering; Social Sciences"
1501;21101208546;"Italica";journal;"00213020, 23256672";"University of Illinois Press";No;No;0,114;Q4;3;0;108;0;3;93;0,03;0,00;0,00;0;0;United States;Northern America;"University of Illinois Press";"2021-2023";"Cultural Studies (Q3); Education (Q4); Linguistics and Language (Q4)";"Social Sciences"
1502;21101058966;"Journal of Somaesthetics";journal;"22468498";"Aalborg University press";Yes;Yes;0,114;Q4;5;8;34;133;5;29;0,13;16,63;50,00;0;1;Denmark;Western Europe;"Aalborg University press";"2019-2024";"Arts and Humanities (miscellaneous) (Q3); Philosophy (Q3); Education (Q4)";"Arts and Humanities; Social Sciences"
1503;21101154815;"Rocznik Teologii Katolickiej";journal;"16448855";"Department of Catholic Theology, University of Bialystok";No;No;0,114;Q4;2;0;43;0;8;42;0,23;0,00;0,00;0;0;Poland;Eastern Europe;"Department of Catholic Theology, University of Bialystok";"2019-2023";"History (Q3); Philosophy (Q3); Religious Studies (Q3); Education (Q4)";"Arts and Humanities; Social Sciences"
1504;21100907750;"Proceedings of the LACCEI international Multi-conference for Engineering, Education and Technology";conference and proceedings;"24146390";"";No;No;0,114;-;11;1267;2212;34637;408;2206;0,19;27,34;37,16;0;608;United States;Northern America;"";"2017-2024";"Education; Engineering (miscellaneous)";"Engineering; Social Sciences"
1505;21101071122;"Anales de Filologia Francesa";journal;"02132958, 19894678";"Universidad de Murcia";Yes;Yes;0,113;Q4;2;13;130;356;4;123;0,02;27,38;35,71;0;1;Spain;Western Europe;"Universidad de Murcia";"2019-2024";"Literature and Literary Theory (Q3); Education (Q4); Linguistics and Language (Q4)";"Arts and Humanities; Social Sciences"
1506;21100901833;"Encounters in Theory and History of Education";journal;"25608371";"Queens University";Yes;Yes;0,113;Q4;4;13;29;586;5;25;0,14;45,08;67,86;0;6;Canada;Northern America;"Queens University";"2018-2024";"History (Q3); Education (Q4)";"Arts and Humanities; Social Sciences"
1507;21100902937;"Studies in Bilingualism";book series;"09281533";"John Benjamins Publishing Company";No;No;0,113;Q4;12;41;62;2830;43;11;0,62;69,02;0,00;0;7;Netherlands;Western Europe;"John Benjamins Publishing Company";"2018-2024";"Developmental and Educational Psychology (Q4); Education (Q4); Linguistics and Language (Q4)";"Psychology; Social Sciences"
1508;21101195782;"Ukrainian Journal of Cardiology";journal;"1608635X, 26644479";"National Scientific Center Academician M D Strazhesko Institute of Cardiology of the National Academy of Medical Sciences of Ukraine";No;No;0,113;Q4;4;36;80;917;13;80;0,09;25,47;50,65;0;23;Ukraine;Eastern Europe;"National Scientific Center Academician M D Strazhesko Institute of Cardiology of the National Academy of Medical Sciences of Ukraine";"2019-2024";"Cardiology and Cardiovascular Medicine (Q4); Education (Q4); Emergency Medical Services (Q4); Internal Medicine (Q4)";"Health Professions; Medicine; Social Sciences"
1509;21100792099;"International Sports Studies";journal;"14430770";"";No;No;0,112;Q4;6;7;38;308;7;32;0,07;44,00;52,94;0;4;Spain;Western Europe;"";"2016-2024";"Applied Psychology (Q4); Education (Q4)";"Psychology; Social Sciences"
1510;21101142416;"Journal of Underrepresented and Minority Progress";journal;"25743465, 25743481";"STAR Scholars Network";No;No;0,112;Q4;5;37;42;1836;7;41;0,25;49,62;68,49;0;18;United States;Northern America;"STAR Scholars Network";"2019-2025";"Philosophy (Q3); Cultural Studies (Q4); Education (Q4); Psychology (miscellaneous) (Q4); Sociology and Political Science (Q4)";"Arts and Humanities; Psychology; Social Sciences"
1511;17100154744;"CEA Critic";journal;"00078069";"Johns Hopkins University Press";No;No;0,111;Q4;6;29;77;421;6;70;0,12;14,52;48,15;0;4;United States;Northern America;"Johns Hopkins University Press";"2002-2024";"Literature and Literary Theory (Q3); Education (Q4)";"Arts and Humanities; Social Sciences"
1512;21101251521;"Estudios en Derecho a la Informacion";journal;"25940082, 26832038";"Universidad Nacional Autonoma de Mexico";Yes;Yes;0,111;Q4;2;17;30;697;4;27;0,14;41,00;36,84;0;15;Mexico;Latin America;"Universidad Nacional Autonoma de Mexico";"2019-2025";"Education (Q4); Law (Q4); Public Administration (Q4); Sociology and Political Science (Q4)";"Social Sciences"
1513;28859;"Gymnasium";journal;"03425231";"Universitaetsverlag Winter GmbH";Yes;No;0,111;Q4;6;9;64;718;9;64;0,12;79,78;0,00;0;0;Germany;Western Europe;"Universitaetsverlag Winter GmbH";"1970, 1976, 2009-2024";"Classics (Q3); Education (Q4)";"Arts and Humanities; Social Sciences"
1514;17700156703;"International Electronic Journal of Mathematics Education";journal;"13063030";"Modestum LTD";No;No;0,111;Q4;21;40;3;1686;0;3;0,00;42,15;52,88;0;7;Turkey;Middle East;"Modestum LTD";"2009-2016, 2021-2025";"Education (Q4); Mathematics (miscellaneous) (Q4)";"Mathematics; Social Sciences"
1515;21100258757;"Journal of Classroom Interaction";journal;"07494025";"University of Houston";No;No;0,111;Q4;12;0;3;0;0;3;0,00;0,00;0,00;0;0;United States;Northern America;"University of Houston";"2009, 2014-2020, 2023";"Developmental and Educational Psychology (Q4); Education (Q4)";"Psychology; Social Sciences"
1516;21101181929;"Mathematics and Education in Mathematics";journal;"13133330, 28154002";"Union of Bulgarian Mathematicians";No;No;0,111;Q4;3;21;84;275;6;78;0,05;13,10;61,76;0;3;Bulgaria;Eastern Europe;"Union of Bulgarian Mathematicians";"2019-2024";"Applied Mathematics (Q4); Computer Science (miscellaneous) (Q4); Education (Q4); Mathematics (miscellaneous) (Q4)";"Computer Science; Mathematics; Social Sciences"
1517;21101200961;"Odesa Medical Journal";journal;"22262008";"Odesa National Medical University";No;No;0,111;Q4;2;75;120;1647;16;120;0,15;21,96;68,51;0;27;Ukraine;Eastern Europe;"Odesa National Medical University";"2019, 2021-2024";"Dentistry (miscellaneous) (Q4); Education (Q4); Medicine (miscellaneous) (Q4); Pharmacology (medical) (Q4)";"Dentistry; Medicine; Social Sciences"
1518;16200154727;"Revue Francaise de Pedagogie";journal;"05567807";"Institut National de Recherche Pedagogique";No;No;0,111;Q4;23;12;96;463;10;96;0,00;38,58;35,00;0;0;France;Western Europe;"Institut National de Recherche Pedagogique";"2002-2024";"Arts and Humanities (miscellaneous) (Q4); Education (Q4)";"Arts and Humanities; Social Sciences"
1519;21101271807;"Technology in Language Teaching and Learning";journal;"26521687";"Castledown Publishers";Yes;Yes;0,111;Q4;3;29;13;1328;5;13;0,22;45,79;44,00;0;5;Australia;Pacific Region;"Castledown Publishers";"2021-2025";"Education (Q4); Linguistics and Language (Q4); Social Sciences (miscellaneous) (Q4)";"Social Sciences"
1520;21101125509;"Proceedings of the International Association of Maritime Universities Conference";conference and proceedings;"27066762, 27066754";"International Association of Maritime Universities";No;No;0,111;-;2;0;81;0;11;79;0,14;0,00;0,00;0;0;Japan;Asiatic Region;"International Association of Maritime Universities";"2022-2023";"Education; Ocean Engineering; Safety, Risk, Reliability and Quality; Transportation";"Engineering; Social Sciences"
1521;5700153667;"College Literature";journal;"00933139, 15424286";"West Chester University";No;No;0,110;Q4;19;26;76;1287;15;73;0,15;49,50;46,43;0;3;United States;Northern America;"West Chester University";"2002-2025";"Literature and Literary Theory (Q3); Education (Q4)";"Arts and Humanities; Social Sciences"
1522;18388;"Computers in Education Journal";journal;"10693769";"American Society for Engineering Education";No;No;0,110;Q4;15;9;12;236;5;12;0,50;26,22;20,00;0;0;United States;Northern America;"American Society for Engineering Education";"1994-2021, 2023-2024";"Computer Science (miscellaneous) (Q4); Education (Q4)";"Computer Science; Social Sciences"
1523;21101051860;"Journal of Knowledge and Health in Basic Medical Sciences";journal;"1735577X, 23453753";"Shahroud University of Medical Sciences";No;No;0,110;Q4;4;28;91;1018;9;87;0,12;36,36;49,04;0;12;Iran;Middle East;"Shahroud University of Medical Sciences";"2018-2024";"Education (Q4); Immunology and Microbiology (miscellaneous)  (Q4)";"Immunology and Microbiology; Social Sciences"
1524;21100840936;"Revista Luna Azul";journal;"19092474, 01225391";"Universidad de Caldas";Yes;No;0,110;Q4;7;0;56;0;4;54;0,00;0,00;0,00;0;0;Colombia;Latin America;"Universidad de Caldas";"2017-2023";"Education (Q4); Environmental Science (miscellaneous) (Q4)";"Environmental Science; Social Sciences"
1525;21101049681;"Verbum (Lithuania)";journal;"20296223, 25388746";"Vilnius University Press";Yes;Yes;0,110;Q4;2;10;20;288;2;20;0,14;28,80;72,73;0;0;Lithuania;Eastern Europe;"Vilnius University Press";"2019-2025";"Education (Q4); Linguistics and Language (Q4)";"Social Sciences"
1526;21100332241;"Aussiger Beitrage";journal;"18026419";"Jan-Evangelista-Purkyne-University";No;No;0,109;Q4;3;16;51;405;11;48;0,12;25,31;73,33;0;0;Czech Republic;Eastern Europe;"Jan-Evangelista-Purkyne-University";"2013-2024";"Literature and Literary Theory (Q3); Education (Q4); Linguistics and Language (Q4)";"Arts and Humanities; Social Sciences"
1527;21100899913;"Espacio, Tiempo y Educacion";journal;"23407263";"FahrenHouse";Yes;Yes;0,109;Q4;6;0;64;0;18;62;0,20;0,00;0,00;0;0;Spain;Western Europe;"FahrenHouse";"2018-2023";"History (Q3); Education (Q4); Philosophy (Q4); Sociology and Political Science (Q4)";"Arts and Humanities; Social Sciences"
1528;20500195432;"Asia Pacific Conference on Postgraduate Research in Microelectronics and Electronics";conference and proceedings;"21592144, 21592160";"IEEE Computer Society";No;No;0,109;-;11;0;32;0;6;25;0,00;0,00;0,00;0;0;United States;Northern America;"IEEE Computer Society";"2011-2013, 2016-2019, 2021, 2023";"Education; Electrical and Electronic Engineering; Hardware and Architecture";"Computer Science; Engineering; Social Sciences"
1529;21101177466;"Bulletin of the Anglo-Israel Archaeological Society";journal;"02662442, 26334208";"The Anglo-Israel Archaeological Society";No;No;0,108;Q4;1;0;13;0;1;11;0,00;0,00;0,00;0;0;United Kingdom;Western Europe;"The Anglo-Israel Archaeological Society";"2009, 2021-2022";"History (Q3); Education (Q4); Linguistics and Language (Q4)";"Arts and Humanities; Social Sciences"
1530;21100897782;"Education and Culture";journal;"10854908, 15591786";"Purdue University Press";No;No;0,108;Q4;4;4;29;136;3;24;0,10;34,00;66,67;0;0;United States;Northern America;"Purdue University Press";"2018-2024";"History (Q3); Cultural Studies (Q4); Education (Q4); Philosophy (Q4)";"Arts and Humanities; Social Sciences"
1531;21101043376;"Journal of Business Ethics Education";journal;"16495195, 20444559";"NeilsonJournals Publishing";No;No;0,108;Q4;4;0;44;0;8;43;0,14;0,00;0,00;0;0;United Kingdom;Western Europe;"NeilsonJournals Publishing";"2019-2023";"Business and International Management (Q4); Business, Management and Accounting (miscellaneous) (Q4); Economics and Econometrics (Q4); Education (Q4); Philosophy (Q4)";"Arts and Humanities; Business, Management and Accounting; Economics, Econometrics and Finance; Social Sciences"
1532;21100896471;"Studies in Corpus Linguistics";book series;"13880373";"John Benjamins Publishing Company";No;No;0,108;Q4;42;22;99;1891;60;4;0,39;85,95;66,67;1;0;Netherlands;Western Europe;"John Benjamins Publishing Company";"2004-2015, 2018-2024";"Education (Q4); Linguistics and Language (Q4); Management of Technology and Innovation (Q4)";"Business, Management and Accounting; Social Sciences"
1533;21100983203;"eLearning and Software for Education Conference";conference and proceedings;"20668821, 2066026X";"National Defence University - Carol I Printing House";No;No;0,108;-;7;0;369;0;28;362;0,01;0,00;0,00;0;0;Romania;Eastern Europe;"National Defence University - Carol I Printing House";"2019-2023";"Computer Science Applications; Education; Software";"Computer Science; Social Sciences"
1534;21100913336;"International Journal of Critical Pedagogy";journal;"21571074";"University of North Carolina Greensboro";Yes;Yes;0,107;Q4;4;6;16;199;4;14;0,25;33,17;50,00;0;3;United States;Northern America;"University of North Carolina Greensboro";"2018-2020, 2022, 2024";"Education (Q4)";"Social Sciences"
1535;21100920648;"Taiwan International ESP Journal";journal;"20797761";"Taiwan English for Specific Purposes Association";No;No;0,107;Q4;2;1;19;37;2;19;0,09;37,00;100,00;0;0;Taiwan;Asiatic Region;"Taiwan English for Specific Purposes Association";"2019-2024";"Communication (Q4); Education (Q4); Linguistics and Language (Q4)";"Social Sciences"
1536;17500154727;"Word of Mouth";journal;"21543941, 10483950";"SAGE Publications Inc.";No;No;0,107;Q4;4;30;77;226;9;47;0,12;7,53;100,00;0;2;United States;Northern America;"SAGE Publications Inc.";"1990, 1992-1999, 2005-2006, 2008-2025";"Education (Q4)";"Social Sciences"
1537;21101130994;"Proceedings of the International CDIO Conference";conference and proceedings;"20021593";"Chalmers University of Technology";No;No;0,107;-;8;0;244;0;45;238;0,23;0,00;0,00;0;0;Sweden;Western Europe;"Chalmers University of Technology";"2019-2023";"Education; Engineering (miscellaneous); Industrial and Manufacturing Engineering; Mechanical Engineering";"Engineering; Social Sciences"
1538;21101037312;"Asian-European Music Research Journal";journal;"27012689, 2625378X";"Logos Verlag Berlin GmbH";Yes;Yes;0,106;Q4;2;19;53;366;10;53;0,23;19,26;39,13;0;1;Germany;Western Europe;"Logos Verlag Berlin GmbH";"2020-2024";"Museology (Q3); Education (Q4); History (Q4); Music (Q4)";"Arts and Humanities; Social Sciences"
1539;19700172901;"Cadmo";journal;"19725019, 11225165";"FrancoAngeli";No;No;0,106;Q4;7;14;46;416;5;41;0,17;29,71;40,00;0;1;Italy;Western Europe;"FrancoAngeli";"2005-2024";"Cultural Studies (Q4); Education (Q4); History (Q4)";"Arts and Humanities; Social Sciences"
1540;21100211362;"Contemporary Educational Research Quarterly";journal;"18144810";"National Taiwan Normal University Educational Research and Evaluation Center";No;No;0,106;Q4;5;15;42;880;8;42;0,12;58,67;53,13;0;7;Taiwan;Asiatic Region;"National Taiwan Normal University Educational Research and Evaluation Center";"2012-2024";"Education (Q4)";"Social Sciences"
1541;19700186830;"IEEE Women in Engineering Magazine";trade journal;"1942065X";"Institute of Electrical and Electronics Engineers Inc.";No;No;0,106;Q4;4;16;69;0;2;65;0,00;0,00;88,89;0;4;United States;Northern America;"Institute of Electrical and Electronics Engineers Inc.";"2007-2024";"Education (Q4)";"Social Sciences"
1542;12027;"Japanese Journal of Educational Psychology";journal;"00215015, 21863075";"Japanese Association of Educational Psychology";No;No;0,106;Q4;20;15;77;533;8;77;0,06;35,53;37,50;0;4;Japan;Asiatic Region;"Japanese Association of Educational Psychology";"1961-2024";"Developmental and Educational Psychology (Q4); Education (Q4)";"Psychology; Social Sciences"
1543;21100200201;"Journal of Educational Media, Memory, and Society";journal;"20416946, 20416938";"Berghahn Journals";No;No;0,106;Q4;14;7;39;102;8;37;0,19;14,57;66,67;0;4;United States;Northern America;"Berghahn Journals";"2009-2024";"Education (Q4)";"Social Sciences"
1544;21100872050;"Korean Language in America";journal;"2374670X, 23320346";"Penn State University Press";No;No;0,106;Q4;5;0;29;0;2;28;0,05;0,00;0,00;0;0;United States;Northern America;"Penn State University Press";"2017-2023";"Education (Q4); Linguistics and Language (Q4)";"Social Sciences"
1545;21100996952;"Annales Universitates Paedagogicae Cracoviensis. Studia ad Didacticam Mathematicae Pertinentia";journal;"20809751, 2450341X";"Uniwersytet Pedagogiczny";Yes;No;0,105;Q4;3;0;33;0;5;33;0,13;0,00;0,00;0;0;Poland;Eastern Europe;"Uniwersytet Pedagogiczny";"2019-2023";"Education (Q4); Mathematics (miscellaneous) (Q4)";"Mathematics; Social Sciences"
1546;4500151519;"Cadernos CEDES";journal;"01013262";"Centro de Estudos Educacao e Sociedade - CEDES";Yes;Yes;0,105;Q4;13;31;78;858;4;69;0,04;27,68;69,49;0;7;Brazil;Latin America;"Centro de Estudos Educacao e Sociedade - CEDES";"2006-2024";"Education (Q4)";"Social Sciences"
1547;18300156722;"Carrefours de l'Education";journal;"12623490";"Universite de Picardie (Jules Verne)";No;No;0,105;Q4;11;32;116;416;6;83;0,03;13,00;38,24;0;0;France;Western Europe;"Universite de Picardie (Jules Verne)";"2001-2007, 2009-2024";"Education (Q4)";"Social Sciences"
1548;21100945816;"CASE Journal";journal;"15449106";"Emerald Group Publishing Ltd.";No;No;0,105;Q4;4;88;136;1534;20;131;0,18;17,43;57,30;0;46;United Kingdom;Western Europe;"Emerald Group Publishing Ltd.";"2004-2006, 2009, 2012, 2017-2025";"Business, Management and Accounting (miscellaneous) (Q4); Education (Q4)";"Business, Management and Accounting; Social Sciences"
1549;21101230599;"Suomalaisen Kirjallisuuden Seuran Toimituksia";book series;"03551768, 26702401";"Suomalaisen Kirjallisuuden Seura";No;No;0,105;Q4;3;83;77;4328;12;6;0,16;52,14;75,00;0;0;Finland;Western Europe;"Suomalaisen Kirjallisuuden Seura";"2020, 2022-2024";"Arts and Humanities (miscellaneous) (Q4); Developmental and Educational Psychology (Q4); Developmental Neuroscience (Q4); Education (Q4); Psychiatry and Mental Health (Q4)";"Arts and Humanities; Medicine; Neuroscience; Psychology; Social Sciences"
1550;19700187709;"Teaching Artist Journal";journal;"15411796, 1541180X";"Routledge";No;No;0,105;Q4;7;1;13;27;1;12;0,00;27,00;0,00;0;0;United States;Northern America;"Routledge";"2010-2022, 2024";"Arts and Humanities (miscellaneous) (Q4); Education (Q4)";"Arts and Humanities; Social Sciences"
1551;21101130995;"Proceedings of International Conference on Research in Education and Science";conference and proceedings;"28336747";"";No;No;0,105;-;2;187;242;5654;17;239;0,06;30,24;50,74;0;79;United States;Northern America;"";"2019-2024";"Computer Science (miscellaneous); Education; Engineering (miscellaneous)";"Computer Science; Engineering; Social Sciences"
1552;21100842802;"Bulletin of Educational Research";journal;"10288708";"Department of Education, National Taiwan Normal University";Yes;No;0,104;Q4;3;16;40;917;2;40;0,04;57,31;22,22;0;5;Taiwan;Asiatic Region;"Department of Education, National Taiwan Normal University";"2017-2024";"Education (Q4)";"Social Sciences"
1553;21101185604;"fib Bulletins";book series;"15623610";"fib. The International Federation for Structural Concrete";No;No;0,104;Q4;1;0;91;0;4;8;0,04;0,00;0,00;0;0;Switzerland;Western Europe;"fib. The International Federation for Structural Concrete";"2022-2023";"Education (Q4)";"Social Sciences"
1554;21100405446;"Journal of Assessment and Institutional Effectiveness";journal;"21606757, 21606765";"Penn State University Press";No;No;0,104;Q4;7;0;15;0;0;8;0,00;0,00;0,00;0;0;United States;Northern America;"Penn State University Press";"2014-2022";"Education (Q4)";"Social Sciences"
1555;300147005;"Tamkang Journal of International Affairs";journal;"10274979";"Tamkang University";No;No;0,104;Q4;5;10;43;626;7;41;0,19;62,60;0,00;0;2;Taiwan;Asiatic Region;"Tamkang University";"2005-2024";"Business and International Management (Q4); Education (Q4); Political Science and International Relations (Q4); Strategy and Management (Q4)";"Business, Management and Accounting; Social Sciences"
1556;21101056431;"International Research Symposium on PBL";conference and proceedings;"24463833";"Association of American Publishers";No;No;0,104;-;5;0;21;0;1;19;0,00;0,00;0,00;0;0;Denmark;Western Europe;"Association of American Publishers";"2020-2021";"Education; Engineering (miscellaneous)";"Engineering; Social Sciences"
1557;21100245108;"Technische Berichte des Hasso-Plattner-Instituts fur Softwaresystemtechnik an der Universitat Potsdam";conference and proceedings;"16135652, 21911665";"Universitatsverlag Potsdam";No;No;0,104;-;5;0;31;0;3;28;0,00;0,00;0,00;0;0;Germany;Western Europe;"Universitatsverlag Potsdam";"2005, 2008-2019, 2021";"Artificial Intelligence; Education";"Computer Science; Social Sciences"
1558;19600157337;"Acta Comeniana";journal;"02315955";"Academy of Sciences of the Czech Republic";No;No;0,103;Q4;4;0;10;0;1;10;0,00;0,00;0,00;0;0;Czech Republic;Eastern Europe;"Academy of Sciences of the Czech Republic";"2005, 2007, 2009-2022";"Cultural Studies (Q4); Education (Q4); History (Q4); Philosophy (Q4); Religious Studies (Q4)";"Arts and Humanities; Social Sciences"
1559;21100239819;"Historia da Educacao";journal;"14143518, 22363459";"Universidade Federal de Santa Maria";Yes;Yes;0,103;Q4;7;33;119;1224;9;116;0,04;37,09;53,33;0;14;Brazil;Latin America;"Universidade Federal de Santa Maria";"2013-2024";"Education (Q4)";"Social Sciences"
1560;21100223584;"Specialusis Ugdymas";journal;"24243299, 13925369";"Vilnius University Press";Yes;Yes;0,103;Q4;7;2;22;49;4;21;0,00;24,50;83,33;0;2;Lithuania;Eastern Europe;"Vilnius University Press";"2016-2024";"Developmental and Educational Psychology (Q4); Education (Q4)";"Psychology; Social Sciences"
1561;5600153996;"Academic Questions";journal;"19364709, 08954852";"National Association of Scholars";No;No;0,102;Q4;13;44;176;336;7;152;0,00;7,64;14,71;0;2;United States;Northern America;"National Association of Scholars";"1988-2024";"Education (Q4)";"Social Sciences"
1562;21101165011;"Asten Journal of Teacher Education";journal;"25078100, 24677825";"Association of Southeast Asian Teacher Education Network (AsTEN)";No;No;0,102;Q4;1;17;21;644;1;16;0,09;37,88;34,78;0;6;Philippines;Asiatic Region;"Association of Southeast Asian Teacher Education Network (AsTEN)";"2019, 2021-2024";"Education (Q4)";"Social Sciences"
1563;21101202110;"Centre for Applied Linguistics Research Journal";journal;"20731175";"Arab Open University - Lebanon";No;No;0,102;Q4;1;13;16;431;1;16;0,09;33,15;42,86;0;3;Lebanon;Middle East;"Arab Open University - Lebanon";"2019-2024";"Education (Q4); Linguistics and Language (Q4)";"Social Sciences"
1564;21101063020;"Journal of Linguistic and Intercultural Education";journal;"20656599";"Universitatea "1 Decembrie 1918" Alba Iulia";No;No;0,102;Q4;2;0;44;0;2;42;0,04;0,00;0,00;0;0;Romania;Eastern Europe;"Universitatea "1 Decembrie 1918" Alba Iulia";"2019-2022";"Education (Q4); Linguistics and Language (Q4)";"Social Sciences"
1565;21100945769;"Mathematics Student";journal;"00255742";"";No;No;0,102;Q4;3;0;100;0;4;92;0,00;0,00;0,00;0;0;India;Asiatic Region;"";"2019-2023";"Education (Q4); Mathematics (miscellaneous) (Q4)";"Mathematics; Social Sciences"
1566;21101151818;"Medicina y Laboratorio";journal;"25007106, 01232576";"Universidad de Antioquia";Yes;Yes;0,102;Q4;3;0;90;0;7;74;0,05;0,00;0,00;0;0;Colombia;Latin America;"Universidad de Antioquia";"2020-2023";"Education (Q4); Medical Laboratory Technology (Q4); Medicine (miscellaneous) (Q4)";"Health Professions; Medicine; Social Sciences"
1567;21101039071;"Acta Facultatis Philosophicae Universitatis Ostravienis Studia Germanistica";journal;"25710273, 1803408X";"University of Ostrava, Faculty of Arts";Yes;Yes;0,101;Q4;2;8;44;170;2;44;0,03;21,25;44,44;0;0;Czech Republic;Eastern Europe;"University of Ostrava, Faculty of Arts";"2019-2024";"Cultural Studies (Q4); Education (Q4); Linguistics and Language (Q4); Literature and Literary Theory (Q4)";"Arts and Humanities; Social Sciences"
1568;21100944570;"Boletim de Estudos Classicos";journal;"21837260, 08722110";"Universidade de Coimbra";Yes;Yes;0,101;Q4;1;10;31;183;0;28;0,00;18,30;28,57;0;0;Portugal;Western Europe;"Universidade de Coimbra";"2018-2024";"Classics (Q4); Education (Q4)";"Arts and Humanities; Social Sciences"
1569;21101200899;"Documents pour l'Histoire du Francais Langue Etrangere ou Seconde";journal;"09927654, 22214038";"OpenEditions Journals";No;No;0,101;Q4;2;13;42;436;7;40;0,21;33,54;41,67;0;3;France;Western Europe;"OpenEditions Journals";"2019-2024";"Education (Q4); History (Q4); Linguistics and Language (Q4)";"Arts and Humanities; Social Sciences"
1570;21100891039;"Erudition and the Republic of Letters";journal;"24055050, 24055069";"Brill Academic Publishers";No;No;0,101;Q4;6;13;34;2255;3;34;0,08;173,46;28,57;0;0;Netherlands;Western Europe;"Brill Academic Publishers";"2016-2024";"Communication (Q4); Education (Q4); History (Q4); History and Philosophy of Science (Q4); Linguistics and Language (Q4); Literature and Literary Theory (Q4)";"Arts and Humanities; Social Sciences"
1571;16800154746;"Histoire de l'Education";journal;"02216280";"Institut National de Recherche Pedagogique";No;No;0,101;Q4;9;19;33;634;4;33;0,11;33,37;56,25;0;0;France;Western Europe;"Institut National de Recherche Pedagogique";"2001-2024";"Education (Q4); History and Philosophy of Science (Q4)";"Arts and Humanities; Social Sciences"
1572;21100874728;"In Esse: English Studies in Albania";journal;"20787413";"Albanian Society for the Study of English";No;No;0,101;Q4;2;6;32;112;2;27;0,00;18,67;57,14;0;1;Albania;Eastern Europe;"Albanian Society for the Study of English";"2017-2024";"Education (Q4); Linguistics and Language (Q4); Literature and Literary Theory (Q4)";"Arts and Humanities; Social Sciences"
1573;21100293216;"Recherche et Formation";journal;"09881824";"Institut National de Recherche Pedagogique";No;No;0,101;Q4;9;0;36;0;2;32;0,00;0,00;0,00;0;0;France;Western Europe;"Institut National de Recherche Pedagogique";"2011-2021";"Education (Q4)";"Social Sciences"
1574;21100374322;"Synergies Europe";journal;"2260653X, 19516088";"GERFLINT (Groupe d'Etudes et de Recherches pour le Francais Langue Internationale)";Yes;Yes;0,101;Q4;3;0;57;0;1;54;0,00;0,00;0,00;0;0;France;Western Europe;"GERFLINT (Groupe d'Etudes et de Recherches pour le Francais Langue Internationale)";"2013-2023";"Education (Q4); Linguistics and Language (Q4)";"Social Sciences"
1575;21101048544;"Synergies Portugal";journal;"2268493X, 22684948";"GERFLINT (Groupe d'Etudes et de Recherches pour le Francais Langue Internationale)";Yes;Yes;0,101;Q4;1;0;39;0;1;36;0,00;0,00;0,00;0;0;France;Western Europe;"GERFLINT (Groupe d'Etudes et de Recherches pour le Francais Langue Internationale)";"2019-2023";"Education (Q4); Linguistics and Language (Q4)";"Social Sciences"
1576;21101196450;"Traduction et Langues";journal;"11123974, 26006235";"University of Oran 2 Mohamed Ben Ahmed";Yes;No;0,101;Q4;1;39;34;1343;0;34;0,00;34,44;74,60;0;11;Algeria;Africa;"University of Oran 2 Mohamed Ben Ahmed";"2023-2024";"Education (Q4); Linguistics and Language (Q4); Literature and Literary Theory (Q4)";"Arts and Humanities; Social Sciences"
1577;21101155946;"Acta Universitatis Lodziensis. Folia Historica";journal;"24506990, 02086050";"Lodz University Press";Yes;Yes;0,100;Q4;1;20;103;728;2;97;0,00;36,40;55,56;0;8;Poland;Eastern Europe;"Lodz University Press";"2020-2024";"Arts and Humanities (miscellaneous) (Q4); Education (Q4); History (Q4)";"Arts and Humanities; Social Sciences"
1578;5100152201;"Education in Chemistry";journal;"00131350";"Royal Society of Chemistry";No;No;0,100;Q4;9;0;104;0;0;66;0,00;0,00;0,00;0;0;United Kingdom;Western Europe;"Royal Society of Chemistry";"1974-1975, 1978-1979, 1984-1986, 1989, 2006-2022";"Chemistry (miscellaneous) (Q4); Education (Q4)";"Chemistry; Social Sciences"
1579;5700169133;"French Review";journal;"23297131, 0016111X";"American Association of Teachers of French";No;No;0,100;Q4;12;39;176;693;4;162;0,01;17,77;63,89;0;4;United States;Northern America;"American Association of Teachers of French";"2002-2024";"Cultural Studies (Q4); Education (Q4); Linguistics and Language (Q4); Literature and Literary Theory (Q4)";"Arts and Humanities; Social Sciences"
1580;21101059738;"Margens";journal;"19825374, 18060560";"Universidade Federal do Para - UFPA";No;Yes;0,100;Q4;2;20;100;554;1;98;0,00;27,70;48,00;0;12;Brazil;Latin America;"Universidade Federal do Para - UFPA";"2019-2024";"Arts and Humanities (miscellaneous) (Q4); Education (Q4); History and Philosophy of Science (Q4); Literature and Literary Theory (Q4); Social Sciences (miscellaneous) (Q4)";"Arts and Humanities; Social Sciences"
1581;21101204532;"Prace Literaturoznawcze";journal;"24500798, 23535164";"University of Warmia and Mazury";No;No;0,100;Q4;1;18;63;561;1;61;0,02;31,17;83,33;0;1;Poland;Eastern Europe;"University of Warmia and Mazury";"2020-2024";"Education (Q4); Linguistics and Language (Q4); Literature and Literary Theory (Q4)";"Arts and Humanities; Social Sciences"
1582;21101060453;"RiMe Rivista dell'Istituto di Storia dell'Europa Mediterranea";journal;"2035794X";"Consiglio Nazionale delle Ricerche";No;No;0,100;Q4;3;21;152;485;9;146;0,00;23,10;47,37;0;0;Italy;Western Europe;"Consiglio Nazionale delle Ricerche";"2019-2024";"Cultural Studies (Q4); Education (Q4); History (Q4)";"Arts and Humanities; Social Sciences"
1583;21100406879;"African Social Studies Series";book series;"15681203";"Brill Academic Publishers";No;No;;-;10;1;15;444;5;0;0,33;444,00;0,00;0;0;Netherlands;Western Europe;"Brill Academic Publishers";"2007, 2009-2013, 2015, 2017-2020, 2023-2024";"Anthropology; Education; Social Sciences (miscellaneous)";"Social Sciences"
1584;16395;"Chemical Engineering Education";journal;"00092479, 21656428";"American Society for Engineering Education";No;No;;-;28;32;0;623;0;0;0,00;19,47;35,82;0;1;United States;Northern America;"American Society for Engineering Education";"1970, 1972-1975, 1977-1979, 1981-1990, 1993, 1996-2017, 2024";"Chemical Engineering (miscellaneous); Education";"Chemical Engineering; Social Sciences"
1585;21100943319;"Educational Administration: Theory and Practice (discontinued)";journal;"13004832, 21482403";"Auricle Global Society of Education and Research";No;No;;-;9;17;158;931;155;157;1,02;54,76;43,18;0;9;Turkey;Middle East;"Auricle Global Society of Education and Research";"2019-2024";"Education; Management of Technology and Innovation; Organizational Behavior and Human Resource Management; Strategy and Management";"Business, Management and Accounting; Social Sciences"
1586;21101064932;"International Explorations in Outdoor and Environmental Education";book series;"22144218, 22144226";"Springer Nature";No;No;;-;6;19;133;520;85;0;0,10;27,37;33,33;0;14;Netherlands;Western Europe;"Springer Nature";"2016, 2018-2024";"Education; Social Sciences (miscellaneous)";"Social Sciences"
1587;25313;"Journal of Child and Adolescent Substance Abuse";journal;"1067828X";"Routledge";No;No;;-;38;2;0;39;0;0;0,00;19,50;50,00;0;1;United States;Northern America;"Routledge";"1994-2020, 2024";"Education; Psychology (miscellaneous); Public Health, Environmental and Occupational Health; Social Psychology";"Medicine; Psychology; Social Sciences"
1588;21101038744;"Journal of Higher Education Theory and Practice (discontinued)";journal;"21583595";"North American Business Press";No;No;;-;14;17;1061;795;885;1060;0,84;46,76;34,04;0;4;United States;Northern America;"North American Business Press";"2019-2024";"Education";"Social Sciences"
1589;21101230392;"Juridical Tribune - Review of Comparative and International Law";journal;"3008637X";"";Yes;Yes;;-;2;42;0;1546;0;0;0,00;36,81;50,00;0;27;Romania;Eastern Europe;"";"2024";"Education; Law; Political Science and International Relations; Public Administration";"Social Sciences"
1590;21100902939;"Language Learning and Language Teaching";book series;"15699471";"John Benjamins Publishing Company";No;No;;-;61;11;35;475;24;0;0,69;43,18;100,00;0;2;Netherlands;Western Europe;"John Benjamins Publishing Company";"2002-2016, 2018-2020, 2022-2024";"Developmental and Educational Psychology; Education; Linguistics and Language";"Psychology; Social Sciences"
1591;21100834881;"Lecture Notes in Educational Technology";book series;"21964971, 21964963";"Springer International Publishing AG";No;No;;-;23;419;721;10196;482;0;0,56;24,33;46,77;0;178;Switzerland;Western Europe;"Springer International Publishing AG";"2014-2025";"Computer Networks and Communications; Computer Science Applications; Education";"Computer Science; Social Sciences"
1592;21100236616;"Nurture (discontinued)";journal;"19941633, 19941625";"";Yes;No;;-;7;39;81;1777;109;81;1,43;45,56;33,02;0;19;Pakistan;Asiatic Region;"";"2012-2024";"Economics and Econometrics; Education; Health (social science); Nutrition and Dietetics";"Economics, Econometrics and Finance; Nursing; Social Sciences"
1593;21211;"Pharmacy Education (discontinued)";journal;"14772701, 15602214";"International Pharmaceutical Federation";No;No;;-;21;20;506;642;240;504;0,45;32,10;56,52;0;4;Netherlands;Western Europe;"International Pharmaceutical Federation";"1973-1978, 2002-2024";"Education; Pharmaceutical Science; Pharmacy";"Health Professions; Pharmacology, Toxicology and Pharmaceutics; Social Sciences"
1594;21101267107;"Quality Education for All";journal;"29769310";"Emerald Publishing";Yes;No;;-;1;36;0;2376;0;0;0,00;66,00;51,52;0;27;United Kingdom;Western Europe;"Emerald Publishing";"2024-2025";"Education";"Social Sciences"
1595;21101128483;"Scientific Herald of Uzhhorod University. Series Physics (discontinued)";journal;"24158038";"Uzhhorod National University";No;No;;-;11;297;31;11735;58;31;2,23;39,51;74,76;0;148;Ukraine;Eastern Europe;"Uzhhorod National University";"2019-2024";"Education; Materials Science (miscellaneous); Physics and Astronomy (miscellaneous)";"Materials Science; Physics and Astronomy; Social Sciences"
1596;21100900374;"Technical and Vocational Education and Training";book series;"2213221X, 18713041";"Springer Nature";No;No;;-;17;102;90;2395;17;0;0,16;23,48;84,62;0;64;United States;Northern America;"Springer Nature";"2010, 2013, 2015-2019, 2021-2022, 2024";"Education";"Social Sciences"
1597;21101237137;"TESOL in Context";journal;"10308385, 22090916";"";Yes;Yes;;-;0;9;0;415;0;0;0,00;46,11;69,23;0;3;Australia;Pacific Region;"";"2024";"Education; Linguistics and Language";"Social Sciences"
