Rank;Sourceid;Title;Type;Issn;Publisher;Open Access;Open Access Diamond;SJR;SJR Quartile;H index;Total Docs. (2024);Total Docs. (3years);Total Refs.;Total Citations (3years);Citable Docs. (3years);Citations / Doc. (2years);Ref. / Doc.;%Female;Overton;SDG;Country;Region;Publisher;Coverage;Categories;Areas
1;15670;"Journal of Peasant Studies";journal;"03066150, 17439361";"Routledge";No;No;2,248;Q1;113;98;250;8825;1512;240;5,85;90,05;44,72;6;64;United Kingdom;Western Europe;"Routledge";"1973-2025";"Anthropology (Q1); Arts and Humanities (miscellaneous) (Q1); Cultural Studies (Q1)";"Arts and Humanities; Social Sciences"
2;21100837352;"Social Media and Society";journal;"20563051";"SAGE Publications Ltd";Yes;No;2,169;Q1;82;158;462;10436;3647;460;6,27;66,05;57,49;4;47;United Kingdom;Western Europe;"SAGE Publications Ltd";"2015-2025";"Communication (Q1); Computer Science Applications (Q1); Cultural Studies (Q1)";"Computer Science; Social Sciences"
3;25678;"Journal of Research on Adolescence";journal;"10508392, 15327795";"Wiley-Blackwell Publishing Ltd";No;No;2,030;Q1;120;124;285;8457;1689;277;4,18;68,20;62,68;1;44;United Kingdom;Western Europe;"Wiley-Blackwell Publishing Ltd";"1993, 1996-2025";"Behavioral Neuroscience (Q1); Cultural Studies (Q1); Developmental and Educational Psychology (Q1); Social Sciences (miscellaneous) (Q1)";"Neuroscience; Psychology; Social Sciences"
4;14946;"Group Processes and Intergroup Relations";journal;"14617188, 13684302";"SAGE Publications Ltd";No;No;1,990;Q1;97;104;282;7507;1575;278;4,59;72,18;52,98;0;27;United Kingdom;Western Europe;"SAGE Publications Ltd";"1998-2025";"Arts and Humanities (miscellaneous) (Q1); Communication (Q1); Cultural Studies (Q1); Social Psychology (Q1); Sociology and Political Science (Q1)";"Arts and Humanities; Psychology; Social Sciences"
5;16047;"Race Ethnicity and Education";journal;"1470109X, 13613324";"Routledge";No;No;1,681;Q1;72;96;173;5810;771;171;4,16;60,52;71,20;2;42;United Kingdom;Western Europe;"Routledge";"1998-2025";"Cultural Studies (Q1); Demography (Q1); Education (Q1)";"Social Sciences"
6;21101109914;"Virtual Economics";journal;"26574047";"";Yes;Yes;1,618;Q1;28;15;60;1118;727;60;14,50;74,53;29,73;0;14;Poland;Eastern Europe;"";"2019-2024";"Business and International Management (Q1); Cultural Studies (Q1); Economics, Econometrics and Finance (miscellaneous) (Q1); Health (social science) (Q1); Management Information Systems (Q1); Management of Technology and Innovation (Q1)";"Business, Management and Accounting; Economics, Econometrics and Finance; Social Sciences"
7;21101062805;"Quantitative Science Studies";journal;"26413337";"";Yes;No;1,486;Q1;30;55;185;3111;927;168;4,05;56,56;32,10;3;17;United States;Northern America;"";"2020-2024";"Analysis (Q1); Cultural Studies (Q1); Library and Information Sciences (Q1); Numerical Analysis (Q1)";"Mathematics; Social Sciences"
8;5700161511;"Social Movement Studies";journal;"14742837";"Routledge";No;No;1,381;Q1;49;93;158;4881;725;156;3,39;52,48;48,75;0;40;United Kingdom;Western Europe;"Routledge";"2010-2025";"Cultural Studies (Q1); Sociology and Political Science (Q1)";"Social Sciences"
9;15136;"Information Society";journal;"01972243, 10876537";"Taylor and Francis Ltd.";No;No;1,245;Q1;90;26;66;1904;332;66;3,29;73,23;48,39;1;9;United Kingdom;Western Europe;"Taylor and Francis Ltd.";"1981-1990, 1992-2025";"Cultural Studies (Q1); Information Systems (Q1); Management Information Systems (Q1); Political Science and International Relations (Q1)";"Business, Management and Accounting; Computer Science; Social Sciences"
10;20720;"Ethnicity and Health";journal;"14653419, 13557858";"Routledge";No;No;1,178;Q1;72;62;265;3020;902;265;3,09;48,71;68,85;1;48;United Kingdom;Western Europe;"Routledge";"1996-2025";"Arts and Humanities (miscellaneous) (Q1); Cultural Studies (Q1); Public Health, Environmental and Occupational Health (Q1)";"Arts and Humanities; Medicine; Social Sciences"
11;17409;"Poetics";journal;"0304422X";"Elsevier B.V.";No;No;1,176;Q1;82;51;172;3546;496;169;2,38;69,53;43,43;1;13;Netherlands;Western Europe;"Elsevier B.V.";"1971-2025";"Communication (Q1); Cultural Studies (Q1); Linguistics and Language (Q1); Literature and Literary Theory (Q1); Sociology and Political Science (Q1)";"Arts and Humanities; Social Sciences"
12;15453;"Journal of Cross-Cultural Psychology";journal;"00220221, 15525422";"SAGE Publications Inc.";No;No;1,175;Q1;135;46;152;3062;506;143;2,97;66,57;56,04;0;6;United States;Northern America;"SAGE Publications Inc.";"1970-2025";"Anthropology (Q1); Cultural Studies (Q1); Social Psychology (Q1)";"Psychology; Social Sciences"
13;21100203914;"Discourse, Context and Media";journal;"22116958";"Elsevier B.V.";No;No;1,171;Q1;39;33;133;1854;518;120;3,89;56,18;62,79;0;6;Netherlands;Western Europe;"Elsevier B.V.";"2012-2025";"Communication (Q1); Cultural Studies (Q1)";"Social Sciences"
14;21100435972;"Journal of Global Fashion Marketing";journal;"20932685, 23254483";"Taylor and Francis Ltd.";No;No;1,171;Q1;37;31;83;2109;465;82;5,36;68,03;68,24;0;7;United Kingdom;Western Europe;"Taylor and Francis Ltd.";"2010-2011, 2013-2025";"Cultural Studies (Q1); Management of Technology and Innovation (Q1); Strategy and Management (Q1); Marketing (Q2)";"Business, Management and Accounting; Social Sciences"
15;21101005180;"Global Media and China";journal;"20594372";"SAGE Publications Ltd";Yes;Yes;1,122;Q1;20;52;86;2782;309;81;3,58;53,50;53,01;1;17;United Kingdom;Western Europe;"SAGE Publications Ltd";"2016-2025";"Communication (Q1); Cultural Studies (Q1)";"Social Sciences"
16;25967;"Social and Cultural Geography";journal;"14701197, 14649365";"Routledge";No;No;1,120;Q1;95;110;236;6818;952;229;3,52;61,98;61,17;0;44;United Kingdom;Western Europe;"Routledge";"2000-2025";"Cultural Studies (Q1); Geography, Planning and Development (Q1)";"Social Sciences"
17;5600155256;"Television and New Media";journal;"15274764";"SAGE Publications Inc.";No;No;1,110;Q1;52;65;163;2810;611;161;2,91;43,23;59,52;0;17;United States;Northern America;"SAGE Publications Inc.";"2000-2025";"Cultural Studies (Q1); Visual Arts and Performing Arts (Q1)";"Arts and Humanities; Social Sciences"
18;5600153491;"Journal of Multilingual and Multicultural Development";journal;"01434632";"Routledge";No;No;1,088;Q1;70;497;304;28421;1254;292;4,16;57,19;57,26;7;87;United Kingdom;Western Europe;"Routledge";"1980-2025";"Cultural Studies (Q1); Education (Q1); Linguistics and Language (Q1)";"Social Sciences"
19;5700164250;"Pedagogy, Culture and Society";journal;"14681366";"Routledge";No;No;1,055;Q1;49;133;157;7548;614;156;3,31;56,75;62,17;2;60;United Kingdom;Western Europe;"Routledge";"1999-2025";"Cultural Studies (Q1); Education (Q1)";"Social Sciences"
20;26124;"Ethnic and Racial Studies";journal;"01419870, 14664356";"Routledge";No;No;1,036;Q1;125;274;524;14753;1675;476;2,73;53,84;61,08;9;114;United Kingdom;Western Europe;"Routledge";"1978-2025";"Anthropology (Q1); Cultural Studies (Q1); Sociology and Political Science (Q1)";"Social Sciences"
21;16563;"Tourism Recreation Research";journal;"02508281, 23200308";"Taylor and Francis Ltd.";No;No;1,036;Q1;68;207;206;15146;1418;198;6,11;73,17;39,07;3;105;United Kingdom;Western Europe;"Taylor and Francis Ltd.";"1976-2025";"Cultural Studies (Q1); Geography, Planning and Development (Q1); Management, Monitoring, Policy and Law (Q1); Tourism, Leisure and Hospitality Management (Q1)";"Business, Management and Accounting; Environmental Science; Social Sciences"
22;300147008;"European Journal of Cultural Studies";journal;"13675494";"SAGE Publications Ltd";No;No;1,010;Q1;62;150;232;7734;775;228;2,73;51,56;62,98;2;72;United Kingdom;Western Europe;"SAGE Publications Ltd";"1998-2025";"Arts and Humanities (miscellaneous) (Q1); Cultural Studies (Q1); Education (Q1)";"Arts and Humanities; Social Sciences"
23;21101019704;"Evolutionary Human Sciences";journal;"2513843X";"Cambridge University Press";Yes;No;0,991;Q1;18;51;131;3961;359;127;2,60;77,67;31,14;0;14;United States;Northern America;"Cambridge University Press";"2019-2025";"Anthropology (Q1); Cultural Studies (Q1); Ecology, Evolution, Behavior and Systematics (Q1); Applied Psychology (Q2)";"Agricultural and Biological Sciences; Psychology; Social Sciences"
24;21100385605;"Smart and Sustainable Built Environment";journal;"20466102, 20466099";"Emerald Group Publishing Ltd.";No;No;0,991;Q1;36;178;163;13296;1228;161;6,96;74,70;30,58;0;130;United Kingdom;Western Europe;"Emerald Group Publishing Ltd.";"2012-2025";"Architecture (Q1); Building and Construction (Q1); Civil and Structural Engineering (Q1); Cultural Studies (Q1); Human Factors and Ergonomics (Q1); Urban Studies (Q1); Management, Monitoring, Policy and Law (Q2); Renewable Energy, Sustainability and the Environment (Q2)";"Energy; Engineering; Environmental Science; Social Sciences"
25;5800207540;"Journal of Politeness Research";journal;"16125681, 16134877";"De Gruyter Mouton";No;No;0,990;Q1;41;23;47;1426;96;47;1,94;62,00;66,67;0;1;Germany;Western Europe;"De Gruyter Mouton";"2005-2025";"Communication (Q1); Cultural Studies (Q1); Linguistics and Language (Q1); Social Psychology (Q2)";"Psychology; Social Sciences"
26;5700152857;"Mind, Culture, and Activity";journal;"10749039, 15327884";"Taylor and Francis Ltd.";No;No;0,987;Q1;65;5;76;220;194;65;1,49;44,00;28,57;0;1;United Kingdom;Western Europe;"Taylor and Francis Ltd.";"1994-2025";"Anthropology (Q1); Cultural Studies (Q1); Education (Q1); Linguistics and Language (Q1); Cognitive Neuroscience (Q2); Developmental and Educational Psychology (Q2); Social Psychology (Q2)";"Neuroscience; Psychology; Social Sciences"
27;5700164380;"Comunicar";journal;"19883293, 11343478";"Grupo Comunicar Ediciones";Yes;Yes;0,986;Q1;61;0;122;0;750;122;6,78;0,00;0,00;0;0;Spain;Western Europe;"Grupo Comunicar Ediciones";"2008-2023";"Communication (Q1); Cultural Studies (Q1); Education (Q1)";"Social Sciences"
28;68623;"Annual Review of Anthropology";book series;"15454290, 00846570";"Annual Reviews Inc.";No;No;0,978;Q1;151;24;86;3204;310;83;3,22;133,50;55,56;0;9;United States;Northern America;"Annual Reviews Inc.";"1980-1986, 1988, 1991, 1994, 1996-2024";"Anthropology (Q1); Arts and Humanities (miscellaneous) (Q1); Cultural Studies (Q1)";"Arts and Humanities; Social Sciences"
29;6500153129;"Cambridge Archaeological Journal";journal;"09597743, 14740540";"Cambridge University Press";No;No;0,974;Q1;59;57;125;5055;288;125;2,08;88,68;35,34;0;8;United Kingdom;Western Europe;"Cambridge University Press";"1991-2025";"Archeology (Q1); Archeology (arts and humanities) (Q1); Cultural Studies (Q1)";"Arts and Humanities; Social Sciences"
30;5700167676;"Cultural Trends";journal;"14693690, 09548963";"Routledge";No;No;0,967;Q1;39;83;99;3808;322;84;2,69;45,88;53,85;5;29;United Kingdom;Western Europe;"Routledge";"1989-1995, 1998, 2004-2008, 2010-2025";"Communication (Q1); Cultural Studies (Q1); Visual Arts and Performing Arts (Q1)";"Arts and Humanities; Social Sciences"
31;24733;"American Behavioral Scientist";journal;"15523381, 00027642";"SAGE Publications Inc.";No;No;0,961;Q1;139;233;416;12710;1428;398;1,95;54,55;52,79;5;116;United States;Northern America;"SAGE Publications Inc.";"1957-2025";"Cultural Studies (Q1); Education (Q1); Social Sciences (miscellaneous) (Q1); Sociology and Political Science (Q1); Social Psychology (Q2)";"Psychology; Social Sciences"
32;16473;"Journal of Contemporary Asia";journal;"00472336, 17527554";"Taylor and Francis Ltd.";No;No;0,960;Q1;53;69;109;4543;340;108;2,86;65,84;36,08;2;36;United Kingdom;Western Europe;"Taylor and Francis Ltd.";"1970-2025";"Cultural Studies (Q1); Social Sciences (miscellaneous) (Q1)";"Social Sciences"
33;15060;"Africa Spectrum";journal;"00020397";"Institut fur Afrika-Kunde";Yes;Yes;0,912;Q1;31;25;46;1253;99;44;2,37;50,12;19,44;3;13;Germany;Western Europe;"Institut fur Afrika-Kunde";"1983-1984, 2006-2025";"Cultural Studies (Q1); Development (Q1); Political Science and International Relations (Q1); Sociology and Political Science (Q1)";"Social Sciences"
34;25642;"Perspectives: Studies in Translation Theory and Practice";journal;"0907676X, 17476623";"Routledge";No;No;0,911;Q1;40;134;202;6099;437;191;2,05;45,51;60,28;0;11;United Kingdom;Western Europe;"Routledge";"1996-2025";"Cultural Studies (Q1); Linguistics and Language (Q1); Literature and Literary Theory (Q1)";"Arts and Humanities; Social Sciences"
35;21100416147;"Reproductive Biomedicine and Society Online";journal;"24056618";"Elsevier Ltd";Yes;No;0,903;Q1;26;0;44;0;155;40;3,33;0,00;0,00;0;0;United Kingdom;Western Europe;"Elsevier Ltd";"2015-2022";"Cultural Studies (Q1); Health (social science) (Q1); Reproductive Medicine (Q1); Developmental Biology (Q2)";"Biochemistry, Genetics and Molecular Biology; Medicine; Social Sciences"
36;11600153433;"Games and Culture";journal;"15554139, 15554120";"SAGE Publications Inc.";No;No;0,888;Q1;66;121;185;6697;686;184;3,07;55,35;33,81;1;22;United States;Northern America;"SAGE Publications Inc.";"2006-2025";"Anthropology (Q1); Arts and Humanities (miscellaneous) (Q1); Communication (Q1); Cultural Studies (Q1); Applied Psychology (Q2); Human-Computer Interaction (Q2)";"Arts and Humanities; Computer Science; Psychology; Social Sciences"
37;12100156106;"Journal of Children and Media";journal;"17482801, 17482798";"Routledge";No;No;0,884;Q1;35;55;141;2460;445;134;2,53;44,73;84,52;1;10;United Kingdom;Western Europe;"Routledge";"2014-2025";"Communication (Q1); Cultural Studies (Q1)";"Social Sciences"
38;21100774809;"Crime Science";journal;"21937680";"SpringerOpen";Yes;No;0,881;Q1;37;43;60;2620;246;60;3,03;60,93;36,81;1;22;United Kingdom;Western Europe;"SpringerOpen";"2013-2024";"Cultural Studies (Q1); Law (Q1); Safety Research (Q1); Urban Studies (Q1)";"Social Sciences"
39;5700155017;"Nordicom Review";journal;"14031108, 20015119";"";Yes;Yes;0,868;Q1;25;22;79;1328;225;79;2,11;60,36;54,72;1;5;Sweden;Western Europe;"";"2000-2024";"Communication (Q1); Cultural Studies (Q1); Sociology and Political Science (Q1)";"Social Sciences"
40;20000195001;"Media International Australia";journal;"1329878X, 2200467X";"SAGE Publications Inc.";No;No;0,858;Q1;38;72;171;4349;551;169;2,99;60,40;51,95;0;32;Australia;Pacific Region;"SAGE Publications Inc.";"2008-2025";"Communication (Q1); Cultural Studies (Q1)";"Social Sciences"
41;19900192720;"China Economic Journal";journal;"17538963, 17538971";"Routledge";No;No;0,857;Q1;30;28;63;1212;282;59;2,23;43,29;43,40;0;20;United Kingdom;Western Europe;"Routledge";"2010-2025";"Cultural Studies (Q1); Economics, Econometrics and Finance (miscellaneous) (Q1); Sociology and Political Science (Q1)";"Economics, Econometrics and Finance; Social Sciences"
42;16498;"Past and Present";journal;"00312746, 1477464X";"Oxford University Press";No;No;0,854;Q1;52;42;113;5331;206;109;1,84;126,93;49,06;0;9;United Kingdom;Western Europe;"Oxford University Press";"1952-2002, 2005-2025";"Cultural Studies (Q1); History (Q1)";"Arts and Humanities; Social Sciences"
43;19900191744;"Equality, Diversity and Inclusion";journal;"17587093, 20407149";"Emerald Publishing";No;No;0,852;Q1;45;141;197;9181;707;189;3,36;65,11;65,54;0;89;United Kingdom;Western Europe;"Emerald Publishing";"2010-2025";"Cultural Studies (Q1); Gender Studies (Q1); Sociology and Political Science (Q1); Organizational Behavior and Human Resource Management (Q2)";"Business, Management and Accounting; Social Sciences"
44;3500148027;"Science as Culture";journal;"09505431";"Taylor and Francis Ltd.";No;No;0,849;Q1;52;38;80;2191;240;73;3,33;57,66;50,00;1;18;United Kingdom;Western Europe;"Taylor and Francis Ltd.";"1987-2025";"Cultural Studies (Q1); Health (social science) (Q1); History and Philosophy of Science (Q1); Sociology and Political Science (Q1); Biomedical Engineering (Q2); Biotechnology (Q2)";"Arts and Humanities; Biochemistry, Genetics and Molecular Biology; Engineering; Social Sciences"
45;4900152805;"Archaeology, Ethnology and Anthropology of Eurasia";journal;"15630110";"Elsevier";No;No;0,846;Q1;23;59;186;1832;110;186;0,61;31,05;44,83;0;4;Russian Federation;Eastern Europe;"Elsevier";"2006-2024";"Archeology (arts and humanities) (Q1); Cultural Studies (Q1)";"Arts and Humanities; Social Sciences"
46;19700194016;"Journal of Cultural Economy";journal;"17530369, 17530350";"Taylor and Francis Ltd.";No;No;0,840;Q1;37;74;168;4673;433;166;2,33;63,15;47,00;0;24;United Kingdom;Western Europe;"Taylor and Francis Ltd.";"2010-2025";"Cultural Studies (Q1)";"Social Sciences"
47;5600152890;"Body and Society";journal;"1357034X, 14603632";"SAGE Publications Ltd";No;No;0,815;Q1;78;18;48;1016;101;48;1,81;56,44;58,62;0;6;United Kingdom;Western Europe;"SAGE Publications Ltd";"1995-2025";"Cultural Studies (Q1); Health (social science) (Q1); Social Psychology (Q2)";"Psychology; Social Sciences"
48;19800188060;"Celebrity Studies";journal;"19392400, 19392397";"Routledge";No;No;0,815;Q1;31;56;139;2805;256;124;1,34;50,09;57,75;0;7;United Kingdom;Western Europe;"Routledge";"2010-2025";"Cultural Studies (Q1)";"Social Sciences"
49;6300153126;"Cultural Sociology";journal;"17499755";"SAGE Publications Ltd";No;No;0,808;Q1;46;58;89;3952;257;88;2,84;68,14;50,55;0;13;United Kingdom;Western Europe;"SAGE Publications Ltd";"2007-2025";"Cultural Studies (Q1); Social Sciences (miscellaneous) (Q1)";"Social Sciences"
50;5700154545;"International Journal of Heritage Studies";journal;"14703610, 13527258";"Taylor and Francis Ltd.";No;No;0,802;Q1;66;118;235;6879;738;234;2,97;58,30;61,39;2;62;United Kingdom;Western Europe;"Taylor and Francis Ltd.";"1994-2025";"Conservation (Q1); Cultural Studies (Q1); Geography, Planning and Development (Q1); History (Q1); Museology (Q1); Tourism, Leisure and Hospitality Management (Q2)";"Arts and Humanities; Business, Management and Accounting; Social Sciences"
51;20000195092;"Tel Aviv";journal;"03344355, 20404786";"Maney Publishing";No;No;0,795;Q1;37;13;40;765;51;39;1,46;58,85;34,15;0;1;United Kingdom;Western Europe;"Maney Publishing";"1974-2024";"Archeology (Q1); Archeology (arts and humanities) (Q1); Cultural Studies (Q1); History (Q1)";"Arts and Humanities; Social Sciences"
52;21101051829;"Psychology of Popular Media";journal;"26896575, 26896567";"American Psychological Association";No;No;0,773;Q1;32;65;212;3481;601;210;2,34;53,55;61,62;0;8;United States;Northern America;"American Psychological Association";"2020-2024";"Communication (Q1); Cultural Studies (Q1); Applied Psychology (Q2); Psychology (miscellaneous) (Q2)";"Psychology; Social Sciences"
53;23552;"Cultural Geographies";journal;"14744740, 14770881";"SAGE Publications Ltd";No;No;0,770;Q1;73;68;133;0;372;130;1,76;0,00;46,30;0;23;United Kingdom;Western Europe;"SAGE Publications Ltd";"1994-1998, 2002-2024";"Cultural Studies (Q1); Geography, Planning and Development (Q1); Environmental Science (miscellaneous) (Q2)";"Environmental Science; Social Sciences"
54;4700152406;"Ethnicities";journal;"14687968, 17412706";"SAGE Publications Ltd";No;No;0,763;Q1;63;75;154;3826;371;154;2,66;51,01;50,00;1;30;United Kingdom;Western Europe;"SAGE Publications Ltd";"2001-2025";"Arts and Humanities (miscellaneous) (Q1); Cultural Studies (Q1)";"Arts and Humanities; Social Sciences"
55;16300154766;"Crime, Media, Culture";journal;"17416590, 17416604";"SAGE Publications Ltd";No;No;0,754;Q1;49;46;92;3087;259;80;2,36;67,11;54,55;0;24;United Kingdom;Western Europe;"SAGE Publications Ltd";"2005-2025";"Arts and Humanities (miscellaneous) (Q1); Communication (Q1); Cultural Studies (Q1); Law (Q1)";"Arts and Humanities; Social Sciences"
56;5700164337;"Journal of Tourism and Cultural Change";journal;"14766825";"Taylor and Francis Ltd.";No;No;0,752;Q1;43;26;132;1843;492;131;3,59;70,88;63,33;0;17;United Kingdom;Western Europe;"Taylor and Francis Ltd.";"2003-2025";"Cultural Studies (Q1); Geography, Planning and Development (Q1); Nature and Landscape Conservation (Q1); Tourism, Leisure and Hospitality Management (Q2); Transportation (Q2)";"Business, Management and Accounting; Environmental Science; Social Sciences"
57;21100838559;"Fashion and Textiles";journal;"21980802";"Springer Singapore";Yes;No;0,750;Q1;37;42;132;2047;622;132;4,13;48,74;62,39;0;9;Singapore;Asiatic Region;"Springer Singapore";"2014-2025";"Cultural Studies (Q1); Marketing (Q2); Materials Science (miscellaneous) (Q2); Social Psychology (Q2); Strategy and Management (Q2)";"Business, Management and Accounting; Materials Science; Psychology; Social Sciences"
58;21100800449;"Critical Studies in Television";journal;"17496039, 17496020";"SAGE Publications Inc.";No;No;0,746;Q1;16;43;85;2505;143;72;1,17;58,26;50,00;0;3;United Kingdom;Western Europe;"SAGE Publications Inc.";"2014-2025";"Communication (Q1); Cultural Studies (Q1)";"Social Sciences"
59;16300154746;"International Journal of Cross Cultural Management";journal;"14705958, 17412838";"SAGE Publications Ltd";No;No;0,743;Q1;57;37;81;2834;262;72;2,38;76,59;42,35;0;6;United Kingdom;Western Europe;"SAGE Publications Ltd";"2001-2025";"Arts and Humanities (miscellaneous) (Q1); Cultural Studies (Q1); Business and International Management (Q2); Organizational Behavior and Human Resource Management (Q2)";"Arts and Humanities; Business, Management and Accounting; Social Sciences"
60;6400153111;"Journal of Ethnobiology and Ethnomedicine";journal;"17464269";"BioMed Central Ltd";Yes;No;0,733;Q1;99;104;203;7802;996;202;4,69;75,02;35,14;0;66;United Kingdom;Western Europe;"BioMed Central Ltd";"2005-2025";"Agricultural and Biological Sciences (miscellaneous) (Q1); Complementary and Alternative Medicine (Q1); Cultural Studies (Q1); Plant Science (Q1); Health (social science) (Q2)";"Agricultural and Biological Sciences; Medicine; Social Sciences"
61;4700152759;"Journal of Bisexuality";journal;"15299716";"Taylor and Francis Ltd.";No;No;0,731;Q1;46;42;75;2790;174;73;2,00;66,43;68,97;0;12;United Kingdom;Western Europe;"Taylor and Francis Ltd.";"2000-2025";"Cultural Studies (Q1); Gender Studies (Q1)";"Social Sciences"
62;21100455449;"Porn Studies";journal;"23268743, 23268751";"Taylor and Francis Ltd.";No;No;0,722;Q1;24;54;127;2660;259;107;1,22;49,26;47,30;0;14;United Kingdom;Western Europe;"Taylor and Francis Ltd.";"2014-2025";"Cultural Studies (Q1); Gender Studies (Q1); Social Psychology (Q2)";"Psychology; Social Sciences"
63;5600155054;"Journal of International Migration and Integration";journal;"14883473";"Springer Netherlands";No;No;0,721;Q1;38;143;320;9243;755;319;2,41;64,64;57,46;4;111;Netherlands;Western Europe;"Springer Netherlands";"2004, 2007-2025";"Anthropology (Q1); Cultural Studies (Q1); Demography (Q1)";"Social Sciences"
64;23638;"Gender, Place and Culture";journal;"0966369X, 13600524";"Routledge";No;No;0,720;Q1;86;121;251;6900;636;246;2,29;57,02;77,13;0;80;United Kingdom;Western Europe;"Routledge";"1994-2025";"Arts and Humanities (miscellaneous) (Q1); Cultural Studies (Q1); Demography (Q1); Gender Studies (Q1)";"Arts and Humanities; Social Sciences"
65;6200180164;"Profesional de la Informacion";journal;"16992407, 13866710";"El Profesional de la Informacion";No;No;0,719;Q1;50;116;388;7073;1356;378;3,44;60,97;48,21;21;49;Spain;Western Europe;"El Profesional de la Informacion";"2006-2025";"Communication (Q1); Cultural Studies (Q1); Library and Information Sciences (Q1); Information Systems (Q2)";"Computer Science; Social Sciences"
66;5600155308;"Canadian Slavonic Papers";journal;"00085006";"Taylor and Francis Ltd.";No;No;0,716;Q1;16;28;78;1385;90;64;1,28;49,46;66,67;0;3;United Kingdom;Western Europe;"Taylor and Francis Ltd.";"1977-1979, 1996-2024";"Cultural Studies (Q1); History (Q1); Linguistics and Language (Q1); Literature and Literary Theory (Q1); Philosophy (Q1); Sociology and Political Science (Q1); Visual Arts and Performing Arts (Q1)";"Arts and Humanities; Social Sciences"
67;21100803392;"Cross Cultural and Strategic Management";journal;"20595794";"Emerald Group Publishing Ltd.";No;No;0,707;Q1;53;42;101;4392;329;98;3,46;104,57;34,95;0;14;United Kingdom;Western Europe;"Emerald Group Publishing Ltd.";"2016-2025";"Cultural Studies (Q1); Sociology and Political Science (Q1); Business and International Management (Q2); Organizational Behavior and Human Resource Management (Q2); Strategy and Management (Q2)";"Business, Management and Accounting; Social Sciences"
68;5700163951;"International Journal of Cultural Policy";journal;"14772833, 10286632";"Routledge";No;No;0,698;Q1;63;105;175;6653;458;171;2,37;63,36;54,05;2;52;United Kingdom;Western Europe;"Routledge";"1997-2025";"Cultural Studies (Q1); Sociology and Political Science (Q1)";"Social Sciences"
69;147232;"International Journal of Cultural Studies";journal;"13678779";"SAGE Publications Ltd";No;No;0,693;Q1;56;73;148;3810;379;147;2,39;52,19;64,91;0;20;United Kingdom;Western Europe;"SAGE Publications Ltd";"1998-2025";"Cultural Studies (Q1)";"Social Sciences"
70;29502;"Race and Class";journal;"03063968";"SAGE Publications Ltd";No;No;0,686;Q1;52;22;76;1584;228;61;2,28;72,00;46,15;1;10;United Kingdom;Western Europe;"SAGE Publications Ltd";"1959, 1962-2025";"Anthropology (Q1); Archeology (Q1); Archeology (arts and humanities) (Q1); Cultural Studies (Q1); Social Sciences (miscellaneous) (Q1); Sociology and Political Science (Q1)";"Arts and Humanities; Social Sciences"
71;21100789945;"International Journal of Gastronomy and Food Science";journal;"18784518, 1878450X";"Elsevier B.V.";No;No;0,685;Q1;41;230;520;12847;2311;516;4,14;55,86;51,49;0;50;Netherlands;Western Europe;"Elsevier B.V.";"2012, 2014-2025";"Cultural Studies (Q1); Food Science (Q2)";"Agricultural and Biological Sciences; Social Sciences"
72;21100201015;"Archnet-IJAR: International Journal of Architectural Research";journal;"26316862, 19387806";"Emerald Publishing";Yes;No;0,679;Q1;28;109;136;5816;537;135;3,26;53,36;57,94;0;63;United Kingdom;Western Europe;"Emerald Publishing";"2011-2025";"Architecture (Q1); Cultural Studies (Q1); Urban Studies (Q1); Visual Arts and Performing Arts (Q1)";"Arts and Humanities; Engineering; Social Sciences"
73;11200153508;"Memory Studies";journal;"17506999, 17506980";"SAGE Publications Ltd";No;No;0,662;Q1;45;129;297;8001;581;282;1,69;62,02;65,09;1;48;United Kingdom;Western Europe;"SAGE Publications Ltd";"2008-2025";"Cultural Studies (Q1); Experimental and Cognitive Psychology (Q2); Social Psychology (Q2)";"Psychology; Social Sciences"
74;21100331602;"Annals of Leisure Research";journal;"11745398, 21596816";"Routledge";No;No;0,661;Q1;38;49;126;3192;388;109;2,87;65,14;53,97;4;25;United States;Northern America;"Routledge";"2008-2025";"Cultural Studies (Q1); Geography, Planning and Development (Q2); Social Psychology (Q2); Tourism, Leisure and Hospitality Management (Q2)";"Business, Management and Accounting; Psychology; Social Sciences"
75;5700165306;"Qualitative Report";journal;"10520147";"Nova Southeastern University";Yes;No;0,660;Q1;63;118;520;6331;1438;519;2,25;53,65;58,87;0;36;United States;Northern America;"Nova Southeastern University";"2009-2025";"Cultural Studies (Q1); Education (Q2); Social Psychology (Q2)";"Psychology; Social Sciences"
76;21100782393;"Innovation and Development";journal;"2157930X, 21579318";"Taylor and Francis Ltd.";No;No;0,658;Q1;21;45;101;3083;299;94;2,53;68,51;29,06;0;37;United Kingdom;Western Europe;"Taylor and Francis Ltd.";"2015-2025";"Cultural Studies (Q1); Political Science and International Relations (Q1); Sociology and Political Science (Q1); Development (Q2); Education (Q2); Geography, Planning and Development (Q2)";"Social Sciences"
77;21100904410;"South Asian Journal of Business Studies";journal;"2398628X, 23986298";"Emerald Group Publishing Ltd.";No;No;0,656;Q1;29;36;70;2926;307;66;5,00;81,28;49,32;0;15;United Kingdom;Western Europe;"Emerald Group Publishing Ltd.";"2017-2025";"Cultural Studies (Q1); Economics, Econometrics and Finance (miscellaneous) (Q1); Business and International Management (Q2); Geography, Planning and Development (Q2); Marketing (Q2); Strategy and Management (Q2)";"Business, Management and Accounting; Economics, Econometrics and Finance; Social Sciences"
78;5600153515;"Asian Studies Review";journal;"10357823, 14678403";"Taylor and Francis Ltd.";No;No;0,653;Q1;39;60;116;3827;223;111;1,75;63,78;31,87;0;17;United Kingdom;Western Europe;"Taylor and Francis Ltd.";"1970, 1990-2025";"Cultural Studies (Q1); History (Q1); Sociology and Political Science (Q1)";"Arts and Humanities; Social Sciences"
79;26809;"Identities";journal;"15473384, 1070289X";"Routledge";No;No;0,647;Q1;51;88;139;4116;355;133;2,63;46,77;71,19;0;37;United Kingdom;Western Europe;"Routledge";"1994-2025";"Anthropology (Q1); Arts and Humanities (miscellaneous) (Q1); Cultural Studies (Q1)";"Arts and Humanities; Social Sciences"
80;29346;"South Atlantic Quarterly";journal;"00382876";"Duke University Press";No;No;0,647;Q1;52;50;174;2003;340;165;1,22;40,06;40,00;0;2;United States;Northern America;"Duke University Press";"1907, 1912, 1919, 1941, 1973, 1981, 1984, 1987, 1999, 2001-2025";"Cultural Studies (Q1); Literature and Literary Theory (Q1); Sociology and Political Science (Q1)";"Arts and Humanities; Social Sciences"
81;24200;"Review of Black Political Economy";journal;"00346446, 19364814";"Springer New York";No;No;0,644;Q1;26;32;66;1914;104;63;1,80;59,81;29,85;0;25;United States;Northern America;"Springer New York";"1970-2025";"Cultural Studies (Q1); Economics and Econometrics (Q2)";"Economics, Econometrics and Finance; Social Sciences"
82;18067;"Sociological Bulletin";journal;"00380229";"Indian Sociological Society";No;No;0,634;Q1;9;30;96;1223;241;88;1,09;40,77;55,17;0;8;India;Asiatic Region;"Indian Sociological Society";"1963, 1974, 1986, 1994-1996, 2014-2025";"Cultural Studies (Q1); History (Q1); Social Sciences (miscellaneous) (Q1); Sociology and Political Science (Q1)";"Arts and Humanities; Social Sciences"
83;14234;"Cultural Studies";journal;"14664348, 09502386";"Taylor and Francis Ltd.";No;No;0,633;Q1;66;60;157;3202;329;148;1,76;53,37;53,25;0;22;United Kingdom;Western Europe;"Taylor and Francis Ltd.";"1987-1996, 1998-2001, 2003-2025";"Anthropology (Q1); Arts and Humanities (miscellaneous) (Q1); Cultural Studies (Q1); Social Sciences (miscellaneous) (Q1)";"Arts and Humanities; Social Sciences"
84;5700166187;"Du Bois Review";journal;"1742058X, 17420598";"Cambridge University Press";No;No;0,626;Q1;48;24;57;2254;139;57;2,15;93,92;43,59;0;9;United Kingdom;Western Europe;"Cambridge University Press";"2004-2024";"Anthropology (Q1); Cultural Studies (Q1); Sociology and Political Science (Q1)";"Social Sciences"
85;21101040211;"Forum Scientiae Oeconomia";journal;"23534435, 23005947";"";Yes;Yes;0,607;Q1;19;29;103;1911;424;103;4,57;65,90;42,25;0;16;Poland;Eastern Europe;"";"2017-2024";"Cultural Studies (Q1); Law (Q1); Multidisciplinary (Q1); Business and International Management (Q2); Economics and Econometrics (Q2); Marketing (Q2); Strategy and Management (Q2)";"Business, Management and Accounting; Economics, Econometrics and Finance; Multidisciplinary; Social Sciences"
86;19700187614;"Journal of Latinos and Education";journal;"1532771X, 15348431";"Routledge";No;No;0,598;Q1;30;184;221;9459;396;208;1,61;51,41;64,68;1;69;United States;Northern America;"Routledge";"2010-2025";"Cultural Studies (Q1); Education (Q2)";"Social Sciences"
87;19700170190;"Journal of Men's Studies";journal;"10608265, 19330251";"SAGE Publications Inc.";No;No;0,598;Q1;23;45;70;3072;134;66;2,19;68,27;56,25;0;22;United Kingdom;Western Europe;"SAGE Publications Inc.";"2012-2025";"Cultural Studies (Q1); Gender Studies (Q2); Social Psychology (Q2)";"Psychology; Social Sciences"
88;145138;"Sexuality and Culture";journal;"10955143";"Springer New York";No;No;0,594;Q1;44;160;342;8894;800;334;2,23;55,59;63,72;1;74;United States;Northern America;"Springer New York";"2005-2025";"Cultural Studies (Q1); Gender Studies (Q2)";"Social Sciences"
89;5600155023;"Ethnography";journal;"17412714, 14661381";"SAGE Publications Ltd";No;No;0,588;Q1;61;45;163;2402;218;156;1,36;53,38;55,56;0;15;United Kingdom;Western Europe;"SAGE Publications Ltd";"2000-2025";"Anthropology (Q1); Arts and Humanities (miscellaneous) (Q1); Cultural Studies (Q1)";"Arts and Humanities; Social Sciences"
90;17018;"New Perspectives on Turkey";journal;"08966346, 13053299";"Cambridge University Press";No;No;0,583;Q1;23;30;47;1881;84;37;1,42;62,70;46,88;0;9;United Kingdom;Western Europe;"Cambridge University Press";"1993, 1995, 1999-2002, 2008-2024";"Cultural Studies (Q1); History (Q1); Economics and Econometrics (Q2); Sociology and Political Science (Q2)";"Arts and Humanities; Economics, Econometrics and Finance; Social Sciences"
91;12100155734;"Ethnography and Education";journal;"17457823, 17457831";"Routledge";No;No;0,582;Q1;27;29;80;1284;146;78;1,58;44,28;65,12;0;11;United Kingdom;Western Europe;"Routledge";"2010-2025";"Cultural Studies (Q1); Education (Q2); Gender Studies (Q2)";"Social Sciences"
92;21101038575;"Agrarian South";journal;"23210281, 22779760";"SAGE Publications Inc.";No;No;0,581;Q1;19;22;58;1109;71;53;1,19;50,41;42,31;0;6;United States;Northern America;"SAGE Publications Inc.";"2012-2025";"Cultural Studies (Q1); Social Sciences (miscellaneous) (Q1); Ecology (Q2); Geography, Planning and Development (Q2)";"Environmental Science; Social Sciences"
93;4700152624;"Cultural Studies of Science Education";journal;"18711502";"Springer Netherlands";No;No;0,580;Q1;44;37;199;1906;411;195;1,86;51,51;69,57;0;17;Netherlands;Western Europe;"Springer Netherlands";"2006-2025";"Cultural Studies (Q1)";"Social Sciences"
94;21100795655;"AlterNative";journal;"11741740, 11771801";"SAGE Publications Inc.";No;No;0,579;Q1;29;81;211;3875;441;201;1,41;47,84;70,24;2;33;United Kingdom;Western Europe;"SAGE Publications Inc.";"2014, 2016-2025";"Anthropology (Q1); Cultural Studies (Q1); History (Q1)";"Arts and Humanities; Social Sciences"
95;27159;"Innovation: The European Journal of Social Science Research";journal;"13511610, 14698412";"Routledge";No;No;0,577;Q1;47;113;167;7337;447;150;2,63;64,93;43,46;5;63;United Kingdom;Western Europe;"Routledge";"1988-2025";"Cultural Studies (Q1); Social Sciences (miscellaneous) (Q1); Geography, Planning and Development (Q2); Management of Technology and Innovation (Q2); Organizational Behavior and Human Resource Management (Q2); Sociology and Political Science (Q2); Strategy and Management (Q2)";"Business, Management and Accounting; Social Sciences"
96;1200147101;"Sport in Society";journal;"17430445, 17430437";"Taylor and Francis Ltd.";No;No;0,575;Q1;55;150;387;9715;977;375;2,50;64,77;45,83;1;50;United Kingdom;Western Europe;"Taylor and Francis Ltd.";"2005-2025";"Cultural Studies (Q1); Sports Science (Q3)";"Health Professions; Social Sciences"
97;21100469450;"Communication, Culture and Critique";journal;"17539129, 17539137";"John Wiley &amp; Sons Inc.";No;No;0,574;Q1;24;46;157;1945;282;155;1,97;42,28;58,57;0;22;United States;Northern America;"John Wiley &amp; Sons Inc.";"2015-2024";"Communication (Q1); Cultural Studies (Q1); Computer Science Applications (Q2)";"Computer Science; Social Sciences"
98;21100979259;"Transgender Studies Quarterly";journal;"23289252, 23289260";"Duke University Press";No;No;0,572;Q1;17;40;135;1545;280;123;2,25;38,63;54,29;0;8;United States;Northern America;"Duke University Press";"2019-2024";"Cultural Studies (Q1); Gender Studies (Q2)";"Social Sciences"
99;19700188147;"Journal of International and Intercultural Communication";journal;"17513065, 17513057";"Routledge";No;No;0,571;Q1;33;23;69;1501;177;67;2,69;65,26;55,56;0;5;United States;Northern America;"Routledge";"2008-2025";"Communication (Q1); Cultural Studies (Q1)";"Social Sciences"
100;19700201170;"Journal of China Tourism Research";journal;"19388160, 19388179";"Taylor and Francis Ltd.";No;No;0,558;Q1;32;75;136;5963;472;134;3,43;79,51;49,76;0;31;United Kingdom;Western Europe;"Taylor and Francis Ltd.";"2008-2025";"Cultural Studies (Q1); Linguistics and Language (Q1); Tourism, Leisure and Hospitality Management (Q2)";"Business, Management and Accounting; Social Sciences"
101;21100446528;"Journal of Organizational Ethnography";journal;"20466757, 20466749";"Emerald Group Publishing Ltd.";No;No;0,556;Q1;23;33;67;1767;107;59;1,50;53,55;67,86;0;7;United Kingdom;Western Europe;"Emerald Group Publishing Ltd.";"2012-2025";"Anthropology (Q1); Cultural Studies (Q1); Organizational Behavior and Human Resource Management (Q2); Strategy and Management (Q2)";"Business, Management and Accounting; Social Sciences"
102;6500153218;"Latin American and Caribbean Ethnic Studies";journal;"17442222, 17442230";"Routledge";No;No;0,547;Q1;21;35;75;1789;76;71;1,00;51,11;47,37;1;12;United Kingdom;Western Europe;"Routledge";"2006-2025";"Anthropology (Q1); Cultural Studies (Q1); Sociology and Political Science (Q2)";"Social Sciences"
103;21101109778;"Whiteness and Education";journal;"23793414, 23793406";"Informa UK Limited";No;No;0,542;Q1;15;36;51;2138;119;51;2,64;59,39;63,24;1;7;United Kingdom;Western Europe;"Informa UK Limited";"2016-2025";"Cultural Studies (Q1); Demography (Q2); Education (Q2)";"Social Sciences"
104;21101041553;"Tourism and Management Studies";journal;"21828466, 21828458";"University of Algarve";Yes;Yes;0,541;Q1;14;30;51;2341;275;51;4,85;78,03;55,56;0;12;Portugal;Western Europe;"University of Algarve";"2019-2025";"Cultural Studies (Q1); Business, Management and Accounting (miscellaneous) (Q2); Tourism, Leisure and Hospitality Management (Q2)";"Business, Management and Accounting; Social Sciences"
105;21100889414;"Qudus International Journal of Islamic Studies";journal;"24769304, 23551895";"STAIN Kudus";Yes;No;0,537;Q1;13;1;47;32;105;47;1,54;32,00;50,00;0;0;Indonesia;Asiatic Region;"STAIN Kudus";"2018-2024";"Cultural Studies (Q1); History (Q1); Religious Studies (Q1); Political Science and International Relations (Q2)";"Arts and Humanities; Social Sciences"
106;5600152880;"Social Semiotics";journal;"10350330, 14701219";"Routledge";No;No;0,537;Q1;45;72;141;4484;346;136;2,11;62,28;46,67;1;21;United Kingdom;Western Europe;"Routledge";"1991-2025";"Cultural Studies (Q1); Linguistics and Language (Q1); Communication (Q2)";"Social Sciences"
107;27205;"Game Studies";journal;"16047982";"Game Studies";Yes;No;0,535;Q1;36;19;61;1112;75;56;1,31;58,53;36,00;0;1;Norway;Western Europe;"Game Studies";"2002-2006, 2008-2024";"Arts and Humanities (miscellaneous) (Q1); Cultural Studies (Q1); Applied Mathematics (Q2); Statistics, Probability and Uncertainty (Q2)";"Arts and Humanities; Decision Sciences; Mathematics; Social Sciences"
108;5700167221;"Journal of Contemporary European Studies";journal;"14782790, 14782804";"Routledge";No;No;0,534;Q1;29;137;201;9317;415;193;1,99;68,01;39,48;7;34;United Kingdom;Western Europe;"Routledge";"2007-2025";"Cultural Studies (Q1); Political Science and International Relations (Q2); Sociology and Political Science (Q2)";"Social Sciences"
109;21100779057;"World Leisure Journal";journal;"23334509, 16078055";"Taylor and Francis Ltd.";No;No;0,532;Q1;32;68;106;4262;292;92;2,82;62,68;43,75;0;24;United Kingdom;Western Europe;"Taylor and Francis Ltd.";"2000-2025";"Cultural Studies (Q1); Tourism, Leisure and Hospitality Management (Q2); Social Psychology (Q3)";"Business, Management and Accounting; Psychology; Social Sciences"
110;21101043799;"Emotions and Society";journal;"26316900, 26316897";"Policy Press";No;No;0,531;Q1;10;25;59;1155;93;53;1,70;46,20;87,50;0;6;United Kingdom;Western Europe;"Policy Press";"2019-2024";"Cultural Studies (Q1); Social Sciences (miscellaneous) (Q2); Sociology and Political Science (Q2); Social Psychology (Q3)";"Psychology; Social Sciences"
111;18000156705;"Soccer and Society";journal;"17439590, 14660970";"Routledge";No;No;0,529;Q1;40;93;226;4708;454;215;1,77;50,62;29,49;0;12;United Kingdom;Western Europe;"Routledge";"2009-2025";"Cultural Studies (Q1); Sociology and Political Science (Q2); Social Psychology (Q3)";"Psychology; Social Sciences"
112;21101108506;"Asia Pacific Translation and Intercultural Studies";journal;"23306351, 23306343";"Informa UK Limited";No;No;0,520;Q1;6;18;61;639;56;52;0,78;35,50;47,83;0;4;United Kingdom;Western Europe;"Informa UK Limited";"2019-2024";"Cultural Studies (Q1); Linguistics and Language (Q1)";"Social Sciences"
113;13414;"Contemporary Family Therapy";journal;"08922764, 15733335";"Kluwer Academic/Human Sciences Press Inc.";No;No;0,519;Q1;43;51;111;3004;198;108;1,69;58,90;61,84;0;12;United States;Northern America;"Kluwer Academic/Human Sciences Press Inc.";"1986-2025";"Cultural Studies (Q1); Clinical Psychology (Q2); Social Sciences (miscellaneous) (Q2); Social Psychology (Q3)";"Psychology; Social Sciences"
114;5700154315;"Family and Consumer Sciences Research Journal";journal;"1077727X, 15523934";"Wiley-Blackwell";No;No;0,513;Q1;42;23;75;869;104;61;1,50;37,78;66,00;0;6;United States;Northern America;"Wiley-Blackwell";"1972-1973, 1994-2024";"Cultural Studies (Q1); Sociology and Political Science (Q2)";"Social Sciences"
115;21101075553;"Bulletin of ASOR";journal;"27693600, 27693589";"University of Chicago Press";No;No;0,505;Q1;24;18;60;1401;75;60;1,32;77,83;40,00;0;4;United States;Northern America;"University of Chicago Press";"2022-2024";"Archeology (Q1); Archeology (arts and humanities) (Q1); Cultural Studies (Q1); History (Q1)";"Arts and Humanities; Social Sciences"
116;5600155048;"Space and Culture";journal;"12063312";"SAGE Publications Inc.";No;No;0,502;Q1;50;43;168;2073;260;165;1,36;48,21;57,14;0;27;United States;Northern America;"SAGE Publications Inc.";"1997-2025";"Arts and Humanities (miscellaneous) (Q1); Cultural Studies (Q1); Geography, Planning and Development (Q2); Urban Studies (Q2); Tourism, Leisure and Hospitality Management (Q3)";"Arts and Humanities; Business, Management and Accounting; Social Sciences"
117;21100897232;"REICE. Revista Iberoamericana Sobre Calidad, Eficacia y Cambio en Educacion";journal;"16964713";"Universidad Autonoma de Madrid";Yes;Yes;0,497;Q1;29;26;94;1144;203;93;1,62;44,00;59,46;0;15;Spain;Western Europe;"Universidad Autonoma de Madrid";"2003-2025";"Cultural Studies (Q1); Education (Q2); Sociology and Political Science (Q2)";"Social Sciences"
118;5700161189;"Culture and Organization";journal;"14772760, 14759551";"Routledge";No;No;0,495;Q1;27;54;98;3712;174;93;1,79;68,74;65,94;0;13;United Kingdom;Western Europe;"Routledge";"2009-2025";"Cultural Studies (Q1); Organizational Behavior and Human Resource Management (Q3)";"Business, Management and Accounting; Social Sciences"
119;19700173011;"Modern Intellectual History";journal;"14792451, 14792443";"Cambridge University Press";No;No;0,495;Q1;29;52;178;7948;164;177;0,81;152,85;24,14;0;4;United Kingdom;Western Europe;"Cambridge University Press";"2004-2025";"Cultural Studies (Q1); History (Q1); Philosophy (Q1); Sociology and Political Science (Q2)";"Arts and Humanities; Social Sciences"
120;5700168304;"Fashion Theory - Journal of Dress Body and Culture";journal;"1362704X";"Taylor and Francis Ltd.";No;No;0,492;Q1;40;64;155;2242;188;121;1,16;35,03;78,21;0;7;United Kingdom;Western Europe;"Taylor and Francis Ltd.";"2002-2025";"Cultural Studies (Q1); Visual Arts and Performing Arts (Q1)";"Arts and Humanities; Social Sciences"
121;19700169948;"Fashion Practice";journal;"17569370, 17569389";"Routledge";No;No;0,491;Q1;18;31;77;1584;160;65;2,85;51,10;77,78;0;9;United Kingdom;Western Europe;"Routledge";"2015-2025";"Cultural Studies (Q1); Visual Arts and Performing Arts (Q1)";"Arts and Humanities; Social Sciences"
122;21100812553;"Filosofia Theoretica";journal;"22768386, 24085987";"Calabar School of Philosophy";No;No;0,488;Q1;14;15;93;420;58;92;0,73;28,00;12,50;0;3;South Africa;Africa;"Calabar School of Philosophy";"2014-2024";"Cultural Studies (Q1); Philosophy (Q1); Religious Studies (Q1); Sociology and Political Science (Q2)";"Arts and Humanities; Social Sciences"
123;21101075508;"Journal of Applied Youth Studies";journal;"22049207, 22049193";"Springer Nature";No;No;0,480;Q1;10;45;66;2210;131;56;1,41;49,11;68,75;1;25;Singapore;Asiatic Region;"Springer Nature";"2020-2025";"Anthropology (Q1); Cultural Studies (Q1); Education (Q2); Social Sciences (miscellaneous) (Q2); Sociology and Political Science (Q2)";"Social Sciences"
124;10600153338;"Integrative Psychological and Behavioral Science";journal;"19324502, 19363567";"Springer New York";No;No;0,470;Q1;44;112;183;6687;273;182;1,59;59,71;34,01;1;6;United States;Northern America;"Springer New York";"1969, 1976, 2007-2025";"Anthropology (Q1); Cultural Studies (Q1); Philosophy (Q1); Applied Psychology (Q3); Experimental and Cognitive Psychology (Q3); Neuropsychology and Physiological Psychology (Q3); Social Psychology (Q3); Behavioral Neuroscience (Q4)";"Arts and Humanities; Neuroscience; Psychology; Social Sciences"
125;19700188330;"Communication and Critical/ Cultural Studies";journal;"14791420, 14794233";"Routledge";No;No;0,469;Q1;30;32;113;333;142;112;1,19;10,41;80,00;0;9;United States;Northern America;"Routledge";"2010-2024";"Cultural Studies (Q1); Communication (Q2)";"Social Sciences"
126;21100202940;"International Journal of Multicultural Education";journal;"19345267";"Eastern University";Yes;Yes;0,467;Q1;27;13;59;717;99;59;0,91;55,15;82,14;0;2;United States;Northern America;"Eastern University";"2007-2024";"Anthropology (Q1); Cultural Studies (Q1); Education (Q2); Social Sciences (miscellaneous) (Q2)";"Social Sciences"
127;5600153637;"Journal of Communication Inquiry";journal;"01968599";"SAGE Publications Inc.";No;No;0,466;Q1;40;43;99;2402;199;86;2,00;55,86;54,93;0;11;United States;Northern America;"SAGE Publications Inc.";"1974-1982, 1984-2025";"Arts and Humanities (miscellaneous) (Q1); Cultural Studies (Q1); Communication (Q2)";"Arts and Humanities; Social Sciences"
128;4000151708;"China Review";journal;"16802012";"Cluj University Press";No;No;0,464;Q1;26;32;128;1320;225;127;1,52;41,25;30,43;0;9;China;Asiatic Region;"Cluj University Press";"2005-2024";"Cultural Studies (Q1)";"Social Sciences"
129;6500153140;"Popular Music and Society";journal;"03007766";"Taylor and Francis Ltd.";No;No;0,457;Q1;35;35;114;1945;136;113;1,44;55,57;54,76;0;5;United Kingdom;Western Europe;"Taylor and Francis Ltd.";"1971-1975, 1977-2001, 2003-2025";"Cultural Studies (Q1); Music (Q1)";"Arts and Humanities; Social Sciences"
130;21100801744;"Violence and Gender";journal;"23267852, 23267836";"Mary Ann Liebert Inc.";No;No;0,457;Q1;23;24;84;1110;134;81;1,05;46,25;75,00;1;22;United States;Northern America;"Mary Ann Liebert Inc.";"2014-2025";"Cultural Studies (Q1); Gender Studies (Q2); Health (social science) (Q2); Psychiatry and Mental Health (Q3); Social Psychology (Q3)";"Medicine; Psychology; Social Sciences"
131;5700160619;"Cultural Studies - Critical Methodologies";journal;"15327086";"SAGE Publications Inc.";No;No;0,456;Q1;46;68;191;2238;274;190;1,71;32,91;70,29;0;17;United States;Northern America;"SAGE Publications Inc.";"2001-2025";"Arts and Humanities (miscellaneous) (Q1); Cultural Studies (Q1)";"Arts and Humanities; Social Sciences"
132;5700164098;"Communication and Society";journal;"23867876, 02140039";"Universidad de Navarra";Yes;No;0,455;Q1;27;65;180;3647;430;179;2,33;56,11;46,76;0;17;Spain;Western Europe;"Universidad de Navarra";"1999, 2001, 2010-2024";"Cultural Studies (Q1); Communication (Q2)";"Social Sciences"
133;24846;"Critical Inquiry";journal;"15397858, 00931896";"University of Chicago Press";No;No;0,453;Q1;84;38;125;73;199;119;1,38;1,92;45,71;0;3;United States;Northern America;"University of Chicago Press";"1976, 1985-1987, 1996-2024";"Arts and Humanities (miscellaneous) (Q1); Cultural Studies (Q1)";"Arts and Humanities; Social Sciences"
134;19700168801;"Journal of Eurasian Studies";journal;"18793665";"Hanyang University";Yes;Yes;0,453;Q1;31;31;55;1758;111;51;1,24;56,71;53,57;1;15;South Korea;Asiatic Region;"Hanyang University";"2010-2024";"Cultural Studies (Q1); History (Q1); Sociology and Political Science (Q2)";"Arts and Humanities; Social Sciences"
135;5600153217;"Journal of Islamic Studies";journal;"09552340, 14716917";"Oxford University Press";No;No;0,446;Q1;18;8;24;637;17;24;0,69;79,63;0,00;0;1;United Kingdom;Western Europe;"Oxford University Press";"1990-1996, 2009-2024";"Cultural Studies (Q1); History (Q1); Literature and Literary Theory (Q1); Religious Studies (Q1)";"Arts and Humanities; Social Sciences"
136;5800169155;"Ethnopolitics";journal;"17449057";"Routledge";No;No;0,442;Q1;28;52;110;3682;161;101;1,61;70,81;32,05;1;6;United Kingdom;Western Europe;"Routledge";"2010-2025";"Cultural Studies (Q1); History (Q1); Political Science and International Relations (Q2)";"Arts and Humanities; Social Sciences"
137;27733;"Latin American Research Review";journal;"00238791, 15424278";"Cambridge University Press";Yes;Yes;0,442;Q1;58;57;157;3142;161;150;0,92;55,12;39,53;0;26;United States;Northern America;"Cambridge University Press";"1965-2025";"Anthropology (Q1); Arts and Humanities (miscellaneous) (Q1); Cultural Studies (Q1); History (Q1); Literature and Literary Theory (Q1); Multidisciplinary (Q1); Development (Q2); Economics, Econometrics and Finance (miscellaneous) (Q2); Geography, Planning and Development (Q2); Political Science and International Relations (Q2); Sociology and Political Science (Q2)";"Arts and Humanities; Economics, Econometrics and Finance; Multidisciplinary; Social Sciences"
138;12100154707;"Journal of Asian Architecture and Building Engineering";journal;"13472852, 13467581";"Taylor and Francis Ltd.";Yes;No;0,441;Q1;33;425;456;22348;1084;456;2,34;52,58;36,40;0;227;Japan;Asiatic Region;"Taylor and Francis Ltd.";"2002-2025";"Architecture (Q1); Arts and Humanities (miscellaneous) (Q1); Cultural Studies (Q1); Building and Construction (Q2); Civil and Structural Engineering (Q2)";"Arts and Humanities; Engineering; Social Sciences"
139;14768;"Hispanic Journal of Behavioral Sciences";journal;"15526364, 07399863";"SAGE Publications Inc.";No;No;0,439;Q1;74;11;46;550;72;45;0,61;50,00;56,82;0;6;United States;Northern America;"SAGE Publications Inc.";"1979-2025";"Anthropology (Q1); Cultural Studies (Q1); Linguistics and Language (Q1); Social Psychology (Q3)";"Psychology; Social Sciences"
140;30015;"Journal of Multicultural Counseling and Development";journal;"08838534";"Wiley-Blackwell";No;No;0,439;Q1;52;22;67;897;108;65;1,40;40,77;57,75;0;6;United States;Northern America;"Wiley-Blackwell";"1985-2025";"Cultural Studies (Q1); Applied Psychology (Q3)";"Psychology; Social Sciences"
141;21100425898;"Fat Studies";journal;"2160486X, 21604851";"Taylor and Francis Ltd.";No;No;0,435;Q1;22;25;87;974;128;81;1,58;38,96;79,55;0;12;United Kingdom;Western Europe;"Taylor and Francis Ltd.";"2012-2024";"Anthropology (Q1); Cultural Studies (Q1); Gender Studies (Q2); Health (social science) (Q3); Nutrition and Dietetics (Q3); Social Psychology (Q3)";"Nursing; Psychology; Social Sciences"
142;5300152518;"Ethnobotany Research and Applications";journal;"15473465";"";Yes;No;0,434;Q1;38;178;318;12433;976;313;2,98;69,85;35,57;1;90;United States;Northern America;"";"2007-2025";"Anthropology (Q1); Cultural Studies (Q1); Nature and Landscape Conservation (Q2); Plant Science (Q2)";"Agricultural and Biological Sciences; Environmental Science; Social Sciences"
143;21100863480;"New Research of Tuva";journal;"20798482";"Ch. K. Lamazhaa";Yes;No;0,434;Q1;15;81;203;2566;290;203;1,61;31,68;70,00;0;18;Russian Federation;Eastern Europe;"Ch. K. Lamazhaa";"2016-2024";"Anthropology (Q1); Cultural Studies (Q1); History (Q1)";"Arts and Humanities; Social Sciences"
144;21101146408;"Si Somos Americanos";journal;"07190948, 07182910";"Arturo Prat University";Yes;Yes;0,434;Q1;6;16;48;957;38;47;1,03;59,81;50,00;0;7;Chile;Latin America;"Arturo Prat University";"2019-2024";"Cultural Studies (Q1); History (Q1); Social Sciences (miscellaneous) (Q2)";"Arts and Humanities; Social Sciences"
145;21101041529;"Revista Mediterranea de Comunicacion";journal;"1989872X, 25300024";"Universidad de Alicante";Yes;Yes;0,432;Q1;12;59;147;2318;218;130;1,62;39,29;48,78;0;11;Spain;Western Europe;"Universidad de Alicante";"2020-2025";"Cultural Studies (Q1); Communication (Q2)";"Social Sciences"
146;5700167003;"Cultural Politics";journal;"17432197";"Duke University Press";No;No;0,431;Q1;18;31;73;1103;70;69;1,13;35,58;35,29;0;7;United States;Northern America;"Duke University Press";"2012-2024";"Cultural Studies (Q1); Communication (Q2); Sociology and Political Science (Q2)";"Social Sciences"
147;5600153131;"Social Analysis";journal;"15585727, 0155977X";"Berghahn Journals";Yes;Yes;0,431;Q1;36;13;85;557;95;84;0,90;42,85;31,58;0;7;United Kingdom;Western Europe;"Berghahn Journals";"2002-2024";"Anthropology (Q1); Arts and Humanities (miscellaneous) (Q1); Cultural Studies (Q1); Sociology and Political Science (Q2)";"Arts and Humanities; Social Sciences"
148;25958;"Slavic Review";journal;"00376779";"Cambridge University Press";No;No;0,429;Q1;46;24;130;2131;131;122;0,68;88,79;57,14;0;4;United States;Northern America;"Cambridge University Press";"1966, 1977, 1979, 1981-1982, 1985-1987, 1996-2024";"Arts and Humanities (miscellaneous) (Q1); Cultural Studies (Q1)";"Arts and Humanities; Social Sciences"
149;21101121509;"Ulumuna";journal;"14113457, 23557648";"Universitas Islam Negeri (UIN) Mataram";Yes;Yes;0,426;Q1;7;37;70;1797;128;70;2,19;48,57;21,25;0;10;Indonesia;Asiatic Region;"Universitas Islam Negeri (UIN) Mataram";"2019-2024";"Arts and Humanities (miscellaneous) (Q1); Cultural Studies (Q1); History (Q1); Philosophy (Q1); Religious Studies (Q1); Education (Q2); Sociology and Political Science (Q2)";"Arts and Humanities; Social Sciences"
150;12900154715;"International Journal of Ageing and Later Life";journal;"16528670";"Linkoping University Electronic Press";Yes;Yes;0,423;Q1;22;3;24;201;46;23;1,89;67,00;76,92;0;2;Sweden;Western Europe;"Linkoping University Electronic Press";"2008-2024";"Cultural Studies (Q1); Gender Studies (Q2); Health (social science) (Q3); Life-span and Life-course Studies (Q3)";"Social Sciences"
151;82109;"Continuum";journal;"14693666, 10304312";"Taylor and Francis Ltd.";No;No;0,419;Q1;42;87;195;3361;246;185;1,04;38,63;61,42;0;20;United Kingdom;Western Europe;"Taylor and Francis Ltd.";"1980-1981, 1988-1994, 2008-2025";"Cultural Studies (Q1); Visual Arts and Performing Arts (Q1)";"Arts and Humanities; Social Sciences"
152;19700187613;"Diaspora, Indigenous, and Minority Education";journal;"15595706, 15595692";"Taylor and Francis Ltd.";No;No;0,418;Q1;18;51;81;2736;160;71;2,00;53,65;68,37;0;25;United States;Northern America;"Taylor and Francis Ltd.";"2010-2025";"Cultural Studies (Q1); Education (Q2)";"Social Sciences"
153;21101039228;"European Journal of Applied Linguistics";journal;"21929521, 2192953X";"De Gruyter Mouton";No;No;0,417;Q1;18;22;54;1136;73;54;1,11;51,64;70,00;0;5;Germany;Western Europe;"De Gruyter Mouton";"2013-2025";"Cultural Studies (Q1); Linguistics and Language (Q1); Communication (Q2)";"Social Sciences"
154;24470;"Childhood";journal;"09075682, 14617013";"SAGE Publications Ltd";No;No;0,416;Q1;77;45;113;1869;244;101;2,24;41,53;81,89;0;22;United Kingdom;Western Europe;"SAGE Publications Ltd";"1993-1994, 1996-2025";"Anthropology (Q1); Cultural Studies (Q1); Sociology and Political Science (Q2); Developmental and Educational Psychology (Q3); Life-span and Life-course Studies (Q3)";"Psychology; Social Sciences"
155;21100860053;"eTropic";journal;"14482940";"James Cook University";Yes;Yes;0,416;Q1;9;26;66;936;97;66;1,35;36,00;35,29;0;7;Australia;Pacific Region;"James Cook University";"2018-2024";"Arts and Humanities (miscellaneous) (Q1); Cultural Studies (Q1); History (Q1); Literature and Literary Theory (Q1); Social Sciences (miscellaneous) (Q2); Urban Studies (Q2)";"Arts and Humanities; Social Sciences"
156;21101158599;"Society Register";journal;"25445502";"Uniwersytet im. Adama Mickiewicza w Poznaniu";Yes;Yes;0,416;Q1;5;12;20;789;68;20;3,40;65,75;37,50;0;10;Poland;Eastern Europe;"Uniwersytet im. Adama Mickiewicza w Poznaniu";"2023-2024";"Cultural Studies (Q1); Gender Studies (Q2); Political Science and International Relations (Q2); Sociology and Political Science (Q2)";"Social Sciences"
157;19900192514;"Dynamics of Asymmetric Conflict: Pathways toward Terrorism and Genocide";journal;"17467594, 17467586";"Routledge";No;No;0,415;Q1;19;31;48;2228;57;40;1,52;71,87;31,58;0;10;United Kingdom;Western Europe;"Routledge";"2010-2025";"Cultural Studies (Q1); Law (Q2); Political Science and International Relations (Q2); Sociology and Political Science (Q2); Social Psychology (Q3)";"Psychology; Social Sciences"
158;21100870605;"European Journal of Cultural and Political Sociology";journal;"23254815, 23254823";"Taylor and Francis Ltd.";No;No;0,412;Q1;17;33;72;1339;98;59;1,41;40,58;50,00;0;7;United Kingdom;Western Europe;"Taylor and Francis Ltd.";"2014-2024";"Cultural Studies (Q1); Sociology and Political Science (Q2)";"Social Sciences"
159;21101132227;"Culture and Evolution";journal;"29397375";"Akademiai Kiado";No;No;0,408;Q1;28;2;11;146;16;10;1,45;73,00;66,67;0;0;Hungary;Eastern Europe;"Akademiai Kiado";"2022-2024";"Anthropology (Q1); Cultural Studies (Q1); Ecology, Evolution, Behavior and Systematics (Q2); Experimental and Cognitive Psychology (Q3); Social Psychology (Q3)";"Agricultural and Biological Sciences; Psychology; Social Sciences"
160;17900156739;"Journal of Eastern African Studies";journal;"17531055, 17531063";"Routledge";No;No;0,405;Q1;39;30;99;1512;111;96;0,73;50,40;43,24;3;16;United Kingdom;Western Europe;"Routledge";"2009-2024";"Anthropology (Q1); Cultural Studies (Q1); History (Q1); Political Science and International Relations (Q2); Sociology and Political Science (Q2)";"Arts and Humanities; Social Sciences"
161;27099;"Acta Geographica Slovenica";journal;"15816613, 15818314";"ZRC SAZU, Zalozba ZRC";Yes;Yes;0,403;Q1;28;15;66;1095;115;66;1,21;73,00;47,92;0;7;Slovenia;Eastern Europe;"ZRC SAZU, Zalozba ZRC";"2003-2025";"Cultural Studies (Q1); Earth and Planetary Sciences (miscellaneous) (Q2); Geography, Planning and Development (Q2)";"Earth and Planetary Sciences; Social Sciences"
162;19700188256;"Middle East Critique";journal;"19436149, 19436157";"Routledge";No;No;0,403;Q1;23;50;87;2913;120;76;1,52;58,26;46,88;0;18;United States;Northern America;"Routledge";"2010-2025";"Cultural Studies (Q1); History (Q1); Political Science and International Relations (Q2)";"Arts and Humanities; Social Sciences"
163;21100897166;"Journal of Global Buddhism";journal;"15276457";"University of Lucerne";Yes;Yes;0,402;Q1;8;7;45;348;50;44;0,67;49,71;36,36;0;2;United States;Northern America;"University of Lucerne";"2018-2024";"Cultural Studies (Q1); History (Q1); Religious Studies (Q1); Sociology and Political Science (Q2)";"Arts and Humanities; Social Sciences"
164;6700153290;"Contemporary Islam";journal;"18720218, 18720226";"Springer Netherlands";No;No;0,401;Q1;26;33;73;1816;95;73;0,98;55,03;22,00;0;11;Netherlands;Western Europe;"Springer Netherlands";"2007-2025";"Cultural Studies (Q1); Religious Studies (Q1)";"Arts and Humanities; Social Sciences"
165;21100455415;"Regional Statistics";journal;"20648243, 20639538";"Hungarian Central Statistical Office";No;No;0,400;Q1;21;48;112;2467;249;112;2,20;51,40;36,94;0;36;Hungary;Eastern Europe;"Hungarian Central Statistical Office";"2015-2024";"Cultural Studies (Q1); Geography, Planning and Development (Q2); Public Administration (Q2); Economics and Econometrics (Q3); Statistics and Probability (Q3)";"Economics, Econometrics and Finance; Mathematics; Social Sciences"
166;200147126;"Journal of Intercultural Studies";journal;"07256868, 14699540";"Taylor and Francis Ltd.";No;No;0,399;Q1;46;78;165;4282;246;146;1,56;54,90;66,94;0;40;United Kingdom;Western Europe;"Taylor and Francis Ltd.";"1980-2025";"Cultural Studies (Q1); History (Q1); Sociology and Political Science (Q2)";"Arts and Humanities; Social Sciences"
167;25059;"Contemporary Jewry";journal;"01471694";"Association for the Sociological Study of Jewry";No;No;0,398;Q1;19;49;126;2036;104;112;0,54;41,55;50,85;0;12;Netherlands;Western Europe;"Association for the Sociological Study of Jewry";"1976-1978, 1980, 1982-1983, 1986-2003, 2005-2024";"Anthropology (Q1); Cultural Studies (Q1); History (Q1); Religious Studies (Q1)";"Arts and Humanities; Social Sciences"
168;21101037149;"Training, Language and Culture";journal;"2521442X, 25202073";"RUDN University";Yes;Yes;0,398;Q1;11;32;87;1708;108;87;1,34;53,38;59,02;0;6;Russian Federation;Eastern Europe;"RUDN University";"2017-2024";"Cultural Studies (Q1); Linguistics and Language (Q1); Education (Q2)";"Social Sciences"
169;21101038727;"Etnografia";journal;"26188600, 26870789";"Peter the Great Museum of Anthropology and Ethnography (Kunstkamera), Russian Academy of Sciences";No;No;0,396;Q1;7;44;130;968;56;130;0,45;22,00;48,94;0;9;Russian Federation;Eastern Europe;"Peter the Great Museum of Anthropology and Ethnography (Kunstkamera), Russian Academy of Sciences";"2018-2024";"Anthropology (Q1); Cultural Studies (Q1); History (Q1); Arts and Humanities (miscellaneous) (Q2)";"Arts and Humanities; Social Sciences"
170;5600153223;"Migraciones";journal;"23410833, 11385774";"Universidad Pontificia Comillas de Madrid";Yes;Yes;0,396;Q1;14;17;94;875;110;93;1,00;51,47;51,43;0;8;Spain;Western Europe;"Universidad Pontificia Comillas de Madrid";"2012-2024";"Cultural Studies (Q1); Demography (Q2)";"Social Sciences"
171;5800207716;"Gesture";journal;"15699773, 15681475";"John Benjamins Publishing Company";No;No;0,394;Q1;47;0;33;0;48;33;1,05;0,00;0,00;0;0;Netherlands;Western Europe;"John Benjamins Publishing Company";"2001-2014, 2016-2025";"Cultural Studies (Q1); Linguistics and Language (Q1); Communication (Q2); Experimental and Cognitive Psychology (Q3)";"Psychology; Social Sciences"
172;21100384282;"Journal for Multicultural Education";journal;"20535368, 2053535X";"Emerald Group Publishing Ltd.";No;No;0,393;Q1;20;42;106;2000;180;102;1,74;47,62;63,44;0;15;United Kingdom;Western Europe;"Emerald Group Publishing Ltd.";"2014-2025";"Cultural Studies (Q1); Linguistics and Language (Q1); Education (Q2)";"Social Sciences"
173;21101264428;"Journal of Culture and Values in Education";journal;"2590342X";"OpenED Network";Yes;No;0,392;Q1;8;54;55;2516;137;54;2,49;46,59;47,30;0;28;Turkey;Middle East;"OpenED Network";"2022-2024";"Cultural Studies (Q1); Linguistics and Language (Q1); Education (Q2); Social Sciences (miscellaneous) (Q2)";"Social Sciences"
174;21101046763;"MedieKultur";journal;"19019726";"Society of Media Researchers In Denmark";Yes;Yes;0,392;Q1;9;18;54;978;75;51;0,88;54,33;60,00;0;4;Denmark;Western Europe;"Society of Media Researchers In Denmark";"2018-2024";"Cultural Studies (Q1); Arts and Humanities (miscellaneous) (Q2); Communication (Q2); Sociology and Political Science (Q2)";"Arts and Humanities; Social Sciences"
175;21100874350;"Baltic Region";journal;"23100524, 20798555";"Immanuel Kant Baltic Federal University";Yes;Yes;0,390;Q1;11;34;107;1160;119;106;1,08;34,12;48,48;0;15;Russian Federation;Eastern Europe;"Immanuel Kant Baltic Federal University";"2018-2024";"Cultural Studies (Q1); History (Q1); Economics, Econometrics and Finance (miscellaneous) (Q2); Geography, Planning and Development (Q2); Social Sciences (miscellaneous) (Q2); Sociology and Political Science (Q2)";"Arts and Humanities; Economics, Econometrics and Finance; Social Sciences"
176;6000159531;"International Journal of Cultural Property";journal;"14657317, 09407391";"Cambridge University Press";No;No;0,390;Q1;29;16;80;1016;76;79;1,00;63,50;32,00;0;6;United Kingdom;Western Europe;"Cambridge University Press";"1992-2002, 2005-2025";"Anthropology (Q1); Conservation (Q1); Cultural Studies (Q1); History (Q1); Museology (Q1); Law (Q2)";"Arts and Humanities; Social Sciences"
177;21100886544;"Journal of Contemporary East Asia Studies";journal;"24761028, 24761036";"Routledge";Yes;No;0,390;Q1;16;4;54;148;110;53;0,86;37,00;57,14;0;2;United Kingdom;Western Europe;"Routledge";"2017-2025";"Cultural Studies (Q1); Development (Q2); Sociology and Political Science (Q2)";"Social Sciences"
178;5600155552;"Journal of African Cultural Studies";journal;"13696815";"Routledge";No;No;0,389;Q1;23;48;122;1293;120;94;0,76;26,94;38,71;0;10;United Kingdom;Western Europe;"Routledge";"2009-2025";"Cultural Studies (Q1); Linguistics and Language (Q1); Literature and Literary Theory (Q1); Music (Q1); Visual Arts and Performing Arts (Q1)";"Arts and Humanities; Social Sciences"
179;21100814050;"Millennial Asia";journal;"23217081, 09763996";"SAGE Publications Inc.";No;No;0,388;Q1;14;65;100;3940;164;99;1,58;60,62;31,25;1;51;United Kingdom;Western Europe;"SAGE Publications Inc.";"2014-2025";"Cultural Studies (Q1); Development (Q2); Economics, Econometrics and Finance (miscellaneous) (Q2); Political Science and International Relations (Q2); Sociology and Political Science (Q2)";"Economics, Econometrics and Finance; Social Sciences"
180;21100876251;"Vestnik Sankt-Peterburgskogo Universiteta, Filosofiia i Konfliktologiia";journal;"25422278, 25419382";"Saint Petersburg State University";Yes;No;0,383;Q1;6;44;166;1006;55;166;0,35;22,86;41,79;0;5;Russian Federation;Eastern Europe;"Saint Petersburg State University";"2017-2024";"Cultural Studies (Q1); Philosophy (Q1); Religious Studies (Q1); Sociology and Political Science (Q2)";"Arts and Humanities; Social Sciences"
181;21101028070;"Interiority";journal;"26153386, 26146584";"Faculty of Engineering, Universitas Indonesia";Yes;Yes;0,382;Q1;9;14;44;413;58;40;1,46;29,50;61,11;0;3;Indonesia;Asiatic Region;"Faculty of Engineering, Universitas Indonesia";"2018-2025";"Architecture (Q1); Cultural Studies (Q1); Visual Arts and Performing Arts (Q1); Arts and Humanities (miscellaneous) (Q2)";"Arts and Humanities; Engineering; Social Sciences"
182;21100200613;"Creative Industries Journal";journal;"17510708, 17510694";"Taylor and Francis Ltd.";No;No;0,380;Q1;17;59;88;2653;172;79;1,54;44,97;42,86;4;28;United Kingdom;Western Europe;"Taylor and Francis Ltd.";"2011-2025";"Cultural Studies (Q1); Visual Arts and Performing Arts (Q1); Communication (Q2); Management of Technology and Innovation (Q3); Strategy and Management (Q3)";"Arts and Humanities; Business, Management and Accounting; Social Sciences"
183;21100903469;"Russia in Global Affairs";journal;"18106374, 26189844";"Foreign Policy Research Foundation";No;No;0,380;Q1;9;47;148;1428;89;122;0,59;30,38;22,41;2;12;Russian Federation;Eastern Europe;"Foreign Policy Research Foundation";"2018-2024";"Cultural Studies (Q1); History (Q1); Political Science and International Relations (Q2); Sociology and Political Science (Q2)";"Arts and Humanities; Social Sciences"
184;13475;"Culture and Psychology";journal;"14617056, 1354067X";"SAGE Publications Ltd";No;No;0,378;Q1;58;97;123;5913;174;120;1,28;60,96;56,52;0;22;United Kingdom;Western Europe;"SAGE Publications Ltd";"1995-2025";"Anthropology (Q1); Cultural Studies (Q1); Sociology and Political Science (Q2); Social Psychology (Q3)";"Psychology; Social Sciences"
185;6500153199;"Popular Music";journal;"14740095, 02611430";"Cambridge University Press";No;No;0,376;Q1;43;11;73;496;99;72;1,29;45,09;45,45;0;0;United Kingdom;Western Europe;"Cambridge University Press";"1981-1985, 1987-2025";"Cultural Studies (Q1); Music (Q1)";"Arts and Humanities; Social Sciences"
186;19900192579;"Cultura, Lenguaje y Representacion";journal;"23404981, 16977750";"Universitat Jaume I";Yes;Yes;0,375;Q1;10;39;96;1666;101;93;0,55;42,72;74,42;0;6;Spain;Western Europe;"Universitat Jaume I";"2011-2024";"Cultural Studies (Q1); Linguistics and Language (Q1); Literature and Literary Theory (Q1); Communication (Q2)";"Arts and Humanities; Social Sciences"
187;19700187605;"South Asian Diaspora";journal;"19438184, 19438192";"Routledge";No;No;0,375;Q1;16;52;44;2474;62;43;1,27;47,58;55,26;0;14;United Kingdom;Western Europe;"Routledge";"2009-2025";"Cultural Studies (Q1); Anthropology (Q2); Sociology and Political Science (Q2)";"Social Sciences"
188;21100898691;"Signs and Society";journal;"23264497, 23264489";"Cambridge University Press";No;No;0,374;Q1;15;11;44;623;59;44;1,29;56,64;70,59;0;0;United States;Northern America;"Cambridge University Press";"2015-2024";"Cultural Studies (Q1); Linguistics and Language (Q1); Visual Arts and Performing Arts (Q1); Communication (Q2)";"Arts and Humanities; Social Sciences"
189;21100901052;"East Asian Pragmatics";journal;"20557760";"Equinox Publishing Ltd";No;No;0,373;Q1;8;8;73;378;34;72;0,32;47,25;50,00;0;1;United Kingdom;Western Europe;"Equinox Publishing Ltd";"2018-2024";"Cultural Studies (Q1); Linguistics and Language (Q1); Communication (Q2)";"Social Sciences"
190;21100928677;"Conflict and Society";journal;"21644543, 21644551";"Berghahn Journals";Yes;Yes;0,372;Q1;8;11;38;620;41;38;0,82;56,36;69,23;0;2;United States;Northern America;"Berghahn Journals";"2018-2024";"Cultural Studies (Q1); Anthropology (Q2); Political Science and International Relations (Q2); Sociology and Political Science (Q2)";"Social Sciences"
191;21100218047;"Journal of the North Atlantic";journal;"19351933, 19351984";"Eagle Hill Foundation";No;No;0,371;Q1;11;1;2;122;3;2;1,50;122,00;50,00;0;0;United States;Northern America;"Eagle Hill Foundation";"2012, 2014-2020, 2022, 2024";"Archeology (Q1); Archeology (arts and humanities) (Q1); Cultural Studies (Q1); History (Q1); Anthropology (Q2)";"Arts and Humanities; Social Sciences"
192;16800154752;"Journal of Cognition and Culture";journal;"15677095, 15685373";"Brill Academic Publishers";No;No;0,370;Q1;50;17;69;1287;62;69;0,91;75,71;54,29;0;2;Netherlands;Western Europe;"Brill Academic Publishers";"2001-2025";"Cultural Studies (Q1); Arts and Humanities (miscellaneous) (Q2); Experimental and Cognitive Psychology (Q3); Social Psychology (Q3)";"Arts and Humanities; Psychology; Social Sciences"
193;21101019741;"Studies in Agricultural Economics";journal;"14182106, 20630476";"";Yes;Yes;0,370;Q1;20;19;47;713;83;47;1,26;37,53;36,92;0;16;Hungary;Eastern Europe;"";"2011-2024";"Cultural Studies (Q1); Agricultural and Biological Sciences (miscellaneous) (Q2); Development (Q2); Geography, Planning and Development (Q2); Economics and Econometrics (Q3)";"Agricultural and Biological Sciences; Economics, Econometrics and Finance; Social Sciences"
194;21101170721;"DiGeSt - Journal of Diversity and Gender Studies";journal;"25930281, 25930273";"Universiteit Gent";Yes;Yes;0,368;Q1;7;22;43;972;58;35;1,32;44,18;78,95;0;14;Belgium;Western Europe;"Universiteit Gent";"2019-2024";"Cultural Studies (Q1); Anthropology (Q2); Gender Studies (Q2); Political Science and International Relations (Q2)";"Social Sciences"
195;21100927901;"Journal of Al-Tamaddun";journal;"18237517, 22892672";"Academy of Islamic Studies, Dept of Islamic History and Civilization, University of Malaya";Yes;Yes;0,368;Q1;6;44;97;2271;103;97;1,11;51,61;31,63;0;5;Malaysia;Asiatic Region;"Academy of Islamic Studies, Dept of Islamic History and Civilization, University of Malaya";"2019-2024";"Cultural Studies (Q1); History (Q1); Religious Studies (Q1); Anthropology (Q2)";"Arts and Humanities; Social Sciences"
196;200147124;"Journal for Cultural Research";journal;"14797585";"Routledge";No;No;0,367;Q1;25;54;75;2130;114;73;1,06;39,44;31,94;0;9;United Kingdom;Western Europe;"Routledge";"2005-2025";"Cultural Studies (Q1); Anthropology (Q2)";"Social Sciences"
197;25657;"HAHR - Hispanic American Historical Review";journal;"00182168";"Duke University Press";No;No;0,365;Q1;30;16;46;1644;34;46;0,58;102,75;50,00;0;4;United States;Northern America;"Duke University Press";"1962, 1970, 1980, 1982, 1987, 1989, 1995, 1999, 2001-2025";"Cultural Studies (Q1); History (Q1)";"Arts and Humanities; Social Sciences"
198;20600195073;"International Indigenous Policy Journal";journal;"19165781";"Scholarship at Western";Yes;Yes;0,365;Q1;27;12;55;813;68;55;0,97;67,75;58,73;0;6;United Kingdom;Western Europe;"Scholarship at Western";"2010-2024";"Cultural Studies (Q1); Anthropology (Q2); Sociology and Political Science (Q2)";"Social Sciences"
199;21100316465;"Apunts. Educacion Fisica y Deportes";journal;"15774015, 20140983";"Institut Nacional d'Educacio Fisica de Catalunya";Yes;Yes;0,364;Q1;19;28;107;1063;190;107;1,56;37,96;28,80;0;7;Spain;Western Europe;"Institut Nacional d'Educacio Fisica de Catalunya";"2000, 2002, 2013-2025";"Cultural Studies (Q1); Education (Q3)";"Social Sciences"
200;5600155088;"Contemporary British History";journal;"13619462";"Routledge";No;No;0,364;Q1;21;39;71;2485;56;69;0,71;63,72;32,76;0;13;United Kingdom;Western Europe;"Routledge";"2001, 2007-2025";"Cultural Studies (Q1); History (Q1); Development (Q2); Political Science and International Relations (Q2); Safety Research (Q2)";"Arts and Humanities; Social Sciences"
201;21101172014;"Designs for Learning";journal;"20017480";"Stockholm University Press";Yes;No;0,364;Q1;7;0;27;0;37;26;1,38;0,00;0,00;0;0;Sweden;Western Europe;"Stockholm University Press";"2019-2023";"Cultural Studies (Q1); Linguistics and Language (Q1); Communication (Q2); Ecology (Q2); Developmental and Educational Psychology (Q3); Education (Q3); Human-Computer Interaction (Q3)";"Computer Science; Environmental Science; Psychology; Social Sciences"
202;21100229214;"Malaysian Journal of Learning and Instruction";journal;"21802483, 16758110";"Universiti Utara Malaysia Press";Yes;No;0,364;Q1;20;23;53;1364;126;53;2,32;59,30;41,38;0;14;Malaysia;Asiatic Region;"Universiti Utara Malaysia Press";"2006, 2010, 2012-2025";"Cultural Studies (Q1); Developmental and Educational Psychology (Q3); Education (Q3); Psychology (miscellaneous) (Q3)";"Psychology; Social Sciences"
203;5600155537;"Intercultural Education";journal;"14675986, 14698439";"Routledge";No;No;0,363;Q1;35;44;130;2084;172;122;1,10;47,36;56,57;0;17;United Kingdom;Western Europe;"Routledge";"2010-2025";"Cultural Studies (Q1); Education (Q3)";"Social Sciences"
204;21100863482;"Revista de Comunicacion";journal;"16840933, 22271465";"University of Piura";Yes;Yes;0,362;Q1;16;46;128;2884;213;121;1,75;62,70;53,06;0;14;Peru;Latin America;"University of Piura";"2018-2024";"Cultural Studies (Q1); Communication (Q2)";"Social Sciences"
205;21100932832;"World Journal of Entrepreneurship, Management and Sustainable Development";journal;"20425961, 2042597X";"World Association for Sustainable Development";No;No;0,362;Q1;18;11;97;467;228;95;1,06;42,45;37,04;0;7;United Kingdom;Western Europe;"World Association for Sustainable Development";"2013, 2017-2025";"Cultural Studies (Q1); Demography (Q2); Economics, Econometrics and Finance (miscellaneous) (Q2); Sociology and Political Science (Q2); Business and International Management (Q3); Strategy and Management (Q3); Tourism, Leisure and Hospitality Management (Q3)";"Business, Management and Accounting; Economics, Econometrics and Finance; Social Sciences"
206;5700165569;"Food, Culture and Society";journal;"15528014";"Taylor and Francis Ltd.";No;No;0,359;Q1;32;127;199;7295;310;178;1,50;57,44;69,06;2;49;United Kingdom;Western Europe;"Taylor and Francis Ltd.";"2008-2025";"Cultural Studies (Q1); Food Science (Q3); Social Psychology (Q3)";"Agricultural and Biological Sciences; Psychology; Social Sciences"
207;21101041815;"Journal of ASEAN Studies";journal;"23381361, 23381353";"Bina Nusantara University";Yes;No;0,358;Q1;8;13;52;699;64;49;1,32;53,77;33,33;0;11;Indonesia;Asiatic Region;"Bina Nusantara University";"2019-2024";"Cultural Studies (Q1); Geography, Planning and Development (Q2); Social Sciences (miscellaneous) (Q2); Sociology and Political Science (Q2)";"Social Sciences"
208;5600153226;"Thesis Eleven";journal;"07255136";"SAGE Publications Ltd";No;No;0,358;Q1;36;45;179;2356;172;167;0,53;52,36;26,42;0;9;United Kingdom;Western Europe;"SAGE Publications Ltd";"1980-1994, 1996-2025";"Cultural Studies (Q1); History (Q1); Political Science and International Relations (Q2); Sociology and Political Science (Q2)";"Arts and Humanities; Social Sciences"
209;21100775661;"Physical Culture and Sport, Studies and Research";journal;"20812221, 18994849";"De Gruyter Open Ltd";Yes;No;0,357;Q1;14;23;88;1397;146;88;1,72;60,74;42,03;0;6;Poland;Eastern Europe;"De Gruyter Open Ltd";"2016-2025";"Cultural Studies (Q1); Applied Psychology (Q3); Education (Q3); Tourism, Leisure and Hospitality Management (Q3)";"Business, Management and Accounting; Psychology; Social Sciences"
210;16400154737;"Ethnomusicology";journal;"00141836";"Society for Ethnomusicology";No;No;0,355;Q1;30;26;61;1331;46;53;0,66;51,19;45,45;0;4;United States;Northern America;"Society for Ethnomusicology";"2002-2024";"Cultural Studies (Q1); Music (Q1); Anthropology (Q2)";"Arts and Humanities; Social Sciences"
211;26926;"African Studies Review";journal;"00020206";"Cambridge University Press";No;No;0,354;Q1;57;36;152;2099;136;137;0,72;58,31;37,78;0;11;United Kingdom;Western Europe;"Cambridge University Press";"1962-1963, 1965-1980, 1982, 1984-2025";"Cultural Studies (Q1); Anthropology (Q2)";"Social Sciences"
212;19900195002;"Estudios Sobre el Mensaje Periodistico";journal;"19882696, 11341629";"Universidad Complutense Madrid";Yes;Yes;0,352;Q1;20;78;251;3477;309;246;1,04;44,58;49,66;0;15;Spain;Western Europe;"Universidad Complutense Madrid";"2010-2024";"Cultural Studies (Q1); Communication (Q2)";"Social Sciences"
213;21100890928;"Journal of Ethnic and Cultural Studies";journal;"21491291";"Florida Gulf Coast University";Yes;No;0,352;Q1;17;60;172;3771;299;171;1,45;62,85;64,58;0;32;United States;Northern America;"Florida Gulf Coast University";"2018-2024";"Cultural Studies (Q1); Sociology and Political Science (Q2)";"Social Sciences"
214;5700163717;"Japan Forum";journal;"09555803";"Routledge";No;No;0,351;Q1;22;30;90;1647;77;88;0,27;54,90;36,59;0;6;United Kingdom;Western Europe;"Routledge";"1989-2003, 2005-2025";"Cultural Studies (Q1); History (Q1); Sociology and Political Science (Q2)";"Arts and Humanities; Social Sciences"
215;21100983148;"Social Text";journal;"01642472, 15271951";"Duke University Press";No;No;0,351;Q1;14;17;66;1575;69;63;0,66;92,65;57,14;0;2;United States;Northern America;"Duke University Press";"2019-2024";"Cultural Studies (Q1); Anthropology (Q2); Gender Studies (Q2)";"Social Sciences"
216;21100305226;"Hungarian Geographical Bulletin";journal;"20645147, 20645031";"Hungarian Academy of Sciences, Geographical Research Institute";Yes;Yes;0,350;Q1;21;23;65;1492;104;65;1,47;64,87;41,43;0;15;Hungary;Eastern Europe;"Hungarian Academy of Sciences, Geographical Research Institute";"2014-2024";"Cultural Studies (Q1); Agronomy and Crop Science (Q2); Geography, Planning and Development (Q2); Earth and Planetary Sciences (miscellaneous) (Q3)";"Agricultural and Biological Sciences; Earth and Planetary Sciences; Social Sciences"
217;24214;"Journal of Asian Studies";journal;"00219118";"Duke University Press";No;No;0,350;Q1;60;37;100;2533;87;87;0,63;68,46;28,13;0;11;United Kingdom;Western Europe;"Duke University Press";"1941-2024";"Cultural Studies (Q1); History (Q1)";"Arts and Humanities; Social Sciences"
218;21100364911;"Creativity Studies";journal;"23450487, 23450479";"Vilnius Gediminas Technical University";Yes;No;0,348;Q1;17;46;122;2187;278;122;2,20;47,54;53,06;0;15;Lithuania;Eastern Europe;"Vilnius Gediminas Technical University";"2014-2025";"Cultural Studies (Q1); Political Science and International Relations (Q2); Sociology and Political Science (Q2)";"Social Sciences"
219;5600155076;"Revista de Estudios Sociales";journal;"19005180, 0123885X";"Universidad de los Andes, Colombia";Yes;Yes;0,348;Q1;18;32;92;1777;99;92;0,95;55,53;55,93;0;17;Colombia;Latin America;"Universidad de los Andes, Colombia";"2009-2025";"Cultural Studies (Q1); History (Q1); Arts and Humanities (miscellaneous) (Q2); Gender Studies (Q2); Social Sciences (miscellaneous) (Q2); Sociology and Political Science (Q2)";"Arts and Humanities; Social Sciences"
220;21100902635;"Revista Electronica Interuniversitaria de Formacion del Profesorado";journal;"15750965";"Universidad de Murcia Servicio de Publicaciones";Yes;Yes;0,348;Q1;15;60;130;2207;208;129;1,46;36,78;55,63;1;33;Spain;Western Europe;"Universidad de Murcia Servicio de Publicaciones";"2019-2024";"Cultural Studies (Q1); Education (Q3)";"Social Sciences"
221;13586;"American Quarterly";journal;"00030678, 10806490";"Johns Hopkins University Press";Yes;No;0,341;Q1;48;39;173;2195;100;161;0,43;56,28;63,41;0;4;United States;Northern America;"Johns Hopkins University Press";"1970-1973, 1976-1977, 1979-1982, 1986, 1988-1989, 2000-2024";"Cultural Studies (Q1); History (Q1)";"Arts and Humanities; Social Sciences"
222;21101064806;"Mongolian Studies";journal;"25001523, 27128059";"Kalmyk Scientific Centre of Russian Academy of Sciences";Yes;Yes;0,341;Q1;4;55;152;2367;19;152;0,13;43,04;46,38;0;9;Russian Federation;Eastern Europe;"Kalmyk Scientific Centre of Russian Academy of Sciences";"2016-2024";"Cultural Studies (Q1); History (Q1); Literature and Literary Theory (Q1); Anthropology (Q2); Arts and Humanities (miscellaneous) (Q2); Linguistics and Language (Q2); Social Sciences (miscellaneous) (Q2)";"Arts and Humanities; Social Sciences"
223;5800207960;"Multicultural Perspectives";journal;"15327892, 15210960";"Routledge";No;No;0,341;Q1;25;28;92;1016;88;74;0,90;36,29;68,18;0;9;United States;Northern America;"Routledge";"2010-2024";"Cultural Studies (Q1)";"Social Sciences"
224;21853;"Modern and Contemporary France";journal;"14699869, 09639489";"Taylor and Francis Ltd.";No;No;0,340;Q1;17;47;86;1557;55;80;0,69;33,13;53,66;0;4;United Kingdom;Western Europe;"Taylor and Francis Ltd.";"1993-1995, 1997, 1999, 2001, 2009-2025";"Cultural Studies (Q1); History (Q1); Sociology and Political Science (Q2)";"Arts and Humanities; Social Sciences"
225;28883;"Zygon";journal;"05912385, 14679744";"Open Library of Humanities";Yes;Yes;0,339;Q1;31;45;217;1886;132;195;0,69;41,91;27,59;0;10;United Kingdom;Western Europe;"Open Library of Humanities";"1966-2024";"Cultural Studies (Q1); Religious Studies (Q1); Education (Q3)";"Arts and Humanities; Social Sciences"
226;21100468901;"Retos";journal;"19882041, 15791726";"Federacion Espanola de Docentes de Educacion Fisica";Yes;No;0,338;Q1;33;1291;1300;61341;3565;1300;2,82;47,51;34,82;2;327;Spain;Western Europe;"Federacion Espanola de Docentes de Educacion Fisica";"2016-2025";"Cultural Studies (Q1); Gender Studies (Q2); Pharmacy (Q2); Education (Q3); Orthopedics and Sports Medicine (Q3); Physical Therapy, Sports Therapy and Rehabilitation (Q3); Rehabilitation (Q3)";"Health Professions; Medicine; Social Sciences"
227;21100202708;"Culture, Agriculture, Food and Environment";journal;"21539561, 21539553";"John Wiley &amp; Sons Inc.";No;No;0,337;Q1;19;12;38;369;34;31;0,65;30,75;52,63;0;8;United States;Northern America;"John Wiley &amp; Sons Inc.";"2011-2024";"Cultural Studies (Q1); Agricultural and Biological Sciences (miscellaneous) (Q2); Anthropology (Q2); Food Science (Q3)";"Agricultural and Biological Sciences; Social Sciences"
228;145648;"Refuge";journal;"19207336, 02295113";"York University Libraries";Yes;Yes;0,336;Q1;35;14;70;879;63;61;0,76;62,79;68,89;0;10;Canada;Northern America;"York University Libraries";"1996-2024";"Cultural Studies (Q1); Demography (Q2); Geography, Planning and Development (Q2); Political Science and International Relations (Q2); Sociology and Political Science (Q2)";"Social Sciences"
229;28320;"Arethusa";journal;"00040975";"Johns Hopkins University Press";No;No;0,335;Q1;26;20;48;2145;17;45;0,33;107,25;53,33;0;1;United States;Northern America;"Johns Hopkins University Press";"1974-1975, 2002-2024";"Classics (Q1); Cultural Studies (Q1); Literature and Literary Theory (Q1)";"Arts and Humanities; Social Sciences"
230;21101012573;"Vestnik Novosibirskogo Gosudarstvennogo Universiteta, Seriya: Istoriya, Filologiya";journal;"18187919";"Novosibirsk State Technical University";Yes;Yes;0,335;Q1;6;126;401;4042;79;401;0,23;32,08;53,81;0;15;Russian Federation;Eastern Europe;"Novosibirsk State Technical University";"2019-2024";"Archeology (Q1); Archeology (arts and humanities) (Q1); Cultural Studies (Q1); History (Q1); Literature and Literary Theory (Q1); Anthropology (Q2); Linguistics and Language (Q2)";"Arts and Humanities; Social Sciences"
231;12573;"Food and Foodways";journal;"15423484, 07409710";"Taylor and Francis Ltd.";No;No;0,333;Q1;23;17;48;883;75;47;1,84;51,94;52,00;0;3;United Kingdom;Western Europe;"Taylor and Francis Ltd.";"1985-1994, 1999, 2001, 2007-2025";"Cultural Studies (Q1); Anthropology (Q2); Sociology and Political Science (Q2); Food Science (Q3); Health (social science) (Q3)";"Agricultural and Biological Sciences; Social Sciences"
232;19900191827;"Sikh Formations: Religion, Culture, Theory";journal;"17448727, 17448735";"Taylor and Francis Ltd.";No;No;0,332;Q1;17;36;79;1075;44;70;0,52;29,86;57,14;0;8;United Kingdom;Western Europe;"Taylor and Francis Ltd.";"2005-2025";"Cultural Studies (Q1); Religious Studies (Q1)";"Arts and Humanities; Social Sciences"
233;6500153134;"African Identities";journal;"14725843, 14725851";"Routledge";No;No;0,329;Q1;21;173;118;8175;197;115;1,55;47,25;25,78;1;62;United States;Northern America;"Routledge";"2010-2025";"Cultural Studies (Q1); Anthropology (Q2)";"Social Sciences"
234;5800179610;"Review of Education, Pedagogy, and Cultural Studies";journal;"15563022, 10714413";"Taylor and Francis Ltd.";No;No;0,329;Q1;30;75;67;3121;92;64;1,48;41,61;54,26;0;14;United Kingdom;Western Europe;"Taylor and Francis Ltd.";"1994-2025";"Cultural Studies (Q1); Education (Q3)";"Social Sciences"
235;21100201711;"Forum for World Literature Studies";journal;"21546711, 19498519";"Knowledge Hub Publishing Company Limited (Hong Kong)";No;No;0,328;Q1;6;43;173;1238;65;173;0,21;28,79;39,62;0;8;China;Asiatic Region;"Knowledge Hub Publishing Company Limited (Hong Kong)";"2009-2024";"Cultural Studies (Q1); Literature and Literary Theory (Q1)";"Arts and Humanities; Social Sciences"
236;6000159310;"Senses and Society";journal;"17458927, 17458935";"Taylor and Francis Ltd.";No;No;0,327;Q1;24;39;81;1315;97;75;1,47;33,72;65,91;0;4;United Kingdom;Western Europe;"Taylor and Francis Ltd.";"2009-2025";"Cultural Studies (Q1); Communication (Q2)";"Social Sciences"
237;21100870589;"International Journal of Play";journal;"21594953";"Taylor and Francis Ltd.";No;No;0,326;Q1;22;35;146;1166;130;120;0,80;33,31;67,57;0;4;United Kingdom;Western Europe;"Taylor and Francis Ltd.";"2012-2025";"Cultural Studies (Q1); Anthropology (Q2); Developmental and Educational Psychology (Q3); Education (Q3)";"Psychology; Social Sciences"
238;17086;"South Asia: Journal of South Asia Studies";journal;"14790270, 00856401";"Routledge";No;No;0,325;Q1;30;56;208;946;159;203;0,58;16,89;67,31;0;15;United Kingdom;Western Europe;"Routledge";"1971-1976, 1978-2024";"Cultural Studies (Q1); History (Q1); Sociology and Political Science (Q2); Development (Q3)";"Arts and Humanities; Social Sciences"
239;19700169970;"Journal of Intercultural Communication Research";journal;"17475759, 17475767";"Routledge";No;No;0,320;Q1;30;12;96;549;152;96;1,36;45,75;53,13;0;1;United Kingdom;Western Europe;"Routledge";"2006-2025";"Cultural Studies (Q1); Communication (Q2)";"Social Sciences"
240;27661;"Journal of Black Studies";journal;"00219347";"SAGE Publications Inc.";No;No;0,319;Q1;57;33;116;1864;156;114;1,14;56,48;55,17;0;15;United States;Northern America;"SAGE Publications Inc.";"1970-2025";"Cultural Studies (Q1); Anthropology (Q2); Sociology and Political Science (Q2)";"Social Sciences"
241;19900191484;"China Perspectives";journal;"19964617, 20703449";"French Centre for Research on Contemporary China";No;No;0,313;Q1;28;25;90;1101;95;81;0,76;44,04;34,38;0;11;Hong Kong;Asiatic Region;"French Centre for Research on Contemporary China";"2007-2024";"Cultural Studies (Q1); Political Science and International Relations (Q2); Geography, Planning and Development (Q3)";"Social Sciences"
242;21100856464;"Settler Colonial Studies";journal;"18380743, 2201473X";"Taylor and Francis Ltd.";No;No;0,313;Q1;29;38;58;522;69;53;0,70;13,74;53,49;0;11;United Kingdom;Western Europe;"Taylor and Francis Ltd.";"2011-2025";"Cultural Studies (Q1); History (Q1); Anthropology (Q2); Demography (Q2); Law (Q2); Sociology and Political Science (Q2)";"Arts and Humanities; Social Sciences"
243;21101114186;"Comparative Southeast European Studies";journal;"27018199, 27018202";"Walter de Gruyter GmbH";Yes;Yes;0,312;Q1;8;21;84;770;83;82;0,97;36,67;48,65;0;9;Germany;Western Europe;"Walter de Gruyter GmbH";"2021-2024";"Cultural Studies (Q1); History (Q1); Anthropology (Q2); Economics, Econometrics and Finance (miscellaneous) (Q2); Gender Studies (Q2); Law (Q2); Political Science and International Relations (Q2); Sociology and Political Science (Q2)";"Arts and Humanities; Economics, Econometrics and Finance; Social Sciences"
244;21213;"Speculum";journal;"20408072, 00387134";"University of Chicago Press";No;No;0,312;Q1;31;35;55;21;56;55;0,76;0,60;50,00;0;3;United States;Northern America;"University of Chicago Press";"1926-1995, 1998-1999, 2001-2024";"Cultural Studies (Q1); History (Q1); Literature and Literary Theory (Q1); Philosophy (Q1); Religious Studies (Q1); Visual Arts and Performing Arts (Q1)";"Arts and Humanities; Social Sciences"
245;21100987403;"Westminster Papers in Communication and Culture";journal;"17446716";"University of Westminster Press";Yes;Yes;0,312;Q1;8;0;6;0;31;6;0,00;0,00;0,00;0;0;United Kingdom;Western Europe;"University of Westminster Press";"2019-2021";"Cultural Studies (Q1); Communication (Q2)";"Social Sciences"
246;21100877661;"Civitas";journal;"19847289, 15196089";"Edipucrs";Yes;Yes;0,311;Q1;7;36;116;1133;53;116;0,27;31,47;68,63;0;16;Brazil;Latin America;"Edipucrs";"2018-2025";"Cultural Studies (Q1); Anthropology (Q2); Sociology and Political Science (Q2); Development (Q3)";"Social Sciences"
247;18929;"African Studies";journal;"00020184, 14692872";"Taylor and Francis Ltd.";No;No;0,310;Q1;33;10;68;486;95;66;0,95;48,60;21,43;0;3;United Kingdom;Western Europe;"Taylor and Francis Ltd.";"1942-2025";"Cultural Studies (Q1); History (Q1); Anthropology (Q2); Political Science and International Relations (Q2); Sociology and Political Science (Q2)";"Arts and Humanities; Social Sciences"
248;21100860383;"Cultural-Historical Psychology";journal;"22248935, 18165435";"Moscow State University of Psychology and Education";Yes;Yes;0,310;Q1;12;55;149;1369;119;149;0,90;24,89;52,44;0;6;Russian Federation;Eastern Europe;"Moscow State University of Psychology and Education";"2018-2024";"Cultural Studies (Q1); Applied Psychology (Q3); Developmental and Educational Psychology (Q3); Psychology (miscellaneous) (Q3); Social Psychology (Q3)";"Psychology; Social Sciences"
249;21101169012;"Feminist Formations";journal;"21517363, 21517371";"Johns Hopkins University Press";No;No;0,310;Q1;9;36;141;923;89;115;0,43;25,64;96,67;0;8;United States;Northern America;"Johns Hopkins University Press";"2019-2024";"Cultural Studies (Q1); Literature and Literary Theory (Q1); Philosophy (Q1); Gender Studies (Q2)";"Arts and Humanities; Social Sciences"
250;20500195081;"International Journal of Intangible Heritage";journal;"19753586, 19754019";"The National Folk Museum of Korea";Yes;No;0,310;Q1;12;14;43;556;26;36;0,65;39,71;63,64;0;7;South Korea;Asiatic Region;"The National Folk Museum of Korea";"2011-2024";"Conservation (Q1); Cultural Studies (Q1); Museology (Q1)";"Arts and Humanities; Social Sciences"
251;5700152785;"Voprosy Filosofii";journal;"00428744";"Izdatel'stvo Nauka";No;No;0,310;Q1;10;197;713;2432;138;707;0,22;12,35;37,35;0;17;Russian Federation;Eastern Europe;"Izdatel'stvo Nauka";"2002-2025";"Cultural Studies (Q1); Philosophy (Q1); History and Philosophy of Science (Q2); Linguistics and Language (Q2)";"Arts and Humanities; Social Sciences"
252;21100843344;"Analisi";journal;"23405236, 02112175";"Universitat Autonoma de Barcelona";Yes;Yes;0,309;Q1;9;14;56;700;85;56;1,05;50,00;45,71;0;4;Spain;Western Europe;"Universitat Autonoma de Barcelona";"2017-2024";"Cultural Studies (Q1); Communication (Q2)";"Social Sciences"
253;21100940504;"Filosofskii Zhurnal";journal;"20720726, 26584883";"Russian Academy of Sciences";No;No;0,309;Q1;4;51;162;1108;25;162;0,22;21,73;33,33;0;6;Russian Federation;Eastern Europe;"Russian Academy of Sciences";"2019-2024";"Cultural Studies (Q1); History and Philosophy of Science (Q2); Linguistics and Language (Q2); Philosophy (Q2)";"Arts and Humanities; Social Sciences"
254;5600153477;"Journal of Contemporary Religion";journal;"14699419, 13537903";"Routledge";No;No;0,309;Q1;40;36;74;1119;63;72;0,80;31,08;51,61;0;5;United Kingdom;Western Europe;"Routledge";"1995-2025";"Cultural Studies (Q1); Religious Studies (Q1); Philosophy (Q2)";"Arts and Humanities; Social Sciences"
255;21100904782;"Studia Litterarum";journal;"25004247, 25418564";"Russian Academy of Sciences-A.M. Gorky Institute of World Literature";Yes;Yes;0,309;Q1;4;62;270;1689;51;270;0,21;27,24;69,23;0;2;Russian Federation;Eastern Europe;"Russian Academy of Sciences-A.M. Gorky Institute of World Literature";"2016-2024";"Cultural Studies (Q1); Literature and Literary Theory (Q1)";"Arts and Humanities; Social Sciences"
256;19700174629;"Cultura y Educacion";journal;"15784118, 11356405";"SAGE Publications Ltd";No;No;0,308;Q1;28;32;107;50;132;104;0,94;1,56;54,29;0;12;United Kingdom;Western Europe;"SAGE Publications Ltd";"2008-2024";"Cultural Studies (Q1); Education (Q3)";"Social Sciences"
257;25354;"Canadian Journal of African Studies";journal;"00083968";"Taylor and Francis Ltd.";No;No;0,307;Q1;17;33;94;2280;91;88;1,07;69,09;35,85;1;14;United Kingdom;Western Europe;"Taylor and Francis Ltd.";"1976, 1980, 1982-1986, 1988-1996, 1999, 2001, 2014-2025";"Cultural Studies (Q1); History (Q1); Anthropology (Q2); Demography (Q2); Sociology and Political Science (Q2); Development (Q3); Geography, Planning and Development (Q3)";"Arts and Humanities; Social Sciences"
258;21100842666;"Caucasus Survey";journal;"23761199, 23761202";"Brill Academic Publishers";No;No;0,304;Q1;14;17;52;1102;33;50;0,41;64,82;52,00;0;2;Netherlands;Western Europe;"Brill Academic Publishers";"2013-2024";"Cultural Studies (Q1); History (Q1); Anthropology (Q2); Demography (Q2); Sociology and Political Science (Q2); Geography, Planning and Development (Q3)";"Arts and Humanities; Social Sciences"
259;20178;"Journal of Baltic Studies";journal;"17517877, 01629778";"Taylor and Francis Ltd.";No;No;0,303;Q1;27;68;99;4031;97;96;0,93;59,28;51,46;0;17;United Kingdom;Western Europe;"Taylor and Francis Ltd.";"1972-2001, 2003-2025";"Cultural Studies (Q1); Arts and Humanities (miscellaneous) (Q2)";"Arts and Humanities; Social Sciences"
260;21100780796;"Journal of Indonesian Islam";journal;"23556994, 19786301";"State Islamic University of Sunan Ampel Surabaya";Yes;Yes;0,303;Q1;15;25;66;1284;64;66;0,98;51,36;26,32;0;10;Indonesia;Asiatic Region;"State Islamic University of Sunan Ampel Surabaya";"2007-2024";"Cultural Studies (Q1); History (Q1); Religious Studies (Q1)";"Arts and Humanities; Social Sciences"
261;21100403904;"Journal of Sufi Studies";journal;"22105956, 22105948";"Brill Academic Publishers";No;No;0,303;Q1;9;8;33;959;13;33;0,47;119,88;33,33;0;0;Netherlands;Western Europe;"Brill Academic Publishers";"2012-2018, 2020-2024";"Cultural Studies (Q1); History (Q1); Religious Studies (Q1); Philosophy (Q2)";"Arts and Humanities; Social Sciences"
262;21100887441;"Folia Geographica";journal;"24541001, 13366157";"University of Presov";Yes;Yes;0,302;Q1;11;8;35;734;59;35;2,15;91,75;36,84;0;3;Slovakia;Eastern Europe;"University of Presov";"2018-2024";"Cultural Studies (Q1); Urban Studies (Q2); Demography (Q3); Geography, Planning and Development (Q3)";"Social Sciences"
263;21100967508;"Santander Art and Culture Law Review";journal;"2450050X, 23917997";"Jagiellonian University Press";Yes;Yes;0,302;Q1;9;27;98;920;59;83;0,68;34,07;42,86;0;18;Poland;Eastern Europe;"Jagiellonian University Press";"2015-2024";"Conservation (Q1); Cultural Studies (Q1); Visual Arts and Performing Arts (Q1); Law (Q2)";"Arts and Humanities; Social Sciences"
264;21101089566;"Sexuality, Gender and Policy";journal;"26395355";"John Wiley and Sons Inc";No;No;0,302;Q1;5;25;41;996;39;34;0,84;39,84;53,97;0;17;United States;Northern America;"John Wiley and Sons Inc";"2017, 2019-2025";"Cultural Studies (Q1); Gender Studies (Q2); Political Science and International Relations (Q2); Social Sciences (miscellaneous) (Q2)";"Social Sciences"
265;4700152620;"Journal of Indian Philosophy";journal;"00221791";"Springer Netherlands";No;No;0,301;Q1;25;31;100;1543;38;97;0,33;49,77;24,14;0;0;Netherlands;Western Europe;"Springer Netherlands";"1970-2025";"Cultural Studies (Q1); Philosophy (Q2)";"Arts and Humanities; Social Sciences"
266;21101162620;"Yazyki i Fol'klor Korennykh Narodov Sibiri";journal;"23126337, 27129608";"Siberian Branch of the Russian Academy of Sciences, Institute of Philology";No;No;0,301;Q1;2;46;78;915;5;74;0,09;19,89;81,36;0;2;Russian Federation;Eastern Europe;"Siberian Branch of the Russian Academy of Sciences, Institute of Philology";"2019-2024";"Cultural Studies (Q1); Music (Q1); Linguistics and Language (Q2)";"Arts and Humanities; Social Sciences"
267;21100780471;"Asian Studies";journal;"22325131, 23504226";"University of Ljubljana Press";Yes;Yes;0,300;Q1;10;38;123;1386;92;113;0,68;36,47;34,29;0;1;Slovenia;Eastern Europe;"University of Ljubljana Press";"2013-2025";"Cultural Studies (Q1); History (Q1); Literature and Literary Theory (Q1); Philosophy (Q2); Sociology and Political Science (Q2)";"Arts and Humanities; Social Sciences"
268;27371;"Population and Societies";journal;"01847783";"Institut National d'Etudes Demographiques";No;No;0,300;Q1;17;10;32;63;33;32;0,80;6,30;62,07;0;3;France;Western Europe;"Institut National d'Etudes Demographiques";"1998-2003, 2009-2024";"Cultural Studies (Q1); Demography (Q3); Health (social science) (Q3)";"Social Sciences"
269;21100837232;"Epistemology and Philosophy of Science";journal;"1811833X, 23117133";"Institute of Philosophy, Russian Academy of Sciences";Yes;No;0,299;Q1;10;63;215;1494;62;211;0,27;23,71;35,38;0;1;Russian Federation;Eastern Europe;"Institute of Philosophy, Russian Academy of Sciences";"2017-2024";"Cultural Studies (Q1); Arts and Humanities (miscellaneous) (Q2); History and Philosophy of Science (Q2); Philosophy (Q2); Education (Q3)";"Arts and Humanities; Social Sciences"
270;21100301417;"European Journal of Geography";journal;"24107433, 17921341";"European Association of Geographers";Yes;Yes;0,299;Q1;17;25;81;1533;99;81;1,51;61,32;33,80;0;17;Belgium;Western Europe;"European Association of Geographers";"2010-2012, 2014-2025";"Cultural Studies (Q1); Urban Studies (Q2); Demography (Q3); Geography, Planning and Development (Q3)";"Social Sciences"
271;21100832763;"Brumal";journal;"20147910";"Universitat Autonoma de Barcelona";Yes;Yes;0,298;Q1;5;31;70;1316;21;69;0,31;42,45;48,15;0;4;Spain;Western Europe;"Universitat Autonoma de Barcelona";"2017-2024";"Cultural Studies (Q1); Literature and Literary Theory (Q1); Visual Arts and Performing Arts (Q1); Communication (Q2)";"Arts and Humanities; Social Sciences"
272;21100390172;"Language and Dialogue";journal;"22104127, 22104119";"John Benjamins Publishing Company";No;No;0,298;Q1;15;21;65;922;49;58;0,64;43,90;69,23;0;1;Netherlands;Western Europe;"John Benjamins Publishing Company";"2011-2025";"Cultural Studies (Q1); Literature and Literary Theory (Q1); Linguistics and Language (Q2)";"Arts and Humanities; Social Sciences"
273;21100792726;"Dialogo Andino";journal;"07192681, 07162278";"Universidad de Tarapaca";Yes;Yes;0,296;Q1;13;40;235;1976;128;230;0,51;49,40;40,23;0;10;Chile;Latin America;"Universidad de Tarapaca";"2016-2024";"Cultural Studies (Q1); History (Q1); Anthropology (Q2)";"Arts and Humanities; Social Sciences"
274;21100286463;"Geojournal of Tourism and Geosites";journal;"20651198, 20650817";"Editura Universitatii din Oradea";Yes;No;0,296;Q1;29;207;576;11460;1099;576;1,88;55,36;41,58;0;142;Romania;Eastern Europe;"Editura Universitatii din Oradea";"2013-2025";"Conservation (Q1); Cultural Studies (Q1); Earth and Planetary Sciences (miscellaneous) (Q3); Geography, Planning and Development (Q3); Tourism, Leisure and Hospitality Management (Q3)";"Arts and Humanities; Business, Management and Accounting; Earth and Planetary Sciences; Social Sciences"
275;21101122882;"Review of Religion and Chinese Society";journal;"22143955, 22143947";"Brill Academic Publishers";No;No;0,296;Q1;8;12;17;747;14;17;0,83;62,25;33,33;0;0;Netherlands;Western Europe;"Brill Academic Publishers";"2014-2018, 2021-2024";"Cultural Studies (Q1); Religious Studies (Q1); Arts and Humanities (miscellaneous) (Q2)";"Arts and Humanities; Social Sciences"
276;21101122746;"Journal of Labor and Society";journal;"24714607";"Brill Academic Publishers";No;No;0,292;Q1;13;17;83;949;94;81;0,84;55,82;15,38;0;6;Netherlands;Western Europe;"Brill Academic Publishers";"2017-2024";"Cultural Studies (Q1); History (Q1); Political Science and International Relations (Q2); Social Sciences (miscellaneous) (Q2); Sociology and Political Science (Q2); Economics and Econometrics (Q3)";"Arts and Humanities; Economics, Econometrics and Finance; Social Sciences"
277;21101090675;"Asia-Pacific Journal: Japan Focus";journal;"15574660";"Cambridge University Press";Yes;Yes;0,291;Q1;10;44;241;1581;102;218;0,40;35,93;44,64;0;19;United States;Northern America;"Cambridge University Press";"2019-2024";"Cultural Studies (Q1); History (Q1); Anthropology (Q2); Political Science and International Relations (Q2); Sociology and Political Science (Q2)";"Arts and Humanities; Social Sciences"
278;19700182214;"Cultura. International Journal of Philosophy of Culture and Axiology";journal;"15841057, 20655002";"Cultura";No;No;0,289;Q1;10;98;84;2802;164;84;2,24;28,59;42,18;0;23;United States;Northern America;"Cultura";"2009-2025";"Cultural Studies (Q1); Philosophy (Q2)";"Arts and Humanities; Social Sciences"
279;7000153201;"Estudios Atacamenos";journal;"07181043, 07160925";"Universidad Catolica del Norte";Yes;Yes;0,289;Q1;24;18;43;1371;34;43;0,67;76,17;45,00;0;7;Chile;Latin America;"Universidad Catolica del Norte";"2007-2024";"Cultural Studies (Q1); History (Q1); Anthropology (Q2); Archeology (Q2); Archeology (arts and humanities) (Q2)";"Arts and Humanities; Social Sciences"
280;21100914238;"Asiascape: Digital Asia";journal;"22142312, 22142304";"Brill Academic Publishers";No;No;0,288;Q1;11;9;40;585;39;40;0,76;65,00;54,55;0;5;Netherlands;Western Europe;"Brill Academic Publishers";"2014-2024";"Cultural Studies (Q1); Anthropology (Q2); Communication (Q2)";"Social Sciences"
281;21100857115;"Journal of Ethnology and Folkloristics";journal;"17366518, 22280987";"Sciendo";Yes;Yes;0,288;Q1;6;23;72;1339;47;67;0,75;58,22;28,00;0;4;Poland;Eastern Europe;"Sciendo";"2017-2024";"Cultural Studies (Q1); Anthropology (Q2)";"Social Sciences"
282;5800207412;"Journal of Intercultural Communication";journal;"14041634";"Immigrant Institutet";No;No;0,288;Q1;12;61;97;3352;166;97;1,71;54,95;38,40;0;17;Sweden;Western Europe;"Immigrant Institutet";"2011-2024";"Cultural Studies (Q1); Communication (Q2); Gender Studies (Q2); Linguistics and Language (Q2); Education (Q3); Public Administration (Q3); Strategy and Management (Q3)";"Business, Management and Accounting; Social Sciences"
283;21101266015;"Eposovedenie";journal;"27824861";"M. K. Ammosov North-Eastern Federal University";Yes;No;0,287;Q1;4;36;122;972;24;117;0,24;27,00;80,49;0;4;Russian Federation;Eastern Europe;"M. K. Ammosov North-Eastern Federal University";"2020-2024";"Cultural Studies (Q1); Anthropology (Q2); Linguistics and Language (Q2)";"Social Sciences"
284;24328;"Revista de Indias";journal;"00348341, 19883188";"CSIC Consejo Superior de Investigaciones Cientificas";Yes;Yes;0,287;Q1;18;11;84;473;34;84;0,34;43,00;50,00;0;0;Spain;Western Europe;"CSIC Consejo Superior de Investigaciones Cientificas";"1980, 1983, 1985-1987, 1996-2024";"Cultural Studies (Q1); History (Q1); Sociology and Political Science (Q2)";"Arts and Humanities; Social Sciences"
285;21101058223;"Society and Culture in South Asia";journal;"23938617, 23949872";"Sage Publications India Pvt. Ltd";No;No;0,287;Q1;7;15;54;483;33;40;0,64;32,20;50,00;0;7;India;Asiatic Region;"Sage Publications India Pvt. Ltd";"2015-2025";"Cultural Studies (Q1); Anthropology (Q2); Social Sciences (miscellaneous) (Q2)";"Social Sciences"
286;19900188060;"Anthropological Journal of European Cultures";journal;"17552923, 17552931";"Berghahn Journals";Yes;Yes;0,286;Q1;13;20;54;547;32;50;0,55;27,35;66,67;0;10;United States;Northern America;"Berghahn Journals";"2008-2024";"Cultural Studies (Q1); Anthropology (Q2)";"Social Sciences"
287;19700169822;"Ikala";journal;"01233432";"Publishing University of Antioquia";Yes;Yes;0,286;Q1;14;38;116;1780;103;116;0,92;46,84;64,81;0;7;Colombia;Latin America;"Publishing University of Antioquia";"2013-2024";"Cultural Studies (Q1); Literature and Literary Theory (Q1); Linguistics and Language (Q2); Education (Q3)";"Arts and Humanities; Social Sciences"
288;21100838052;"Qwerty";journal;"18287344, 22402950";"Progetti editoriali s.r.l.";No;No;0,286;Q1;10;13;45;455;50;39;0,89;35,00;75,00;0;1;Italy;Western Europe;"Progetti editoriali s.r.l.";"2017-2024";"Cultural Studies (Q1); Communication (Q2); Education (Q3); Human-Computer Interaction (Q4)";"Computer Science; Social Sciences"
289;5700153725;"Representations";journal;"07346018, 1533855X";"University of California Press";No;No;0,286;Q1;43;29;85;2105;56;84;0,77;72,59;43,48;0;0;United States;Northern America;"University of California Press";"1983-2025";"Cultural Studies (Q1); Arts and Humanities (miscellaneous) (Q2); Gender Studies (Q2); Sociology and Political Science (Q2)";"Arts and Humanities; Social Sciences"
290;5700153334;"Changing English";journal;"1358684X";"Routledge";No;No;0,285;Q1;23;47;108;1394;86;96;0,71;29,66;57,38;0;5;United States;Northern America;"Routledge";"1994-2025";"Cultural Studies (Q1); Education (Q3)";"Social Sciences"
291;21101210514;"Jurnal Studi Ilmu-ilmu al-Qur'an dan Hadis";journal;"14116855, 25484737";"State Islamic University Sunan Kalijaga Faculty of Ushuluddin and Islamic Thought";Yes;Yes;0,283;Q1;3;17;37;884;30;37;0,81;52,00;10,00;0;6;Indonesia;Asiatic Region;"State Islamic University Sunan Kalijaga Faculty of Ushuluddin and Islamic Thought";"2022-2024";"Cultural Studies (Q1); History (Q1); Religious Studies (Q1); Philosophy (Q2)";"Arts and Humanities; Social Sciences"
292;9500154011;"Journal of African American Studies";journal;"15591646";"Springer New York";No;No;0,281;Q1;25;20;99;1102;79;87;0,75;55,10;58,82;0;11;United States;Northern America;"Springer New York";"1996, 2003-2005, 2008-2025";"Cultural Studies (Q1); Gender Studies (Q2); Sociology and Political Science (Q2)";"Social Sciences"
293;5600155209;"Modern Italy";journal;"13532944, 14699877";"Cambridge University Press";No;No;0,281;Q1;23;38;73;1898;44;68;0,55;49,95;65,91;0;15;United Kingdom;Western Europe;"Cambridge University Press";"1995, 1997-2000, 2002-2025";"Cultural Studies (Q1); History (Q1); Anthropology (Q2); Sociology and Political Science (Q2)";"Arts and Humanities; Social Sciences"
294;19700177033;"Artnodes";journal;"16955951";"Universitat Oberta de Catalunya";Yes;Yes;0,280;Q1;10;47;105;1382;50;104;0,51;29,40;45,31;0;9;Spain;Western Europe;"Universitat Oberta de Catalunya";"2009-2025";"Cultural Studies (Q1); Literature and Literary Theory (Q1); Visual Arts and Performing Arts (Q1); Computer Graphics and Computer-Aided Design (Q3); Computer Science Applications (Q3)";"Arts and Humanities; Computer Science; Social Sciences"
295;15693;"Journal of Modern Italian Studies";journal;"14699583, 1354571X";"Taylor and Francis Ltd.";No;No;0,279;Q1;30;30;107;1437;95;97;0,88;47,90;38,71;0;4;United Kingdom;Western Europe;"Taylor and Francis Ltd.";"1995-2025";"Cultural Studies (Q1); History (Q1); Political Science and International Relations (Q2); Sociology and Political Science (Q2)";"Arts and Humanities; Social Sciences"
296;4700152636;"Mind and Society";journal;"15937879";"Springer Verlag";No;No;0,278;Q1;24;13;50;875;78;47;1,16;67,31;18,18;0;2;Germany;Western Europe;"Springer Verlag";"2005-2025";"Cultural Studies (Q1); History (Q1); Philosophy (Q2); Social Sciences (miscellaneous) (Q2); Sociology and Political Science (Q2); Economics, Econometrics and Finance (miscellaneous) (Q3); Experimental and Cognitive Psychology (Q4); Social Psychology (Q4)";"Arts and Humanities; Economics, Econometrics and Finance; Psychology; Social Sciences"
297;19900188001;"Poverty and Public Policy";journal;"21946027, 19442858";"John Wiley and Sons Inc";No;No;0,278;Q1;19;22;69;903;80;57;0,96;41,05;46,55;0;16;United States;Northern America;"John Wiley and Sons Inc";"2009-2024";"Cultural Studies (Q1); Sociology and Political Science (Q2)";"Social Sciences"
298;21101151824;"International Quarterly for Asian Studies";journal;"2566686X, 25666878";"Arnold-Bergstraesser-Institute";Yes;Yes;0,275;Q1;6;22;59;1475;58;50;1,16;67,05;27,27;1;15;Germany;Western Europe;"Arnold-Bergstraesser-Institute";"2019-2024";"Cultural Studies (Q1); Anthropology (Q2); Political Science and International Relations (Q2); Sociology and Political Science (Q2)";"Social Sciences"
299;5600153506;"Israel Affairs";journal;"13537121";"Routledge";No;No;0,275;Q1;22;78;189;2925;124;181;0,64;37,50;50,00;0;14;United Kingdom;Western Europe;"Routledge";"1994-2025";"Cultural Studies (Q1); History (Q1); Political Science and International Relations (Q2)";"Arts and Humanities; Social Sciences"
300;21100836108;"Knowledge Cultures";journal;"23756527, 23275731";"Addleton Academic Publishers";No;No;0,275;Q1;17;32;74;1484;69;72;1,06;46,38;67,31;0;9;United States;Northern America;"Addleton Academic Publishers";"2013-2024";"Cultural Studies (Q1); History (Q1); Literature and Literary Theory (Q1); Law (Q2); Library and Information Sciences (Q2); Philosophy (Q2); Sociology and Political Science (Q2); Education (Q3)";"Arts and Humanities; Social Sciences"
301;5800170390;"William and Mary Quarterly";journal;"00435597";"Omohundro Institute of Early American History and Culture";No;No;0,275;Q1;42;34;82;2422;31;78;0,30;71,24;50,00;0;1;United States;Northern America;"Omohundro Institute of Early American History and Culture";"1936, 1956, 1971-1972, 1975-1978, 1981-1982, 1984-1987, 1999-2025";"Cultural Studies (Q1); History (Q1)";"Arts and Humanities; Social Sciences"
302;21100386855;"Heritage and Society";journal;"2159032X, 21590338";"Maney Publishing";No;No;0,273;Q1;18;38;57;2124;60;57;1,07;55,89;54,10;0;27;United Kingdom;Western Europe;"Maney Publishing";"2011, 2014-2025";"Conservation (Q1); Cultural Studies (Q1); Anthropology (Q2); Sociology and Political Science (Q2)";"Arts and Humanities; Social Sciences"
303;21100933831;"Journal of Islamic Thought and Civilization";journal;"20750943, 25200313";"University of Management and Technology";Yes;Yes;0,273;Q1;6;46;131;1875;117;131;0,98;40,76;29,91;0;11;Pakistan;Asiatic Region;"University of Management and Technology";"2018-2024";"Cultural Studies (Q1); History (Q1); Religious Studies (Q1); Sociology and Political Science (Q2)";"Arts and Humanities; Social Sciences"
304;22498;"Journal of Semitic Studies";journal;"14778556, 00224480";"Oxford University Press";No;No;0,273;Q1;19;37;78;2879;31;78;0,33;77,81;33,33;0;1;United Kingdom;Western Europe;"Oxford University Press";"1956-1975, 1977-2025";"Cultural Studies (Q1); History (Q1); Literature and Literary Theory (Q1); Religious Studies (Q1); Linguistics and Language (Q2)";"Arts and Humanities; Social Sciences"
305;21101173038;"Language and Semiotic Studies";journal;"2096031X, 27517160";"Walter de Gruyter GmbH";Yes;Yes;0,273;Q1;5;28;85;1107;49;84;0,65;39,54;29,73;0;5;Germany;Western Europe;"Walter de Gruyter GmbH";"2017-2025";"Cultural Studies (Q1); Communication (Q2); Linguistics and Language (Q2)";"Social Sciences"
306;21100890927;"Russian Politics";journal;"24518913, 24518921";"Brill Academic Publishers";No;No;0,273;Q1;12;22;65;1646;53;65;0,64;74,82;35,29;0;13;Netherlands;Western Europe;"Brill Academic Publishers";"2016-2024";"Cultural Studies (Q1); History (Q1); Political Science and International Relations (Q2); Sociology and Political Science (Q2)";"Arts and Humanities; Social Sciences"
307;21100860773;"Journal of Sport and Health Research";journal;"19896239";"Didactic Asociation Andalucia";Yes;No;0,272;Q1;13;41;154;1722;153;154;0,93;42,00;29,80;0;11;Spain;Western Europe;"Didactic Asociation Andalucia";"2018-2025";"Cultural Studies (Q1); Complementary and Manual Therapy (Q3); Education (Q3); Orthopedics and Sports Medicine (Q3); Physical Therapy, Sports Therapy and Rehabilitation (Q3); Public Health, Environmental and Occupational Health (Q3); Developmental and Educational Psychology (Q4)";"Health Professions; Medicine; Psychology; Social Sciences"
308;21100858350;"Fashion, Style and Popular Culture";journal;"20500734, 20500726";"Intellect Ltd.";No;No;0,270;Q1;8;35;89;1234;46;77;0,51;35,26;71,74;0;7;United Kingdom;Western Europe;"Intellect Ltd.";"2016-2025";"Cultural Studies (Q1); Marketing (Q3); Materials Science (miscellaneous) (Q3); Strategy and Management (Q3); Social Psychology (Q4)";"Business, Management and Accounting; Materials Science; Psychology; Social Sciences"
309;21100218321;"Ayer";journal;"11342277";"Marcial Pons";No;No;0,269;Q1;12;52;146;1733;52;136;0,38;33,33;26,32;0;7;Spain;Western Europe;"Marcial Pons";"2012-2014, 2017-2024";"Cultural Studies (Q1); History (Q1); Sociology and Political Science (Q3)";"Arts and Humanities; Social Sciences"
310;16300154717;"Journal of African Archaeology";journal;"16121651";"Africa Magna Verlag";No;No;0,269;Q1;31;7;35;534;21;35;0,70;76,29;24,00;0;3;Germany;Western Europe;"Africa Magna Verlag";"2003-2024";"Cultural Studies (Q1); History (Q1); Visual Arts and Performing Arts (Q1); Archeology (Q2); Archeology (arts and humanities) (Q2)";"Arts and Humanities; Social Sciences"
311;5700155578;"Journal of American Folklore";journal;"00218715, 15351882";"American Folklore Society";No;No;0,269;Q1;26;37;88;1224;50;86;0,58;33,08;67,65;0;17;United States;Northern America;"American Folklore Society";"1987, 2002-2024";"Cultural Studies (Q1); Arts and Humanities (miscellaneous) (Q2)";"Arts and Humanities; Social Sciences"
312;5600155015;"German Politics and Society";journal;"15585441, 10450300";"Berghahn Journals";No;No;0,268;Q1;13;15;72;1008;42;72;0,61;67,20;31,58;0;4;United States;Northern America;"Berghahn Journals";"2015-2024";"Cultural Studies (Q1); History (Q1); Sociology and Political Science (Q3)";"Arts and Humanities; Social Sciences"
313;25988;"Social Research";journal;"0037783X";"Johns Hopkins University Press";No;No;0,268;Q1;58;60;153;1713;113;133;0,63;28,55;35,59;0;15;United States;Northern America;"Johns Hopkins University Press";"1946-1947, 1972-1974, 1976, 1979-1980, 1982-1986, 1988, 1995-2024";"Cultural Studies (Q1); History (Q1); Philosophy (Q2); Political Science and International Relations (Q2); Social Sciences (miscellaneous) (Q2); Sociology and Political Science (Q3)";"Arts and Humanities; Social Sciences"
314;21101141528;"Advances in Southeast Asian Studies";journal;"2791531X";"Society for South-East Asian Studies";Yes;Yes;0,267;Q1;17;14;49;606;57;45;1,15;43,29;38,89;0;6;Austria;Western Europe;"Society for South-East Asian Studies";"2022-2024";"Cultural Studies (Q1); Anthropology (Q2); Law (Q2); Communication (Q3); Development (Q3); Geography, Planning and Development (Q3); Sociology and Political Science (Q3)";"Social Sciences"
315;21101051701;"Transitions: Journal of Transient Migration";journal;"23977159, 23977140";"Intellect Ltd.";No;No;0,267;Q1;7;6;17;413;22;16;0,50;68,83;55,56;0;6;United Kingdom;Western Europe;"Intellect Ltd.";"2019-2024";"Cultural Studies (Q1); Gender Studies (Q2); Demography (Q3); Social Sciences (miscellaneous) (Q3); Sociology and Political Science (Q3)";"Social Sciences"
316;21101011861;"Contention";journal;"25727184, 23301392";"Berghahn Journals";No;No;0,265;Q1;6;5;37;212;45;31;0,83;42,40;33,33;0;1;United States;Northern America;"Berghahn Journals";"2019-2024";"Cultural Studies (Q1); Sociology and Political Science (Q3)";"Social Sciences"
317;21101170719;"Journal of Posthumanism";journal;"26343584, 26343576";"Transnational Press London Ltd";No;No;0,265;Q1;6;23;69;634;46;60;0,58;27,57;54,17;0;1;United Kingdom;Western Europe;"Transnational Press London Ltd";"2021-2025";"Cultural Studies (Q1); Social Sciences (miscellaneous) (Q3)";"Social Sciences"
318;5700167230;"Psychoanalysis, Culture and Society";journal;"10880763, 15433390";"Palgrave Macmillan Ltd.";No;No;0,265;Q1;14;62;119;2251;66;113;0,33;36,31;48,72;0;4;United Kingdom;Western Europe;"Palgrave Macmillan Ltd.";"2004, 2014-2025";"Cultural Studies (Q1); Health (social science) (Q3); Sociology and Political Science (Q3); Applied Psychology (Q4); Social Psychology (Q4)";"Psychology; Social Sciences"
319;18800156716;"Revista Transilvania";journal;"30612217, 02550539";"Complexul National Muzeal Astra Sibiu";Yes;Yes;0,265;Q1;10;98;360;2382;60;357;0,20;24,31;54,74;0;12;Romania;Eastern Europe;"Complexul National Muzeal Astra Sibiu";"2009-2024";"Cultural Studies (Q1); History (Q1); Literature and Literary Theory (Q1)";"Arts and Humanities; Social Sciences"
320;19600162207;"Cultura, Ciencia y Deporte";journal;"16965043";"Universidad Catolica San Antonio Murcia";Yes;Yes;0,264;Q1;19;49;161;2206;160;150;0,86;45,02;30,86;1;9;Spain;Western Europe;"Universidad Catolica San Antonio Murcia";"2009-2024";"Cultural Studies (Q1); Health (social science) (Q3); Physical Therapy, Sports Therapy and Rehabilitation (Q3); Sports Science (Q4)";"Health Professions; Social Sciences"
321;21100312217;"Etnograficeskoe Obozrenie";journal;"08695415";"Russian Academy of Sciences";No;No;0,263;Q1;7;61;208;1988;45;199;0,23;32,59;50,72;0;12;Russian Federation;Eastern Europe;"Russian Academy of Sciences";"2011-2024";"Cultural Studies (Q1); Anthropology (Q2)";"Social Sciences"
322;21100821147;"Quaestio Rossica";journal;"2311911X, 23136871";"Ural Federal University";Yes;Yes;0,262;Q1;9;87;291;2928;63;283;0,22;33,66;58,51;0;14;Russian Federation;Eastern Europe;"Ural Federal University";"2013-2024";"Cultural Studies (Q1); History (Q1); Literature and Literary Theory (Q1); Visual Arts and Performing Arts (Q1); Linguistics and Language (Q2)";"Arts and Humanities; Social Sciences"
323;5700164244;"Die Welt des Islams";journal;"00432539, 15700607";"Brill Academic Publishers";No;No;0,261;Q1;30;29;38;3051;19;38;0,58;105,21;37,04;0;2;Netherlands;Western Europe;"Brill Academic Publishers";"1921, 1951-1955, 1957, 1959, 1961-1962, 1965-1966, 1968-1969, 1971, 1973-1976, 1978-1980, 1985-1986, 1989-1992, 1994-2025";"Cultural Studies (Q1); History (Q1); Literature and Literary Theory (Q1); Religious Studies (Q1)";"Arts and Humanities; Social Sciences"
324;21100837350;"Domes : Digest of Middle East Studies";journal;"10604367, 19493606";"John Wiley and Sons Inc";No;No;0,261;Q1;16;28;72;1697;63;60;0,92;60,61;39,39;0;11;United States;Northern America;"John Wiley and Sons Inc";"1992-2025";"Cultural Studies (Q1); History (Q1); Religious Studies (Q1); Law (Q2); Political Science and International Relations (Q2); Sociology and Political Science (Q3)";"Arts and Humanities; Social Sciences"
325;11600153472;"Journal of Multicultural Discourses";journal;"17447143, 17476615";"Routledge";No;No;0,261;Q1;30;5;74;258;121;60;1,82;51,60;20,00;0;1;United Kingdom;Western Europe;"Routledge";"2006-2025";"Cultural Studies (Q1); Linguistics and Language (Q2); Communication (Q3)";"Social Sciences"
326;5700164168;"History and Anthropology";journal;"14772612, 02757206";"Taylor and Francis Ltd.";No;No;0,260;Q1;34;88;114;5607;100;113;0,70;63,72;41,51;1;19;United Kingdom;Western Europe;"Taylor and Francis Ltd.";"1984-1987, 1989-2025";"Cultural Studies (Q1); History (Q1); Anthropology (Q2)";"Arts and Humanities; Social Sciences"
327;29272;"Journal of Cultural Geography";journal;"08873631";"Taylor and Francis Ltd.";No;No;0,260;Q1;30;14;45;733;47;45;1,25;52,36;38,10;0;6;United Kingdom;Western Europe;"Taylor and Francis Ltd.";"1980-1999, 2001-2025";"Cultural Studies (Q1); Geography, Planning and Development (Q3)";"Social Sciences"
328;21101052860;"History, Archeology and Ethnography of the Caucasus";journal;"26186772, 2618849X";"Daghestan Federal Research Centre of Russian Academy of Sciences (RAS)";No;No;0,259;Q1;4;67;182;2075;30;182;0,16;30,97;44,74;0;13;Russian Federation;Eastern Europe;"Daghestan Federal Research Centre of Russian Academy of Sciences (RAS)";"2019-2024";"Cultural Studies (Q1); History (Q1); Anthropology (Q2); Archeology (Q2); Archeology (arts and humanities) (Q2)";"Arts and Humanities; Social Sciences"
329;7200153145;"International Journal of Hindu Studies";journal;"10224556, 15749282";"Springer Netherlands";No;No;0,259;Q1;17;19;56;825;20;53;0,49;43,42;58,82;0;2;Netherlands;Western Europe;"Springer Netherlands";"1997, 1999-2002, 2004-2025";"Cultural Studies (Q1); Religious Studies (Q1)";"Arts and Humanities; Social Sciences"
330;21100370022;"Regional Research of Russia";journal;"20799713, 20799705";"Pleiades Publishing";No;No;0,259;Q1;19;52;213;1783;134;213;0,63;34,29;45,05;0;36;United States;Northern America;"Pleiades Publishing";"2011-2024";"Cultural Studies (Q1); Earth and Planetary Sciences (miscellaneous) (Q3); Economics, Econometrics and Finance (miscellaneous) (Q3); Environmental Science (miscellaneous) (Q3); Geography, Planning and Development (Q3); Public Administration (Q3); Urban Studies (Q3)";"Earth and Planetary Sciences; Economics, Econometrics and Finance; Environmental Science; Social Sciences"
331;8100153108;"Revista Brasileira de Historia";journal;"01020188, 18069347";"Associacao Nacional de Historia";Yes;Yes;0,259;Q1;11;38;165;1592;46;161;0,21;41,89;24,32;0;5;Brazil;Latin America;"Associacao Nacional de Historia";"1999, 2001, 2007-2024";"Cultural Studies (Q1); History (Q1); Geography, Planning and Development (Q3); Sociology and Political Science (Q3)";"Arts and Humanities; Social Sciences"
332;21100255511;"Dix-Neuf";journal;"14787318";"Taylor and Francis Ltd.";No;No;0,258;Q1;7;20;59;873;16;55;0,16;43,65;78,95;0;2;United Kingdom;Western Europe;"Taylor and Francis Ltd.";"2012-2025";"Cultural Studies (Q1); Literature and Literary Theory (Q1); Music (Q1); Linguistics and Language (Q2)";"Arts and Humanities; Social Sciences"
333;21101091182;"Feminist Modernist Studies";journal;"2469293X, 24692921";"Informa Healthcare";No;No;0,258;Q1;6;16;67;686;9;62;0,07;42,88;81,25;0;6;United Kingdom;Western Europe;"Informa Healthcare";"2018-2025";"Cultural Studies (Q1); Literature and Literary Theory (Q1); Gender Studies (Q3)";"Arts and Humanities; Social Sciences"
334;17600155045;"Staps";journal;"17821568, 0247106X";"Boeck Universite";No;No;0,258;Q1;12;49;54;1699;37;53;0,24;34,67;38,96;1;11;Belgium;Western Europe;"Boeck Universite";"2001-2022, 2024-2025";"Cultural Studies (Q1); History (Q1); Anthropology (Q2); Multidisciplinary (Q2); Education (Q3); Psychology (miscellaneous) (Q3); Social Sciences (miscellaneous) (Q3); Sociology and Political Science (Q3)";"Arts and Humanities; Multidisciplinary; Psychology; Social Sciences"
335;21100910567;"Holocaust Studies";journal;"17504902, 20484887";"Routledge";No;No;0,257;Q1;14;55;83;2963;63;77;0,88;53,87;62,50;1;5;United States;Northern America;"Routledge";"2005-2025";"Cultural Studies (Q1); History (Q1); Communication (Q3); Sociology and Political Science (Q3)";"Arts and Humanities; Social Sciences"
336;21100790313;"Interpersona";journal;"19816472";"PsychOpen";Yes;Yes;0,256;Q1;12;15;49;853;38;47;0,58;56,87;60,78;0;4;Germany;Western Europe;"PsychOpen";"2016-2024";"Cultural Studies (Q1); Anthropology (Q2); Gender Studies (Q3); Developmental and Educational Psychology (Q4); Social Psychology (Q4)";"Psychology; Social Sciences"
337;18000156709;"Bulletin of Geography. Socio-economic Series";journal;"17324254, 20838298";"Nicolaus Copernicus University";Yes;Yes;0,255;Q1;25;38;122;2494;118;122;0,99;65,63;48,89;0;25;Poland;Eastern Europe;"Nicolaus Copernicus University";"2003-2024";"Cultural Studies (Q1); Demography (Q3); Geography, Planning and Development (Q3); Urban Studies (Q3)";"Social Sciences"
338;5800207532;"Keel ja Kirjandus";journal;"01311441";"Foundation Kultuurileht";Yes;Yes;0,255;Q1;9;51;170;2145;44;151;0,30;42,06;64,91;0;6;Estonia;Eastern Europe;"Foundation Kultuurileht";"2013-2024";"Cultural Studies (Q1); Literature and Literary Theory (Q1); Linguistics and Language (Q2)";"Arts and Humanities; Social Sciences"
339;21100199340;"Kajian Malaysia";journal;"01274082, 21804273";"Penerbit Universiti Sains Malaysia";Yes;No;0,254;Q1;16;40;70;1884;40;69;0,54;47,10;50,79;0;16;Malaysia;Asiatic Region;"Penerbit Universiti Sains Malaysia";"2011-2024";"Cultural Studies (Q1); History (Q1); Sociology and Political Science (Q3)";"Arts and Humanities; Social Sciences"
340;21100818507;"Monitoring Obshchestvennogo Mneniya: Ekonomicheskie i Sotsial'nye Peremeny";journal;"22195467";"Russian Public Opinion Research Center, VCIOM";Yes;Yes;0,254;Q1;14;73;331;2865;182;330;0,50;39,25;72,22;0;27;Russian Federation;Eastern Europe;"Russian Public Opinion Research Center, VCIOM";"2016-2024";"Cultural Studies (Q1); Economics, Econometrics and Finance (miscellaneous) (Q3); Sociology and Political Science (Q3)";"Economics, Econometrics and Finance; Social Sciences"
341;5800207558;"International Journal of English Studies";journal;"15787044";"Universidad de Murcia";Yes;No;0,253;Q1;16;23;40;1101;29;40;0,58;47,87;65,38;0;3;Spain;Western Europe;"Universidad de Murcia";"2013-2024";"Cultural Studies (Q1); Literature and Literary Theory (Q1); Linguistics and Language (Q2); Education (Q3)";"Arts and Humanities; Social Sciences"
342;21101039470;"Revista Interuniversitaria de Formacion del Profesorado";journal;"25303791, 02138646";"Asociacion Universitaria de Formacion del Profesorado (AUFOP)";Yes;Yes;0,253;Q1;10;51;134;2372;121;134;0,84;46,51;66,40;0;25;Spain;Western Europe;"Asociacion Universitaria de Formacion del Profesorado (AUFOP)";"2019-2024";"Cultural Studies (Q1); Education (Q3)";"Social Sciences"
343;20500195076;"Urbani Izziv";journal;"18558399, 03536483";"Urban Planning Institute of the Republic of Slovenia";Yes;Yes;0,252;Q1;23;13;73;571;67;71;1,03;43,92;57,14;0;10;Slovenia;Eastern Europe;"Urban Planning Institute of the Republic of Slovenia";"1994-1995, 1997-2024";"Cultural Studies (Q1); Architecture (Q2); Geography, Planning and Development (Q3); Urban Studies (Q3)";"Engineering; Social Sciences"
344;29382;"Jewish Social Studies";journal;"00216704, 15272028";"Indiana University Press";No;No;0,251;Q1;6;19;57;2110;21;57;0,29;111,05;40,00;0;3;United States;Northern America;"Indiana University Press";"1975, 1978, 1980-1981, 1983, 2017-2024";"Cultural Studies (Q1); History (Q1); Religious Studies (Q1); Anthropology (Q2)";"Arts and Humanities; Social Sciences"
345;21100838187;"European Journal of Humour Research";journal;"2307700X";"Cracow Tertium Society for the Promotion of Language Studies";Yes;Yes;0,250;Q1;11;52;132;2469;114;132;1,04;47,48;48,75;0;6;Poland;Eastern Europe;"Cracow Tertium Society for the Promotion of Language Studies";"2017-2024";"Cultural Studies (Q1); Linguistics and Language (Q2); Communication (Q3); Applied Psychology (Q4)";"Psychology; Social Sciences"
346;5900152783;"Visual Studies";journal;"1472586X, 14725878";"Routledge";No;No;0,250;Q1;53;120;221;4561;151;162;0,79;38,01;48,26;0;36;United Kingdom;Western Europe;"Routledge";"2002-2025";"Cultural Studies (Q1); Visual Arts and Performing Arts (Q1); Anthropology (Q2)";"Arts and Humanities; Social Sciences"
347;21101116672;"International Critical Thought";journal;"21598312";"Taylor and Francis Ltd.";No;No;0,249;Q2;15;36;105;1696;72;104;0,74;47,11;12,00;0;12;United Kingdom;Western Europe;"Taylor and Francis Ltd.";"2011-2025";"Cultural Studies (Q2); Political Science and International Relations (Q3); Social Sciences (miscellaneous) (Q3); Sociology and Political Science (Q3)";"Social Sciences"
348;20768;"Kronika";journal;"00234923";"Zgodovinsko drustvo za Slovenijo, sekcija za lokalno zgodovino";No;No;0,249;Q2;5;35;126;1572;29;122;0,28;44,91;36,36;0;7;Slovenia;Eastern Europe;"Zgodovinsko drustvo za Slovenijo, sekcija za lokalno zgodovino";"1975-1976, 1978-1987, 1999-2001, 2016-2024";"History (Q1); Cultural Studies (Q2)";"Arts and Humanities; Social Sciences"
349;16030;"Seventeenth Century";journal;"0268117X, 20504616";"Taylor and Francis Ltd.";No;No;0,248;Q2;18;47;139;2855;45;134;0,21;60,74;38,30;0;4;United Kingdom;Western Europe;"Taylor and Francis Ltd.";"1986-2025";"History (Q1); Cultural Studies (Q2)";"Arts and Humanities; Social Sciences"
350;21100889869;"Antropologicheskij Forum";journal;"18158889, 18158870";"Peter the Great Museum of Anthropology and Ethnography (Kunstkamera), Russian Academy of Sciences";No;No;0,247;Q2;5;25;96;1247;24;94;0,22;49,88;56,72;0;5;Russian Federation;Eastern Europe;"Peter the Great Museum of Anthropology and Ethnography (Kunstkamera), Russian Academy of Sciences";"2018-2024";"Anthropology (Q2); Cultural Studies (Q2)";"Social Sciences"
351;4400151727;"Estudos Avancados";journal;"18069592, 01034014";"Instituto de Estudos Avancados da Universidade de Sao Paulo";Yes;Yes;0,247;Q2;38;75;184;2746;116;178;0,40;36,61;33,33;0;28;Brazil;Latin America;"Instituto de Estudos Avancados da Universidade de Sao Paulo";"2006-2024";"Cultural Studies (Q2); Sociology and Political Science (Q3)";"Social Sciences"
352;29005;"Patterns of Prejudice";journal;"14617331, 0031322X";"Routledge";No;No;0,247;Q2;47;0;45;0;43;41;0,52;0,00;0,00;0;0;United Kingdom;Western Europe;"Routledge";"1967-2023";"History (Q1); Cultural Studies (Q2)";"Arts and Humanities; Social Sciences"
353;21100220154;"SEARCH Journal of Media and Communication Research";journal;"26727080";"Taylor's University Lakeside Campus";No;No;0,247;Q2;13;31;130;1404;123;126;1,00;45,29;57,63;0;12;Malaysia;Asiatic Region;"Taylor's University Lakeside Campus";"2012-2024";"Arts and Humanities (miscellaneous) (Q2); Cultural Studies (Q2); Communication (Q3)";"Arts and Humanities; Social Sciences"
354;21101153193;"Journal of Frontier Studies";journal;"25000225";"LLC Scientific Industrial Enterprise “Genesis. Frontier. Science”";Yes;Yes;0,245;Q2;3;45;52;2266;15;52;0,29;50,36;46,97;0;12;Russian Federation;Eastern Europe;"LLC Scientific Industrial Enterprise “Genesis. Frontier. Science”";"2023-2025";"History (Q1); Anthropology (Q2); Archeology (Q2); Archeology (arts and humanities) (Q2); Cultural Studies (Q2)";"Arts and Humanities; Social Sciences"
355;21101021486;"Journal of Mekong Societies";journal;"26976056, 16866541";"Khon Kaen University";No;No;0,245;Q2;6;24;76;951;57;76;0,70;39,63;63,64;0;8;Thailand;Asiatic Region;"Khon Kaen University";"2019-2024";"History (Q1); Literature and Literary Theory (Q1); Religious Studies (Q1); Anthropology (Q2); Cultural Studies (Q2); History and Philosophy of Science (Q2); Development (Q3)";"Arts and Humanities; Social Sciences"
356;21101027516;"Dancecult";journal;"19475403";"University of Huddersfield";Yes;Yes;0,244;Q2;13;8;23;290;14;21;0,70;36,25;33,33;0;2;United Kingdom;Western Europe;"University of Huddersfield";"2009-2024";"Music (Q1); Visual Arts and Performing Arts (Q1); Cultural Studies (Q2)";"Arts and Humanities; Social Sciences"
357;21101196453;"Eludamos";journal;"18666124";"Septentrio Academic Publishing";Yes;Yes;0,244;Q2;3;12;25;642;27;21;0,60;53,50;23,53;0;2;Norway;Western Europe;"Septentrio Academic Publishing";"2020-2024";"Arts and Humanities (miscellaneous) (Q2); Cultural Studies (Q2); Communication (Q3); Social Sciences (miscellaneous) (Q3)";"Arts and Humanities; Social Sciences"
358;21101266480;"Intercultural Communication Education";journal;"22091041";"Castledown Publishers";Yes;Yes;0,244;Q2;5;2;28;91;36;26;1,00;45,50;100,00;0;1;Australia;Pacific Region;"Castledown Publishers";"2021-2024";"Cultural Studies (Q2); Linguistics and Language (Q2); Communication (Q3); Education (Q3)";"Social Sciences"
359;15709;"Journal of Canadian Studies";journal;"19110251, 00219495";"University of Toronto Press";No;No;0,243;Q2;20;7;70;570;53;68;0,46;81,43;71,43;0;5;Canada;Northern America;"University of Toronto Press";"1968, 1979, 1981-1984, 1986, 2002-2024";"History (Q1); Cultural Studies (Q2)";"Arts and Humanities; Social Sciences"
360;21100898611;"Mextesol Journal";journal;"23959908";"Asociacion Mexicana de Maestros de Ingles MEXTESOL A.C";Yes;Yes;0,243;Q2;9;65;240;3117;188;240;0,64;47,95;45,83;0;16;Mexico;Latin America;"Asociacion Mexicana de Maestros de Ingles MEXTESOL A.C";"2018-2025";"Cultural Studies (Q2); Linguistics and Language (Q2); Education (Q3)";"Social Sciences"
361;21101086720;"Oriental Anthropologist";journal;"0972558X, 09763430";"Sage Publications India Pvt. Ltd";No;No;0,243;Q2;7;21;71;875;61;67;0,96;41,67;56,67;0;7;Singapore;Asiatic Region;"Sage Publications India Pvt. Ltd";"2001-2024";"Anthropology (Q2); Cultural Studies (Q2); Sociology and Political Science (Q3)";"Social Sciences"
362;21101119540;"Cuhso";journal;"2452610X";"Faculty of Social Sciences and Humanities, Catholic University of Temuco";Yes;Yes;0,241;Q2;4;66;117;2929;50;105;0,36;44,38;54,46;2;25;Chile;Latin America;"Faculty of Social Sciences and Humanities, Catholic University of Temuco";"2020-2025";"Anthropology (Q2); Cultural Studies (Q2)";"Social Sciences"
363;21101087297;"Feminist Encounters";journal;"24684414";"Lectito";Yes;Yes;0,241;Q2;6;36;80;1274;49;73;0,42;35,39;69,64;0;12;Netherlands;Western Europe;"Lectito";"2019-2024";"Anthropology (Q2); Cultural Studies (Q2); Gender Studies (Q3); Sociology and Political Science (Q3)";"Social Sciences"
364;5700153385;"Journal of Human Values";journal;"09730737, 09716858";"Sage Publications India Pvt. Ltd";No;No;0,241;Q2;20;31;61;1653;65;54;0,77;53,32;37,50;0;9;India;Asiatic Region;"Sage Publications India Pvt. Ltd";"1995-2025";"Cultural Studies (Q2); Philosophy (Q2); Sociology and Political Science (Q3); Organizational Behavior and Human Resource Management (Q4); Social Psychology (Q4)";"Arts and Humanities; Business, Management and Accounting; Psychology; Social Sciences"
365;21100843261;"Comunicacao e Sociedade";journal;"21833575, 16452089";"University of Minho, Communication and Society Research Centre";Yes;Yes;0,240;Q2;8;29;85;1173;75;85;0,59;40,45;51,67;0;8;Portugal;Western Europe;"University of Minho, Communication and Society Research Centre";"2017-2024";"Arts and Humanities (miscellaneous) (Q2); Cultural Studies (Q2); Communication (Q3)";"Arts and Humanities; Social Sciences"
366;21100908544;"Global Intellectual History";journal;"23801883, 23801891";"Taylor and Francis Ltd.";No;No;0,240;Q2;8;42;183;2718;67;171;0,29;64,71;34,21;1;9;United Kingdom;Western Europe;"Taylor and Francis Ltd.";"2016-2025";"History (Q1); Arts and Humanities (miscellaneous) (Q2); Cultural Studies (Q2); Library and Information Sciences (Q3)";"Arts and Humanities; Social Sciences"
367;21100407560;"Hipogrifo";journal;"23281308";"Instituto de Estudios Auriseculares (IDEA)";Yes;Yes;0,240;Q2;8;77;353;2430;70;340;0,23;31,56;47,37;0;7;Spain;Western Europe;"Instituto de Estudios Auriseculares (IDEA)";"2013-2024";"History (Q1); Literature and Literary Theory (Q1); Visual Arts and Performing Arts (Q1); Cultural Studies (Q2)";"Arts and Humanities; Social Sciences"
368;21100875677;"Modern Africa";journal;"25707558, 23363274";"University of Hradec Kralove, Philosophical Faculty";Yes;Yes;0,240;Q2;5;7;27;385;16;26;0,53;55,00;44,44;0;6;Czech Republic;Eastern Europe;"University of Hradec Kralove, Philosophical Faculty";"2018-2024";"History (Q1); Anthropology (Q2); Cultural Studies (Q2); Development (Q3); Sociology and Political Science (Q3)";"Arts and Humanities; Social Sciences"
369;21101021488;"Perm University Herald - History";journal;"22193111";"Permskii Gosudarstvennyi Natsional'nyi Issledovatel'skii Universitet";No;No;0,240;Q2;3;68;200;1312;31;200;0,16;19,29;56,16;0;15;Russian Federation;Eastern Europe;"Permskii Gosudarstvennyi Natsional'nyi Issledovatel'skii Universitet";"2019-2024";"History (Q1); Archeology (Q2); Archeology (arts and humanities) (Q2); Cultural Studies (Q2)";"Arts and Humanities; Social Sciences"
370;21100898946;"Sibirskii Filologicheskii Zhurnal";journal;"18137083";"Siberian Branch of the Russian Academy of Sciences, Institute of Philology";No;No;0,240;Q2;4;74;296;2284;28;296;0,08;30,86;69,57;0;8;Russian Federation;Eastern Europe;"Siberian Branch of the Russian Academy of Sciences, Institute of Philology";"2018-2024";"Literature and Literary Theory (Q1); Cultural Studies (Q2); Linguistics and Language (Q2)";"Arts and Humanities; Social Sciences"
371;21100792107;"Treatises and Documents, Journal of Ethnic Studies";journal;"18545181, 03540286";"";No;No;0,240;Q2;7;15;56;683;34;54;0,64;45,53;50,00;0;4;Slovenia;Eastern Europe;"";"2015-2024";"Anthropology (Q2); Cultural Studies (Q2); Demography (Q3)";"Social Sciences"
372;18300156709;"Asia Pacific Journal of Anthropology";journal;"17409314, 14442213";"Routledge";No;No;0,239;Q2;29;31;76;1265;52;67;0,62;40,81;37,50;0;10;United Kingdom;Western Europe;"Routledge";"2000-2025";"Anthropology (Q2); Cultural Studies (Q2)";"Social Sciences"
373;19700187803;"South Asian History and Culture";journal;"19472501, 19472498";"Taylor and Francis Ltd.";No;No;0,239;Q2;16;34;97;1083;57;95;0,46;31,85;60,71;0;16;United Kingdom;Western Europe;"Taylor and Francis Ltd.";"2009-2025";"Arts and Humanities (miscellaneous) (Q2); Cultural Studies (Q2); Sociology and Political Science (Q3)";"Arts and Humanities; Social Sciences"
374;21101257850;"Journal of the African Literature Association";journal;"21674736, 21674744";"Taylor and Francis";No;No;0,237;Q2;4;37;103;1316;30;92;0,22;35,57;44,44;0;2;Australia;Pacific Region;"Taylor and Francis";"2020-2025";"Literature and Literary Theory (Q1); Cultural Studies (Q2)";"Arts and Humanities; Social Sciences"
375;21101078833;"Bamboo and Silk";journal;"24689246, 24689238";"Brill Academic Publishers";No;No;0,236;Q2;4;11;28;611;7;28;0,13;55,55;36,36;0;1;Netherlands;Western Europe;"Brill Academic Publishers";"2018-2024";"History (Q1); Literature and Literary Theory (Q1); Anthropology (Q2); Cultural Studies (Q2); Linguistics and Language (Q2); Sociology and Political Science (Q3)";"Arts and Humanities; Social Sciences"
376;21101254987;"Jurnal Ilmiah Al-Syir'ah";journal;"16934202, 25280368";"Institut Agama Islam Negeri Manado";No;No;0,236;Q2;4;20;52;919;40;52;0,94;45,95;33,90;0;11;Indonesia;Asiatic Region;"Institut Agama Islam Negeri Manado";"2020-2024";"Religious Studies (Q1); Cultural Studies (Q2); Law (Q2); Social Sciences (miscellaneous) (Q3)";"Arts and Humanities; Social Sciences"
377;5100155098;"Tourism, Culture and Communication";journal;"1098304X";"Cognizant Communication Corporation";No;No;0,236;Q2;22;24;75;1566;82;75;1,09;65,25;40,48;0;9;United States;Northern America;"Cognizant Communication Corporation";"2006-2025";"Cultural Studies (Q2); Communication (Q3); Geography, Planning and Development (Q3); Tourism, Leisure and Hospitality Management (Q4)";"Business, Management and Accounting; Social Sciences"
378;56416;"Traditiones";journal;"03520447";"ZRC SAZU, Zalozba ZRC";Yes;Yes;0,236;Q2;11;18;66;956;35;65;0,57;53,11;59,09;0;2;Slovenia;Eastern Europe;"ZRC SAZU, Zalozba ZRC";"1982, 2011-2024";"Music (Q1); Anthropology (Q2); Cultural Studies (Q2)";"Arts and Humanities; Social Sciences"
379;5700168554;"Cultural and Social History";journal;"14780038, 14780046";"Taylor and Francis Ltd.";No;No;0,235;Q2;22;32;90;888;41;88;0,39;27,75;64,71;0;9;United Kingdom;Western Europe;"Taylor and Francis Ltd.";"2008-2025";"History (Q1); Cultural Studies (Q2); Sociology and Political Science (Q3)";"Arts and Humanities; Social Sciences"
380;21100324067;"Global Journal Al-Thaqafah";journal;"22320474, 22320482";"Universiti Sultan Azlan Shah";Yes;No;0,235;Q2;11;27;114;1022;56;114;0,56;37,85;51,16;0;8;Malaysia;Asiatic Region;"Universiti Sultan Azlan Shah";"2011-2024";"Arts and Humanities (miscellaneous) (Q2); Cultural Studies (Q2)";"Arts and Humanities; Social Sciences"
381;21100823283;"International Journal of Asian Business and Information Management";journal;"19479638, 19479646";"IGI Global Publishing";No;No;0,235;Q2;16;25;105;1217;180;103;2,22;48,68;33,93;0;12;United States;Northern America;"IGI Global Publishing";"2017-2025";"Cultural Studies (Q2); Business and International Management (Q3); Strategy and Management (Q3); Computer Science Applications (Q4); Management of Technology and Innovation (Q4)";"Business, Management and Accounting; Computer Science; Social Sciences"
382;16000154798;"Kritika";journal;"1531023X, 15385000";"Slavica Publishers";No;No;0,235;Q2;30;40;137;2875;28;128;0,15;71,88;46,15;0;0;United States;Northern America;"Slavica Publishers";"2002-2024";"History (Q1); Cultural Studies (Q2)";"Arts and Humanities; Social Sciences"
383;24121;"Harvard Journal of Asiatic Studies";journal;"19446454, 00730548";"Harvard-Yenching Institute";No;No;0,234;Q2;4;5;29;56;8;23;0,13;11,20;33,33;0;0;United States;Northern America;"Harvard-Yenching Institute";"2001-2002, 2019-2024";"History (Q1); Literature and Literary Theory (Q1); Cultural Studies (Q2)";"Arts and Humanities; Social Sciences"
384;18542;"American Journal of Philology";journal;"10863168, 00029475";"Johns Hopkins University Press";No;No;0,232;Q2;32;21;68;1684;56;64;0,74;80,19;50,00;0;2;United States;Northern America;"Johns Hopkins University Press";"1972-1973, 1976, 1978-1980, 1985-1989, 1992-1993, 1995-1997, 2000-2024";"Classics (Q1); Literature and Literary Theory (Q1); Cultural Studies (Q2); Linguistics and Language (Q2)";"Arts and Humanities; Social Sciences"
385;21100466869;"Boletin Academico";journal;"02133474, 21736723";"SIELAE-Universidade da Coruna";Yes;Yes;0,232;Q2;3;5;17;85;4;12;0,20;17,00;20,00;0;2;Spain;Western Europe;"SIELAE-Universidade da Coruna";"2016-2024";"Visual Arts and Performing Arts (Q1); Architecture (Q2); Cultural Studies (Q2)";"Arts and Humanities; Engineering; Social Sciences"
386;21101247620;"International Journal of Anthropology and Ethnology";journal;"23661003";"Springer Nature";Yes;Yes;0,232;Q2;7;22;59;933;63;59;0,85;42,41;25,00;0;9;Netherlands;Western Europe;"Springer Nature";"2019-2025";"Anthropology (Q2); Cultural Studies (Q2); Social Sciences (miscellaneous) (Q3)";"Social Sciences"
387;29366;"GLQ";journal;"10642684";"Duke University Press";No;No;0,231;Q2;51;33;74;983;60;64;0,86;29,79;48,84;0;10;United States;Northern America;"Duke University Press";"1996, 1998-2001, 2003-2025";"Cultural Studies (Q2); Gender Studies (Q3)";"Social Sciences"
388;21101194300;"Technology and Language";journal;"27129934";"St. Petersburg Polytechnic University of Peter the Great";No;No;0,231;Q2;9;44;127;966;87;121;0,87;21,95;49,06;0;5;Russian Federation;Eastern Europe;"St. Petersburg Polytechnic University of Peter the Great";"2020-2024";"Cultural Studies (Q2); History and Philosophy of Science (Q2); Engineering (miscellaneous) (Q3)";"Arts and Humanities; Engineering; Social Sciences"
389;21100902938;"Trends in Language Acquisition Research";book series;"15690644";"John Benjamins Publishing Company";No;No;0,231;Q2;10;0;34;0;37;12;2,00;0,00;0,00;0;0;Netherlands;Western Europe;"John Benjamins Publishing Company";"2018, 2020-2023";"Cultural Studies (Q2); Linguistics and Language (Q2); Communication (Q3); Education (Q3); Developmental and Educational Psychology (Q4)";"Psychology; Social Sciences"
390;20899;"Contemporary French Civilization";journal;"01479156";"Liverpool University Press";No;No;0,228;Q2;4;19;73;605;15;64;0,18;31,84;50,00;0;6;United Kingdom;Western Europe;"Liverpool University Press";"1981-1982, 1999, 2001, 2019-2024";"History (Q1); Anthropology (Q2); Cultural Studies (Q2)";"Arts and Humanities; Social Sciences"
391;28667;"Geographia Polonica";journal;"00167282, 23007362";"Polska Akademia Nauk";Yes;No;0,228;Q2;24;24;74;1718;67;74;0,76;71,58;39,74;0;11;Poland;Eastern Europe;"Polska Akademia Nauk";"1972, 1975-1986, 1988-1989, 1992-2024";"Cultural Studies (Q2); Earth and Planetary Sciences (miscellaneous) (Q3); Geography, Planning and Development (Q3); Urban Studies (Q3)";"Earth and Planetary Sciences; Social Sciences"
392;21100203117;"Etnografica";journal;"21822891, 08736561";"Centro em Rede de Investigacao em Antropologia - CRIA";Yes;Yes;0,227;Q2;17;70;143;1858;29;108;0,16;26,54;46,77;0;10;Portugal;Western Europe;"Centro em Rede de Investigacao em Antropologia - CRIA";"2006-2024";"Anthropology (Q2); Cultural Studies (Q2)";"Social Sciences"
393;21101038706;"African Conflict and Peacebuilding Review";journal;"21567263, 2156695X";"The Trustees of Indiana University";No;No;0,226;Q2;7;12;44;783;33;42;0,41;65,25;16,67;0;2;United States;Northern America;"The Trustees of Indiana University";"2019-2024";"Anthropology (Q2); Cultural Studies (Q2); Sociology and Political Science (Q3)";"Social Sciences"
394;21100898974;"Journal of Scottish Philosophy";journal;"17552001, 14796651";"Edinburgh University Press";No;No;0,226;Q2;13;13;51;386;19;42;0,26;29,69;22,22;0;0;United Kingdom;Western Europe;"Edinburgh University Press";"2003-2024";"History (Q1); Cultural Studies (Q2); Philosophy (Q2)";"Arts and Humanities; Social Sciences"
395;21100777273;"Letonica";journal;"14073110";"Latvian University";No;No;0,226;Q2;4;19;111;711;41;104;0,35;37,42;60,00;0;6;Latvia;Eastern Europe;"Latvian University";"2016-2024";"History (Q1); Literature and Literary Theory (Q1); Visual Arts and Performing Arts (Q1); Cultural Studies (Q2); Music (Q2)";"Arts and Humanities; Social Sciences"
396;21100200635;"Radio Journal";journal;"14764504, 20401388";"Intellect Ltd.";No;No;0,226;Q2;13;15;49;627;37;46;0,48;41,80;62,96;0;1;United Kingdom;Western Europe;"Intellect Ltd.";"2012-2024";"Visual Arts and Performing Arts (Q1); Cultural Studies (Q2); Communication (Q3); Media Technology (Q3)";"Arts and Humanities; Engineering; Social Sciences"
397;21101090013;"Journal of Confucian Philosophy and Culture";journal;"27341356, 1598267X";"Sungkyunkwan University, Institute of Confucian Philosophy and Culture (ICPC)";Yes;Yes;0,225;Q2;3;16;44;653;23;42;0,66;40,81;26,67;0;4;South Korea;Asiatic Region;"Sungkyunkwan University, Institute of Confucian Philosophy and Culture (ICPC)";"2019-2024";"Cultural Studies (Q2); Philosophy (Q2)";"Arts and Humanities; Social Sciences"
398;21100777305;"Logos (Russian Federation)";journal;"08695377, 24999628";"Gaidar Institute Press";No;No;0,225;Q2;8;62;170;1238;33;165;0,17;19,97;41,79;0;8;Russian Federation;Eastern Europe;"Gaidar Institute Press";"2016-2024";"Literature and Literary Theory (Q1); Cultural Studies (Q2); Philosophy (Q2)";"Arts and Humanities; Social Sciences"
399;21100867938;"Open Library of Humanities";journal;"20566700";"Open Library of Humanities";Yes;Yes;0,225;Q2;14;27;84;1244;44;84;0,60;46,07;63,33;0;9;United Kingdom;Western Europe;"Open Library of Humanities";"2015-2025";"Anthropology (Q2); Arts and Humanities (miscellaneous) (Q2); Cultural Studies (Q2); Sociology and Political Science (Q3)";"Arts and Humanities; Social Sciences"
400;6000170740;"American Literary History";journal;"14684365, 08967148";"Oxford University Press";No;No;0,224;Q2;38;34;178;1128;72;171;0,31;33,18;35,29;0;6;United States;Northern America;"Oxford University Press";"1989-2024";"History (Q1); Literature and Literary Theory (Q1); Cultural Studies (Q2)";"Arts and Humanities; Social Sciences"
401;21101039081;"International Journal of Sociology of Agriculture and Food";journal;"25241982, 07981759";"Michigan State University Press";No;No;0,224;Q2;6;11;36;699;28;36;0,62;63,55;66,67;0;8;United States;Northern America;"Michigan State University Press";"2019-2024";"Cultural Studies (Q2); Food Science (Q3); Sociology and Political Science (Q3)";"Agricultural and Biological Sciences; Social Sciences"
402;19700194014;"Journal of Jewish Education";journal;"15244113, 1554611X";"Taylor and Francis Ltd.";No;No;0,224;Q2;14;23;63;718;24;50;0,37;31,22;79,17;0;1;United Kingdom;Western Europe;"Taylor and Francis Ltd.";"1929-1932, 1938-1945, 1949-1950, 1952-1956, 1958-1970, 1972-2025";"Religious Studies (Q1); Cultural Studies (Q2); Education (Q3)";"Arts and Humanities; Social Sciences"
403;21101133223;"Teosofi: Jurnal Tasawuf dan Pemikiran Islam";journal;"20887957, 2442871X";"Faculty of Ushuluddin and Philosophy, Sunan Ampel State Islamic University Surabaya";No;No;0,224;Q2;2;19;28;992;23;28;0,82;52,21;20,51;0;5;Indonesia;Asiatic Region;"Faculty of Ushuluddin and Philosophy, Sunan Ampel State Islamic University Surabaya";"2022-2024";"Religious Studies (Q1); Cultural Studies (Q2)";"Arts and Humanities; Social Sciences"
404;21101271735;"Revista Digital de Investigacion en Docencia Universitaria";journal;"22232516";"Universidad Peruana de Ciencias Aplicadas";Yes;Yes;0,223;Q2;9;23;51;1049;61;46;0,91;45,61;47,27;0;4;Peru;Latin America;"Universidad Peruana de Ciencias Aplicadas";"2020-2025";"Cultural Studies (Q2); Education (Q3); Developmental and Educational Psychology (Q4)";"Psychology; Social Sciences"
405;21100201987;"Southern African Humanities";journal;"16815564";"KwaZulu-Natal Museum";No;No;0,222;Q2;24;0;27;0;15;26;0,37;0,00;0,00;0;0;South Africa;Africa;"KwaZulu-Natal Museum";"2008-2023";"History (Q1); Anthropology (Q2); Archeology (Q2); Archeology (arts and humanities) (Q2); Cultural Studies (Q2)";"Arts and Humanities; Social Sciences"
406;21100286403;"Acta Historiae Artis Slovenica";journal;"14080419";"ZRC SAZU, Zalozba ZRC";Yes;Yes;0,221;Q2;6;12;53;643;8;53;0,12;53,58;27,27;0;1;Slovenia;Eastern Europe;"ZRC SAZU, Zalozba ZRC";"2013-2024";"History (Q1); Visual Arts and Performing Arts (Q1); Cultural Studies (Q2)";"Arts and Humanities; Social Sciences"
407;21101039067;"Journal of Arab and Muslim Media Research";journal;"1751942X, 17519411";"Intellect Ltd.";No;No;0,221;Q2;14;14;41;796;37;41;0,67;56,86;20,00;0;5;United Kingdom;Western Europe;"Intellect Ltd.";"2007-2024";"Cultural Studies (Q2); Linguistics and Language (Q2); Communication (Q3)";"Social Sciences"
408;5000154001;"Bijdragen tot de Taal-, Land- en Volkenkunde";journal;"00062294";"Brill Academic Publishers";Yes;Yes;0,220;Q2;19;10;45;688;36;42;1,15;68,80;9,09;0;1;Netherlands;Western Europe;"Brill Academic Publishers";"1993, 2005-2024";"Anthropology (Q2); Cultural Studies (Q2); Linguistics and Language (Q2); Social Sciences (miscellaneous) (Q3)";"Social Sciences"
409;23701;"Indian Journal of Gender Studies";journal;"09715215, 09730672";"Sage Publications India Pvt. Ltd";No;No;0,220;Q2;28;24;67;853;44;58;0,47;35,54;72,73;0;13;India;Asiatic Region;"Sage Publications India Pvt. Ltd";"1994-2025";"Arts and Humanities (miscellaneous) (Q2); Cultural Studies (Q2); Gender Studies (Q3); Health (social science) (Q4)";"Arts and Humanities; Social Sciences"
410;21100906921;"MAI Journal";journal;"22306862";"Nga Pae o te Maramatanga";No;No;0,220;Q2;12;13;59;669;49;59;0,62;51,46;82,35;0;4;New Zealand;Pacific Region;"Nga Pae o te Maramatanga";"2019-2024";"Cultural Studies (Q2); Anthropology (Q3); Education (Q3); Health (social science) (Q4)";"Social Sciences"
411;21100780549;"Russian Sociological Review";journal;"1728192X, 17281938";"National Research University Higher School of Economics";Yes;Yes;0,219;Q2;11;53;142;4495;47;139;0,39;84,81;38,89;0;20;Russian Federation;Eastern Europe;"National Research University Higher School of Economics";"2001-2003, 2016-2024";"Cultural Studies (Q2); Philosophy (Q2); Social Sciences (miscellaneous) (Q3); Sociology and Political Science (Q3)";"Arts and Humanities; Social Sciences"
412;12008;"Teruleti Statisztika";journal;"20648251, 00187828";"Hungarian Central Statistical Office";No;No;0,219;Q2;14;25;87;1276;64;87;0,75;51,04;37,50;0;11;Hungary;Eastern Europe;"Hungarian Central Statistical Office";"1980, 1982-1983, 1985, 2016-2024";"Cultural Studies (Q2); Geography, Planning and Development (Q3); Public Administration (Q3); Economics and Econometrics (Q4); Statistics and Probability (Q4)";"Economics, Econometrics and Finance; Mathematics; Social Sciences"
413;16500154712;"Victorian Literature and Culture";journal;"10601503, 14701553";"Cambridge University Press";No;No;0,219;Q2;22;44;125;2215;37;124;0,20;50,34;69,77;0;6;United Kingdom;Western Europe;"Cambridge University Press";"1996-2024";"Literature and Literary Theory (Q1); Cultural Studies (Q2)";"Arts and Humanities; Social Sciences"
414;5700164130;"Latino Studies";journal;"14763443, 14763435";"Palgrave Macmillan Ltd.";No;No;0,218;Q2;28;42;97;1933;72;74;0,81;46,02;71,11;0;13;United Kingdom;Western Europe;"Palgrave Macmillan Ltd.";"2009-2025";"History (Q1); Cultural Studies (Q2); Sociology and Political Science (Q3)";"Arts and Humanities; Social Sciences"
415;5600155285;"Parameters";journal;"00311723";"U.S. Army War College";No;No;0,218;Q2;6;46;128;1189;88;113;0,79;25,85;15,09;0;7;United States;Northern America;"U.S. Army War College";"1982, 2019-2024";"History (Q1); Cultural Studies (Q2); Political Science and International Relations (Q3); Safety Research (Q3); Social Sciences (miscellaneous) (Q3); Sociology and Political Science (Q3)";"Arts and Humanities; Social Sciences"
416;13588;"Americas";journal;"15336247, 00031615";"Cambridge University Press";No;No;0,217;Q2;21;18;77;1838;30;75;0,45;102,11;22,22;0;3;United States;Northern America;"Cambridge University Press";"1969, 1971, 1973, 1975, 1982-1983, 1985, 1999, 2001-2025";"History (Q1); Cultural Studies (Q2)";"Arts and Humanities; Social Sciences"
417;21100865012;"Economia Agro-Alimentare";journal;"19724802, 11261668";"FrancoAngeli";Yes;No;0,217;Q2;13;25;83;1315;79;72;0,73;52,60;60,00;0;17;Italy;Western Europe;"FrancoAngeli";"2012-2024";"Cultural Studies (Q2); Agricultural and Biological Sciences (miscellaneous) (Q3); Agronomy and Crop Science (Q3); Food Animals (Q3); Food Science (Q3); Geography, Planning and Development (Q3); Social Sciences (miscellaneous) (Q3); Business, Management and Accounting (miscellaneous) (Q4); Economics and Econometrics (Q4); Management, Monitoring, Policy and Law (Q4)";"Agricultural and Biological Sciences; Business, Management and Accounting; Economics, Econometrics and Finance; Environmental Science; Social Sciences; Veterinary"
418;20000195031;"Krisis";journal;"18757103, 0168275X";"Boom Uitgevers";Yes;Yes;0,217;Q2;10;11;79;439;36;76;0,71;39,91;30,00;0;1;Netherlands;Western Europe;"Boom Uitgevers";"2011-2024";"Cultural Studies (Q2); Philosophy (Q2); Sociology and Political Science (Q3)";"Arts and Humanities; Social Sciences"
419;21101039834;"Eidos: A Journal for Philosophy of Culture";journal;"2544302X";"University of Warsaw";Yes;Yes;0,216;Q2;5;28;113;874;37;88;0,13;31,21;25,00;0;1;Poland;Eastern Europe;"University of Warsaw";"2017-2024";"Cultural Studies (Q2); Philosophy (Q2); Social Sciences (miscellaneous) (Q3)";"Arts and Humanities; Social Sciences"
420;5800207832;"Estudios de Cultura Maya";journal;"24485179, 01852574";"Universidad Nacional Autonoma de Mexico, Instituto de Investigaciones Filosoficas";Yes;Yes;0,215;Q2;10;25;68;1301;20;68;0,34;52,04;43,24;0;3;Mexico;Latin America;"Universidad Nacional Autonoma de Mexico, Instituto de Investigaciones Filosoficas";"2013-2024";"Archeology (Q2); Archeology (arts and humanities) (Q2); Cultural Studies (Q2); Anthropology (Q3)";"Arts and Humanities; Social Sciences"
421;53663;"Journal of Near Eastern Studies";journal;"00222968, 15456978";"University of Chicago Press";No;No;0,215;Q2;26;16;48;1222;35;40;0,61;76,38;44,44;0;0;United States;Northern America;"University of Chicago Press";"1968, 1974, 1980, 1982-1988, 1992-1994, 1996-2024";"Archeology (Q2); Arts and Humanities (miscellaneous) (Q2); Cultural Studies (Q2); Linguistics and Language (Q2)";"Arts and Humanities; Social Sciences"
422;19900191814;"Journal of Victorian Culture";journal;"13555502, 17500133";"Oxford University Press";No;No;0,215;Q2;22;35;135;3013;46;118;0,30;86,09;48,57;0;8;United Kingdom;Western Europe;"Oxford University Press";"1996-2024";"History (Q1); Literature and Literary Theory (Q1); Visual Arts and Performing Arts (Q1); Cultural Studies (Q2)";"Arts and Humanities; Social Sciences"
423;15860;"Journal of Contemporary History";journal;"00220094, 14617250";"SAGE Publications Ltd";No;No;0,214;Q2;45;44;136;0;99;132;0,68;0,00;36,36;0;13;United Kingdom;Western Europe;"SAGE Publications Ltd";"1966-1990, 1993-2025";"History (Q1); Cultural Studies (Q2); Sociology and Political Science (Q3)";"Arts and Humanities; Social Sciences"
424;21100818509;"International Journal of Arabic-English Studies";journal;"16800982";"Librairie du Liban Publishers";No;No;0,213;Q2;9;50;104;2106;72;104;0,48;42,12;47,44;0;15;Lebanon;Middle East;"Librairie du Liban Publishers";"2016-2025";"Literature and Literary Theory (Q1); Cultural Studies (Q2); Linguistics and Language (Q2)";"Arts and Humanities; Social Sciences"
425;5600154343;"Iranian Studies";journal;"00210862, 14754819";"Cambridge University Press";No;No;0,212;Q2;28;32;88;1657;43;80;0,49;51,78;43,33;0;6;United Kingdom;Western Europe;"Cambridge University Press";"1967-2025";"History (Q1); Literature and Literary Theory (Q1); Cultural Studies (Q2)";"Arts and Humanities; Social Sciences"
426;21600;"Studies in East European Thought";journal;"15730948, 09259392";"Springer Netherlands";No;No;0,212;Q2;13;97;129;3344;59;114;0,43;34,47;28,43;0;4;Netherlands;Western Europe;"Springer Netherlands";"1993-2025";"Literature and Literary Theory (Q1); Cultural Studies (Q2); Philosophy (Q2); Law (Q3); Social Sciences (miscellaneous) (Q3)";"Arts and Humanities; Social Sciences"
427;21100927978;"Vestnik Volgogradskogo Gosudarstvennogo Universiteta, Seriia 4: Istoriia, Regionovedenie, Mezhdunarodnye Otnosheniia";journal;"19989938, 23128704";"Volgograd State University";Yes;Yes;0,211;Q2;5;119;392;4328;59;391;0,17;36,37;33,95;0;27;Russian Federation;Eastern Europe;"Volgograd State University";"2019-2024";"History (Q1); Cultural Studies (Q2); Political Science and International Relations (Q3); Sociology and Political Science (Q3)";"Arts and Humanities; Social Sciences"
428;5600155405;"Asian Ethnicity";journal;"14692953, 14631369";"Routledge";No;No;0,210;Q2;26;53;101;2910;107;96;1,16;54,91;40,58;0;15;United Kingdom;Western Europe;"Routledge";"2008-2025";"Cultural Studies (Q2); Sociology and Political Science (Q3)";"Social Sciences"
429;5800207874;"Bulletin of the School of Oriental and African Studies";journal;"0041977X, 14740699";"Cambridge University Press";No;No;0,210;Q2;30;29;75;2001;29;75;0,27;69,00;19,35;0;0;United Kingdom;Western Europe;"Cambridge University Press";"1917-1918, 1920-1940, 1942-1946, 1948-2025";"History (Q1); Cultural Studies (Q2)";"Arts and Humanities; Social Sciences"
430;19900192456;"Culture, Theory and Critique";journal;"14735776, 14735784";"Routledge";No;No;0,210;Q2;19;13;60;546;44;56;0,62;42,00;15,38;0;0;United Kingdom;Western Europe;"Routledge";"2010-2025";"Cultural Studies (Q2); Sociology and Political Science (Q3)";"Social Sciences"
431;21101024199;"Disparidades. Revista de Antropologia";journal;"26596881";"CSIC Consejo Superior de Investigaciones Cientificas";Yes;Yes;0,210;Q2;14;22;102;1054;43;99;0,49;47,91;46,15;0;6;Spain;Western Europe;"CSIC Consejo Superior de Investigaciones Cientificas";"2019-2024";"Cultural Studies (Q2); Linguistics and Language (Q2); Anthropology (Q3)";"Social Sciences"
432;21100942897;"Historia, Instituciones, Documentos";journal;"02107716, 22538291";"Universidad de Sevilla";Yes;Yes;0,210;Q2;3;16;64;782;9;63;0,12;48,88;28,57;0;2;Spain;Western Europe;"Universidad de Sevilla";"2019-2024";"History (Q1); Cultural Studies (Q2); Law (Q3); Sociology and Political Science (Q3)";"Arts and Humanities; Social Sciences"
433;7100153151;"Journal of Arabic Literature";journal;"00852376, 1570064X";"Brill Academic Publishers";No;No;0,210;Q2;16;18;41;1572;12;41;0,15;87,33;77,78;0;0;Netherlands;Western Europe;"Brill Academic Publishers";"1970-1971, 1973-1974, 1976, 1978, 1980-1981, 1983-2025";"Literature and Literary Theory (Q1); Cultural Studies (Q2)";"Arts and Humanities; Social Sciences"
434;21100881506;"Przestrzen Spoleczna";journal;"20841558, 20847696";"";Yes;No;0,210;Q2;7;0;64;0;84;59;1,44;0,00;0,00;0;0;Poland;Eastern Europe;"";"2018-2022";"Cultural Studies (Q2); Demography (Q3); Economics, Econometrics and Finance (miscellaneous) (Q3); Education (Q3); Geography, Planning and Development (Q3); Social Sciences (miscellaneous) (Q3); Sociology and Political Science (Q3); Urban Studies (Q3); Social Psychology (Q4)";"Economics, Econometrics and Finance; Psychology; Social Sciences"
435;5600156880;"Critical Quarterly";journal;"00111562, 14678705";"Wiley-Blackwell";No;No;0,209;Q2;24;54;134;158;26;109;0,13;2,93;35,71;0;0;United States;Northern America;"Wiley-Blackwell";"1959-2024";"Literature and Literary Theory (Q1); Cultural Studies (Q2)";"Arts and Humanities; Social Sciences"
436;19300157026;"Journal of Chinese Overseas";journal;"17930391, 17932548";"Brill Academic Publishers";No;No;0,209;Q2;12;14;44;414;31;44;0,57;29,57;45,45;0;3;Netherlands;Western Europe;"Brill Academic Publishers";"2007-2024";"History (Q1); Cultural Studies (Q2); Anthropology (Q3); Sociology and Political Science (Q3)";"Arts and Humanities; Social Sciences"
437;21101267701;"Journal of Sistan and Baluchistan Studies";journal;"28210808";"University of Zabol";No;No;0,209;Q2;4;11;30;378;21;30;0,46;34,36;54,17;0;3;Iran;Middle East;"University of Zabol";"2021-2024";"History (Q1); Cultural Studies (Q2); Linguistics and Language (Q2); Social Sciences (miscellaneous) (Q3)";"Arts and Humanities; Social Sciences"
438;21100854118;"Wacana";journal;"14112272, 24076899";"Faculty of Humanities, University of Indonesia";Yes;Yes;0,209;Q2;7;24;91;1185;65;87;0,58;49,38;13,04;0;3;Indonesia;Asiatic Region;"Faculty of Humanities, University of Indonesia";"2015-2024";"Arts and Humanities (miscellaneous) (Q2); Cultural Studies (Q2); Anthropology (Q3); Library and Information Sciences (Q3)";"Arts and Humanities; Social Sciences"
439;21100463090;"AlBayan";journal;"22321969, 22321950";"Brill Academic Publishers";No;No;0,208;Q2;7;20;50;815;22;50;0,46;40,75;24,24;0;2;Netherlands;Western Europe;"Brill Academic Publishers";"2011-2024";"Cultural Studies (Q2); Religious Studies (Q2)";"Arts and Humanities; Social Sciences"
440;21101264303;"Miqot: Jurnal Ilmu-ilmu Keislaman";journal;"25023616, 08520720";"Universitas Islam Negeri Sumatera Utara";Yes;No;0,208;Q2;4;16;56;702;17;56;0,44;43,88;23,33;0;2;Indonesia;Asiatic Region;"Universitas Islam Negeri Sumatera Utara";"2020-2024";"History (Q1); Literature and Literary Theory (Q1); Cultural Studies (Q2); Religious Studies (Q2)";"Arts and Humanities; Social Sciences"
441;20222;"Narodna Umjetnost";journal;"05472504";"Institute of Ethnology and Folklore Research";Yes;Yes;0,208;Q2;11;23;55;860;20;51;0,40;37,39;75,86;0;6;Croatia;Eastern Europe;"Institute of Ethnology and Folklore Research";"1981, 2009-2024";"Arts and Humanities (miscellaneous) (Q2); Cultural Studies (Q2); Anthropology (Q3)";"Arts and Humanities; Social Sciences"
442;11600153480;"Atlantic Studies : Global Currents";journal;"14788810, 17404649";"Routledge";No;No;0,207;Q2;14;45;104;3234;60;98;0,58;71,87;55,00;0;11;United Kingdom;Western Europe;"Routledge";"2010-2025";"History (Q1); Literature and Literary Theory (Q1); Cultural Studies (Q2)";"Arts and Humanities; Social Sciences"
443;21101021865;"Egyptian Journal of Archaeological and Restoration Studies";journal;"20904940, 20904932";"Sohag University Publishing Center";No;No;0,207;Q2;5;43;78;1843;35;77;0,45;42,86;38,71;0;8;Egypt;Africa/Middle East;"Sohag University Publishing Center";"2011-2024";"Archeology (Q2); Archeology (arts and humanities) (Q2); Conservation (Q2); Cultural Studies (Q2); Management, Monitoring, Policy and Law (Q4)";"Arts and Humanities; Environmental Science; Social Sciences"
444;21100868416;"Laboratorium: Russian Review of Social Research";journal;"20781938, 20768214";"Institute for European Russian and Eurasian Studies, The George Washington University";No;No;0,207;Q2;8;10;59;473;32;59;0,47;47,30;53,85;0;1;United States;Northern America;"Institute for European Russian and Eurasian Studies, The George Washington University";"2018-2024";"History (Q1); Cultural Studies (Q2); Anthropology (Q3); Gender Studies (Q3); Political Science and International Relations (Q3); Social Sciences (miscellaneous) (Q3); Sociology and Political Science (Q3)";"Arts and Humanities; Social Sciences"
445;4700152714;"Cadernos de Pesquisa";journal;"01001574";"Fundacao Carlos Chagas";Yes;Yes;0,206;Q2;22;54;142;2326;70;141;0,35;43,07;66,00;0;28;Brazil;Latin America;"Fundacao Carlos Chagas";"1983, 2006-2024";"Cultural Studies (Q2); Gender Studies (Q3); Education (Q4)";"Social Sciences"
446;5600153629;"Critical Arts";journal;"19926049, 02560046";"Taylor and Francis Ltd.";No;No;0,206;Q2;23;75;120;2663;78;118;0,58;35,51;50,50;0;16;United Kingdom;Western Europe;"Taylor and Francis Ltd.";"1980-1986, 1988, 1990-2025";"Arts and Humanities (miscellaneous) (Q2); Cultural Studies (Q2); Communication (Q3)";"Arts and Humanities; Social Sciences"
447;19700201461;"Journal of Medieval Iberian Studies";journal;"17546559, 17546567";"Taylor and Francis Ltd.";No;No;0,206;Q2;13;25;67;1909;28;67;0,38;76,36;54,55;0;2;United Kingdom;Western Europe;"Taylor and Francis Ltd.";"2010-2025";"History (Q1); Cultural Studies (Q2)";"Arts and Humanities; Social Sciences"
448;5600153252;"Journal of Latin American Cultural Studies";journal;"13569325, 14699575";"Routledge";No;No;0,205;Q2;18;34;107;1237;35;101;0,29;36,38;66,67;0;5;United Kingdom;Western Europe;"Routledge";"1995-2003, 2005-2025";"History (Q1); Cultural Studies (Q2)";"Arts and Humanities; Social Sciences"
449;21101059922;"Russian Peasant Studies";journal;"25001809, 29492564";"Russian Presidental Academy of National Economy and Public Administration";Yes;Yes;0,205;Q2;5;37;120;718;28;108;0,24;19,41;44,68;0;17;Russian Federation;Eastern Europe;"Russian Presidental Academy of National Economy and Public Administration";"2019-2024";"History (Q1); Archeology (Q2); Cultural Studies (Q2); Agricultural and Biological Sciences (miscellaneous) (Q3); Anthropology (Q3); Economics, Econometrics and Finance (miscellaneous) (Q3); Geography, Planning and Development (Q3)";"Agricultural and Biological Sciences; Arts and Humanities; Economics, Econometrics and Finance; Social Sciences"
450;19400158916;"Zeitschrift des Deutschen Palastina-Vereins";journal;"00121169";"Otto Harassowitz";No;No;0,205;Q2;11;0;27;0;9;24;0,39;0,00;0,00;0;0;Germany;Western Europe;"Otto Harassowitz";"2009-2017, 2021-2023";"History (Q1); Archeology (Q2); Archeology (arts and humanities) (Q2); Cultural Studies (Q2); Religious Studies (Q2)";"Arts and Humanities; Social Sciences"
451;21100246531;"Catalan Journal of Communication and Cultural Studies";journal;"17571898, 17571901";"Intellect Ltd.";No;No;0,204;Q2;10;18;50;813;35;47;0,45;45,17;58,54;0;5;United Kingdom;Western Europe;"Intellect Ltd.";"2013-2024";"Cultural Studies (Q2); Communication (Q3)";"Social Sciences"
452;21100780996;"Psychology, Journal of the Higher School of Economics";journal;"18138918";"National Research University Higher School of Economics";No;No;0,204;Q2;10;44;150;1851;85;145;0,37;42,07;66,67;0;4;Russian Federation;Eastern Europe;"National Research University Higher School of Economics";"2016-2024";"Cultural Studies (Q2); Education (Q4); Psychology (miscellaneous) (Q4)";"Psychology; Social Sciences"
453;21100793924;"TRaNS: Trans-Regional and -National Studies of Southeast Asia";journal;"2051364X, 20513658";"Cambridge University Press";No;No;0,204;Q2;17;20;44;1523;46;42;0,89;76,15;27,27;0;9;United Kingdom;Western Europe;"Cambridge University Press";"2013-2024";"History (Q1); Cultural Studies (Q2); Anthropology (Q3); Geography, Planning and Development (Q3); Sociology and Political Science (Q3)";"Arts and Humanities; Social Sciences"
454;21101037300;"Explorations in Media Ecology";journal;"15397785, 20480717";"Intellect Ltd.";No;No;0,203;Q2;5;26;101;790;24;74;0,13;30,38;40,00;0;3;United Kingdom;Western Europe;"Intellect Ltd.";"2019-2024";"Cultural Studies (Q2); Education (Q4)";"Social Sciences"
455;21100415501;"Journal of Marine and Island Cultures";journal;"22126821";"Institution for Marine and Island Cultures, Mokpo National University";Yes;Yes;0,203;Q2;21;32;118;1526;89;117;0,69;47,69;35,63;0;22;South Korea;Asiatic Region;"Institution for Marine and Island Cultures, Mokpo National University";"2012-2019, 2021-2024";"Cultural Studies (Q2); Anthropology (Q3); Nature and Landscape Conservation (Q3); Management, Monitoring, Policy and Law (Q4)";"Environmental Science; Social Sciences"
456;16400154758;"Journal of Popular Film and Television";journal;"19306458, 01956051";"Routledge";No;No;0,203;Q2;23;4;51;99;23;47;0,42;24,75;50,00;0;1;United States;Northern America;"Routledge";"1978-2024";"Visual Arts and Performing Arts (Q1); Cultural Studies (Q2)";"Arts and Humanities; Social Sciences"
457;21100896853;"Small Axe";journal;"15346714, 07990537";"Duke University Press";No;No;0,203;Q2;9;38;135;1525;45;124;0,35;40,13;53,13;0;0;United States;Northern America;"Duke University Press";"2018-2024";"Literature and Literary Theory (Q1); Cultural Studies (Q2); Sociology and Political Science (Q3)";"Arts and Humanities; Social Sciences"
458;21101102024;"Chinese Medicine and Culture";journal;"25899473, 25899627";"Lippincott Williams and Wilkins";Yes;Yes;0,202;Q2;6;42;116;1103;59;112;0,40;26,26;34,88;0;8;United States;Northern America;"Lippincott Williams and Wilkins";"2018-2025";"Cultural Studies (Q2); Complementary and Alternative Medicine (Q3)";"Medicine; Social Sciences"
459;20194;"Journal of British Studies";journal;"00219371, 15456986";"Cambridge University Press";No;No;0,202;Q2;46;31;88;4022;51;88;0,57;129,74;41,18;0;7;United Kingdom;Western Europe;"Cambridge University Press";"1962-2025";"Cultural Studies (Q2); History (Q2)";"Arts and Humanities; Social Sciences"
460;19138;"Korea Journal";journal;"00233900";"The Academy of Korean Studies";Yes;Yes;0,202;Q2;13;31;115;1193;49;115;0,26;38,48;44,00;0;8;South Korea;Asiatic Region;"The Academy of Korean Studies";"1976-1977, 1999, 2001, 2008-2024";"Literature and Literary Theory (Q1); Visual Arts and Performing Arts (Q1); Cultural Studies (Q2); History (Q2)";"Arts and Humanities; Social Sciences"
461;21100902606;"Media e Jornalismo";journal;"16455681, 21835462";"Instituto de Comunicacao da NOVA";Yes;Yes;0,202;Q2;6;26;72;1179;44;70;0,58;45,35;69,81;0;6;Portugal;Western Europe;"Instituto de Comunicacao da NOVA";"2018-2024";"Cultural Studies (Q2); Communication (Q3)";"Social Sciences"
462;21100378584;"Monumenta Serica";journal;"02549948, 20571690";"Maney Publishing";No;No;0,202;Q2;12;17;52;1077;22;49;0,44;63,35;21,05;0;0;United States;Northern America;"Maney Publishing";"1948-1949, 1956-1964, 1968-1969, 1972, 1974, 1976, 1979, 1981, 1984, 1986, 1988, 1990, 1992-2004, 2013-2024";"History (Q1); Literature and Literary Theory (Q1); Cultural Studies (Q2); Philosophy (Q2); Religious Studies (Q2)";"Arts and Humanities; Social Sciences"
463;16800154734;"Iran and the Caucasus";journal;"16098498, 1573384X";"Brill Academic Publishers";No;No;0,201;Q2;16;34;96;1155;19;94;0,20;33,97;38,10;0;8;Netherlands;Western Europe;"Brill Academic Publishers";"1997-1999, 2001-2024";"Cultural Studies (Q2); History (Q2)";"Arts and Humanities; Social Sciences"
464;5700160350;"Israel Studies";journal;"10849513, 1527201X";"Indiana University Press";No;No;0,201;Q2;9;31;86;1740;42;80;0,50;56,13;27,27;0;5;United States;Northern America;"Indiana University Press";"2001, 2017-2024";"Cultural Studies (Q2); History (Q2); Anthropology (Q3); Political Science and International Relations (Q3); Sociology and Political Science (Q3)";"Arts and Humanities; Social Sciences"
465;21100201988;"Journal of Tourism History";journal;"17551838, 1755182X";"Taylor and Francis Ltd.";No;No;0,201;Q2;14;14;44;158;23;40;0,57;11,29;18,75;0;7;United Kingdom;Western Europe;"Taylor and Francis Ltd.";"2009-2024";"Cultural Studies (Q2); History (Q2); Geography, Planning and Development (Q3); Tourism, Leisure and Hospitality Management (Q4); Transportation (Q4)";"Arts and Humanities; Business, Management and Accounting; Social Sciences"
466;26143;"Middle Eastern Studies";journal;"17437881, 00263206";"Routledge";No;No;0,201;Q2;43;70;167;109;93;164;0,48;1,56;38,36;0;14;United Kingdom;Western Europe;"Routledge";"1964-2025";"Cultural Studies (Q2); History (Q2); Geography, Planning and Development (Q3); Sociology and Political Science (Q3)";"Arts and Humanities; Social Sciences"
467;17300154807;"Muqarnas";journal;"09210326, 07322992";"Brill Academic Publishers";No;No;0,201;Q2;28;1;25;200;11;25;0,36;200,00;0,00;0;0;Netherlands;Western Europe;"Brill Academic Publishers";"1985, 1987-1991, 1996-2022";"Visual Arts and Performing Arts (Q1); Cultural Studies (Q2); History (Q2)";"Arts and Humanities; Social Sciences"
468;21100863364;"Praxema";journal;"24089176, 23127899";"Tomsk State Pedagogical University";No;No;0,201;Q2;6;32;116;1079;16;116;0,16;33,72;69,35;0;7;Russian Federation;Eastern Europe;"Tomsk State Pedagogical University";"2018-2024";"Cultural Studies (Q2); Linguistics and Language (Q2)";"Social Sciences"
469;19700182411;"AIBR Revista de Antropologia Iberoamericana";journal;"15789705, 16959752";"Asociacion de Antropologos Iberoamericanos en Red";Yes;Yes;0,199;Q2;12;21;74;904;27;70;0,38;43,05;60,87;0;3;Spain;Western Europe;"Asociacion de Antropologos Iberoamericanos en Red";"2009-2025";"Cultural Studies (Q2); Anthropology (Q3)";"Social Sciences"
470;5600152937;"French Politics, Culture and Society";journal;"15376370, 15585271";"Berghahn Journals";No;No;0,199;Q2;8;9;48;534;25;48;0,11;59,33;62,50;0;4;United States;Northern America;"Berghahn Journals";"2015-2024";"Cultural Studies (Q2); History (Q2); Anthropology (Q3); Sociology and Political Science (Q3)";"Arts and Humanities; Social Sciences"
471;21100887717;"Journal of Contemporary Central and Eastern Europe";journal;"25739638, 25739646";"Taylor and Francis Ltd.";No;No;0,199;Q2;18;45;79;2293;61;69;0,73;50,96;36,23;1;16;United Kingdom;Western Europe;"Taylor and Francis Ltd.";"2015-2025";"Cultural Studies (Q2); History (Q2); Economics, Econometrics and Finance (miscellaneous) (Q3); Sociology and Political Science (Q3)";"Arts and Humanities; Economics, Econometrics and Finance; Social Sciences"
472;21101233761;"Desde el Sur";journal;"20762674, 24150959";"Universidad Cientifica del Sur";Yes;Yes;0,198;Q2;6;69;130;2145;61;120;0,38;31,09;40,45;0;19;Peru;Latin America;"Universidad Cientifica del Sur";"2021-2025";"Cultural Studies (Q2); Gender Studies (Q3); Library and Information Sciences (Q3); Sociology and Political Science (Q3); Education (Q4); Public Administration (Q4); Safety Research (Q4)";"Social Sciences"
473;21101206094;"Journal of Interdisciplinary Studies in Education";journal;"21662681, 26900408";"STAR Scholars Network";No;No;0,198;Q2;8;32;65;1257;60;64;1,05;39,28;47,37;0;13;United States;Northern America;"STAR Scholars Network";"2020-2025";"Cultural Studies (Q2); Education (Q4)";"Social Sciences"
474;5700162134;"Journal of Modern Jewish Studies";journal;"14725886";"Routledge";No;No;0,198;Q2;11;52;79;2129;25;71;0,32;40,94;49,12;0;5;United Kingdom;Western Europe;"Routledge";"2002, 2010-2025";"Cultural Studies (Q2); History (Q2); Political Science and International Relations (Q3); Sociology and Political Science (Q3)";"Arts and Humanities; Social Sciences"
475;21101054228;"South Asian Review";journal;"02759527, 25739476";"Taylor and Francis Ltd.";No;No;0,198;Q2;5;68;93;2294;27;70;0,18;33,74;60,61;0;20;United Kingdom;Western Europe;"Taylor and Francis Ltd.";"2019-2025";"Literature and Literary Theory (Q1); Cultural Studies (Q2); Linguistics and Language (Q2); Gender Studies (Q3)";"Arts and Humanities; Social Sciences"
476;21101250394;"CINEJ Cinema Journal";journal;"21588724";"University Library System, University of Pittsburgh";Yes;Yes;0,197;Q2;4;27;72;880;26;72;0,24;32,59;48,39;0;5;United States;Northern America;"University Library System, University of Pittsburgh";"2020-2024";"Cultural Studies (Q2)";"Social Sciences"
477;18166;"European History Quarterly";journal;"14617110, 02656914";"SAGE Publications Ltd";No;No;0,197;Q2;22;39;95;0;43;79;0,44;0,00;35,71;0;12;United Kingdom;Western Europe;"SAGE Publications Ltd";"1971-2024";"Cultural Studies (Q2); History (Q2)";"Arts and Humanities; Social Sciences"
478;21100322429;"Ilahiyat Studies";journal;"13091786, 13091719";"Bursa IlahIyat Foundation";No;No;0,197;Q2;4;10;40;465;13;38;0,48;46,50;40,00;0;0;Turkey;Middle East;"Bursa IlahIyat Foundation";"2013-2024";"Cultural Studies (Q2); Religious Studies (Q2)";"Arts and Humanities; Social Sciences"
479;5600153995;"New German Critique";journal;"15581462, 0094033X";"Duke University Press";No;No;0,197;Q2;18;22;91;1436;34;62;0,21;65,27;22,73;0;3;United States;Northern America;"Duke University Press";"1988, 2007-2024";"Arts and Humanities (miscellaneous) (Q2); Cultural Studies (Q2)";"Arts and Humanities; Social Sciences"
480;20000195002;"Platform";journal;"18365132";"School of Culture and Communication at the University of Melbourne";Yes;No;0,197;Q2;10;0;11;0;8;10;0,73;0,00;0,00;0;0;Australia;Pacific Region;"School of Culture and Communication at the University of Melbourne";"2009-2013, 2015-2017, 2022";"Cultural Studies (Q2); Communication (Q3)";"Social Sciences"
481;19700172801;"Turk Kulturu ve Haci Bektas Veli - Arastirma Dergisi";journal;"13068253";"Ankara Haci Bayram Veli University";Yes;Yes;0,197;Q2;9;86;254;3945;38;254;0,15;45,87;27,72;0;10;Turkey;Middle East;"Ankara Haci Bayram Veli University";"2009-2024";"Arts and Humanities (miscellaneous) (Q2); Cultural Studies (Q2)";"Arts and Humanities; Social Sciences"
482;21101121575;"American Journal of Islam and Society";journal;"26903733, 26903741";"International Institute of Islamic Thought";Yes;Yes;0,196;Q2;3;21;37;863;22;30;0,67;41,10;10,53;0;1;United States;Northern America;"International Institute of Islamic Thought";"2020-2024";"Cultural Studies (Q2); History (Q2); Philosophy (Q2); Religious Studies (Q2); Law (Q3); Social Sciences (miscellaneous) (Q3); Sociology and Political Science (Q3)";"Arts and Humanities; Social Sciences"
483;19700176307;"Asian Ethnology";journal;"18826865";"Nanzan University";Yes;Yes;0,195;Q2;17;16;51;604;28;42;0,41;37,75;41,18;0;2;Japan;Asiatic Region;"Nanzan University";"1946, 1987-1993, 2008-2024";"Literature and Literary Theory (Q1); Visual Arts and Performing Arts (Q1); Cultural Studies (Q2); Religious Studies (Q2); Anthropology (Q3)";"Arts and Humanities; Social Sciences"
484;5600157032;"Australian Slavonic and East European Studies";journal;"08188149";"University of Queensland Press";Yes;No;0,195;Q2;4;1;23;69;12;23;0,00;69,00;0,00;0;0;Australia;Pacific Region;"University of Queensland Press";"2013-2017, 2020-2021, 2023-2024";"Literature and Literary Theory (Q1); Visual Arts and Performing Arts (Q1); Cultural Studies (Q2); History (Q2); Linguistics and Language (Q2); Sociology and Political Science (Q3)";"Arts and Humanities; Social Sciences"
485;21100464913;"Balkanistic Forum";journal;"13103970";"International University Seminar for Balkan Studies and Specialization";No;No;0,195;Q2;3;65;167;1259;21;165;0,18;19,37;70,59;0;18;Bulgaria;Eastern Europe;"International University Seminar for Balkan Studies and Specialization";"2015-2024";"Literature and Literary Theory (Q1); Cultural Studies (Q2); History (Q2); Linguistics and Language (Q2); Anthropology (Q3)";"Arts and Humanities; Social Sciences"
486;5700153643;"Chasqui";journal;"01458973";"c/o David William Foster, Arizona State University";Yes;No;0,195;Q2;8;28;107;1047;13;68;0,13;37,39;40,00;0;0;United States;Northern America;"c/o David William Foster, Arizona State University";"2002-2012, 2014-2024";"Literature and Literary Theory (Q1); Cultural Studies (Q2)";"Arts and Humanities; Social Sciences"
487;21101192677;"Cuadernos de Estudios del Siglo XVIII";journal;"26970643";"Universidad de Oviedo";No;No;0,195;Q2;2;12;54;399;16;51;0,38;33,25;36,36;0;0;Spain;Western Europe;"Universidad de Oviedo";"2019-2024";"Literature and Literary Theory (Q1); Cultural Studies (Q2); History (Q2)";"Arts and Humanities; Social Sciences"
488;21100929889;"Kamchatka";journal;"23401869";"Universitat de Valencia, Faculty of Philology, Translation and Communication";Yes;Yes;0,195;Q2;5;58;146;2348;38;144;0,24;40,48;60,71;0;19;Spain;Western Europe;"Universitat de Valencia, Faculty of Philology, Translation and Communication";"2019-2024";"Literature and Literary Theory (Q1); Cultural Studies (Q2); History (Q2); Linguistics and Language (Q2); Communication (Q3)";"Arts and Humanities; Social Sciences"
489;100149;"Libyan Studies";journal;"02637189, 20526148";"Cambridge University Press";No;No;0,195;Q2;10;7;44;631;12;42;0,14;90,14;42,31;0;1;United Kingdom;Western Europe;"Cambridge University Press";"1984-1985, 1988, 1990, 2013-2025";"Cultural Studies (Q2); History (Q2)";"Arts and Humanities; Social Sciences"
490;21100945168;"Contemporary Review of the Middle East";journal;"23490055, 23477989";"SAGE Publications Ltd";No;No;0,194;Q2;12;27;74;1643;66;62;0,51;60,85;25,81;0;10;United Kingdom;Western Europe;"SAGE Publications Ltd";"2014-2025";"Cultural Studies (Q2); Political Science and International Relations (Q3); Sociology and Political Science (Q3); Economics and Econometrics (Q4)";"Economics, Econometrics and Finance; Social Sciences"
491;5700163444;"Russian Review";journal;"00360341";"Wiley-Blackwell Publishing Ltd";No;No;0,194;Q2;32;41;99;1003;39;92;0,18;24,46;62,16;1;5;United Kingdom;Western Europe;"Wiley-Blackwell Publishing Ltd";"1973, 1978, 1981, 1983, 1985, 1987, 1996-2025";"Literature and Literary Theory (Q1); Cultural Studies (Q2); History (Q2); Linguistics and Language (Q2); Sociology and Political Science (Q3)";"Arts and Humanities; Social Sciences"
492;21100829208;"Acta Linguistica Academica";journal;"25598201";"Akademiai Kiado ZRt.";No;No;0,193;Q2;15;19;72;1063;44;67;0,48;55,95;54,55;0;1;Hungary;Eastern Europe;"Akademiai Kiado ZRt.";"2017-2024";"Literature and Literary Theory (Q1); Cultural Studies (Q2); Linguistics and Language (Q2)";"Arts and Humanities; Social Sciences"
493;21100838211;"Applied Theatre Research";journal;"20493010, 20493029";"Intellect Ltd.";No;No;0,193;Q2;6;8;37;239;19;33;0,36;29,88;50,00;0;2;United Kingdom;Western Europe;"Intellect Ltd.";"2017-2024";"Literature and Literary Theory (Q1); Visual Arts and Performing Arts (Q1); Cultural Studies (Q2)";"Arts and Humanities; Social Sciences"
494;21100885612;"Journal of Migration History";journal;"23519924, 23519916";"Brill Academic Publishers";No;No;0,193;Q2;8;16;48;1555;14;48;0,19;97,19;56,25;0;9;Netherlands;Western Europe;"Brill Academic Publishers";"2015-2024";"Cultural Studies (Q2); History (Q2); Anthropology (Q3); Demography (Q3); Sociology and Political Science (Q3)";"Arts and Humanities; Social Sciences"
495;21101056818;"Studien zur Deutschen Sprache und Literatur";journal;"26199890, 13039407";"Istanbul University Faculty of Letters";Yes;Yes;0,193;Q2;2;11;45;339;8;45;0,06;30,82;46,15;0;1;Turkey;Middle East;"Istanbul University Faculty of Letters";"2019-2024";"Literature and Literary Theory (Q1); Cultural Studies (Q2); Linguistics and Language (Q2)";"Arts and Humanities; Social Sciences"
496;21101066394;"Central Eurasia Studies";journal;"20080867, 23453117";"University of Tehran";No;No;0,192;Q2;4;32;79;1323;47;79;0,60;41,34;21,28;0;23;Iran;Middle East;"University of Tehran";"2020-2024";"Cultural Studies (Q2); History (Q2); Geography, Planning and Development (Q3); Political Science and International Relations (Q3)";"Arts and Humanities; Social Sciences"
497;21101151828;"Journal of Cultural Analysis and Social Change";journal;"25891316";"Lectito";Yes;Yes;0,192;Q2;6;9;39;439;23;37;0,31;48,78;54,55;0;3;Netherlands;Western Europe;"Lectito";"2019-2024";"Cultural Studies (Q2); Anthropology (Q3); Sociology and Political Science (Q3)";"Social Sciences"
498;21101076712;"Medievalismo";journal;"11318155, 19898312";"Universidad de Murcia Servicio de Publicaciones";Yes;Yes;0,192;Q2;3;10;36;700;11;36;0,18;70,00;33,33;0;2;Spain;Western Europe;"Universidad de Murcia Servicio de Publicaciones";"2019-2024";"Arts and Humanities (miscellaneous) (Q2); Cultural Studies (Q2); History (Q2)";"Arts and Humanities; Social Sciences"
499;19700190300;"WSEAS Transactions on Power Systems";journal;"17905060, 2224350X";"World Scientific and Engineering Academy and Society";Yes;No;0,192;Q2;18;41;127;1133;104;127;0,81;27,63;24,18;0;29;Greece;Western Europe;"World Scientific and Engineering Academy and Society";"2010-2014, 2018-2025";"Cultural Studies (Q2); Anthropology (Q3); Industrial and Manufacturing Engineering (Q3); Sociology and Political Science (Q3); Urban Studies (Q3); Electrical and Electronic Engineering (Q4); Energy (miscellaneous) (Q4)";"Energy; Engineering; Social Sciences"
500;21101176678;"Hitit Theology Journal";journal;"27576949";"Hitit University";Yes;Yes;0,191;Q2;3;57;140;3373;26;138;0,13;59,18;32,84;0;12;Turkey;Middle East;"Hitit University";"2021-2024";"Cultural Studies (Q2); Religious Studies (Q2); Anthropology (Q3)";"Arts and Humanities; Social Sciences"
501;21100790339;"Integration of Education";journal;"19919468, 23081058";"National Research Ogarev Mordovia State University";Yes;Yes;0,190;Q2;12;37;117;1315;90;117;0,85;35,54;68,87;0;18;Russian Federation;Eastern Europe;"National Research Ogarev Mordovia State University";"2016-2024";"Cultural Studies (Q2); Linguistics and Language (Q2); Developmental and Educational Psychology (Q4); Education (Q4)";"Psychology; Social Sciences"
502;21100205746;"Logos (Lithuania)";journal;"08687692";"Lithuanian Institute of Philosophy and Sociology";No;No;0,190;Q2;7;76;258;1377;41;256;0,17;18,12;35,59;0;17;Lithuania;Eastern Europe;"Lithuanian Institute of Philosophy and Sociology";"2008-2024";"Arts and Humanities (miscellaneous) (Q2); Cultural Studies (Q2)";"Arts and Humanities; Social Sciences"
503;21100786529;"Mezhdunarodnye Protsessy";journal;"17282756, 18112773";"Academic Educational Forum on International Relations";Yes;Yes;0,190;Q2;8;16;90;534;30;90;0,32;33,38;48,00;0;8;Russian Federation;Eastern Europe;"Academic Educational Forum on International Relations";"2015-2024";"Cultural Studies (Q2); History (Q2); Economics, Econometrics and Finance (miscellaneous) (Q3); Law (Q3); Political Science and International Relations (Q3)";"Arts and Humanities; Economics, Econometrics and Finance; Social Sciences"
504;21100898966;"Punk and Post-Punk";journal;"20443706, 20441983";"Intellect Ltd.";No;No;0,190;Q2;6;21;68;771;20;53;0,28;36,71;47,62;0;2;United Kingdom;Western Europe;"Intellect Ltd.";"2018-2024";"Visual Arts and Performing Arts (Q1); Cultural Studies (Q2); History (Q2); Music (Q2)";"Arts and Humanities; Social Sciences"
505;32921;"Arctic Anthropology";journal;"19338139, 00666939";"University of Wisconsin Press";No;No;0,188;Q2;31;6;18;444;9;16;0,50;74,00;87,50;0;2;United States;Northern America;"University of Wisconsin Press";"1980-1981, 1985, 1987, 1989-2021, 2023-2024";"Cultural Studies (Q2); Anthropology (Q3)";"Social Sciences"
506;21101045765;"Eastern African Literary and Cultural Studies";journal;"23277416, 23277408";"Taylor and Francis Ltd.";No;No;0,188;Q2;5;19;64;497;32;51;0,58;26,16;16,67;0;4;United Kingdom;Western Europe;"Taylor and Francis Ltd.";"2019-2025";"Literature and Literary Theory (Q1); Cultural Studies (Q2)";"Arts and Humanities; Social Sciences"
507;16200154787;"Islam - Zeitschrift fur Geschichte und Kultur des Islamischen Orients";journal;"16130928, 00211818";"Walter de Gruyter GmbH";No;No;0,188;Q2;19;17;52;1771;24;50;0,43;104,18;36,84;0;2;Germany;Western Europe;"Walter de Gruyter GmbH";"1910-1918, 1920-1930, 1932-1933, 1935-1938, 1942, 1948, 1950, 1952-1954, 1956-1961, 1963-2005, 2008-2009, 2011-2024";"Cultural Studies (Q2); History (Q2)";"Arts and Humanities; Social Sciences"
508;21101163375;"Kul'tura Slavan i Kul'tura Evreev: Dialog, Shodstva, Razlicia";book series;"26583356";"Institute for Slavic Studies of the Russian Academy of Sciences";No;No;0,188;Q2;1;24;44;621;9;13;0,21;25,88;59,26;0;2;Russian Federation;Eastern Europe;"Institute for Slavic Studies of the Russian Academy of Sciences";"2019-2024";"Cultural Studies (Q2); History (Q2); Religious Studies (Q2); Anthropology (Q3)";"Arts and Humanities; Social Sciences"
509;21101073713;"Letras (Peru)";journal;"20715072, 03784878";"National University of San Marcos. Faculty of Letters and Human Sciences";Yes;Yes;0,188;Q2;5;33;86;1747;18;80;0,19;52,94;33,33;0;7;Peru;Latin America;"National University of San Marcos. Faculty of Letters and Human Sciences";"2018-2024";"Literature and Literary Theory (Q1); Arts and Humanities (miscellaneous) (Q2); Cultural Studies (Q2); Linguistics and Language (Q2); Social Sciences (miscellaneous) (Q3)";"Arts and Humanities; Social Sciences"
510;21101245778;"Mathematics Education Journal";journal;"19780044, 25491040";"Sriwijaya University";Yes;Yes;0,188;Q2;7;28;64;1145;52;64;0,73;40,89;65,31;0;7;Indonesia;Asiatic Region;"Sriwijaya University";"2020-2024";"Cultural Studies (Q2); Development (Q4); Education (Q4); Mathematics (miscellaneous) (Q4)";"Mathematics; Social Sciences"
511;21100838569;"Gephyra";journal;"13093924, 26515059";"Akdeniz Universitesi - Akdeniz Dillerini ve Kulturlerini Arastirma Merkezi";Yes;Yes;0,187;Q2;6;21;61;821;25;61;0,37;39,10;25,00;0;1;Turkey;Middle East;"Akdeniz Universitesi - Akdeniz Dillerini ve Kulturlerini Arastirma Merkezi";"2017-2024";"Classics (Q1); Visual Arts and Performing Arts (Q1); Archeology (arts and humanities) (Q2); Cultural Studies (Q2); History (Q2); Archeology (Q3)";"Arts and Humanities; Social Sciences"
512;21101061828;"International Journal of Critical Indigenous Studies";journal;"18370144";"Queensland University of Technology";Yes;No;0,187;Q2;6;0;16;0;13;16;0,89;0,00;0,00;0;0;Australia;Pacific Region;"Queensland University of Technology";"2019-2022";"Arts and Humanities (miscellaneous) (Q2); Cultural Studies (Q2); History (Q2)";"Arts and Humanities; Social Sciences"
513;13478;"Journal of Muslim Minority Affairs";journal;"14699591, 13602004";"Routledge";No;No;0,187;Q2;24;0;82;0;52;82;0,49;0,00;0,00;0;0;United Kingdom;Western Europe;"Routledge";"1996, 2010-2023";"Cultural Studies (Q2); Anthropology (Q3); Political Science and International Relations (Q3); Sociology and Political Science (Q3)";"Social Sciences"
514;21101158606;"Liquid Blackness";journal;"26923874";"Duke University Press";Yes;Yes;0,187;Q2;5;18;56;404;27;50;0,23;22,44;61,54;0;2;United States;Northern America;"Duke University Press";"2021-2024";"Cultural Studies (Q2); Social Sciences (miscellaneous) (Q3)";"Social Sciences"
515;21100423330;"Osmanli Arastirmalari - Journal of Ottoman Studies";journal;"02550636";"Istanbul 29 Mayis University - ISAM, TDV Centre for Islamic Studies";No;No;0,187;Q2;7;30;49;1783;19;48;0,39;59,43;28,57;0;3;Turkey;Middle East;"Istanbul 29 Mayis University - ISAM, TDV Centre for Islamic Studies";"2015-2024";"Cultural Studies (Q2); History (Q2)";"Arts and Humanities; Social Sciences"
516;19600166215;"Tydskrif vir Letterkunde";journal;"0041476X";"Tydskrif vir Letterkunde Association";Yes;No;0,187;Q2;10;19;95;669;32;87;0,23;35,21;53,33;0;10;South Africa;Africa;"Tydskrif vir Letterkunde Association";"2008-2024";"Literature and Literary Theory (Q1); Cultural Studies (Q2)";"Arts and Humanities; Social Sciences"
517;24770;"Arbor";journal;"02101963, 1988303X";"CSIC Consejo Superior de Investigaciones Cientificas";Yes;Yes;0,186;Q2;21;25;123;1384;58;108;0,29;55,36;25,00;0;4;Spain;Western Europe;"CSIC Consejo Superior de Investigaciones Cientificas";"1973-1974, 1977, 1982, 1996-2024";"Arts and Humanities (miscellaneous) (Q2); Cultural Studies (Q2); Sociology and Political Science (Q3)";"Arts and Humanities; Social Sciences"
518;21101045771;"Comparative Literature: East and West";journal;"25723618";"Informa Healthcare";Yes;No;0,186;Q2;4;17;47;508;18;47;0,38;29,88;17,65;0;3;United Kingdom;Western Europe;"Informa Healthcare";"2017-2024";"Literature and Literary Theory (Q1); Cultural Studies (Q2)";"Arts and Humanities; Social Sciences"
519;21100211306;"Hamdard Islamicus";journal;"02507196";"Hamdard National Foundation";Yes;Yes;0,186;Q2;5;13;69;987;52;64;1,07;75,92;25,00;0;3;Pakistan;Asiatic Region;"Hamdard National Foundation";"1987, 2012-2024";"Cultural Studies (Q2); History (Q2); Religious Studies (Q2); Political Science and International Relations (Q3)";"Arts and Humanities; Social Sciences"
520;21101176030;"Journal of Public Interest Communications";journal;"25734342";"University of Florida College of Journalism and Communications";Yes;Yes;0,186;Q2;6;8;15;269;12;13;0,38;33,63;90,91;0;3;United States;Northern America;"University of Florida College of Journalism and Communications";"2019-2024";"Cultural Studies (Q2); Gender Studies (Q3); Sociology and Political Science (Q3); Health (social science) (Q4)";"Social Sciences"
521;19700188238;"Contemporary Arab Affairs";journal;"17550912, 17550920";"Brill Academic Publishers";No;No;0,185;Q2;14;29;58;1118;26;55;0,20;38,55;21,43;0;7;Netherlands;Western Europe;"Brill Academic Publishers";"2008-2024";"Cultural Studies (Q2); Political Science and International Relations (Q3)";"Social Sciences"
522;19700200907;"Design and Culture";journal;"17547083, 17547075";"Taylor and Francis Ltd.";No;No;0,185;Q2;18;11;63;437;47;53;0,77;39,73;45,00;0;1;United Kingdom;Western Europe;"Taylor and Francis Ltd.";"2012-2025";"Visual Arts and Performing Arts (Q1); Cultural Studies (Q2)";"Arts and Humanities; Social Sciences"
523;21101064957;"Filolog (Banja Luka)";journal;"22331158, 19865864";"Faculty of Philology Banja Luka";Yes;Yes;0,185;Q2;2;26;164;765;15;161;0,11;29,42;77,42;0;3;Bosnia and Herzegovina;Eastern Europe;"Faculty of Philology Banja Luka";"2020-2024";"Literature and Literary Theory (Q1); Cultural Studies (Q2); Linguistics and Language (Q2)";"Arts and Humanities; Social Sciences"
524;21100868219;"International Journal of Fashion Studies";journal;"20517106, 20517114";"Intellect Ltd.";No;No;0,185;Q2;9;18;59;820;32;49;0,53;45,56;79,17;0;5;United Kingdom;Western Europe;"Intellect Ltd.";"2018-2024";"Visual Arts and Performing Arts (Q1); Cultural Studies (Q2)";"Arts and Humanities; Social Sciences"
525;28295;"Acta Antiqua Academiae Scientiarum Hungaricae";journal;"00445975, 15882543";"Akademiai Kiado";No;No;0,184;Q2;8;45;67;1628;7;64;0,10;36,18;36,96;0;0;Hungary;Eastern Europe;"Akademiai Kiado";"1965, 2007-2025";"Classics (Q1); Cultural Studies (Q2); History (Q2); Linguistics and Language (Q2); Archeology (Q3)";"Arts and Humanities; Social Sciences"
526;5600152968;"Caderno CRH";journal;"01034979";"EDUFBA - Editora Universttaria";Yes;Yes;0,184;Q2;14;35;107;1621;27;100;0,13;46,31;40,35;0;10;Brazil;Latin America;"EDUFBA - Editora Universttaria";"2009-2025";"Cultural Studies (Q2); Sociology and Political Science (Q3)";"Social Sciences"
527;21100198726;"Etnoloska Tribina";journal;"03511944";"Croatian Ethnological Society";Yes;Yes;0,184;Q2;9;9;38;355;16;35;0,44;39,44;66,67;0;2;Croatia;Eastern Europe;"Croatian Ethnological Society";"2011-2024";"Cultural Studies (Q2); Anthropology (Q3)";"Social Sciences"
528;21100829925;"HiSTOReLo";journal;"2145132X";"Universidad Nacional de Colombia";Yes;Yes;0,184;Q2;5;24;72;973;18;63;0,35;40,54;25,00;0;7;Colombia;Latin America;"Universidad Nacional de Colombia";"2013-2025";"Cultural Studies (Q2); History (Q2); Pharmacology, Toxicology and Pharmaceutics (miscellaneous) (Q3); Social Sciences (miscellaneous) (Q3)";"Arts and Humanities; Pharmacology, Toxicology and Pharmaceutics; Social Sciences"
529;21101079408;"Journal of English Language and Literature";journal;"10162283, 24658545";"English Language and Literature Association of Korea";No;No;0,184;Q2;3;39;114;910;10;114;0,11;23,33;45,83;0;11;South Korea;Asiatic Region;"English Language and Literature Association of Korea";"2019-2024";"Literature and Literary Theory (Q1); Cultural Studies (Q2); Linguistics and Language (Q2); Education (Q4)";"Arts and Humanities; Social Sciences"
530;21100812237;"Journal of Italian Cinema and Media Studies";journal;"20477376, 20477368";"Intellect Ltd.";No;No;0,184;Q2;7;36;112;1214;17;91;0,13;33,72;43,59;0;3;United Kingdom;Western Europe;"Intellect Ltd.";"2013-2025";"Visual Arts and Performing Arts (Q1); Cultural Studies (Q2); Communication (Q3)";"Arts and Humanities; Social Sciences"
531;21101037294;"Religiovedenie";journal;"20728662, 27127575";"Amur State University";No;No;0,184;Q2;3;60;180;1535;18;179;0,12;25,58;52,63;0;7;Russian Federation;Eastern Europe;"Amur State University";"2019-2024";"Cultural Studies (Q2); Linguistics and Language (Q2); Religious Studies (Q2); Economics and Econometrics (Q4)";"Arts and Humanities; Economics, Econometrics and Finance; Social Sciences"
532;21101061827;"Revista Alicantina de Estudios Ingleses";journal;"2171861X, 02144808";"University of Alicante";Yes;Yes;0,184;Q2;6;23;50;959;33;48;0,19;41,70;86,21;0;9;Spain;Western Europe;"University of Alicante";"2019-2025";"Literature and Literary Theory (Q1); Cultural Studies (Q2); Linguistics and Language (Q2)";"Arts and Humanities; Social Sciences"
533;21101053436;"Sound Studies";journal;"20551940, 20551959";"Routledge";No;No;0,184;Q2;11;26;46;1271;23;44;0,41;48,88;60,98;0;4;United States;Northern America;"Routledge";"2015-2025";"Arts and Humanities (miscellaneous) (Q2); Cultural Studies (Q2); Communication (Q3)";"Arts and Humanities; Social Sciences"
534;21100310657;"Anthropology Southern Africa";journal;"23323264, 23323256";"Taylor and Francis Ltd.";No;No;0,183;Q2;15;28;53;1130;35;46;0,67;40,36;42,42;0;15;United Kingdom;Western Europe;"Taylor and Francis Ltd.";"2013-2024";"Cultural Studies (Q2); Anthropology (Q3)";"Social Sciences"
535;21100929891;"Changing Societies and Personalities";journal;"25876104, 25878964";"Ural University Press";Yes;Yes;0,183;Q2;7;51;121;2528;61;110;0,48;49,57;62,61;0;18;Russian Federation;Eastern Europe;"Ural University Press";"2017-2024";"Cultural Studies (Q2); Sociology and Political Science (Q3); Social Psychology (Q4)";"Psychology; Social Sciences"
536;5600152960;"Diaspora";journal;"10442057";"University of Toronto Press";No;No;0,182;Q2;15;0;15;0;15;15;0,00;0,00;0,00;0;0;Canada;Northern America;"University of Toronto Press";"2003-2011, 2021";"Cultural Studies (Q2); History (Q2); Demography (Q3); Sociology and Political Science (Q3)";"Arts and Humanities; Social Sciences"
537;21101048550;"Ikenga";journal;"20064241, 27144321";"University of Nigeria, Institute of African Studies";No;No;0,182;Q2;3;37;87;1780;30;86;0,31;48,11;28,09;0;24;Nigeria;Africa;"University of Nigeria, Institute of African Studies";"2019-2024";"Literature and Literary Theory (Q1); Archeology (arts and humanities) (Q2); Arts and Humanities (miscellaneous) (Q2); Cultural Studies (Q2); History (Q2); Religious Studies (Q2); Gender Studies (Q3); Social Sciences (miscellaneous) (Q3)";"Arts and Humanities; Social Sciences"
538;18500167900;"Journal of the Royal Asiatic Society";journal;"14740591, 13561863";"Cambridge University Press";No;No;0,182;Q2;24;48;155;4717;64;146;0,35;98,27;29,31;0;5;United Kingdom;Western Europe;"Cambridge University Press";"1933, 1991-2025";"Arts and Humanities (miscellaneous) (Q2); Cultural Studies (Q2)";"Arts and Humanities; Social Sciences"
539;16254;"Mexican Studies/Estudios Mexicanos";journal;"07429797";"University of California Press";No;No;0,182;Q2;18;16;56;1032;26;47;0,53;64,50;33,33;0;6;United States;Northern America;"University of California Press";"1985-2024";"Cultural Studies (Q2); History (Q2)";"Arts and Humanities; Social Sciences"
540;21101100272;"PASOS Revista de Turismo y Patrimonio Cultural";journal;"16957121, 2529959X";"University of La Laguna";Yes;Yes;0,182;Q2;10;55;194;2690;127;193;0,72;48,91;41,38;0;37;Spain;Western Europe;"University of La Laguna";"2019-2024";"Cultural Studies (Q2); Anthropology (Q3); Social Sciences (miscellaneous) (Q3); Geography, Planning and Development (Q4); Tourism, Leisure and Hospitality Management (Q4)";"Business, Management and Accounting; Social Sciences"
541;21101048515;"Revista Iberoamericana de Viticultura Agroindustria y Ruralidad";journal;"07194994";"Institute of Advanced Studies, University of Santiago de Chile";Yes;Yes;0,182;Q2;8;45;136;1087;77;136;0,58;24,16;47,14;0;27;Chile;Latin America;"Institute of Advanced Studies, University of Santiago de Chile";"2019-2025";"Cultural Studies (Q2); History (Q2); Archeology (Q3); Economics, Econometrics and Finance (miscellaneous) (Q3); Agronomy and Crop Science (Q4); Food Science (Q4); Horticulture (Q4)";"Agricultural and Biological Sciences; Arts and Humanities; Economics, Econometrics and Finance; Social Sciences"
542;17300154814;"Worldviews: Environment, Culture, Religion";journal;"13635247, 15685357";"Brill Academic Publishers";No;No;0,182;Q2;21;13;42;625;26;39;0,50;48,08;47,83;0;5;Netherlands;Western Europe;"Brill Academic Publishers";"1997-2024";"Cultural Studies (Q2); Philosophy (Q2); Religious Studies (Q2); Ecology (Q4); Geography, Planning and Development (Q4); Management, Monitoring, Policy and Law (Q4)";"Arts and Humanities; Environmental Science; Social Sciences"
543;70577;"Asian and African Studies";journal;"13351257";"Institute of Oriental Studies of the Slovak Academy of Sciences";Yes;Yes;0,181;Q2;6;10;44;513;19;43;0,48;51,30;53,85;0;1;Slovakia;Eastern Europe;"Institute of Oriental Studies of the Slovak Academy of Sciences";"1987, 2008-2024";"Arts and Humanities (miscellaneous) (Q2); Cultural Studies (Q2); Sociology and Political Science (Q3)";"Arts and Humanities; Social Sciences"
544;5600153675;"Dve Domovini";journal;"15811212, 03536777";"ZRC SAZU, Zalozba ZRC";Yes;Yes;0,181;Q2;12;23;66;952;31;63;0,31;41,39;65,12;0;12;Slovenia;Eastern Europe;"ZRC SAZU, Zalozba ZRC";"2008-2024";"Cultural Studies (Q2); Demography (Q3); Sociology and Political Science (Q3)";"Social Sciences"
545;12999;"French Studies";journal;"00161128, 14682931";"Oxford University Press";No;No;0,181;Q2;13;32;104;2070;19;101;0,20;64,69;48,28;0;1;United Kingdom;Western Europe;"Oxford University Press";"1947-2024";"Literature and Literary Theory (Q1); Cultural Studies (Q2); History (Q2); Linguistics and Language (Q2)";"Arts and Humanities; Social Sciences"
546;21101034466;"Issues in Language Studies";journal;"21802726";"Universiti Malaysia Sarawak";Yes;No;0,181;Q2;4;38;53;1495;23;53;0,41;39,34;48,84;0;8;Malaysia;Asiatic Region;"Universiti Malaysia Sarawak";"2019-2024";"Cultural Studies (Q2); Linguistics and Language (Q2); Communication (Q3)";"Social Sciences"
547;145624;"Black Scholar";journal;"00064246";"Taylor and Francis Ltd.";No;No;0,180;Q2;23;27;71;0;31;51;0,46;0,00;60,00;0;0;United Kingdom;Western Europe;"Taylor and Francis Ltd.";"1969-2024";"Arts and Humanities (miscellaneous) (Q2); Cultural Studies (Q2); Sociology and Political Science (Q3)";"Arts and Humanities; Social Sciences"
548;21100982470;"Contemporary Levant";journal;"20581831, 2058184X";"Taylor and Francis Ltd.";No;No;0,180;Q2;11;16;42;896;23;37;0,29;56,00;38,89;0;5;United Kingdom;Western Europe;"Taylor and Francis Ltd.";"2016-2025";"Cultural Studies (Q2); History (Q2); Sociology and Political Science (Q3)";"Arts and Humanities; Social Sciences"
549;7600153110;"Hawwa";journal;"15692078, 15692086";"Brill Academic Publishers";No;No;0,180;Q2;16;17;33;670;11;29;0,36;39,41;65,00;0;10;Netherlands;Western Europe;"Brill Academic Publishers";"2003-2012, 2014-2025";"Cultural Studies (Q2); Gender Studies (Q3); Sociology and Political Science (Q3)";"Social Sciences"
550;100069;"Historia";journal;"01019074, 19804369";"Universidade Estadual Paulista";Yes;Yes;0,180;Q2;9;26;144;1410;22;143;0,16;54,23;27,59;0;8;Brazil;Latin America;"Universidade Estadual Paulista";"2007-2024";"Cultural Studies (Q2); History (Q2)";"Arts and Humanities; Social Sciences"
551;21100200803;"Journal of Aesthetics and Culture";journal;"20004214";"Taylor and Francis Ltd.";Yes;Yes;0,180;Q2;15;23;37;1053;20;35;0,48;45,78;47,83;0;2;United Kingdom;Western Europe;"Taylor and Francis Ltd.";"2012-2025";"Visual Arts and Performing Arts (Q1); Cultural Studies (Q2); Philosophy (Q2)";"Arts and Humanities; Social Sciences"
552;21101197370;"Journal of Olympic Studies";journal;"26396025";"University of Illinois Press";No;No;0,180;Q2;4;10;37;380;21;26;0,42;38,00;41,67;0;1;United States;Northern America;"University of Illinois Press";"2020-2024";"Cultural Studies (Q2); History (Q2)";"Arts and Humanities; Social Sciences"
553;84532;"Ethnologia Europaea";journal;"16043030, 04254597";"Open Library of Humanities";Yes;Yes;0,179;Q2;17;0;34;0;23;33;0,68;0,00;0,00;0;0;Denmark;Western Europe;"Open Library of Humanities";"1987, 2002-2023";"Arts and Humanities (miscellaneous) (Q2); Cultural Studies (Q2); Anthropology (Q3)";"Arts and Humanities; Social Sciences"
554;19900191907;"International Journal of Asia-Pacific Studies";journal;"18236243";"Universiti Sains Malaysia";Yes;No;0,179;Q2;11;15;52;1014;33;52;0,49;67,60;45,00;1;4;Malaysia;Asiatic Region;"Universiti Sains Malaysia";"2011-2024";"Cultural Studies (Q2); Sociology and Political Science (Q3)";"Social Sciences"
555;21100258856;"International Journal of Interdisciplinary Cultural Studies";journal;"23272554, 2327008X";"Common Ground Research Networks";No;No;0,179;Q2;4;16;35;788;22;35;0,58;49,25;63,64;0;10;United States;Northern America;"Common Ground Research Networks";"2012-2025";"Cultural Studies (Q2)";"Social Sciences"
556;5800196826;"Iran";journal;"05786967";"Taylor and Francis Ltd.";No;No;0,179;Q2;13;20;55;1494;17;54;0,34;74,70;21,21;0;1;United Kingdom;Western Europe;"Taylor and Francis Ltd.";"2011-2025";"Arts and Humanities (miscellaneous) (Q2); Cultural Studies (Q2); Anthropology (Q3)";"Arts and Humanities; Social Sciences"
557;21100833840;"Shima";journal;"18346049, 18346057";"Shima Publications (Australia)";Yes;Yes;0,179;Q2;10;29;92;1363;38;92;0,46;47,00;42,86;0;9;Australia;Pacific Region;"Shima Publications (Australia)";"2017-2024";"Cultural Studies (Q2); History (Q2); Anthropology (Q3); Geography, Planning and Development (Q4)";"Arts and Humanities; Social Sciences"
558;99334;"Zeitschrift fur Ethnologie";journal;"00442666";"Reimer Verlag";No;No;0,179;Q2;11;9;52;398;29;39;0,37;44,22;87,50;0;1;Germany;Western Europe;"Reimer Verlag";"1981, 2005-2015, 2017-2024";"Cultural Studies (Q2); Social Sciences (miscellaneous) (Q3)";"Social Sciences"
559;21100203915;"Altorientalische Forschungen";journal;"21966761, 02328461";"Walter de Gruyter GmbH";No;No;0,178;Q2;15;20;56;867;23;54;0,39;43,35;4,55;0;0;Germany;Western Europe;"Walter de Gruyter GmbH";"1975-1976, 1978-2007, 2009-2024";"Cultural Studies (Q2); History (Q2); Linguistics and Language (Q2)";"Arts and Humanities; Social Sciences"
560;5800170177;"Byzantine and Modern Greek Studies";journal;"03070131";"Cambridge University Press";No;No;0,178;Q2;17;21;60;2249;24;60;0,43;107,10;38,10;0;2;United Kingdom;Western Europe;"Cambridge University Press";"1975-1982, 1984, 1986-1995, 2002-2025";"Literature and Literary Theory (Q1); Cultural Studies (Q2); History (Q2); Linguistics and Language (Q2)";"Arts and Humanities; Social Sciences"
561;4800156106;"Inter-Asia Cultural Studies";journal;"14649373, 14698447";"Taylor and Francis Ltd.";No;No;0,178;Q2;35;77;172;2417;75;138;0,40;31,39;44,16;0;25;United Kingdom;Western Europe;"Taylor and Francis Ltd.";"2005-2025";"Cultural Studies (Q2)";"Social Sciences"
562;5700165111;"Media History";journal;"13688804, 14699729";"Taylor and Francis Ltd.";No;No;0,178;Q2;17;33;104;1301;47;104;0,37;39,42;51,16;0;4;United Kingdom;Western Europe;"Taylor and Francis Ltd.";"2001, 2010-2025";"Cultural Studies (Q2); History (Q2); Communication (Q3)";"Arts and Humanities; Social Sciences"
563;21100783506;"Narodopisna Revue";journal;"08628351";"The National Institute of Folk Culture";No;No;0,177;Q2;4;19;98;1024;15;93;0,19;53,89;73,68;0;1;Czech Republic;Eastern Europe;"The National Institute of Folk Culture";"2016-2024";"Cultural Studies (Q2); Anthropology (Q3)";"Social Sciences"
564;6500153212;"Screen";journal;"00369543, 14602474";"Oxford University Press";No;No;0,177;Q2;34;33;96;2191;31;94;0,27;66,39;58,82;0;1;United Kingdom;Western Europe;"Oxford University Press";"1969-2024";"Visual Arts and Performing Arts (Q1); Cultural Studies (Q2); Communication (Q3)";"Arts and Humanities; Social Sciences"
565;17700154925;"Cesky Lid";journal;"00090794";"Academy of Sciences of the Czech Republic";Yes;Yes;0,176;Q2;9;21;63;992;17;62;0,28;47,24;73,91;0;7;Czech Republic;Eastern Europe;"Academy of Sciences of the Czech Republic";"2008-2024";"Arts and Humanities (miscellaneous) (Q2); Cultural Studies (Q2); Anthropology (Q3)";"Arts and Humanities; Social Sciences"
566;21100828130;"Cosmopolitan Civil Societies";journal;"18375391";"UTS ePRESS";Yes;Yes;0,176;Q2;11;25;53;1358;33;51;0,54;54,32;38,10;1;17;Australia;Pacific Region;"UTS ePRESS";"2017-2024";"Cultural Studies (Q2); Anthropology (Q3); Law (Q3); Sociology and Political Science (Q3); Demography (Q4)";"Social Sciences"
567;4700152633;"Jewish History";journal;"15728579, 0334701X";"Springer Netherlands";No;No;0,176;Q2;18;11;48;0;21;46;0,47;0,00;33,33;0;1;Netherlands;Western Europe;"Springer Netherlands";"1986-2002, 2004, 2006-2024";"Cultural Studies (Q2); History (Q2)";"Arts and Humanities; Social Sciences"
568;21101274768;"PuntOorg International Journal";journal;"24991333";"Editoriale Scientifica srl";No;No;0,176;Q2;4;14;41;605;23;37;0,64;43,21;50,00;0;4;Italy;Western Europe;"Editoriale Scientifica srl";"2021-2025";"Cultural Studies (Q2); Communication (Q3); Gender Studies (Q3); Organizational Behavior and Human Resource Management (Q4)";"Business, Management and Accounting; Social Sciences"
569;19700170230;"Sibirica";journal;"13617362, 14766787";"Berghahn Journals";Yes;Yes;0,176;Q2;9;11;49;566;28;47;0,68;51,45;40,00;0;5;United States;Northern America;"Berghahn Journals";"2014-2024";"Cultural Studies (Q2); History (Q2); Anthropology (Q3); Sociology and Political Science (Q3)";"Arts and Humanities; Social Sciences"
570;24754;"Anuario de Estudios Americanos";journal;"19884273, 02105810";"CSIC Consejo Superior de Investigaciones Cientificas";Yes;Yes;0,175;Q2;10;11;68;604;22;65;0,24;54,91;30,00;0;0;Spain;Western Europe;"CSIC Consejo Superior de Investigaciones Cientificas";"1986, 1999, 2001, 2010-2024";"Cultural Studies (Q2); History (Q2)";"Arts and Humanities; Social Sciences"
571;5600152970;"Japanese Studies";journal;"10371397";"Routledge";No;No;0,175;Q2;23;18;60;937;29;57;0,38;52,06;61,29;0;5;United Kingdom;Western Europe;"Routledge";"1981-2025";"Cultural Studies (Q2); History (Q2); Political Science and International Relations (Q3); Sociology and Political Science (Q3)";"Arts and Humanities; Social Sciences"
572;21101181923;"Martial Arts Studies";journal;"20575696";"Cardiff University Press";Yes;Yes;0,175;Q2;9;12;30;575;14;26;0,48;47,92;38,10;0;1;United Kingdom;Western Europe;"Cardiff University Press";"2015-2024";"Arts and Humanities (miscellaneous) (Q2); Cultural Studies (Q2); Gender Studies (Q3)";"Arts and Humanities; Social Sciences"
573;21100201069;"Philippine Studies: Historical and Ethnographic Viewpoints";journal;"22441093, 22441638";"Ateneo de Manila University";No;No;0,175;Q2;13;18;68;1097;19;52;0,18;60,94;37,50;0;4;Philippines;Asiatic Region;"Ateneo de Manila University";"2012-2024";"Arts and Humanities (miscellaneous) (Q2); Cultural Studies (Q2); History (Q2); Sociology and Political Science (Q3)";"Arts and Humanities; Social Sciences"
574;21100228076;"Twentieth-Century China";journal;"15215385, 19405065";"Johns Hopkins University Press";No;No;0,175;Q2;9;15;60;752;24;50;0,33;50,13;27,27;0;2;United States;Northern America;"Johns Hopkins University Press";"2002, 2012-2024";"Cultural Studies (Q2); History (Q2); Political Science and International Relations (Q3)";"Arts and Humanities; Social Sciences"
575;22828;"Cultural Dynamics";journal;"14617048, 09213740";"SAGE Publications Ltd";No;No;0,173;Q2;29;26;80;1067;39;75;0,32;41,04;52,17;0;4;United Kingdom;Western Europe;"SAGE Publications Ltd";"1988-1993, 1995-2024";"Arts and Humanities (miscellaneous) (Q2); Cultural Studies (Q2); Anthropology (Q3)";"Arts and Humanities; Social Sciences"
576;21101210863;"Journal of Advocacy, Research and Education";journal;"24104981, 25081055";"Centre for Behaviour and Wellness Advocacy";No;No;0,173;Q2;3;37;41;1264;27;39;0,36;34,16;42,86;0;23;Ghana;Africa;"Centre for Behaviour and Wellness Advocacy";"2020-2024";"Cultural Studies (Q2); Education (Q4); Health (social science) (Q4)";"Social Sciences"
577;21100824449;"Norteamerica";journal;"18703550, 24487228";"Universidad Nacional Autonoma de Mexico";Yes;Yes;0,173;Q2;7;27;71;1143;30;71;0,41;42,33;48,39;0;9;Mexico;Latin America;"Universidad Nacional Autonoma de Mexico";"2016-2025";"Cultural Studies (Q2); Economics, Econometrics and Finance (miscellaneous) (Q3); Law (Q3); Political Science and International Relations (Q3); Sociology and Political Science (Q3); Demography (Q4)";"Economics, Econometrics and Finance; Social Sciences"
578;5600153387;"Positions";journal;"15278271, 10679847";"Duke University Press";No;No;0,173;Q2;30;40;112;2072;54;104;0,52;51,80;57,78;0;3;United States;Northern America;"Duke University Press";"2001-2024";"Literature and Literary Theory (Q1); Visual Arts and Performing Arts (Q1); Cultural Studies (Q2); History (Q2)";"Arts and Humanities; Social Sciences"
579;5700165305;"South Asian Popular Culture";journal;"14746689, 14746697";"Routledge";No;No;0,173;Q2;20;10;79;427;43;72;0,42;42,70;30,77;0;5;United Kingdom;Western Europe;"Routledge";"2003-2024";"Visual Arts and Performing Arts (Q1); Cultural Studies (Q2)";"Arts and Humanities; Social Sciences"
580;5700170927;"Atlantis";journal;"02106124";"Spanish Association of Anglo-American Studies";Yes;Yes;0,172;Q2;17;28;76;1362;36;76;0,33;48,64;47,06;0;4;Spain;Western Europe;"Spanish Association of Anglo-American Studies";"2000-2024";"Literature and Literary Theory (Q1); Cultural Studies (Q2); Linguistics and Language (Q2)";"Arts and Humanities; Social Sciences"
581;21100200441;"Glasnik SED";journal;"03512908";"Slovensko Etnolosko Drustvo";No;No;0,172;Q2;8;34;122;1075;10;112;0,09;31,62;65,71;0;4;Slovenia;Eastern Europe;"Slovensko Etnolosko Drustvo";"2007-2024";"Cultural Studies (Q2); Museology (Q2); Anthropology (Q3); Conservation (Q3)";"Arts and Humanities; Social Sciences"
582;21100202750;"Historia (Chile)";journal;"00732435";"Pontificia Universidad Catolica de Chile";Yes;Yes;0,172;Q2;16;20;61;2701;20;60;0,26;135,05;28,57;0;4;Chile;Latin America;"Pontificia Universidad Catolica de Chile";"1999, 2002, 2007-2024";"Cultural Studies (Q2); History (Q2); History and Philosophy of Science (Q3)";"Arts and Humanities; Social Sciences"
583;5700168551;"International Journal of Media and Cultural Politics";journal;"20400918, 17408296";"Intellect Ltd.";No;No;0,172;Q2;16;4;39;241;18;36;0,41;60,25;42,86;0;1;United Kingdom;Western Europe;"Intellect Ltd.";"2009, 2013-2023";"Cultural Studies (Q2); Communication (Q3)";"Social Sciences"
584;19600156840;"Journal of Burma Studies";journal;"2010314X, 1094799X";"Center for Burma Studies at Northern Illinois University";No;No;0,172;Q2;10;15;31;546;22;26;1,11;36,40;28,57;0;2;United States;Northern America;"Center for Burma Studies at Northern Illinois University";"2001, 2009-2024";"Cultural Studies (Q2); History (Q2)";"Arts and Humanities; Social Sciences"
585;6400153187;"Nottingham French Studies";journal;"00294586, 20477236";"Edinburgh University Press";No;No;0,172;Q2;12;26;68;271;11;52;0,16;10,42;65,38;0;6;United Kingdom;Western Europe;"Edinburgh University Press";"1996-2024";"Literature and Literary Theory (Q1); Cultural Studies (Q2); History (Q2); Linguistics and Language (Q2)";"Arts and Humanities; Social Sciences"
586;21100845655;"Journal of Africana Religions";journal;"21655405, 21655413";"Penn State University Press";No;No;0,171;Q2;7;5;37;479;22;37;0,60;95,80;0,00;0;0;United States;Northern America;"Penn State University Press";"2017-2024";"Cultural Studies (Q2); Religious Studies (Q2); Anthropology (Q3)";"Arts and Humanities; Social Sciences"
587;19700169127;"Lithuanian historical studies / Lithuanian Institute of History";journal;"13922343";"Brill Schoningh";Yes;No;0,171;Q2;6;0;15;0;4;15;0,00;0,00;0,00;0;0;Germany;Western Europe;"Brill Schoningh";"1996-2015, 2017-2023";"Cultural Studies (Q2); History (Q2); Religious Studies (Q2); Sociology and Political Science (Q3)";"Arts and Humanities; Social Sciences"
588;21100232404;"Modern Chinese Literature and Culture";journal;"15209857, 2328966X";"Edinburgh University Press";No;No;0,171;Q2;10;13;46;698;13;40;0,27;53,69;16,67;0;0;United Kingdom;Western Europe;"Edinburgh University Press";"2009-2024";"Literature and Literary Theory (Q1); Cultural Studies (Q2)";"Arts and Humanities; Social Sciences"
589;21100782413;"Architecture and Culture";journal;"20507836, 20507828";"Taylor and Francis Ltd.";No;No;0,170;Q2;7;5;82;239;61;76;0,40;47,80;100,00;0;0;United Kingdom;Western Europe;"Taylor and Francis Ltd.";"2014-2025";"Visual Arts and Performing Arts (Q1); Cultural Studies (Q2); Architecture (Q3); Urban Studies (Q3)";"Arts and Humanities; Engineering; Social Sciences"
590;5700166475;"European Journal of East Asian Studies";journal;"15700615, 15680584";"Brill Academic Publishers";No;No;0,170;Q2;15;14;42;835;17;38;0,21;59,64;68,42;0;4;Netherlands;Western Europe;"Brill Academic Publishers";"2001, 2003, 2007-2024";"Cultural Studies (Q2); History (Q2); Political Science and International Relations (Q3); Social Sciences (miscellaneous) (Q3); Sociology and Political Science (Q3); Development (Q4); Geography, Planning and Development (Q4)";"Arts and Humanities; Social Sciences"
591;21101093350;"Kriminologie";journal;"26986779";"Universitat zu Koln";Yes;Yes;0,170;Q2;5;13;67;549;19;61;0,20;42,23;43,48;0;4;Germany;Western Europe;"Universitat zu Koln";"2019-2024";"Cultural Studies (Q2); Law (Q3); Social Sciences (miscellaneous) (Q3); Sociology and Political Science (Q3)";"Social Sciences"
592;6000161368;"Southern Cultures";journal;"10688218";"University of North Carolina Press";No;No;0,170;Q2;13;44;136;315;37;108;0,16;7,16;54,84;0;1;United States;Northern America;"University of North Carolina Press";"2002-2024";"Arts and Humanities (miscellaneous) (Q2); Cultural Studies (Q2)";"Arts and Humanities; Social Sciences"
593;21100201764;"Belleten";journal;"00414255";"Turk Tarih Kurumu Basimevi";Yes;Yes;0,169;Q2;5;30;91;2016;23;91;0,26;67,20;13,79;0;7;Turkey;Middle East;"Turk Tarih Kurumu Basimevi";"1971, 1979-1980, 1999, 2002, 2011-2024";"Cultural Studies (Q2); History (Q2)";"Arts and Humanities; Social Sciences"
594;21101201499;"Galactica Media: Journal of Media Studies";journal;"26587734";"LLC Scientific Industrial Enterprise “Genesis. Frontier. Science”";Yes;Yes;0,169;Q2;2;60;50;2250;20;50;0,40;37,50;43,02;0;10;Russian Federation;Eastern Europe;"LLC Scientific Industrial Enterprise “Genesis. Frontier. Science”";"2023-2024";"Cultural Studies (Q2); Philosophy (Q2); Anthropology (Q3); Sociology and Political Science (Q3)";"Arts and Humanities; Social Sciences"
595;21101076306;"International Journal of Taiwan Studies";journal;"24688800, 24688797";"Brill Academic Publishers";No;No;0,168;Q2;8;13;63;634;35;60;0,46;48,77;62,50;0;5;Netherlands;Western Europe;"Brill Academic Publishers";"2018-2025";"Visual Arts and Performing Arts (Q1); Cultural Studies (Q2); History (Q2); Anthropology (Q3); Political Science and International Relations (Q3); Sociology and Political Science (Q3)";"Arts and Humanities; Social Sciences"
596;21100857529;"Journal of Silk";journal;"10017003";"China Silk Association";No;No;0,168;Q2;9;188;566;5496;259;566;0,48;29,23;46,68;0;75;China;Asiatic Region;"China Silk Association";"2017-2025";"Cultural Studies (Q2); History (Q2); Chemistry (miscellaneous) (Q4); Industrial and Manufacturing Engineering (Q4); Materials Science (miscellaneous) (Q4)";"Arts and Humanities; Chemistry; Engineering; Materials Science; Social Sciences"
597;21100976733;"Przeglad Rusycystyczny";journal;"0137298X";"Polskie Towarzystwo Rusycystyczne";Yes;Yes;0,168;Q2;2;48;170;1748;9;165;0,03;36,42;55,77;0;3;Poland;Eastern Europe;"Polskie Towarzystwo Rusycystyczne";"2019-2024";"Literature and Literary Theory (Q1); Cultural Studies (Q2); Philosophy (Q2); Linguistics and Language (Q3); Education (Q4)";"Arts and Humanities; Social Sciences"
598;21506;"Eighteenth-Century Life";journal;"10863192, 00982601";"Duke University Press";No;No;0,167;Q2;16;30;60;1049;6;57;0,07;34,97;66,67;0;1;United States;Northern America;"Duke University Press";"1977, 1980, 1982, 1984-1985, 1987, 2001-2025";"Literature and Literary Theory (Q1); Visual Arts and Performing Arts (Q1); Cultural Studies (Q2); History (Q2)";"Arts and Humanities; Social Sciences"
599;4700152617;"Herald of the Russian Academy of Sciences";journal;"15556492, 10193316";"Pleiades Publishing";No;No;0,167;Q2;22;35;424;30;243;414;0,45;0,86;46,67;0;4;United States;Northern America;"Pleiades Publishing";"2005-2024";"Cultural Studies (Q2); Political Science and International Relations (Q3)";"Social Sciences"
600;21100935077;"Journal of Design, Business and Society";journal;"20552106, 20552114";"Intellect Ltd.";No;No;0,167;Q2;5;6;40;322;27;32;0,69;53,67;35,71;0;2;United Kingdom;Western Europe;"Intellect Ltd.";"2019-2024";"Visual Arts and Performing Arts (Q1); Cultural Studies (Q2); Business and International Management (Q4); Industrial and Manufacturing Engineering (Q4)";"Arts and Humanities; Business, Management and Accounting; Engineering; Social Sciences"
601;19700181417;"Acta Borealia";journal;"1503111X, 08003831";"Routledge";No;No;0,166;Q2;21;12;25;391;15;25;0,63;32,58;61,90;0;0;United Kingdom;Western Europe;"Routledge";"1984-1994, 1996-2024";"Cultural Studies (Q2); History (Q2); Anthropology (Q3); Sociology and Political Science (Q3)";"Arts and Humanities; Social Sciences"
602;21100897298;"Journal of Jewish Languages";journal;"22134638, 22134387";"Brill Academic Publishers";No;No;0,166;Q2;7;9;25;544;12;24;0,21;60,44;45,45;0;1;Netherlands;Western Europe;"Brill Academic Publishers";"2015-2024";"Cultural Studies (Q2); History (Q2); Linguistics and Language (Q3)";"Arts and Humanities; Social Sciences"
603;21101075730;"VISUAL Review. International Visual Culture Review / Revista Internacional de Cultura";journal;"26959631";"VisualCOM Scientific Publications";No;No;0,166;Q2;5;145;396;5863;192;396;0,48;40,43;48,08;0;28;Spain;Western Europe;"VisualCOM Scientific Publications";"2020-2025";"Visual Arts and Performing Arts (Q1); Cultural Studies (Q2)";"Arts and Humanities; Social Sciences"
604;6400153188;"Women";journal;"14701367, 09574042";"Informa UK Ltd";No;No;0,166;Q2;18;8;59;261;30;50;0,24;32,63;87,50;0;4;United Kingdom;Western Europe;"Informa UK Ltd";"1990-2025";"Literature and Literary Theory (Q1); Cultural Studies (Q2); Gender Studies (Q3)";"Arts and Humanities; Social Sciences"
605;21101064968;"Osmanli Bilimi Arastirmalari";journal;"24587982, 13033123";"Istanbul University";Yes;Yes;0,165;Q2;2;22;53;706;12;53;0,25;32,09;38,89;0;5;Turkey;Middle East;"Istanbul University";"2019-2025";"Cultural Studies (Q2); History (Q2); History and Philosophy of Science (Q3)";"Arts and Humanities; Social Sciences"
606;12431;"Prace i Studia Geograficzne";journal;"25437313, 02084589";"";Yes;No;0,165;Q2;12;39;104;1691;37;101;0,40;43,36;52,46;0;12;Poland;Eastern Europe;"";"1979, 1983-1985, 1988, 1992, 1994-2005, 2008-2024";"Cultural Studies (Q2); Sociology and Political Science (Q3); Urban Studies (Q3); Earth and Planetary Sciences (miscellaneous) (Q4); Geography, Planning and Development (Q4); Tourism, Leisure and Hospitality Management (Q4)";"Business, Management and Accounting; Earth and Planetary Sciences; Social Sciences"
607;21101061934;"Proceedings of the International Conference on Tourism Research";conference and proceedings;"25163612";"Academic Conferences and Publishing International Limited";No;No;0,165;-;6;59;220;2053;135;214;0,83;34,80;58,25;0;43;United Kingdom;Western Europe;"Academic Conferences and Publishing International Limited";"2018-2024";"Cultural Studies; Geography, Planning and Development; Management, Monitoring, Policy and Law; Social Sciences (miscellaneous); Tourism, Leisure and Hospitality Management";"Business, Management and Accounting; Environmental Science; Social Sciences"
608;19600156837;"Jahrbuch fuer Geschichte Lateinamerikas/Anuario de Historia de America Latina";journal;"14384752, 21943680";"Hamburg University Press";No;Yes;0,164;Q2;3;15;30;1076;3;29;0,05;71,73;66,67;0;1;Germany;Western Europe;"Hamburg University Press";"2001, 2018-2024";"Cultural Studies (Q2); History (Q2)";"Arts and Humanities; Social Sciences"
609;11200153522;"Law, Culture and the Humanities";journal;"17439752, 17438721";"SAGE Publications Ltd";No;No;0,164;Q2;19;52;148;94;65;111;0,41;1,81;43,75;0;10;United Kingdom;Western Europe;"SAGE Publications Ltd";"2005-2025";"Arts and Humanities (miscellaneous) (Q2); Cultural Studies (Q2); Law (Q3)";"Arts and Humanities; Social Sciences"
610;16800154750;"Middle East Journal of Culture and Communication";journal;"18739857, 18739865";"Brill Academic Publishers";No;No;0,164;Q2;17;23;59;786;40;57;0,64;34,17;60,00;0;5;Netherlands;Western Europe;"Brill Academic Publishers";"2008-2024";"Arts and Humanities (miscellaneous) (Q2); Cultural Studies (Q2); Communication (Q3); Political Science and International Relations (Q3); Sociology and Political Science (Q3)";"Arts and Humanities; Social Sciences"
611;37911;"Bulletins et Memoires de la Societe d'Anthropologie de Paris";journal;"17775469, 00378984";"Societe d'Anthropologie de Paris";Yes;Yes;0,163;Q2;15;48;115;799;23;66;0,18;16,65;61,22;0;2;France;Western Europe;"Societe d'Anthropologie de Paris";"1973-1979, 2010-2025";"Cultural Studies (Q2); Anthropology (Q3); Archeology (Q3); Archeology (arts and humanities) (Q3)";"Arts and Humanities; Social Sciences"
612;21101066338;"Journal of African Films and Diaspora Studies";journal;"25162705, 25162713";"Adonis and Abbey Publishers Ltd";No;No;0,163;Q2;4;45;80;1985;46;75;0,54;44,11;34,25;0;23;United Kingdom;Western Europe;"Adonis and Abbey Publishers Ltd";"2018-2024";"Cultural Studies (Q2); Visual Arts and Performing Arts (Q2); Communication (Q3); Linguistics and Language (Q3)";"Arts and Humanities; Social Sciences"
613;6700153261;"Anatolian Studies";journal;"00661546";"Cambridge University Press";No;No;0,162;Q2;27;9;31;784;12;30;0,40;87,11;26,67;0;1;United Kingdom;Western Europe;"Cambridge University Press";"1951-2024";"Cultural Studies (Q2); History (Q2); Archeology (arts and humanities) (Q3)";"Arts and Humanities; Social Sciences"
614;21100825856;"Arenal";journal;"11346396";"Universidad de Granada";Yes;Yes;0,162;Q2;7;24;72;1208;18;71;0,19;50,33;70,59;0;7;Spain;Western Europe;"Universidad de Granada";"2017-2024";"Cultural Studies (Q2); History (Q2); Gender Studies (Q3)";"Arts and Humanities; Social Sciences"
615;21100901574;"Istorija 20 Veka";journal;"25603647, 03523160";"Institut za savremenu istoriju";Yes;Yes;0,162;Q2;3;25;75;761;6;75;0,10;30,44;11,54;0;2;Serbia;Eastern Europe;"Institut za savremenu istoriju";"2018-2025";"Cultural Studies (Q2); History (Q2)";"Arts and Humanities; Social Sciences"
616;21101053580;"Journal of Psychosocial Studies";journal;"14786737";"Policy Press";No;No;0,162;Q2;6;27;60;1189;27;55;0,34;44,04;39,39;0;6;United Kingdom;Western Europe;"Policy Press";"2019-2024";"Cultural Studies (Q2); Social Sciences (miscellaneous) (Q3); Sociology and Political Science (Q3); Social Psychology (Q4)";"Psychology; Social Sciences"
617;21100900370;"Imagologiya i Komparativistika";journal;"24099554";"Tomsk State University";No;No;0,161;Q2;3;29;104;696;10;103;0,10;24,00;63,33;0;6;Russian Federation;Eastern Europe;"Tomsk State University";"2018-2024";"Literature and Literary Theory (Q1); Cultural Studies (Q2); Visual Arts and Performing Arts (Q2); Communication (Q4)";"Arts and Humanities; Social Sciences"
618;21100456188;"Journal of the Middle East and Africa";journal;"21520844, 21520852";"Taylor and Francis Ltd.";No;No;0,161;Q2;13;19;60;0;36;59;0,78;0,00;36,00;0;5;United Kingdom;Western Europe;"Taylor and Francis Ltd.";"2010-2025";"Cultural Studies (Q2); History (Q2); Political Science and International Relations (Q3); Sociology and Political Science (Q3)";"Arts and Humanities; Social Sciences"
619;19700169117;"Social History of Alcohol and Drugs";journal;"26407329, 19308418";"University of Chicago Press";No;No;0,161;Q2;10;8;35;48;16;29;0,43;6,00;0,00;0;0;United States;Northern America;"University of Chicago Press";"2005-2024";"Cultural Studies (Q2); History (Q2); Law (Q3); Public Health, Environmental and Occupational Health (Q4)";"Arts and Humanities; Medicine; Social Sciences"
620;21101046684;"Pedagogy";journal;"15336255, 15314200";"Duke University Press";No;No;0,160;Q2;4;26;110;786;31;102;0,29;30,23;73,91;0;1;United States;Northern America;"Duke University Press";"2019-2025";"Cultural Studies (Q2); Linguistics and Language (Q3); Education (Q4)";"Social Sciences"
621;5800221971;"Zeitschrift fur Slawistik";journal;"21967016, 00443506";"Walter de Gruyter GmbH";No;No;0,160;Q2;8;34;77;1828;19;77;0,29;53,76;61,22;0;4;Germany;Western Europe;"Walter de Gruyter GmbH";"1956-1966, 1968-1979, 1981-2024";"Literature and Literary Theory (Q1); Cultural Studies (Q2); Linguistics and Language (Q3)";"Arts and Humanities; Social Sciences"
622;79684;"Acta Ethnographica Hungarica";journal;"15882586, 12169803";"Akademiai Kiado";No;No;0,159;Q2;10;26;54;1506;15;52;0,37;57,92;75,00;1;8;Hungary;Eastern Europe;"Akademiai Kiado";"1996-2021, 2023-2024";"Cultural Studies (Q2); Music (Q2); Demography (Q4)";"Arts and Humanities; Social Sciences"
623;21100887621;"Contemporary Japan";journal;"18692737, 18692729";"Taylor and Francis Ltd.";No;No;0,159;Q2;13;23;50;986;38;40;0,75;42,87;58,33;0;11;United Kingdom;Western Europe;"Taylor and Francis Ltd.";"2012-2025";"Cultural Studies (Q2); History (Q2); Sociology and Political Science (Q3); Social Sciences (miscellaneous) (Q4)";"Arts and Humanities; Social Sciences"
624;21100847373;"Digital Icons";journal;"20437633";"School of Modern Languages and Cultures, University of Leeds";No;No;0,159;Q2;4;14;8;454;4;7;0,00;32,43;66,67;0;3;United Kingdom;Western Europe;"School of Modern Languages and Cultures, University of Leeds";"2017, 2020-2021, 2024";"Cultural Studies (Q2); Visual Arts and Performing Arts (Q2); Linguistics and Language (Q3); Communication (Q4)";"Arts and Humanities; Social Sciences"
625;5600153816;"French Cultural Studies";journal;"09571558, 17402352";"SAGE Publications Ltd";No;No;0,159;Q2;15;33;84;1268;45;84;0,49;38,42;67,65;0;6;United Kingdom;Western Europe;"SAGE Publications Ltd";"1990-2025";"Cultural Studies (Q2); History (Q2)";"Arts and Humanities; Social Sciences"
626;21101260458;"International Journal of Agricultural Science, Research and Technology in Extension and Education Systems";journal;"22517588, 22517596";"Agricultural Extension Department, Islamic Azad University Shushtar";No;No;0,159;Q2;3;18;67;693;34;67;0,42;38,50;33,33;0;14;Iran;Middle East;"Agricultural Extension Department, Islamic Azad University Shushtar";"2020-2024";"Cultural Studies (Q2); Agricultural and Biological Sciences (miscellaneous) (Q4); Development (Q4); Social Sciences (miscellaneous) (Q4)";"Agricultural and Biological Sciences; Social Sciences"
627;21100940537;"Journal of Vietnamese Studies";journal;"1559372X, 15593738";"University of California Press";No;No;0,159;Q2;4;21;71;852;15;65;0,20;40,57;40,00;0;3;United States;Northern America;"University of California Press";"2019-2024";"Cultural Studies (Q2); History (Q2); Anthropology (Q3); Linguistics and Language (Q3); Sociology and Political Science (Q3)";"Arts and Humanities; Social Sciences"
628;11600153438;"Literature Compass";journal;"17414113";"Wiley-Blackwell";No;No;0,159;Q2;18;39;84;1572;39;81;0,43;40,31;51,22;0;6;United Kingdom;Western Europe;"Wiley-Blackwell";"2004-2025";"Literature and Literary Theory (Q1); Cultural Studies (Q2)";"Arts and Humanities; Social Sciences"
629;21101116673;"Perifrasis";journal;"21458987, 21459045";"Universidad de los Andes, Colombia";Yes;Yes;0,159;Q2;4;22;75;465;15;65;0,16;21,14;52,63;0;3;Colombia;Latin America;"Universidad de los Andes, Colombia";"2019-2025";"Literature and Literary Theory (Q1); Cultural Studies (Q2); Gender Studies (Q3)";"Arts and Humanities; Social Sciences"
630;21100218392;"Humanities Diliman";journal;"16551532, 20120788";"University of the Philippines";Yes;Yes;0,158;Q2;5;18;48;643;10;45;0,15;35,72;30,00;0;2;Philippines;Asiatic Region;"University of the Philippines";"2012-2024";"Literature and Literary Theory (Q1); Cultural Studies (Q2); Visual Arts and Performing Arts (Q2)";"Arts and Humanities; Social Sciences"
631;5600153617;"Irish Studies Review";journal;"09670882";"Taylor and Francis Ltd.";No;No;0,158;Q2;14;30;87;1512;34;81;0,43;50,40;45,71;0;7;United Kingdom;Western Europe;"Taylor and Francis Ltd.";"1992-2002, 2010-2025";"Literature and Literary Theory (Q1); Cultural Studies (Q2); History (Q2); Sociology and Political Science (Q3)";"Arts and Humanities; Social Sciences"
632;21100239824;"Journal for the Study of Religion, Nature and Culture";journal;"17494915, 17494907";"Equinox Publishing Ltd";No;No;0,158;Q2;13;32;67;1264;30;60;0,45;39,50;31,03;0;8;United Kingdom;Western Europe;"Equinox Publishing Ltd";"2013-2024";"Cultural Studies (Q2); Religious Studies (Q2); Ecology (Q4); Ecology, Evolution, Behavior and Systematics (Q4)";"Agricultural and Biological Sciences; Arts and Humanities; Environmental Science; Social Sciences"
633;21101210636;"Jurnal Kajian Bali";journal;"25800698, 20884443";"Udayana University";Yes;Yes;0,158;Q2;5;27;90;1275;29;90;0,34;47,22;28,26;0;13;Indonesia;Asiatic Region;"Udayana University";"2019-2024";"Literature and Literary Theory (Q1); Cultural Studies (Q2); History (Q2); Music (Q2); Arts and Humanities (miscellaneous) (Q3); Tourism, Leisure and Hospitality Management (Q4)";"Arts and Humanities; Business, Management and Accounting; Social Sciences"
634;5600152947;"Telos";journal;"00906514";"Telos Press";No;No;0,158;Q2;11;32;160;813;34;143;0,23;25,41;4,17;0;1;United States;Northern America;"Telos Press";"2010-2024";"Cultural Studies (Q2); Philosophy (Q2); Sociology and Political Science (Q3)";"Arts and Humanities; Social Sciences"
635;21101063735;"Waiguo Yuyan yu Wenhua";journal;"20964366";"Hunan Normal University Press";No;No;0,158;Q2;2;52;151;1138;8;150;0,03;21,88;51,67;0;4;China;Asiatic Region;"Hunan Normal University Press";"2019-2024";"Literature and Literary Theory (Q1); Cultural Studies (Q2); Linguistics and Language (Q3)";"Arts and Humanities; Social Sciences"
636;21100854772;"Cuadernos Europeos de Deusto";journal;"11308354, 24453587";"Universidad de Deusto";Yes;Yes;0,157;Q2;5;12;69;618;37;68;0,57;51,50;36,36;0;7;Spain;Western Europe;"Universidad de Deusto";"2017-2024";"Cultural Studies (Q2); History (Q2); Law (Q3); Political Science and International Relations (Q3); Economics, Econometrics and Finance (miscellaneous) (Q4)";"Arts and Humanities; Economics, Econometrics and Finance; Social Sciences"
637;21100898996;"Innes Review";journal;"17455219, 0020157X";"Edinburgh University Press";No;No;0,157;Q2;12;7;20;413;4;16;0,15;59,00;0,00;0;0;United Kingdom;Western Europe;"Edinburgh University Press";"1996-2024";"Cultural Studies (Q2); History (Q2); Religious Studies (Q2)";"Arts and Humanities; Social Sciences"
638;15344;"International History Review";journal;"07075332";"Taylor and Francis Ltd.";No;No;0,156;Q2;30;72;206;1269;121;202;0,53;17,63;31,08;0;14;United Kingdom;Western Europe;"Taylor and Francis Ltd.";"1979-2025";"Cultural Studies (Q2); History (Q2); Sociology and Political Science (Q3)";"Arts and Humanities; Social Sciences"
639;5600153516;"International Journal of Iberian Studies";journal;"17589150, 1364971X";"Intellect Ltd.";No;No;0,156;Q2;9;18;49;530;16;45;0,37;29,44;36,84;0;7;United Kingdom;Western Europe;"Intellect Ltd.";"2012-2024";"Cultural Studies (Q2); History (Q2); Political Science and International Relations (Q3); Sociology and Political Science (Q3)";"Arts and Humanities; Social Sciences"
640;5800208396;"Journal of American Culture";journal;"1542734X, 15427331";"John Wiley and Sons Inc";No;No;0,156;Q2;21;31;81;1426;17;77;0,20;46,00;53,13;0;1;United States;Northern America;"John Wiley and Sons Inc";"1996-1999, 2003-2025";"Literature and Literary Theory (Q1); Cultural Studies (Q2); History (Q2); Visual Arts and Performing Arts (Q2)";"Arts and Humanities; Social Sciences"
641;14000156149;"Journal of Folklore Research";journal;"15430413, 07377037";"Indiana University Press";No;No;0,156;Q2;20;12;49;665;18;46;0,09;55,42;45,45;0;4;United States;Northern America;"Indiana University Press";"2002-2024";"Cultural Studies (Q2); Music (Q2)";"Arts and Humanities; Social Sciences"
642;21100829273;"Projections (New York)";journal;"19349688, 19349696";"Berghahn Books Inc.";No;No;0,156;Q2;9;11;44;554;17;42;0,39;50,36;59,09;0;5;United States;Northern America;"Berghahn Books Inc.";"2015-2024";"Cultural Studies (Q2); Visual Arts and Performing Arts (Q2); Communication (Q4)";"Arts and Humanities; Social Sciences"
643;86049;"Helios";journal;"19350228, 01600923";"Texas Tech University Press";No;No;0,155;Q2;17;3;26;170;7;25;0,22;56,67;66,67;0;1;United States;Northern America;"Texas Tech University Press";"1984, 2002-2024";"Classics (Q1); Literature and Literary Theory (Q1); Cultural Studies (Q2); Linguistics and Language (Q3)";"Arts and Humanities; Social Sciences"
644;5600156595;"Historical Research";journal;"14682281, 09503471";"Wiley-Blackwell Publishing Ltd";No;No;0,155;Q2;29;32;105;3391;41;101;0,31;105,97;34,48;0;10;United Kingdom;Western Europe;"Wiley-Blackwell Publishing Ltd";"1923-2024";"Cultural Studies (Q2); History (Q2); Sociology and Political Science (Q3)";"Arts and Humanities; Social Sciences"
645;5600155667;"Journal of Spanish Cultural Studies";journal;"14636204, 14699818";"Routledge";No;No;0,155;Q2;15;34;89;1155;41;86;0,42;33,97;55,17;0;7;United Kingdom;Western Europe;"Routledge";"2010-2025";"Cultural Studies (Q2); History (Q2)";"Arts and Humanities; Social Sciences"
646;6000152941;"Journal of the History of Collections";journal;"14778564, 09546650";"Oxford University Press";No;No;0,155;Q2;17;20;107;2099;22;105;0,11;104,95;71,43;0;0;United Kingdom;Western Europe;"Oxford University Press";"1989-1994, 1996-2024";"Cultural Studies (Q2); History (Q2); Museology (Q2); Visual Arts and Performing Arts (Q2); Conservation (Q3)";"Arts and Humanities; Social Sciences"
647;21100836285;"Sociologia e Antropologia";journal;"22383875";"Universidade Federal do Rio de Janeiro";Yes;Yes;0,155;Q2;8;34;141;1090;34;141;0,22;32,06;43,24;0;6;Brazil;Latin America;"Universidade Federal do Rio de Janeiro";"2017-2024";"Cultural Studies (Q2); Anthropology (Q3); Social Sciences (miscellaneous) (Q4)";"Social Sciences"
648;19600161820;"Journal of Maritime Research";journal;"16979133, 16974840";"Universidad de Cantabria";No;No;0,154;Q2;11;160;101;4939;59;101;0,58;30,87;26,07;0;71;Spain;Western Europe;"Universidad de Cantabria";"2009-2020, 2022-2024";"Cultural Studies (Q2); History (Q2); Ocean Engineering (Q4)";"Arts and Humanities; Engineering; Social Sciences"
649;27980;"Modern Judaism";journal;"10863273, 02761114";"Oxford University Press";No;No;0,154;Q2;18;12;45;1060;11;44;0,20;88,33;36,36;0;1;United States;Northern America;"Oxford University Press";"1981-2024";"Cultural Studies (Q2); History (Q2); Religious Studies (Q2); Political Science and International Relations (Q3); Sociology and Political Science (Q4)";"Arts and Humanities; Social Sciences"
650;21101152859;"Revista Kawsaypacha: Sociedad y Medio Ambiente";journal;"27093689, 25232894";"Pontificia Universidad Catolica del Peru";Yes;Yes;0,154;Q2;3;34;61;1020;27;57;0,35;30,00;42,86;0;22;Peru;Latin America;"Pontificia Universidad Catolica del Peru";"2019-2024";"Cultural Studies (Q2); Ecology (Q4); Environmental Science (miscellaneous) (Q4); Management, Monitoring, Policy and Law (Q4); Nature and Landscape Conservation (Q4)";"Environmental Science; Social Sciences"
651;21100898604;"Vibrant Virtual Brazilian Anthropology";journal;"18094341";"Brazilian Anthropology Association";Yes;Yes;0,154;Q2;6;42;103;1926;20;93;0,19;45,86;44,90;0;16;Brazil;Latin America;"Brazilian Anthropology Association";"2018-2025";"Cultural Studies (Q2); Anthropology (Q3); Urban Studies (Q3); Sociology and Political Science (Q4)";"Social Sciences"
652;19900191766;"African Historical Review";journal;"17532523, 17532531";"Routledge, Taylor &amp; Francis Group";No;No;0,153;Q2;9;11;13;382;4;13;0,31;34,73;58,33;0;6;United Kingdom;Western Europe;"Routledge, Taylor &amp; Francis Group";"2010-2020, 2022-2024";"Cultural Studies (Q2); History (Q2)";"Arts and Humanities; Social Sciences"
653;21100259543;"Anuario Colombiano de Historia Social y de la Cultura";journal;"01202456, 22565647";"Universidad Nacional de Colombia";Yes;Yes;0,153;Q2;9;43;103;978;23;100;0,17;22,74;30,56;1;5;Colombia;Latin America;"Universidad Nacional de Colombia";"2013-2025";"Cultural Studies (Q2); History (Q2)";"Arts and Humanities; Social Sciences"
654;14529;"Eire-Ireland; a journal of Irish studies";journal;"00132683, 15505162";"Irish American Cultural Institute";No;No;0,153;Q2;17;26;78;1319;21;66;0,09;50,73;31,82;0;0;United States;Northern America;"Irish American Cultural Institute";"1976-1977, 1979-1980, 1982, 1987, 2000-2024";"Cultural Studies (Q2); Arts and Humanities (miscellaneous) (Q3); Sociology and Political Science (Q4)";"Arts and Humanities; Social Sciences"
655;21101048554;"Journal of Applied Arts and Health";journal;"20402465, 20402457";"Intellect Ltd.";No;No;0,153;Q2;6;15;86;437;33;75;0,45;29,13;88,46;1;5;United Kingdom;Western Europe;"Intellect Ltd.";"2019-2024";"Cultural Studies (Q2); Music (Q2); Philosophy (Q2); Visual Arts and Performing Arts (Q2); Arts and Humanities (miscellaneous) (Q3); Clinical Psychology (Q4)";"Arts and Humanities; Psychology; Social Sciences"
656;21101046209;"Journal of Muslim Philanthropy and Civil Society";journal;"25726544";"Indiana University Press";Yes;Yes;0,153;Q2;7;14;35;649;21;30;0,57;46,36;45,00;0;5;United States;Northern America;"Indiana University Press";"2017-2024";"Cultural Studies (Q2); Education (Q4); Political Science and International Relations (Q4)";"Social Sciences"
657;5600156163;"European Journal of American Culture";journal;"14660407, 17589118";"Intellect Ltd.";No;No;0,152;Q2;5;19;49;758;15;40;0,29;39,89;57,89;0;6;United Kingdom;Western Europe;"Intellect Ltd.";"2013-2024";"Cultural Studies (Q2); History (Q2); Anthropology (Q3)";"Arts and Humanities; Social Sciences"
658;21100876932;"Intersections (Australia)";journal;"14409151";"Australian National University, Dept. of Gender, Media and Cultural Studies";Yes;No;0,152;Q2;3;10;51;297;16;31;0,43;29,70;56,25;0;4;Australia;Pacific Region;"Australian National University, Dept. of Gender, Media and Cultural Studies";"2018-2024";"Cultural Studies (Q2); History (Q2); Gender Studies (Q3)";"Arts and Humanities; Social Sciences"
659;21100206619;"Postmedieval";journal;"20405979, 20405960";"Palgrave Macmillan Ltd.";No;No;0,152;Q2;14;54;82;2646;23;69;0,23;49,00;65,63;0;3;United Kingdom;Western Europe;"Palgrave Macmillan Ltd.";"2012-2025";"Cultural Studies (Q2); History (Q2); Literature and Literary Theory (Q2); Philosophy (Q2)";"Arts and Humanities; Social Sciences"
660;20000195045;"Revista Colombiana de Antropologia";journal;"04866525";"Instituto Colombiano de Antropologia e Historia";Yes;Yes;0,152;Q2;13;21;69;754;18;66;0,09;35,90;69,57;0;6;Colombia;Latin America;"Instituto Colombiano de Antropologia e Historia";"2011-2025";"Cultural Studies (Q2); History (Q2); Anthropology (Q3); Archeology (arts and humanities) (Q3)";"Arts and Humanities; Social Sciences"
661;21100403905;"Zutot";journal;"15717283, 18750214";"Brill Academic Publishers";No;No;0,152;Q2;7;11;35;581;3;34;0,08;52,82;8,33;0;0;Netherlands;Western Europe;"Brill Academic Publishers";"2001-2004, 2008-2025";"Cultural Studies (Q2); Religious Studies (Q2); Arts and Humanities (miscellaneous) (Q3)";"Arts and Humanities; Social Sciences"
662;19700168309;"Archipel";journal;"00448613";"Association Archipel";No;No;0,151;Q2;12;26;59;1103;13;58;0,23;42,42;30,77;0;1;France;Western Europe;"Association Archipel";"2009-2024";"Cultural Studies (Q2); History (Q2); Literature and Literary Theory (Q2); Religious Studies (Q2); Archeology (Q3); Archeology (arts and humanities) (Q3)";"Arts and Humanities; Social Sciences"
663;16100154791;"Comparative Literature Studies";journal;"15284212, 00104132";"Penn State University Press";No;No;0,151;Q2;19;31;111;2022;35;107;0,24;65,23;40,74;0;1;United States;Northern America;"Penn State University Press";"2000, 2002-2024";"Cultural Studies (Q2); Literature and Literary Theory (Q2)";"Arts and Humanities; Social Sciences"
664;21100259514;"Confluenze";journal;"20360967";"University of Bologna";Yes;Yes;0,151;Q2;5;37;169;1282;17;167;0,08;34,65;57,89;0;6;Italy;Western Europe;"University of Bologna";"2013-2024";"Cultural Studies (Q2); History (Q2); Anthropology (Q3); Sociology and Political Science (Q4)";"Arts and Humanities; Social Sciences"
665;21100322909;"Ethnologia Fennica";book series;"03551776";"Suomen Kansatieteilijoiden Yhdistys Ethnos";No;No;0,151;Q2;6;14;44;546;12;35;0,29;39,00;80,00;0;4;Finland;Western Europe;"Suomen Kansatieteilijoiden Yhdistys Ethnos";"2012-2024";"Cultural Studies (Q2); Anthropology (Q3)";"Social Sciences"
666;20600195513;"Etnografia e Ricerca Qualitativa";journal;"19733194";"Il Mulino publishing house";No;No;0,151;Q2;13;26;81;1245;36;78;0,33;47,88;44,12;0;9;Italy;Western Europe;"Il Mulino publishing house";"2012-2024";"Cultural Studies (Q2); Anthropology (Q3); Sociology and Political Science (Q4)";"Social Sciences"
667;5700166220;"Iberoamericana. America Latina - Espana - Portugal";journal;"15773388";"Iberoamericana/Editorial Vervuert";Yes;Yes;0,151;Q2;6;36;130;1022;25;128;0,24;28,39;47,83;0;6;Spain;Western Europe;"Iberoamericana/Editorial Vervuert";"2002, 2017-2024";"Cultural Studies (Q2); History (Q2); Literature and Literary Theory (Q2); Anthropology (Q3)";"Arts and Humanities; Social Sciences"
668;21100465083;"Israel Studies Review";journal;"21590370, 21590389";"Berghahn Books Inc.";No;No;0,151;Q2;10;21;65;1131;25;61;0,35;53,86;33,33;0;3;United States;Northern America;"Berghahn Books Inc.";"2015-2024";"Cultural Studies (Q2); History (Q2); Sociology and Political Science (Q4)";"Arts and Humanities; Social Sciences"
669;5600155553;"Religion and American Culture";journal;"10521151";"University of California Press";No;No;0,151;Q2;16;0;36;0;16;36;0,33;0,00;0,00;0;0;United States;Northern America;"University of California Press";"1991-1995, 2001-2023";"Cultural Studies (Q2); Religious Studies (Q2)";"Arts and Humanities; Social Sciences"
670;21101246928;"Udayana Journal of Law and Culture";journal;"25490680";"Udayana University";Yes;Yes;0,151;Q2;3;11;35;536;14;35;0,42;48,73;16,67;0;9;Indonesia;Asiatic Region;"Udayana University";"2020-2025";"Cultural Studies (Q2); Gender Studies (Q3); Law (Q3); Social Sciences (miscellaneous) (Q4)";"Social Sciences"
671;21100200638;"Classical Receptions Journal";journal;"17595142, 17595134";"Oxford University Press";No;No;0,150;Q2;11;27;77;1537;28;76;0,38;56,93;66,67;0;2;United Kingdom;Western Europe;"Oxford University Press";"2011-2025";"Classics (Q2); Cultural Studies (Q2); Arts and Humanities (miscellaneous) (Q3)";"Arts and Humanities; Social Sciences"
672;21101215783;"Journal of Bodies, Sexualities, and Masculinities";journal;"26888149, 26888157";"Berghahn Journals";No;No;0,150;Q2;4;6;35;234;15;30;0,38;39,00;14,29;0;2;United Kingdom;Western Europe;"Berghahn Journals";"2020-2024";"Cultural Studies (Q2); Gender Studies (Q3)";"Social Sciences"
673;21100834985;"Journal of Nationalism Memory and Language Politics";journal;"25705857";"";Yes;No;0,150;Q2;10;8;37;402;17;36;0,60;50,25;60,00;0;2;Germany;Western Europe;"";"2017-2025";"Cultural Studies (Q2); History (Q2); Linguistics and Language (Q3); Sociology and Political Science (Q4)";"Arts and Humanities; Social Sciences"
674;22763;"Journal of the American Oriental Society";journal;"00030279";"Lockwood Press";No;No;0,150;Q2;24;61;378;2501;57;378;0,11;41,00;23,44;0;3;United States;Northern America;"Lockwood Press";"1971, 1973, 1979, 1982, 1986, 1988, 1998, 2002-2008, 2010-2024";"Cultural Studies (Q2); Arts and Humanities (miscellaneous) (Q3)";"Arts and Humanities; Social Sciences"
675;17633;"Studies in Eighteenth Century Culture";journal;"03602370";"Johns Hopkins University Press";No;No;0,150;Q2;12;22;83;1140;15;78;0,18;51,82;65,22;0;0;United States;Northern America;"Johns Hopkins University Press";"1976, 1978-1979, 1981, 1984-1985, 1987, 1999, 2001-2025";"Cultural Studies (Q2); Arts and Humanities (miscellaneous) (Q3)";"Arts and Humanities; Social Sciences"
676;19700187711;"African and Black Diaspora";journal;"17528631, 1752864X";"Routledge";No;No;0,149;Q2;15;0;8;0;7;8;0,00;0,00;0,00;0;0;United Kingdom;Western Europe;"Routledge";"2010-2021";"Cultural Studies (Q2); Anthropology (Q3); Arts and Humanities (miscellaneous) (Q3); Demography (Q4); Sociology and Political Science (Q4)";"Arts and Humanities; Social Sciences"
677;22229;"Al-Qantara";journal;"19882955, 02113589";"CSIC Consejo Superior de Investigaciones Cientificas";Yes;Yes;0,149;Q2;19;6;54;239;19;52;0,28;39,83;40,00;0;0;Spain;Western Europe;"CSIC Consejo Superior de Investigaciones Cientificas";"1984, 1997-2024";"Cultural Studies (Q2); History (Q2); Literature and Literary Theory (Q2)";"Arts and Humanities; Social Sciences"
678;5800208080;"Bulletin of Spanish Studies";journal;"14753820, 14783428";"Routledge";No;No;0,149;Q2;9;43;184;108;60;184;0,27;2,51;31,71;0;3;United States;Northern America;"Routledge";"2010-2024";"Cultural Studies (Q2); Literature and Literary Theory (Q2)";"Arts and Humanities; Social Sciences"
679;21100790708;"Culture and History Digital Journal";journal;"2253797X";"CSIC Consejo Superior de Investigaciones Cientificas";Yes;Yes;0,149;Q2;9;25;73;1352;18;70;0,20;54,08;43,33;0;7;Spain;Western Europe;"CSIC Consejo Superior de Investigaciones Cientificas";"2016-2024";"Cultural Studies (Q2); History (Q2)";"Arts and Humanities; Social Sciences"
680;21100847474;"Language and Sociocultural Theory";journal;"20519699, 20519702";"Equinox Publishing Ltd";No;No;0,149;Q2;15;0;16;0;16;16;1,00;0,00;0,00;0;0;United Kingdom;Western Europe;"Equinox Publishing Ltd";"2014-2023";"Cultural Studies (Q2); Linguistics and Language (Q3)";"Social Sciences"
681;5600155035;"Angelaki - Journal of the Theoretical Humanities";journal;"0969725X, 14692899";"Taylor and Francis Ltd.";No;No;0,148;Q2;27;72;197;2125;53;170;0,35;29,51;29,85;0;5;United Kingdom;Western Europe;"Taylor and Francis Ltd.";"1996-2025";"Cultural Studies (Q2); Literature and Literary Theory (Q2); Philosophy (Q3)";"Arts and Humanities; Social Sciences"
682;21100244898;"Antipoda";journal;"19005407, 20114273";"Universidad de los Andes, Colombia";Yes;Yes;0,148;Q2;11;22;91;1159;46;89;0,31;52,68;45,95;0;9;Colombia;Latin America;"Universidad de los Andes, Colombia";"2013-2025";"Cultural Studies (Q2); Anthropology (Q3); Archeology (Q3); Archeology (arts and humanities) (Q3)";"Arts and Humanities; Social Sciences"
683;21100803387;"Art Inquiry";journal;"24510327, 16419278";"Lodzkie Towarzystwo Naukowe";No;No;0,148;Q2;6;23;59;647;12;59;0,27;28,13;61,29;0;5;Poland;Eastern Europe;"Lodzkie Towarzystwo Naukowe";"2016-2024";"Cultural Studies (Q2); Music (Q2); Visual Arts and Performing Arts (Q2)";"Arts and Humanities; Social Sciences"
684;21100197144;"Atalante";journal;"23406992, 18853730";"Asoc Cineforum L Atalante";Yes;Yes;0,148;Q2;5;26;80;616;18;80;0,22;23,69;62,79;0;4;Spain;Western Europe;"Asoc Cineforum L Atalante";"2011-2024";"Cultural Studies (Q2); History (Q2); Visual Arts and Performing Arts (Q2)";"Arts and Humanities; Social Sciences"
685;21101075507;"Journal of Dharma Studies";journal;"25220926, 25220934";"Springer International Publishing AG";No;No;0,148;Q2;5;30;47;1137;11;45;0,25;37,90;45,71;0;3;Switzerland;Western Europe;"Springer International Publishing AG";"2018-2025";"Cultural Studies (Q2); Religious Studies (Q2); Arts and Humanities (miscellaneous) (Q3); Philosophy (Q3)";"Arts and Humanities; Social Sciences"
686;17700154909;"Kritika Kultura";journal;"1656152X, 20946937";"Ateneo de Manila University";Yes;No;0,148;Q2;9;24;159;678;23;143;0,15;28,25;36,84;0;5;Philippines;Asiatic Region;"Ateneo de Manila University";"2009-2024";"Cultural Studies (Q2); Literature and Literary Theory (Q2); Linguistics and Language (Q3)";"Arts and Humanities; Social Sciences"
687;21101133325;"Religion and Gender";journal;"25898051, 18785417";"Brill Academic Publishers";No;No;0,148;Q2;17;15;49;801;25;44;0,72;53,40;73,68;0;7;Netherlands;Western Europe;"Brill Academic Publishers";"2011-2025";"Cultural Studies (Q2); Religious Studies (Q2); Anthropology (Q3); Gender Studies (Q3)";"Arts and Humanities; Social Sciences"
688;5600153193;"Social Science Forum";journal;"03523608";"Univerza v Ljubljani";Yes;Yes;0,148;Q2;5;17;53;731;36;45;0,33;43,00;47,37;0;8;Slovenia;Eastern Europe;"Univerza v Ljubljani";"2017-2024";"Cultural Studies (Q2); Communication (Q4); Social Sciences (miscellaneous) (Q4); Sociology and Political Science (Q4)";"Social Sciences"
689;21100218077;"Anclajes";journal;"03293807, 18514669";"Instituto de Investigaciones Literarias y Discursivas, Universidad Nacional de La Pampa";Yes;Yes;0,147;Q2;5;35;100;1135;15;100;0,18;32,43;41,67;0;8;Argentina;Latin America;"Instituto de Investigaciones Literarias y Discursivas, Universidad Nacional de La Pampa";"2012-2025";"Cultural Studies (Q2); Literature and Literary Theory (Q2); Linguistics and Language (Q3)";"Arts and Humanities; Social Sciences"
690;21100275406;"Homme (Germany)";book series;"21945071, 1016362X";"Vandenhoeck and Ruprecht GmbH and Co. KG";No;No;0,147;Q2;6;20;71;941;10;57;0,08;47,05;88,89;0;4;Germany;Western Europe;"Vandenhoeck and Ruprecht GmbH and Co. KG";"1990-1995, 1999, 2001-2002, 2011-2024";"Cultural Studies (Q2); History (Q2); Gender Studies (Q3)";"Arts and Humanities; Social Sciences"
691;21101127277;"Latin American and Latinx Visual Culture";journal;"25760947";"University of California Press";No;No;0,147;Q2;4;31;134;1529;46;87;0,13;49,32;80,00;0;0;United States;Northern America;"University of California Press";"2019-2025";"Cultural Studies (Q2); Visual Arts and Performing Arts (Q2); Arts and Humanities (miscellaneous) (Q3)";"Arts and Humanities; Social Sciences"
692;24864;"Oriente Moderno";journal;"22138617, 00305472";"Brill Academic Publishers";No;No;0,147;Q2;13;0;63;0;32;61;0,13;0,00;0,00;0;0;United States;Northern America;"Brill Academic Publishers";"1978, 1996-2023";"Cultural Studies (Q2); History (Q2); Literature and Literary Theory (Q2); Sociology and Political Science (Q4)";"Arts and Humanities; Social Sciences"
693;5800209455;"Renaissance Studies";journal;"02691213";"Wiley-Blackwell Publishing Ltd";No;No;0,147;Q2;24;43;102;352;24;101;0,22;8,19;56,82;0;5;United Kingdom;Western Europe;"Wiley-Blackwell Publishing Ltd";"1987-2025";"Cultural Studies (Q2); History (Q2); Literature and Literary Theory (Q2); Religious Studies (Q2); Visual Arts and Performing Arts (Q2)";"Arts and Humanities; Social Sciences"
694;24465;"Church History";journal;"00096407";"Cambridge University Press";No;No;0,147;Q3;30;10;82;1116;30;78;0,21;111,60;10,00;0;1;United Kingdom;Western Europe;"Cambridge University Press";"1932-2024";"History (Q2); Religious Studies (Q2); Cultural Studies (Q3)";"Arts and Humanities; Social Sciences"
695;21100454915;"Cliodynamics";journal;"23737530";"University of California eScholarship Repository";Yes;Yes;0,147;Q3;11;3;13;175;6;11;0,75;58,33;0,00;0;1;United States;Northern America;"University of California eScholarship Repository";"2015-2024";"History (Q2); Cultural Studies (Q3); Modeling and Simulation (Q4); Sociology and Political Science (Q4)";"Arts and Humanities; Mathematics; Social Sciences"
696;21100200617;"Comedy Studies";journal;"2040610X, 20406118";"Taylor and Francis Ltd.";No;No;0,147;Q3;7;20;65;798;27;52;0,38;39,90;40,91;0;7;United Kingdom;Western Europe;"Taylor and Francis Ltd.";"2014-2025";"Literature and Literary Theory (Q2); Visual Arts and Performing Arts (Q2); Cultural Studies (Q3)";"Arts and Humanities; Social Sciences"
697;5700158475;"Journal of Israeli History";journal;"17440548, 13531042";"Routledge";No;No;0,147;Q3;15;5;44;214;10;42;0,28;42,80;20,00;0;1;United Kingdom;Western Europe;"Routledge";"1994-1995, 2002-2004, 2008, 2010-2025";"History (Q2); Cultural Studies (Q3); Political Science and International Relations (Q4)";"Arts and Humanities; Social Sciences"
698;21100923613;"QED";journal;"23271574, 23271590";"Michigan State University Press";No;No;0,147;Q3;6;0;117;0;35;66;0,23;0,00;0,00;0;0;United States;Northern America;"Michigan State University Press";"2019-2023";"Cultural Studies (Q3); Gender Studies (Q3)";"Social Sciences"
699;14500154747;"Revista Musical Chilena";journal;"07176252, 07162790";"Universidad de Chile";Yes;Yes;0,147;Q3;7;11;75;432;14;69;0,10;39,27;20,00;0;3;Chile;Latin America;"Universidad de Chile";"2007-2024";"Music (Q2); Cultural Studies (Q3)";"Arts and Humanities; Social Sciences"
700;21101266476;"Australian and New Zealand Journal of European Studies";journal;"18361803, 18372147";"European Studies Association of Australia and New Zealand (ESAANZ)";Yes;Yes;0,146;Q3;4;5;79;188;23;70;0,24;37,60;42,86;0;3;Australia;Pacific Region;"European Studies Association of Australia and New Zealand (ESAANZ)";"2020-2024";"History (Q2); Cultural Studies (Q3); Political Science and International Relations (Q4)";"Arts and Humanities; Social Sciences"
701;21100889436;"Cercles";journal;"11390158, 16997468";"Universitat de Barcelona";Yes;Yes;0,146;Q3;2;5;33;435;4;32;0,08;87,00;25,00;0;0;Spain;Western Europe;"Universitat de Barcelona";"2018-2024";"History (Q2); Cultural Studies (Q3)";"Arts and Humanities; Social Sciences"
702;144650;"Journal of Beijing Institute of Fashion Technology (Natural Science Edition)";journal;"10010564";"Beijing Institute of Clothing Technology";No;No;0,146;Q3;7;56;171;1250;58;171;0,38;22,32;50,50;0;7;China;Asiatic Region;"Beijing Institute of Clothing Technology";"2005-2024";"Visual Arts and Performing Arts (Q2); Arts and Humanities (miscellaneous) (Q3); Cultural Studies (Q3); Materials Science (miscellaneous) (Q4)";"Arts and Humanities; Materials Science; Social Sciences"
703;22227;"Osiris";journal;"19338287, 03697827";"University of Chicago Press";No;No;0,146;Q3;36;15;45;0;38;44;0,79;0,00;62,50;0;5;United States;Northern America;"University of Chicago Press";"1985-1987, 1989-1990, 1992-1995, 1997-2024";"Arts and Humanities (miscellaneous) (Q3); Cultural Studies (Q3)";"Arts and Humanities; Social Sciences"
704;21101061819;"Turkiyat Mecmuasi";journal;"26513188, 00857432";"Istanbul Universitesi";Yes;Yes;0,146;Q3;3;37;89;1828;11;89;0,11;49,41;23,08;0;3;Turkey;Middle East;"Istanbul Universitesi";"2019-2024";"History (Q2); Arts and Humanities (miscellaneous) (Q3); Cultural Studies (Q3); Linguistics and Language (Q3)";"Arts and Humanities; Social Sciences"
705;21100829466;"Yearbook of Comparative Literature";journal;"19255772, 19255764";"University of Toronto Press";No;No;0,146;Q3;5;0;9;0;3;9;0,33;0,00;0,00;0;0;Canada;Northern America;"University of Toronto Press";"2009-2011, 2013-2017, 2019, 2022";"History (Q2); Literature and Literary Theory (Q2); Religious Studies (Q2); Cultural Studies (Q3)";"Arts and Humanities; Social Sciences"
706;16300154756;"Caravelle";journal;"11476753";"Presses Universitaires du Mirail";Yes;Yes;0,145;Q3;7;10;98;216;10;90;0,11;21,60;60,00;0;1;France;Western Europe;"Presses Universitaires du Mirail";"1999, 2001-2024";"Arts and Humanities (miscellaneous) (Q3); Cultural Studies (Q3)";"Arts and Humanities; Social Sciences"
707;21101054424;"Contemporary Southeastern Europe";journal;"23103612";"University of Graz";Yes;Yes;0,145;Q3;4;15;28;673;12;27;0,38;44,87;54,55;0;6;Austria;Western Europe;"University of Graz";"2019-2025";"History (Q2); Anthropology (Q3); Arts and Humanities (miscellaneous) (Q3); Cultural Studies (Q3); Gender Studies (Q3); Law (Q3); Sociology and Political Science (Q4)";"Arts and Humanities; Social Sciences"
708;21100326093;"ESSACHESS - Journal for Communication Studies";journal;"1775352X, 20665083";"";Yes;No;0,145;Q3;11;20;49;769;24;48;0,49;38,45;72,97;0;6;France;Western Europe;"";"2014-2024";"Religious Studies (Q2); Cultural Studies (Q3); Linguistics and Language (Q3); Communication (Q4); Sociology and Political Science (Q4)";"Arts and Humanities; Social Sciences"
709;21101233960;"Ethnologia Polona";journal;"27196976, 01374079";"Institute of Archaeology and Ethnology, Polish Academy of Sciences";Yes;Yes;0,145;Q3;2;10;19;366;10;18;0,53;36,60;62,50;0;0;Poland;Eastern Europe;"Institute of Archaeology and Ethnology, Polish Academy of Sciences";"2022-2024";"Anthropology (Q3); Arts and Humanities (miscellaneous) (Q3); Cultural Studies (Q3); Social Sciences (miscellaneous) (Q4)";"Arts and Humanities; Social Sciences"
710;21100785521;"Islamic Africa";journal;"2333262X, 21540993";"Brill Academic Publishers";No;No;0,145;Q3;13;2;45;205;19;44;0,37;102,50;0,00;0;0;Netherlands;Western Europe;"Brill Academic Publishers";"2010-2019, 2021-2024";"History (Q2); Literature and Literary Theory (Q2); Religious Studies (Q2); Cultural Studies (Q3); Sociology and Political Science (Q4)";"Arts and Humanities; Social Sciences"
711;29373;"Jewish Quarterly Review";journal;"00216682, 15530604";"University of Pennsylvania Press";No;No;0,145;Q3;14;29;137;2009;33;130;0,26;69,28;42,86;0;1;United States;Northern America;"University of Pennsylvania Press";"1953-1995, 1998-1999, 2010-2024";"History (Q2); Religious Studies (Q2); Cultural Studies (Q3)";"Arts and Humanities; Social Sciences"
712;5600155107;"Journal of Australian Studies";journal;"0314769X, 14443058";"Taylor and Francis Ltd.";No;No;0,145;Q3;24;34;117;90;51;105;0,30;2,65;57,14;0;4;United Kingdom;Western Europe;"Taylor and Francis Ltd.";"1977-2024";"History (Q2); Literature and Literary Theory (Q2); Cultural Studies (Q3); Political Science and International Relations (Q4); Sociology and Political Science (Q4)";"Arts and Humanities; Social Sciences"
713;21100790506;"Kulturne Dejiny";journal;"13382209";"VERBUM - vydavatel'stvo KU";No;No;0,145;Q3;3;16;49;508;7;48;0,15;31,75;35,29;0;1;Slovakia;Eastern Europe;"VERBUM - vydavatel'stvo KU";"2016-2024";"History (Q2); Religious Studies (Q2); Anthropology (Q3); Cultural Studies (Q3); Philosophy (Q3)";"Arts and Humanities; Social Sciences"
714;21101098747;"Temes de Disseny";journal;"26049155, 26046032";"Elisava Barcelona School of Design and Engineering";Yes;Yes;0,145;Q3;4;9;33;429;21;31;0,82;47,67;55,56;0;5;Spain;Western Europe;"Elisava Barcelona School of Design and Engineering";"2019-2024";"Visual Arts and Performing Arts (Q2); Architecture (Q3); Cultural Studies (Q3); Computer Graphics and Computer-Aided Design (Q4)";"Arts and Humanities; Computer Science; Engineering; Social Sciences"
715;21101121174;"Zeszyty Wiejskie";journal;"15066541, 26574373";"Lodz University Press";Yes;Yes;0,145;Q3;2;52;46;1267;8;45;0,15;24,37;45,28;0;8;Poland;Eastern Europe;"Lodz University Press";"2019-2024";"History (Q2); Anthropology (Q3); Archeology (Q3); Archeology (arts and humanities) (Q3); Cultural Studies (Q3)";"Arts and Humanities; Social Sciences"
716;5600153136;"European Legacy";journal;"14701316, 10848770";"Taylor and Francis Ltd.";No;No;0,144;Q3;12;74;181;1441;47;170;0,17;19,47;22,03;0;6;United Kingdom;Western Europe;"Taylor and Francis Ltd.";"2001-2002, 2009-2025";"History (Q2); Cultural Studies (Q3); Philosophy (Q3)";"Arts and Humanities; Social Sciences"
717;21100258858;"International Journal of Design in Society";journal;"23251360, 23251328";"Common Ground Research Networks";No;No;0,144;Q3;4;17;30;720;12;30;0,56;42,35;41,94;0;8;United States;Northern America;"Common Ground Research Networks";"2013-2025";"Visual Arts and Performing Arts (Q2); Cultural Studies (Q3); Urban Studies (Q4)";"Arts and Humanities; Social Sciences"
718;5800207887;"Journal of Modern Greek Studies";journal;"10863265, 07381727";"Johns Hopkins University Press";No;No;0,144;Q3;18;11;43;1031;18;43;0,37;93,73;30,77;0;1;United States;Northern America;"Johns Hopkins University Press";"2002-2024";"History (Q2); Cultural Studies (Q3); Sociology and Political Science (Q4)";"Arts and Humanities; Social Sciences"
719;21100805794;"Museums and Social Issues";journal;"15596893, 20516193";"Taylor and Francis Ltd.";No;No;0,144;Q3;8;6;32;217;12;29;0,05;36,17;66,67;0;3;United Kingdom;Western Europe;"Taylor and Francis Ltd.";"2015-2019, 2021-2025";"Museology (Q2); Cultural Studies (Q3)";"Arts and Humanities; Social Sciences"
720;5800222465;"Acta Orientalia";journal;"00016446, 15882667";"Akademiai Kiado ZRt.";No;No;0,143;Q3;9;12;77;819;11;77;0,13;68,25;13,33;0;0;Hungary;Eastern Europe;"Akademiai Kiado ZRt.";"2007-2025";"History (Q2); Literature and Literary Theory (Q2); Cultural Studies (Q3); Linguistics and Language (Q3)";"Arts and Humanities; Social Sciences"
721;60672;"Arab Studies Quarterly";journal;"02713519";"Association of Arab-American University Graduates";Yes;Yes;0,143;Q3;6;16;51;375;29;40;0,34;23,44;33,33;0;2;United Kingdom;Western Europe;"Association of Arab-American University Graduates";"1979, 1981, 2001, 2018-2024";"Cultural Studies (Q3); Political Science and International Relations (Q4); Sociology and Political Science (Q4)";"Social Sciences"
722;21100897143;"Brussels Studies";journal;"20310293";"Universite Saint-Louis Bruxelles";Yes;Yes;0,143;Q3;3;6;36;211;7;36;0,08;35,17;33,33;0;5;Belgium;Western Europe;"Universite Saint-Louis Bruxelles";"2018-2024";"Cultural Studies (Q3); Geography, Planning and Development (Q4); Urban Studies (Q4)";"Social Sciences"
723;5700167184;"Home Cultures";journal;"17406315";"Taylor and Francis Ltd.";No;No;0,143;Q3;21;6;42;298;14;38;0,36;49,67;60,00;0;2;United Kingdom;Western Europe;"Taylor and Francis Ltd.";"2008-2025";"Visual Arts and Performing Arts (Q2); Cultural Studies (Q3); Social Psychology (Q4)";"Arts and Humanities; Psychology; Social Sciences"
724;14000155544;"Jazz Perspectives";journal;"17494060, 17494079";"Routledge";No;No;0,143;Q3;7;0;15;0;7;14;0,25;0,00;0,00;0;0;United Kingdom;Western Europe;"Routledge";"2010-2018, 2020-2021, 2023";"Music (Q2); Cultural Studies (Q3)";"Arts and Humanities; Social Sciences"
725;21101040205;"Miedzy Oryginalem a Przekladem";journal;"16899121, 23916745";"Ksiegarnia Akademicka Publishing Ltd";Yes;Yes;0,143;Q3;3;20;97;655;16;88;0,13;32,75;75,00;0;2;Poland;Eastern Europe;"Ksiegarnia Akademicka Publishing Ltd";"2019-2024";"Literature and Literary Theory (Q2); Cultural Studies (Q3); Linguistics and Language (Q3)";"Arts and Humanities; Social Sciences"
726;21101039072;"Praktyka Teoretyczna";journal;"20818130";"University of Wroclaw";Yes;Yes;0,143;Q3;5;30;107;1407;15;104;0,15;46,90;51,72;0;4;Poland;Eastern Europe;"University of Wroclaw";"2019-2024";"History (Q2); Literature and Literary Theory (Q2); Anthropology (Q3); Cultural Studies (Q3); Philosophy (Q3); Sociology and Political Science (Q4)";"Arts and Humanities; Social Sciences"
727;5800169338;"T'oung Pao";journal;"15685322, 00825433";"Brill Academic Publishers";No;No;0,143;Q3;12;15;54;2033;14;54;0,16;135,53;40,00;0;0;Netherlands;Western Europe;"Brill Academic Publishers";"1890-1891, 1897, 1899-1901, 1907, 1909, 1916, 1918, 1920, 1924-1925, 1929, 1931, 1933-1934, 1939-1940, 1947, 1950, 1953, 1956-1958, 1960, 1962-1966, 1968-1971, 1973-1979, 1981-1982, 1984-1993, 1995-1997, 2007-2024";"History (Q2); Literature and Literary Theory (Q2); Cultural Studies (Q3); History and Philosophy of Science (Q3); Linguistics and Language (Q3)";"Arts and Humanities; Social Sciences"
728;21100937582;"Economia y Politica";journal;"07194714, 07194803";"Universidad Adolfo Ibanez";Yes;Yes;0,142;Q3;4;0;28;0;8;28;0,30;0,00;0,00;0;0;Chile;Latin America;"Universidad Adolfo Ibanez";"2019-2023";"Cultural Studies (Q3); Economics and Econometrics (Q4); Political Science and International Relations (Q4); Sociology and Political Science (Q4)";"Economics, Econometrics and Finance; Social Sciences"
729;21101128566;"Educacion y Humanismo";journal;"26652420, 01242121";"Simon Bolivar University (Barranquilla)";Yes;Yes;0,142;Q3;3;24;45;1187;29;45;0,64;49,46;57,45;0;8;Colombia;Latin America;"Simon Bolivar University (Barranquilla)";"2022-2025";"Cultural Studies (Q3); History and Philosophy of Science (Q3); Education (Q4); Gender Studies (Q4)";"Arts and Humanities; Social Sciences"
730;16100154765;"Fabula";journal;"00146242, 16130464";"Walter de Gruyter GmbH";No;No;0,142;Q3;11;18;59;1155;17;56;0,38;64,17;50,00;0;2;Germany;Western Europe;"Walter de Gruyter GmbH";"1958-1962, 1964-1967, 1969-2024";"Literature and Literary Theory (Q2); Cultural Studies (Q3)";"Arts and Humanities; Social Sciences"
731;21101171601;"Journal of Education in Muslim Societies";journal;"26410044, 26410052";"Indiana University Press";No;No;0,142;Q3;3;16;44;546;15;34;0,31;34,13;58,82;0;7;United States;Northern America;"Indiana University Press";"2019-2024";"Cultural Studies (Q3); Education (Q4)";"Social Sciences"
732;19900192529;"Journal of Iberian and Latin American Research";journal;"21519668, 13260219";"Routledge";No;No;0,142;Q3;11;5;74;94;24;67;0,30;18,80;75,00;0;0;United Kingdom;Western Europe;"Routledge";"1995-2008, 2010-2024";"Literature and Literary Theory (Q2); Cultural Studies (Q3); Sociology and Political Science (Q4)";"Arts and Humanities; Social Sciences"
733;21101264309;"Journal of Studies in the English Language";journal;"2672989X";"Thammasat University";No;No;0,142;Q3;4;16;28;760;13;24;0,67;47,50;55,00;0;6;Thailand;Asiatic Region;"Thammasat University";"2020-2024";"Literature and Literary Theory (Q2); Arts and Humanities (miscellaneous) (Q3); Cultural Studies (Q3); Linguistics and Language (Q3)";"Arts and Humanities; Social Sciences"
734;16608;"Slavonic and East European Review";journal;"00376795";"Maney Publishing";No;No;0,141;Q3;19;22;106;2284;20;106;0,20;103,82;45,83;0;0;United Kingdom;Western Europe;"Maney Publishing";"1971, 1979-1981, 1999, 2002-2024";"History (Q2); Literature and Literary Theory (Q2); Cultural Studies (Q3); Linguistics and Language (Q3); Sociology and Political Science (Q4)";"Arts and Humanities; Social Sciences"
735;21100905325;"Italian Law Journal";journal;"24212156";"Edizioni Scientifiche Italiane SpA";Yes;Yes;0,140;Q3;5;29;123;2392;20;122;0,15;82,48;33,33;0;14;Italy;Western Europe;"Edizioni Scientifiche Italiane SpA";"2018-2024";"Cultural Studies (Q3); Law (Q3)";"Social Sciences"
736;21100894205;"Journal of Chinese History";journal;"20591640, 20591632";"Cambridge University Press";No;No;0,140;Q3;8;21;52;2128;18;51;0,33;101,33;50,00;0;3;United Kingdom;Western Europe;"Cambridge University Press";"2017-2025";"History (Q2); Cultural Studies (Q3)";"Arts and Humanities; Social Sciences"
737;21101176026;"Nordic Journal of African Studies";journal;"14599465";"";Yes;Yes;0,140;Q3;4;25;61;1011;21;58;0,29;40,44;53,13;0;5;Denmark;Western Europe;"";"2019-2024";"History (Q2); Literature and Literary Theory (Q2); Cultural Studies (Q3); Linguistics and Language (Q3)";"Arts and Humanities; Social Sciences"
738;5800179598;"Visual Anthropology";journal;"08949468, 15455920";"Taylor and Francis Ltd.";No;No;0,140;Q3;23;20;71;875;28;64;0,38;43,75;36,36;0;5;United Kingdom;Western Europe;"Taylor and Francis Ltd.";"1987-2001, 2003-2025";"Anthropology (Q3); Cultural Studies (Q3)";"Social Sciences"
739;21100407608;"Cultura de los Cuidados";journal;"11381728, 16996003";"University of Alicante";Yes;Yes;0,139;Q3;9;58;221;1601;34;219;0,17;27,60;69,92;0;25;Spain;Western Europe;"University of Alicante";"2014-2025";"History (Q2); Anthropology (Q3); Cultural Studies (Q3); Nursing (miscellaneous) (Q4)";"Arts and Humanities; Nursing; Social Sciences"
740;21100324366;"Culture et Musees";book series;"17662923, 21114528";"Actes Sud, Universite d'Avignon";No;No;0,139;Q3;5;31;125;636;5;109;0,06;20,52;72,73;0;6;France;Western Europe;"Actes Sud, Universite d'Avignon";"2011, 2013-2024";"Museology (Q2); Visual Arts and Performing Arts (Q2); Conservation (Q3); Cultural Studies (Q3)";"Arts and Humanities; Social Sciences"
741;14686;"Eighteenth-Century Studies";journal;"00132586, 1086315X";"Johns Hopkins University Press";No;No;0,139;Q3;27;68;169;1695;29;169;0,06;24,93;44,26;0;7;United States;Northern America;"Johns Hopkins University Press";"1969, 1972, 1975-1976, 1979-1980, 1983-1985, 1998, 2000, 2002-2025";"Arts and Humanities (miscellaneous) (Q3); Cultural Studies (Q3)";"Arts and Humanities; Social Sciences"
742;21100889706;"Ekonomiaz";journal;"23404051, 02133865";"Servicio Central Publicaciones. Gobierno vasco";Yes;Yes;0,139;Q3;7;5;66;59;10;66;0,13;11,80;0,00;0;1;Spain;Western Europe;"Servicio Central Publicaciones. Gobierno vasco";"2016-2024";"Cultural Studies (Q3); Economics, Econometrics and Finance (miscellaneous) (Q4); Sociology and Political Science (Q4)";"Economics, Econometrics and Finance; Social Sciences"
743;20087;"Folklore";journal;"0015587X, 14698315";"Taylor and Francis Ltd.";No;No;0,139;Q3;22;30;68;1487;23;66;0,27;49,57;45,71;0;5;United Kingdom;Western Europe;"Taylor and Francis Ltd.";"1890-2024";"History (Q2); Anthropology (Q3); Cultural Studies (Q3)";"Arts and Humanities; Social Sciences"
744;21100914978;"Journal of the Siam Society";journal;"0304226X, 26511851";"Siam Society under Royal Patronage";No;No;0,139;Q3;5;24;61;580;18;56;0,23;24,17;42,31;0;2;Thailand;Asiatic Region;"Siam Society under Royal Patronage";"2018-2024";"Anthropology (Q3); Arts and Humanities (miscellaneous) (Q3); Cultural Studies (Q3)";"Arts and Humanities; Social Sciences"
745;21234;"Melanges de la Casa de Velazquez";journal;"21731306, 0076230X";"Casa de Velazquez";Yes;Yes;0,139;Q3;9;56;127;1417;20;122;0,11;25,30;34,48;0;4;Spain;Western Europe;"Casa de Velazquez";"1972, 2008-2011, 2013-2024";"History (Q2); Literature and Literary Theory (Q2); Visual Arts and Performing Arts (Q2); Archeology (Q3); Cultural Studies (Q3)";"Arts and Humanities; Social Sciences"
746;5800207819;"Milli Folklor";journal;"13003984";"Milli Folklor Dergisi";No;No;0,139;Q3;12;25;213;863;36;197;0,19;34,52;43,33;0;9;Turkey;Middle East;"Milli Folklor Dergisi";"2002-2024";"Arts and Humanities (miscellaneous) (Q3); Cultural Studies (Q3)";"Arts and Humanities; Social Sciences"
747;5700163965;"NAN NU";journal;"15685268, 13876805";"Brill Academic Publishers";No;No;0,139;Q3;14;10;25;1073;13;18;0,48;107,30;55,56;0;3;Netherlands;Western Europe;"Brill Academic Publishers";"1999, 2001-2002, 2007-2024";"History (Q2); Literature and Literary Theory (Q2); Arts and Humanities (miscellaneous) (Q3); Cultural Studies (Q3); Gender Studies (Q4)";"Arts and Humanities; Social Sciences"
748;11600153439;"North Korean Review";journal;"15512789, 19412886";"McFarland and Company, Inc";No;No;0,139;Q3;10;7;38;287;15;33;0,20;41,00;100,00;0;3;United States;Northern America;"McFarland and Company, Inc";"2010-2017, 2019-2024";"History (Q2); Cultural Studies (Q3); Economics, Econometrics and Finance (miscellaneous) (Q4); Political Science and International Relations (Q4); Sociology and Political Science (Q4)";"Arts and Humanities; Economics, Econometrics and Finance; Social Sciences"
749;21100821140;"Studia Historica Nitriensia";journal;"13387219";"Univerzita Konstantina Filozofa v Nitre";Yes;Yes;0,139;Q3;5;27;91;1108;11;91;0,05;41,04;50,00;0;4;Slovakia;Eastern Europe;"Univerzita Konstantina Filozofa v Nitre";"2016-2024";"History (Q2); Museology (Q2); Cultural Studies (Q3)";"Arts and Humanities; Social Sciences"
750;14403;"Victorian Studies";journal;"15272052, 00425222";"Indiana University Press";No;No;0,139;Q3;29;19;87;484;24;76;0,23;25,47;50,00;0;1;United States;Northern America;"Indiana University Press";"1969-1972, 1976-1978, 1980-1982, 1984-1986, 1988, 1990-1992, 1995, 1999, 2001-2024";"History (Q2); Literature and Literary Theory (Q2); Visual Arts and Performing Arts (Q2); Cultural Studies (Q3); Philosophy (Q3); Sociology and Political Science (Q4)";"Arts and Humanities; Social Sciences"
751;21100456161;"a/b: Auto/Biography Studies";journal;"08989575, 21517290";"Routledge";No;No;0,138;Q3;12;39;104;1367;21;64;0,21;35,05;69,23;0;9;United Kingdom;Western Europe;"Routledge";"2015-2025";"History (Q2); Literature and Literary Theory (Q2); Cultural Studies (Q3)";"Arts and Humanities; Social Sciences"
752;16200154740;"Logos (United States)";journal;"1533791X, 10916687";"Center for Catholic Studies, University of St. Thomas";Yes;No;0,138;Q3;8;37;108;1122;9;99;0,07;30,32;33,33;0;0;United States;Northern America;"Center for Catholic Studies, University of St. Thomas";"2002-2025";"Literature and Literary Theory (Q2); Religious Studies (Q2); Cultural Studies (Q3); Philosophy (Q3)";"Arts and Humanities; Social Sciences"
753;5800170561;"Mediterranean Historical Review";journal;"1743940X, 09518967";"Routledge";No;No;0,138;Q3;23;9;31;463;14;30;0,24;51,44;16,67;0;0;United Kingdom;Western Europe;"Routledge";"1986-2024";"History (Q2); Cultural Studies (Q3); Sociology and Political Science (Q4)";"Arts and Humanities; Social Sciences"
754;5800207560;"Romani Studies";journal;"15280748";"Liverpool University Press";Yes;No;0,138;Q3;11;11;38;661;9;36;0,25;60,09;41,18;0;3;United Kingdom;Western Europe;"Liverpool University Press";"2012-2024";"Anthropology (Q3); Cultural Studies (Q3)";"Social Sciences"
755;21100992408;"Siglo XXI, Literatura y Cultura Espanolas";journal;"21727457";"Universidad de Valladolid";Yes;Yes;0,138;Q3;2;25;53;904;6;53;0,07;36,16;59,09;0;5;Spain;Western Europe;"Universidad de Valladolid";"2017-2024";"Literature and Literary Theory (Q2); Cultural Studies (Q3); Linguistics and Language (Q3)";"Arts and Humanities; Social Sciences"
756;19600157304;"Southeastern Europe";journal;"00944467, 18763332";"Brill Academic Publishers";No;No;0,138;Q3;15;0;43;0;27;37;0,46;0,00;0,00;0;0;Netherlands;Western Europe;"Brill Academic Publishers";"1976-1980, 1983-1990, 2002, 2005, 2007, 2009-2023";"History (Q2); Cultural Studies (Q3); Political Science and International Relations (Q4); Sociology and Political Science (Q4)";"Arts and Humanities; Social Sciences"
757;21100888813;"Studia Norwidiana";journal;"08600562, 25444433";"Towarzystwo Naukowe KUL";Yes;No;0,138;Q3;2;17;68;378;8;68;0,09;22,24;64,71;0;0;Poland;Eastern Europe;"Towarzystwo Naukowe KUL";"2018-2024";"Literature and Literary Theory (Q2); Cultural Studies (Q3)";"Arts and Humanities; Social Sciences"
758;21100901027;"Annali di Ca Foscari Serie Orientale";journal;"23853042";"Edizioni Ca' Foscari";Yes;Yes;0,137;Q3;3;23;101;1221;18;100;0,17;53,09;60,00;0;1;Italy;Western Europe;"Edizioni Ca' Foscari";"2018-2024";"Religious Studies (Q2); Cultural Studies (Q3); Linguistics and Language (Q3); Political Science and International Relations (Q4); Sociology and Political Science (Q4)";"Arts and Humanities; Social Sciences"
759;27593;"ANQ - Quarterly Journal of Short Articles Notes and Reviews";journal;"0895769X";"Routledge";No;No;0,137;Q3;9;200;272;3275;37;33;0,14;16,38;32,65;0;4;United States;Northern America;"Routledge";"1988-2025";"History (Q2); Literature and Literary Theory (Q2); Cultural Studies (Q3)";"Arts and Humanities; Social Sciences"
760;21101016800;"Evolutionary Studies in Imaginative Culture";journal;"24729884, 24729876";"Academic Studies Press";No;No;0,137;Q3;11;0;70;0;25;44;0,25;0,00;0,00;0;0;United States;Northern America;"Academic Studies Press";"2017-2022";"Arts and Humanities (miscellaneous) (Q3); Cultural Studies (Q3); Communication (Q4)";"Arts and Humanities; Social Sciences"
761;21100904556;"International Journal of Korean History";journal;"25085921, 15982041";"Center for Korean History,Korea University";Yes;Yes;0,137;Q3;3;17;47;1393;10;46;0,23;81,94;37,50;0;10;South Korea;Asiatic Region;"Center for Korean History,Korea University";"2018-2024";"History (Q2); Literature and Literary Theory (Q2); Cultural Studies (Q3)";"Arts and Humanities; Social Sciences"
762;12100156062;"Photographies";journal;"17540771, 17540763";"Routledge";No;No;0,137;Q3;14;21;82;445;27;71;0,37;21,19;53,85;0;2;United Kingdom;Western Europe;"Routledge";"2008-2025";"Visual Arts and Performing Arts (Q2); Cultural Studies (Q3); Communication (Q4)";"Arts and Humanities; Social Sciences"
763;16100154768;"War in History";journal;"09683445, 14770385";"SAGE Publications Ltd";No;No;0,137;Q3;22;32;100;0;50;99;0,50;0,00;14,29;0;2;United Kingdom;Western Europe;"SAGE Publications Ltd";"1994-2025";"History (Q2); Cultural Studies (Q3)";"Arts and Humanities; Social Sciences"
764;21100832755;"1700-tal: Nordic Journal for Eighteenth-Century Studies";journal;"20019866, 16524772";"Swedish Society for Eighteenth-Century Studies";Yes;Yes;0,136;Q3;3;11;45;574;2;41;0,06;52,18;60,00;0;1;Norway;Western Europe;"Swedish Society for Eighteenth-Century Studies";"2016-2017, 2019-2024";"History (Q2); Visual Arts and Performing Arts (Q2); Cultural Studies (Q3)";"Arts and Humanities; Social Sciences"
765;21101176677;"American Religion";journal;"26439255, 26439247";"Indiana University Press";No;No;0,136;Q3;4;16;49;77;24;33;0,43;4,81;78,57;0;2;United States;Northern America;"Indiana University Press";"2019-2024";"Anthropology (Q3); Cultural Studies (Q3); Social Sciences (miscellaneous) (Q4)";"Social Sciences"
766;21100447818;"Anali Zavoda za Povijesne Znanosti Hrvatske Akademije Znanosti i Umjetnosti u Dubrovniku";journal;"18487815, 13300598";"Croatian Academy of Sciences and Arts";Yes;Yes;0,136;Q3;6;8;34;904;5;31;0,06;113,00;55,56;0;2;Croatia;Eastern Europe;"Croatian Academy of Sciences and Arts";"2015-2024";"History (Q2); Literature and Literary Theory (Q2); Visual Arts and Performing Arts (Q2); Archeology (Q3); Archeology (arts and humanities) (Q3); Cultural Studies (Q3)";"Arts and Humanities; Social Sciences"
767;5800207997;"Hebrew Studies";journal;"01464094";"National Association of Professors of Hebrew in American Institutions of Higher Learning";No;No;0,136;Q3;6;7;61;486;8;61;0,11;69,43;14,29;0;0;United States;Northern America;"National Association of Professors of Hebrew in American Institutions of Higher Learning";"2011-2024";"History (Q2); Literature and Literary Theory (Q2); Religious Studies (Q2); Cultural Studies (Q3)";"Arts and Humanities; Social Sciences"
768;19900191971;"Kemanusiaan";journal;"21804257, 13949330";"Universiti Sains Malaysia";Yes;No;0,136;Q3;8;20;63;946;37;63;0,36;47,30;23,53;0;5;Malaysia;Asiatic Region;"Universiti Sains Malaysia";"2008-2024";"Literature and Literary Theory (Q2); Cultural Studies (Q3); Linguistics and Language (Q3); Philosophy (Q3)";"Arts and Humanities; Social Sciences"
769;5800207636;"Miscelanea";journal;"11376368";"Prensas de la Universidad de Zaragoza";Yes;Yes;0,136;Q3;6;20;58;949;17;58;0,26;47,45;80,95;0;8;Spain;Western Europe;"Prensas de la Universidad de Zaragoza";"2011, 2014-2024";"Literature and Literary Theory (Q2); Cultural Studies (Q3); Linguistics and Language (Q3)";"Arts and Humanities; Social Sciences"
770;21101171603;"Poljarnyj Vestnik";journal;"18909671";"Septentrio Academic Publishing";Yes;Yes;0,136;Q3;1;2;14;196;2;14;0,20;98,00;100,00;0;0;Norway;Western Europe;"Septentrio Academic Publishing";"2019-2024";"Literature and Literary Theory (Q2); Arts and Humanities (miscellaneous) (Q3); Cultural Studies (Q3); Linguistics and Language (Q3)";"Arts and Humanities; Social Sciences"
771;21100981224;"Revista de Etnologie si Culturologie";journal;"18572049, 25376152";"Institutul Patrimoniului Cultural";Yes;Yes;0,136;Q3;1;40;101;890;6;101;0,06;22,25;58,54;0;10;Moldova;Eastern Europe;"Institutul Patrimoniului Cultural";"2019-2024";"Anthropology (Q3); Cultural Studies (Q3)";"Social Sciences"
772;21100814517;"Space and Culture, India";journal;"20528396";"ACCB Publishing";Yes;No;0,136;Q3;16;35;94;1731;40;82;0,34;49,46;43,06;0;19;United Kingdom;Western Europe;"ACCB Publishing";"2013-2024";"Arts and Humanities (miscellaneous) (Q3); Cultural Studies (Q3); Development (Q4); Economics, Econometrics and Finance (miscellaneous) (Q4); Education (Q4); Gender Studies (Q4); Sociology and Political Science (Q4)";"Arts and Humanities; Economics, Econometrics and Finance; Social Sciences"
773;17848;"Zeitgeschichte";journal;"02565250";"StudienVerlag";Yes;No;0,136;Q3;6;2;65;45;10;44;0,18;22,50;0,00;0;0;Austria;Western Europe;"StudienVerlag";"1976, 1978-1982, 1999-2001, 2006-2023";"History (Q2); Cultural Studies (Q3)";"Arts and Humanities; Social Sciences"
774;17600155220;"Geneses";journal;"11553219";"Editions Belin";No;No;0,135;Q3;25;16;62;670;23;60;0,16;41,88;36,84;0;0;France;Western Europe;"Editions Belin";"2000-2024";"History (Q2); Cultural Studies (Q3); Public Administration (Q4); Sociology and Political Science (Q4)";"Arts and Humanities; Social Sciences"
775;5600155211;"Historia Critica";journal;"19006152, 01211617";"Universidad de los Andes, Colombia";Yes;Yes;0,135;Q3;14;20;71;1032;21;70;0,23;51,60;50,00;0;7;Colombia;Latin America;"Universidad de los Andes, Colombia";"2002-2025";"History (Q2); Cultural Studies (Q3); Geography, Planning and Development (Q4); Social Sciences (miscellaneous) (Q4)";"Arts and Humanities; Social Sciences"
776;19900191815;"Proceedings of the Royal Irish Academy, Section C: Archaeology, Celtic Studies, History, Linguistics and Literature";journal;"20090048, 00358991";"Royal Irish Academy";No;No;0,135;Q3;10;9;36;872;15;34;0,21;96,89;66,67;0;1;Ireland;Western Europe;"Royal Irish Academy";"1977, 1987, 2001, 2010-2024";"History (Q2); Literature and Literary Theory (Q2); Archeology (Q3); Archeology (arts and humanities) (Q3); Cultural Studies (Q3)";"Arts and Humanities; Social Sciences"
777;18800156714;"CLCWeb - Comparative Literature and Culture";journal;"14814374";"Purdue University Press";Yes;Yes;0,134;Q3;15;9;106;271;27;101;0,24;30,11;50,00;0;3;United States;Northern America;"Purdue University Press";"2009-2024";"Literature and Literary Theory (Q2); Cultural Studies (Q3)";"Arts and Humanities; Social Sciences"
778;6500153168;"Critical Survey";journal;"17522293, 00111570";"Berghahn Books";No;No;0,134;Q3;10;27;92;1094;29;85;0,25;40,52;53,13;0;2;United Kingdom;Western Europe;"Berghahn Books";"2012-2024";"Literature and Literary Theory (Q2); Cultural Studies (Q3)";"Arts and Humanities; Social Sciences"
779;21101037910;"East Asian Journal of Popular Culture";journal;"20517084, 20517092";"Intellect Ltd.";No;No;0,134;Q3;4;19;54;754;17;48;0,06;39,68;70,59;0;2;United Kingdom;Western Europe;"Intellect Ltd.";"2019-2024";"Arts and Humanities (miscellaneous) (Q3); Cultural Studies (Q3)";"Arts and Humanities; Social Sciences"
780;5800209245;"French Studies Bulletin";journal;"02622750, 17489180";"Oxford University Press";No;No;0,134;Q3;5;19;45;307;6;43;0,20;16,16;35,29;0;0;United Kingdom;Western Europe;"Oxford University Press";"1981-2024";"History (Q2); Literature and Literary Theory (Q2); Cultural Studies (Q3); Linguistics and Language (Q3)";"Arts and Humanities; Social Sciences"
781;19700188310;"Italian Culture";journal;"15590909, 01614622";"Maney Publishing";No;No;0,134;Q3;7;16;39;872;13;35;0,39;54,50;58,82;0;2;United Kingdom;Western Europe;"Maney Publishing";"1978, 1980-1981, 1983-1986, 1990-1995, 2009-2024";"Literature and Literary Theory (Q2); Visual Arts and Performing Arts (Q2); Cultural Studies (Q3); Sociology and Political Science (Q4)";"Arts and Humanities; Social Sciences"
782;21101021924;"Translocal Chinese: East Asian Perspectives";journal;"24522007, 24522015";"Brill Academic Publishers";No;No;0,134;Q3;4;10;33;433;9;27;0,31;43,30;33,33;0;2;Netherlands;Western Europe;"Brill Academic Publishers";"2016-2024";"History (Q2); Anthropology (Q3); Cultural Studies (Q3); Geography, Planning and Development (Q4); Sociology and Political Science (Q4)";"Arts and Humanities; Social Sciences"
783;21101168046;"Amsterdamer Beitrage zur Neueren Germanistik";book series;"1875726X, 03046257";"Brill Academic Publishers";No;No;0,133;Q3;2;1;30;192;0;1;0,00;192,00;100,00;0;0;Netherlands;Western Europe;"Brill Academic Publishers";"2016-2018, 2020-2021, 2024-2025";"Literature and Literary Theory (Q2); Cultural Studies (Q3); History (Q3); Linguistics and Language (Q3)";"Arts and Humanities; Social Sciences"
784;21101145390;"Art and Material Culture in Medieval and Renaissance Europe";book series;"22124187";"Brill Academic Publishers";No;No;0,133;Q3;3;3;45;1053;3;1;0,07;351,00;100,00;0;0;Netherlands;Western Europe;"Brill Academic Publishers";"2014-2016, 2018-2019, 2021-2025";"Visual Arts and Performing Arts (Q2); Cultural Studies (Q3); History (Q3)";"Arts and Humanities; Social Sciences"
785;21100427197;"Brill's Humanities in China Library";book series;"18748023";"Brill Academic Publishers";No;No;0,133;Q3;0;1;2;160;0;1;0,00;160,00;100,00;0;0;United States;Northern America;"Brill Academic Publishers";"2007, 2009, 2011, 2014-2018, 2021, 2023-2024";"Arts and Humanities (miscellaneous) (Q3); Cultural Studies (Q3)";"Arts and Humanities; Social Sciences"
786;21101158946;"Brill's Series on Chinese Education";book series;"22127437";"Brill Academic Publishers";No;No;0,133;Q3;1;8;19;555;2;1;0,11;69,38;0,00;0;0;Netherlands;Western Europe;"Brill Academic Publishers";"2014, 2016, 2018, 2020, 2022, 2024";"Cultural Studies (Q3); Linguistics and Language (Q3); Education (Q4)";"Social Sciences"
787;21100868885;"Children's Literature, Culture, and Cognition";book series;"22129006";"John Benjamins Publishing Company";No;No;0,133;Q3;2;0;83;0;9;1;0,09;0,00;0,00;0;0;Netherlands;Western Europe;"John Benjamins Publishing Company";"2018, 2021-2023";"Literature and Literary Theory (Q2); Cultural Studies (Q3); Linguistics and Language (Q3); Experimental and Cognitive Psychology (Q4)";"Arts and Humanities; Psychology; Social Sciences"
788;21100463046;"Compendia Rerum Ludaicarum ad Novum Testamentum";book series;"18774970";"Brill Academic Publishers";No;No;0,133;Q3;5;0;1;0;1;1;1,00;0,00;0,00;0;0;Netherlands;Western Europe;"Brill Academic Publishers";"2009, 2014, 2018, 2023, 2025";"Literature and Literary Theory (Q2); Cultural Studies (Q3); History (Q3); Religious Studies (Q3); Animal Science and Zoology (Q4)";"Agricultural and Biological Sciences; Arts and Humanities; Social Sciences"
789;21101147938;"Contemporary Psychoanalytic Studies";book series;"15714977";"Brill Academic Publishers";No;No;0,133;Q3;3;0;34;0;0;1;0,00;0,00;0,00;0;0;Netherlands;Western Europe;"Brill Academic Publishers";"2004-2006, 2008-2013, 2015-2019, 2021-2023, 2025";"Cultural Studies (Q3)";"Social Sciences"
790;21101198442;"Critical Cultural Studies of Childhood";book series;"2731636X, 27316378";"Palgrave Macmillan";No;No;0,133;Q3;7;17;55;609;18;1;0,33;35,82;0,00;0;3;United Kingdom;Western Europe;"Palgrave Macmillan";"2006, 2009-2012, 2014-2016, 2018-2019, 2023-2024";"Cultural Studies (Q3); Education (Q4); Life-span and Life-course Studies (Q4); Sociology and Political Science (Q4)";"Social Sciences"
791;21101155647;"Cross/Cultures";book series;"09241426";"Brill: Rodopi";No;No;0,133;Q3;12;18;90;176;8;1;0,09;9,78;0,00;0;0;Netherlands;Western Europe;"Brill: Rodopi";"2000-2025";"Literature and Literary Theory (Q2); Arts and Humanities (miscellaneous) (Q3); Cultural Studies (Q3)";"Arts and Humanities; Social Sciences"
792;21100900553;"Cultural Studies and Transdisciplinarity in Education";book series;"23457708";"Springer Nature";No;No;0,133;Q3;8;0;59;0;12;1;0,36;0,00;0,00;0;0;United States;Northern America;"Springer Nature";"2014-2023";"Cultural Studies (Q3); Education (Q4); Sociology and Political Science (Q4)";"Social Sciences"
793;5700163990;"Culture and Religion";journal;"14755610";"Routledge";No;No;0,133;Q3;25;12;44;648;14;42;0,22;54,00;50,00;0;7;United Kingdom;Western Europe;"Routledge";"2010-2021, 2023-2025";"Cultural Studies (Q3); Philosophy (Q3); Religious Studies (Q3)";"Arts and Humanities; Social Sciences"
794;5600153254;"Dirasat: Human and Social Sciences";journal;"10263721, 26636190";"The University of Jordan";No;No;0,133;Q3;8;313;854;8518;148;853;0,20;27,21;35,60;0;86;Jordan;Middle East;"The University of Jordan";"2007-2025";"Literature and Literary Theory (Q2); Arts and Humanities (miscellaneous) (Q3); Cultural Studies (Q3); Health (social science) (Q4); Social Sciences (miscellaneous) (Q4); Sociology and Political Science (Q4)";"Arts and Humanities; Social Sciences"
795;21100425845;"Early Americas: History and Culture";book series;"18753264";"Brill Academic Publishers";No;No;0,133;Q3;5;13;14;419;1;1;0,07;32,23;0,00;0;5;Netherlands;Western Europe;"Brill Academic Publishers";"2011-2012, 2014, 2017, 2019, 2022-2024";"Cultural Studies (Q3); History (Q3)";"Arts and Humanities; Social Sciences"
796;21101180718;"East Asian Comparative Literature and Culture";book series;"22124772";"Brill Academic Publishers";No;No;0,133;Q3;3;2;1;587;0;1;0,00;293,50;100,00;0;0;Netherlands;Western Europe;"Brill Academic Publishers";"2014-2015, 2017, 2019, 2023-2024";"Literature and Literary Theory (Q2); Cultural Studies (Q3)";"Arts and Humanities; Social Sciences"
797;21100407234;"Education and Society in the Middle Ages and Renaissance";book series;"09266070";"Brill Academic Publishers";No;No;0,133;Q3;5;0;2;0;0;1;0,00;0,00;0,00;0;0;Netherlands;Western Europe;"Brill Academic Publishers";"2007-2017, 2019, 2021, 2023";"Cultural Studies (Q3); History (Q3); Education (Q4)";"Arts and Humanities; Social Sciences"
798;21100428360;"Emotions and States of Mind in East Asia";book series;"18788084";"Brill Academic Publishers";No;No;0,133;Q3;2;0;1;0;0;1;0,00;0,00;0,00;0;0;Netherlands;Western Europe;"Brill Academic Publishers";"2010-2011, 2013, 2015, 2018-2021";"Literature and Literary Theory (Q2); Anthropology (Q3); Cultural Studies (Q3); Linguistics and Language (Q3)";"Arts and Humanities; Social Sciences"
799;18271;"Fruhmittelalterliche Studien";book series;"00719706, 16130812";"Walter de Gruyter GmbH";No;No;0,133;Q3;14;14;47;2602;4;46;0,06;185,86;14,29;0;2;Germany;Western Europe;"Walter de Gruyter GmbH";"1967-1972, 1974-1984, 1986-2007, 2009, 2011-2024";"History (Q2); Cultural Studies (Q3)";"Arts and Humanities; Social Sciences"
800;21100202710;"German Monitor";book series;"18757391, 09271910";"Editions Rodopi B.V.";No;No;0,133;Q3;3;20;1;747;0;1;0,00;37,35;0,00;0;0;Netherlands;Western Europe;"Editions Rodopi B.V.";"2011-2014, 2018, 2020, 2023-2024";"Literature and Literary Theory (Q2); Cultural Studies (Q3); History (Q3)";"Arts and Humanities; Social Sciences"
801;21100406938;"Global Pentecostal and Charismatic Studies";book series;"18762247";"Brill Academic Publishers";No;No;0,133;Q3;8;3;22;978;2;1;0,00;326,00;66,67;0;0;Netherlands;Western Europe;"Brill Academic Publishers";"2009-2013, 2015-2021, 2023-2025";"Cultural Studies (Q3); History (Q3); Religious Studies (Q3)";"Arts and Humanities; Social Sciences"
802;21101148500;"Gonda Indological Studies";book series;"13823442";"Brill Academic Publishers";No;No;0,133;Q3;5;0;1;0;0;1;0,00;0,00;0,00;0;0;Netherlands;Western Europe;"Brill Academic Publishers";"1995, 2000-2001, 2004-2005, 2007, 2011, 2018-2020, 2022";"Cultural Studies (Q3); Linguistics and Language (Q3)";"Social Sciences"
803;21101177471;"Groningen Oriental Studies, Supplement";book series;"15667642";"Brill Academic Publishers";No;No;0,133;Q3;1;0;1;0;0;1;0,00;0,00;0,00;0;0;Netherlands;Western Europe;"Brill Academic Publishers";"2004, 2013-2014, 2018, 2021";"Cultural Studies (Q3); Religious Studies (Q3)";"Arts and Humanities; Social Sciences"
804;21100426620;"Handbook of Oriental Studies. Section 2, South Asia";book series;"01699377";"Brill Academic Publishers";No;No;0,133;Q3;5;0;2;0;0;1;0,00;0,00;0,00;0;0;Netherlands;Western Europe;"Brill Academic Publishers";"2007-2009, 2011-2012, 2014, 2016-2018, 2020, 2022-2023";"Anthropology (Q3); Arts and Humanities (miscellaneous) (Q3); Cultural Studies (Q3)";"Arts and Humanities; Social Sciences"
805;21100406872;"History of Warfare";book series;"13857827";"Brill Academic Publishers";No;No;0,133;Q3;11;71;3;8120;0;1;0,00;114,37;33,33;0;1;Netherlands;Western Europe;"Brill Academic Publishers";"2006-2022, 2024-2025";"Cultural Studies (Q3); History (Q3)";"Arts and Humanities; Social Sciences"
806;21100258854;"International Journal of Interdisciplinary Social and Community Studies";journal;"23247584, 23247576";"Common Ground Research Networks";No;No;0,133;Q3;7;24;63;1072;25;63;0,46;44,67;40,35;0;18;United States;Northern America;"Common Ground Research Networks";"2012-2025";"Cultural Studies (Q3); Sociology and Political Science (Q4)";"Social Sciences"
807;21101197403;"Islamicate Intellectual History";book series;"22128662";"Brill Academic Publishers";No;No;0,133;Q3;4;1;8;100;0;1;0,00;100,00;66,67;0;0;Netherlands;Western Europe;"Brill Academic Publishers";"2016-2018, 2020, 2023-2025";"Cultural Studies (Q3); History (Q3); Philosophy (Q3)";"Arts and Humanities; Social Sciences"
808;21100428408;"Japanese Visual Culture";book series;"22102868";"Brill Academic Publishers";No;No;0,133;Q3;1;0;1;0;0;1;0,00;0,00;0,00;0;0;Netherlands;Western Europe;"Brill Academic Publishers";"2011-2015, 2019-2020, 2023";"Visual Arts and Performing Arts (Q2); Cultural Studies (Q3)";"Arts and Humanities; Social Sciences"
809;21100406630;"Jewish and Christian Perspectives Series";book series;"13882074";"Brill Academic Publishers";No;No;0,133;Q3;8;22;20;1177;4;1;0,00;53,50;0,00;0;0;Netherlands;Western Europe;"Brill Academic Publishers";"2007-2014, 2016-2021, 2023-2025";"Literature and Literary Theory (Q2); Cultural Studies (Q3); History (Q3); Religious Studies (Q3)";"Arts and Humanities; Social Sciences"
810;21100407226;"Later Medieval Europe";book series;"18727875";"Brill Academic Publishers";No;No;0,133;Q3;9;24;1;1320;0;1;0,00;55,00;0,00;0;1;Netherlands;Western Europe;"Brill Academic Publishers";"2007, 2009-2011, 2013-2014, 2016, 2018-2021, 2024-2025";"Arts and Humanities (miscellaneous) (Q3); Cultural Studies (Q3); History (Q3)";"Arts and Humanities; Social Sciences"
811;21101147941;"Leonardo Studies";book series;"23528052";"Brill Academic Publishers";No;No;0,133;Q3;2;0;1;0;0;1;0,00;0,00;0,00;0;0;Netherlands;Western Europe;"Brill Academic Publishers";"2016, 2019, 2023";"Cultural Studies (Q3); History (Q3); History and Philosophy of Science (Q3)";"Arts and Humanities; Social Sciences"
812;21100405740;"Medieval and Renaissance Authors and Texts";book series;"09257683";"Brill Academic Publishers";No;No;0,133;Q3;4;1;11;328;2;1;0,00;328,00;100,00;0;0;Netherlands;Western Europe;"Brill Academic Publishers";"2008-2017, 2019-2024";"Literature and Literary Theory (Q2); Cultural Studies (Q3); History (Q3); Linguistics and Language (Q3)";"Arts and Humanities; Social Sciences"
813;21100457421;"Medieval Franciscans";book series;"15726991";"Brill Academic Publishers";No;No;0,133;Q3;5;15;20;677;2;1;0,10;45,13;0,00;0;0;Netherlands;Western Europe;"Brill Academic Publishers";"2007-2009, 2012-2013, 2015-2017, 2019-2020, 2023-2025";"Cultural Studies (Q3); History (Q3); Religious Studies (Q3)";"Arts and Humanities; Social Sciences"
814;21101177357;"Modern Asian Art and Visual Culture";book series;"22145257";"Brill Academic Publishers";No;No;0,133;Q3;2;2;11;450;1;1;0,00;225,00;0,00;0;0;Netherlands;Western Europe;"Brill Academic Publishers";"2013-2015, 2018, 2021, 2024";"Visual Arts and Performing Arts (Q2); Cultural Studies (Q3)";"Arts and Humanities; Social Sciences"
815;21101181768;"Nature, Culture and Literature";book series;"15724344";"Brill Academic Publishers";No;No;0,133;Q3;4;0;1;0;0;1;0,00;0,00;0,00;0;0;Netherlands;Western Europe;"Brill Academic Publishers";"2007, 2010, 2012-2015, 2018-2020, 2023";"Literature and Literary Theory (Q2); Cultural Studies (Q3)";"Arts and Humanities; Social Sciences"
816;4900153503;"Projections";journal;"2638342X, 15356191";"MIT Department of Urban Studies and Planning";No;No;0,133;Q3;8;4;1;199;0;1;0,00;49,75;50,00;0;2;United States;Northern America;"MIT Department of Urban Studies and Planning";"2004, 2006-2008, 2010-2011, 2014, 2016-2017, 2019-2020, 2023-2024";"Visual Arts and Performing Arts (Q2); Cultural Studies (Q3); Geography, Planning and Development (Q4); Urban Studies (Q4)";"Arts and Humanities; Social Sciences"
817;21100418935;"Religion in the Americas Series";book series;"15421279";"Brill Academic Publishers";No;No;0,133;Q3;4;0;1;0;0;1;0,00;0,00;0,00;0;0;Netherlands;Western Europe;"Brill Academic Publishers";"2007-2014, 2016-2019, 2021";"Anthropology (Q3); Cultural Studies (Q3); History (Q3); Religious Studies (Q3)";"Arts and Humanities; Social Sciences"
818;21100898992;"Res Musica";journal;"23828080, 17368553";"Estonian Academy of Music and Theatre, Estonian Musicological Society";No;No;0,133;Q3;2;10;34;368;2;27;0,04;36,80;80,00;0;0;Estonia;Eastern Europe;"Estonian Academy of Music and Theatre, Estonian Musicological Society";"2018-2024";"Cultural Studies (Q3); Music (Q3)";"Arts and Humanities; Social Sciences"
819;21100214706;"Review of Middle East Studies";journal;"23293225";"Cambridge University Press";No;No;0,133;Q3;11;1;67;66;16;61;0,16;66,00;100,00;0;0;United States;Northern America;"Cambridge University Press";"2007-2025";"History (Q2); Cultural Studies (Q3); Sociology and Political Science (Q4)";"Arts and Humanities; Social Sciences"
820;21100856758;"Series on Contemporary China";book series;"17930847";"World Scientific";No;No;0,133;Q3;2;0;17;0;1;1;0,00;0,00;0,00;0;0;Singapore;Asiatic Region;"World Scientific";"2017-2021, 2023";"Anthropology (Q3); Cultural Studies (Q3); History (Q3); Economics, Econometrics and Finance (miscellaneous) (Q4); Political Science and International Relations (Q4); Sociology and Political Science (Q4)";"Arts and Humanities; Economics, Econometrics and Finance; Social Sciences"
821;21100406811;"Studia Judaeoslavica";book series;"18766153";"Brill Academic Publishers";No;No;0,133;Q3;5;0;2;0;0;1;0,00;0,00;0,00;0;0;Netherlands;Western Europe;"Brill Academic Publishers";"2009, 2012-2014, 2016-2017, 2020, 2022-2023, 2025";"Cultural Studies (Q3); History (Q3); Religious Studies (Q3)";"Arts and Humanities; Social Sciences"
822;21100406934;"Studies in Global Social History";book series;"18746705";"Brill Academic Publishers";No;No;0,133;Q3;11;41;90;3242;14;1;0,11;79,07;0,00;0;31;Netherlands;Western Europe;"Brill Academic Publishers";"2008-2024";"Cultural Studies (Q3); History (Q3); Demography (Q4); Sociology and Political Science (Q4)";"Arts and Humanities; Social Sciences"
823;21101170616;"Studies in Netherlandish Art and Cultural History";book series;"18729932";"Brill Academic Publishers";No;No;0,133;Q3;2;0;1;0;0;1;0,00;0,00;0,00;0;0;Netherlands;Western Europe;"Brill Academic Publishers";"2007, 2011, 2015, 2017, 2019-2020, 2022";"Visual Arts and Performing Arts (Q2); Cultural Studies (Q3); History (Q3)";"Arts and Humanities; Social Sciences"
824;21100442224;"Studies in Persian Cultural History";book series;"22103554";"Brill Academic Publishers";No;No;0,133;Q3;4;0;2;0;1;1;0,00;0,00;0,00;0;0;Netherlands;Western Europe;"Brill Academic Publishers";"2011-2012, 2014, 2016, 2018, 2020-2021, 2023, 2025";"Literature and Literary Theory (Q2); Visual Arts and Performing Arts (Q2); Cultural Studies (Q3); History (Q3)";"Arts and Humanities; Social Sciences"
825;21101199912;"Studies on East Asian Religions";book series;"24520098";"Brill Academic Publishers";No;No;0,133;Q3;1;12;28;1143;6;1;0,21;95,25;100,00;0;0;Netherlands;Western Europe;"Brill Academic Publishers";"2020, 2022-2024";"Cultural Studies (Q3); Religious Studies (Q3)";"Arts and Humanities; Social Sciences"
826;21101192681;"Bosniaca";journal;"15125033, 23038888";"National and University Library of Bosnia and Herzegovina";Yes;Yes;0,132;Q3;1;13;26;363;4;24;0,15;27,92;80,00;0;2;Bosnia and Herzegovina;Eastern Europe;"National and University Library of Bosnia and Herzegovina";"2022-2024";"Cultural Studies (Q3); Education (Q4); Social Sciences (miscellaneous) (Q4)";"Social Sciences"
827;5700160810;"Boundary 2";journal;"01903659, 15272141";"Duke University Press";No;No;0,132;Q3;31;33;123;1080;33;104;0,31;32,73;41,94;0;0;United States;Northern America;"Duke University Press";"2002-2024";"Literature and Literary Theory (Q2); Cultural Studies (Q3); History (Q3); Sociology and Political Science (Q4)";"Arts and Humanities; Social Sciences"
828;21100388414;"Crossings";journal;"20404352, 20404344";"Intellect Ltd.";No;No;0,132;Q3;14;7;49;466;18;47;0,53;66,57;75,00;0;5;United Kingdom;Western Europe;"Intellect Ltd.";"2014-2024";"Anthropology (Q3); Cultural Studies (Q3); Demography (Q4)";"Social Sciences"
829;21101045322;"Feminist German Studies";journal;"25785192, 25785206";"University of Nebraska Press";No;No;0,132;Q3;3;10;43;165;8;36;0,13;16,50;86,67;0;3;United States;Northern America;"University of Nebraska Press";"2018-2024";"Arts and Humanities (miscellaneous) (Q3); Cultural Studies (Q3); Linguistics and Language (Q3); Gender Studies (Q4)";"Arts and Humanities; Social Sciences"
830;21100202737;"Folklore (Estonia)";journal;"14060949, 14060957";"FB and Media Group of Estonian Literary Museum";Yes;No;0,132;Q3;12;29;109;1340;34;105;0,17;46,21;68,75;0;5;Estonia;Eastern Europe;"FB and Media Group of Estonian Literary Museum";"2009-2024";"Anthropology (Q3); Cultural Studies (Q3)";"Social Sciences"
831;21075;"Journal of Sport History";journal;"00941700, 21558450";"North American Society for Sport History";No;No;0,132;Q3;15;21;76;1643;9;75;0,08;78,24;29,63;0;1;United States;Northern America;"North American Society for Sport History";"1977-1979, 1981-1984, 1987, 1989, 1999-2002, 2010, 2012-2024";"Cultural Studies (Q3); History (Q3); Sports Science (Q4)";"Arts and Humanities; Health Professions; Social Sciences"
832;21100241756;"Lud";journal;"00761435";"Polskie Towarzystwo Ludoznawcze";No;No;0,132;Q3;5;12;44;548;11;44;0,22;45,67;76,92;0;3;Poland;Eastern Europe;"Polskie Towarzystwo Ludoznawcze";"2012-2014, 2016-2024";"Anthropology (Q3); Cultural Studies (Q3)";"Social Sciences"
833;21100899925;"Nomadas";journal;"25394762, 01217550";"Universidad Central";Yes;Yes;0,132;Q3;6;0;73;0;17;70;0,19;0,00;0,00;0;0;Colombia;Latin America;"Universidad Central";"2018-2023";"Anthropology (Q3); Cultural Studies (Q3); Philosophy (Q3); Education (Q4); Psychology (miscellaneous) (Q4); Social Sciences (miscellaneous) (Q4)";"Arts and Humanities; Psychology; Social Sciences"
834;21100227421;"Quinto Sol";journal;"03292665, 18512879";"Universidad Nacional de La Pampa";Yes;Yes;0,132;Q3;7;34;83;945;8;81;0,11;27,79;57,14;0;5;Argentina;Latin America;"Universidad Nacional de La Pampa";"2012-2025";"Cultural Studies (Q3); History (Q3); Sociology and Political Science (Q4)";"Arts and Humanities; Social Sciences"
835;6000152817;"Third Text";journal;"09528822";"Taylor and Francis Ltd.";No;No;0,132;Q3;24;16;107;164;27;105;0,14;10,25;81,82;0;1;United Kingdom;Western Europe;"Taylor and Francis Ltd.";"1987-2024";"Visual Arts and Performing Arts (Q2); Cultural Studies (Q3)";"Arts and Humanities; Social Sciences"
836;19600161821;"Transylvanian Review";journal;"15849422, 12211249";"Center Transylvanian Studies";No;No;0,132;Q3;7;47;159;1224;10;152;0,05;26,04;35,85;0;6;Romania;Eastern Europe;"Center Transylvanian Studies";"2008-2024";"Cultural Studies (Q3); History (Q3)";"Arts and Humanities; Social Sciences"
837;58823;"Byzantinoslavica";journal;"00077712";"Academy of Sciences of the Czech Republic";Yes;No;0,131;Q3;8;0;29;0;4;25;0,00;0,00;0,00;0;0;Czech Republic;Eastern Europe;"Academy of Sciences of the Czech Republic";"1972, 2008-2023";"Cultural Studies (Q3); History (Q3); Linguistics and Language (Q3)";"Arts and Humanities; Social Sciences"
838;21100888137;"Cambridge Journal of Postcolonial Literary Inquiry";journal;"20522622, 20522614";"Cambridge University Press";No;No;0,131;Q3;12;20;96;623;34;88;0,31;31,15;47,37;0;2;United Kingdom;Western Europe;"Cambridge University Press";"2014-2024";"Literature and Literary Theory (Q2); Cultural Studies (Q3); History (Q3)";"Arts and Humanities; Social Sciences"
839;21101158609;"Folklorica";journal;"19200234, 19200242";"Association for Slavic East European and Eurasian Studies";Yes;Yes;0,131;Q3;2;4;14;196;1;12;0,00;49,00;100,00;0;0;United States;Northern America;"Association for Slavic East European and Eurasian Studies";"2019-2024";"Literature and Literary Theory (Q2); Anthropology (Q3); Cultural Studies (Q3); Linguistics and Language (Q3); Music (Q3)";"Arts and Humanities; Social Sciences"
840;21100854430;"Futuro del Pasado";journal;"19899289";"Ediciones Universidad de Salamanca";Yes;Yes;0,131;Q3;6;35;51;2389;17;46;0,26;68,26;52,78;0;8;Spain;Western Europe;"Ediciones Universidad de Salamanca";"2017-2024";"Arts and Humanities (miscellaneous) (Q3); Cultural Studies (Q3); History (Q3)";"Arts and Humanities; Social Sciences"
841;21100278321;"International Journal of China Studies";journal;"21803250";"Institute of China Studies, University of Malaya";No;No;0,131;Q3;14;15;37;625;16;37;0,33;41,67;42,11;0;5;Malaysia;Asiatic Region;"Institute of China Studies, University of Malaya";"2010-2024";"Cultural Studies (Q3); Political Science and International Relations (Q4); Sociology and Political Science (Q4)";"Social Sciences"
842;16200154794;"JNT-Journal of Narrative Theory";journal;"15490815, 15489248";"Eastern Michigan University, Department of English Language and Literature";No;No;0,131;Q3;15;16;52;566;17;52;0,36;35,38;50,00;0;0;United States;Northern America;"Eastern Michigan University, Department of English Language and Literature";"2002-2024";"Literature and Literary Theory (Q2); Cultural Studies (Q3)";"Arts and Humanities; Social Sciences"
843;6000169412;"Journal of the Southwest";journal;"08948410";"University of Arizona";No;No;0,131;Q3;13;15;47;456;9;41;0,25;30,40;33,33;0;1;United States;Northern America;"University of Arizona";"2001-2024";"Literature and Literary Theory (Q2); Anthropology (Q3); Cultural Studies (Q3); History (Q3)";"Arts and Humanities; Social Sciences"
844;21100891825;"Komunikacija i Kultura Online";journal;"22174257";"FOKUS – Forum za interkulturnu komunikaciju";Yes;Yes;0,131;Q3;2;11;40;491;4;39;0,11;44,64;60,87;0;0;Serbia;Eastern Europe;"FOKUS – Forum za interkulturnu komunikaciju";"2018-2024";"Literature and Literary Theory (Q2); Cultural Studies (Q3); Linguistics and Language (Q3); Communication (Q4)";"Arts and Humanities; Social Sciences"
845;19400157126;"Secuencia";journal;"23958464, 01860348";"Instituto de Investigaciones Dr. Jose Maria Luis Mora";Yes;Yes;0,131;Q3;5;22;148;1000;16;147;0,12;45,45;23,81;0;11;Mexico;Latin America;"Instituto de Investigaciones Dr. Jose Maria Luis Mora";"1987, 1989, 2001-2002, 2016-2025";"Cultural Studies (Q3); History (Q3); Sociology and Political Science (Q4)";"Arts and Humanities; Social Sciences"
846;5800207703;"Studia Slavica Academiae Scientiarum Hungaricae";journal;"00393363, 1588290X";"Akademiai Kiado";No;No;0,131;Q3;4;32;31;632;3;31;0,10;19,75;78,95;0;1;Hungary;Eastern Europe;"Akademiai Kiado";"2007-2020, 2022-2025";"Cultural Studies (Q3); History (Q3); Linguistics and Language (Q3)";"Arts and Humanities; Social Sciences"
847;19400157214;"Studies on Ethno-Medicine";journal;"09735070";"Kamla-Raj Enterprises";No;No;0,131;Q3;24;17;52;778;14;52;0,36;45,76;41,46;0;10;India;Asiatic Region;"Kamla-Raj Enterprises";"2009-2024";"Anthropology (Q3); Cultural Studies (Q3); Complementary and Alternative Medicine (Q4); Medicine (miscellaneous) (Q4)";"Medicine; Social Sciences"
848;21101163011;"Arte Nuevo. Revista de Estudios Aureos";journal;"22972692";"Universite de Neuchatel";Yes;Yes;0,130;Q3;3;11;31;358;3;31;0,10;32,55;60,00;0;0;Switzerland;Western Europe;"Universite de Neuchatel";"2019-2024";"Literature and Literary Theory (Q2); Cultural Studies (Q3)";"Arts and Humanities; Social Sciences"
849;21101131479;"China and Asia: Journal in Historical Studies";journal;"2589465X, 25894641";"Brill Academic Publishers";No;No;0,130;Q3;4;15;38;426;7;32;0,21;28,40;16,67;0;0;Netherlands;Western Europe;"Brill Academic Publishers";"2019-2024";"Cultural Studies (Q3); History (Q3)";"Arts and Humanities; Social Sciences"
850;77201;"Etnografia Polska";journal;"00711861";"Polska Akademia Nauk";Yes;Yes;0,130;Q3;5;11;39;416;12;34;0,33;37,82;72,73;0;1;Poland;Eastern Europe;"Polska Akademia Nauk";"1983, 2001, 2011-2024";"Anthropology (Q3); Cultural Studies (Q3)";"Social Sciences"
851;21101253663;"Fol'klor: Struktura, Tipologiia, Semiotika";journal;"26585294";"Russian State University for the Humanities";No;No;0,130;Q3;2;25;70;343;8;65;0,15;13,72;79,17;0;0;Russian Federation;Eastern Europe;"Russian State University for the Humanities";"2020-2024";"Literature and Literary Theory (Q2); Arts and Humanities (miscellaneous) (Q3); Cultural Studies (Q3)";"Arts and Humanities; Social Sciences"
852;21101216641;"Impossibilia";journal;"21742464";"Universidad de Granada";Yes;Yes;0,130;Q3;3;28;60;831;16;55;0,26;29,68;68,18;0;8;Spain;Western Europe;"Universidad de Granada";"2020-2024";"Literature and Literary Theory (Q2); Arts and Humanities (miscellaneous) (Q3); Cultural Studies (Q3)";"Arts and Humanities; Social Sciences"
853;5700162645;"Jewish Culture and History";journal;"1462169X";"Routledge";No;No;0,130;Q3;6;29;73;46;18;66;0,15;1,59;46,43;0;2;United Kingdom;Western Europe;"Routledge";"1999, 2001, 2014-2025";"Cultural Studies (Q3); History (Q3); Sociology and Political Science (Q4)";"Arts and Humanities; Social Sciences"
854;21100255376;"Journal of Religion and Popular Culture";journal;"1703289X";"University of Toronto Press";No;No;0,130;Q3;7;11;39;725;12;39;0,30;65,91;25,00;0;0;Canada;Northern America;"University of Toronto Press";"2013-2024";"Cultural Studies (Q3); Religious Studies (Q3)";"Arts and Humanities; Social Sciences"
855;20600195616;"MELUS";journal;"19463170, 0163755X";"Society for the Study of the Multi-Ethnic Literature of the United States";No;No;0,130;Q3;12;31;106;1396;22;106;0,21;45,03;57,14;0;3;United States;Northern America;"Society for the Study of the Multi-Ethnic Literature of the United States";"1974-1975, 1977-1985, 1987, 1989-1990, 1992-1995, 2011-2024";"Literature and Literary Theory (Q2); Cultural Studies (Q3)";"Arts and Humanities; Social Sciences"
856;21100899005;"Scottish Archaeological Journal";journal;"17552028, 14715767";"Edinburgh University Press";No;No;0,130;Q3;6;7;16;216;1;14;0,08;30,86;61,54;0;1;United Kingdom;Western Europe;"Edinburgh University Press";"1996, 1998, 2000-2012, 2014-2024";"Archeology (Q3); Archeology (arts and humanities) (Q3); Cultural Studies (Q3)";"Arts and Humanities; Social Sciences"
857;16200154761;"Studia Celtica";journal;"00816353";"University of Wales Press";No;No;0,130;Q3;8;9;28;683;6;22;0,18;75,89;28,57;0;1;United Kingdom;Western Europe;"University of Wales Press";"2003, 2005-2024";"Literature and Literary Theory (Q2); Archeology (Q3); Archeology (arts and humanities) (Q3); Cultural Studies (Q3); History (Q3); Linguistics and Language (Q3)";"Arts and Humanities; Social Sciences"
858;21100904919;"Ancient History Bulletin";journal;"08353638";"Ancient History Bulletin";No;No;0,129;Q3;3;0;20;0;5;20;0,33;0,00;0,00;0;0;United States;Northern America;"Ancient History Bulletin";"2018-2023";"Classics (Q2); Anthropology (Q3); Archeology (arts and humanities) (Q3); Cultural Studies (Q3); History (Q3)";"Arts and Humanities; Social Sciences"
859;21100933896;"De Medio Aevo";journal;"22555889";"Universidad Complutense Madrid";Yes;Yes;0,129;Q3;3;29;85;2138;15;79;0,17;73,72;29,73;0;2;Spain;Western Europe;"Universidad Complutense Madrid";"2019-2024";"Literature and Literary Theory (Q2); Visual Arts and Performing Arts (Q2); Cultural Studies (Q3); History (Q3); Philosophy (Q3); Religious Studies (Q3)";"Arts and Humanities; Social Sciences"
860;23113;"Differences";journal;"10407391";"Duke University Press";No;No;0,129;Q3;35;29;85;1459;22;83;0,19;50,31;68,00;0;0;United States;Northern America;"Duke University Press";"1994, 1998, 2001-2024";"Cultural Studies (Q3); Gender Studies (Q4)";"Social Sciences"
861;21100899504;"Journal of Iberian and Latin American Studies";journal;"14701847, 14699524";"Taylor and Francis Ltd.";No;No;0,129;Q3;5;24;71;1287;24;66;0,27;53,63;43,48;0;4;United Kingdom;Western Europe;"Taylor and Francis Ltd.";"2018-2024";"Cultural Studies (Q3); History (Q3); Linguistics and Language (Q3)";"Arts and Humanities; Social Sciences"
862;16000154789;"Exemplaria";journal;"10412573, 17533074";"Maney Publishing";No;No;0,128;Q3;14;18;63;707;15;58;0,21;39,28;68,75;0;3;United Kingdom;Western Europe;"Maney Publishing";"1989-1995, 2002-2024";"Literature and Literary Theory (Q2); Cultural Studies (Q3); Linguistics and Language (Q3)";"Arts and Humanities; Social Sciences"
863;5800159959;"Indonesia";journal;"00197289";"Cornell University";No;No;0,128;Q3;17;15;34;287;12;28;0,36;19,13;43,75;0;3;United States;Northern America;"Cornell University";"2011-2024";"Cultural Studies (Q3); History (Q3); Sociology and Political Science (Q4)";"Arts and Humanities; Social Sciences"
864;21101149180;"Journal of Chinese Film Studies";journal;"27022285, 27022277";"Walter de Gruyter GmbH";No;No;0,128;Q3;4;31;83;848;27;79;0,09;27,35;52,78;0;7;Germany;Western Europe;"Walter de Gruyter GmbH";"2021-2024";"Visual Arts and Performing Arts (Q2); Cultural Studies (Q3); History (Q3)";"Arts and Humanities; Social Sciences"
865;21101190206;"Journal of Islamic and Muslim Studies";journal;"24707074, 24707066";"Indiana University Press";No;No;0,128;Q3;3;5;31;28;8;26;0,26;5,60;60,00;0;0;United States;Northern America;"Indiana University Press";"2019-2024";"Anthropology (Q3); Cultural Studies (Q3); Social Sciences (miscellaneous) (Q4); Sociology and Political Science (Q4)";"Social Sciences"
866;19900192010;"Aboriginal History Journal";journal;"18379389, 03148769";"ANU Press";No;No;0,127;Q3;7;6;16;342;3;16;0,11;57,00;52,17;0;1;Australia;Pacific Region;"ANU Press";"2001, 2019-2022, 2024";"Cultural Studies (Q3); History (Q3)";"Arts and Humanities; Social Sciences"
867;21100944572;"Clothing Cultures";journal;"20500742, 20500750";"Intellect Ltd.";No;No;0,127;Q3;3;0;43;0;9;37;0,05;0,00;0,00;0;0;United Kingdom;Western Europe;"Intellect Ltd.";"2019-2023";"Visual Arts and Performing Arts (Q2); Cultural Studies (Q3)";"Arts and Humanities; Social Sciences"
868;21101263031;"Humanimalia";journal;"21518645";"OpenJournals";Yes;Yes;0,127;Q3;3;15;26;621;8;23;0,31;41,40;57,14;0;2;Netherlands;Western Europe;"OpenJournals";"2020, 2022-2024";"Cultural Studies (Q3); Gender Studies (Q4); Social Sciences (miscellaneous) (Q4); Sociology and Political Science (Q4)";"Social Sciences"
869;21100805737;"IC Revista Cientifica de Informacion y Comunicacion";journal;"21731071, 16962508";"Departamento de Periodismo I de la Universidad de Sevilla.";Yes;Yes;0,127;Q3;4;15;72;449;21;68;0,36;29,93;62,50;0;4;Spain;Western Europe;"Departamento de Periodismo I de la Universidad de Sevilla.";"2016-2024";"Cultural Studies (Q3); Linguistics and Language (Q3); Communication (Q4); Library and Information Sciences (Q4)";"Social Sciences"
870;24195;"Journal Asiatique";journal;"17831504, 0021762X";"Peeters Publishers";No;No;0,127;Q3;13;9;48;674;9;47;0,16;74,89;25,00;0;0;Belgium;Western Europe;"Peeters Publishers";"1970, 1989, 1996-2004, 2006-2024";"Literature and Literary Theory (Q2); Cultural Studies (Q3); History (Q3); Linguistics and Language (Q3)";"Arts and Humanities; Social Sciences"
871;21101021492;"Journal of Greek Media and Culture";journal;"20523971, 2052398X";"Intellect Ltd.";No;No;0,127;Q3;7;12;41;589;10;38;0,12;49,08;33,33;0;2;United Kingdom;Western Europe;"Intellect Ltd.";"2015-2024";"Arts and Humanities (miscellaneous) (Q3); Cultural Studies (Q3); Communication (Q4)";"Arts and Humanities; Social Sciences"
872;20788;"Kwartalnik Historii Kultury Materialnej";journal;"00235881, 27196496";"Institute of Archaeology and Ethnology, Polish Academy of Sciences";Yes;Yes;0,127;Q3;2;20;77;1385;7;72;0,11;69,25;39,29;0;2;Poland;Eastern Europe;"Institute of Archaeology and Ethnology, Polish Academy of Sciences";"1972, 1975-1977, 1979-1980, 1984, 1999, 2001, 2020-2024";"Archeology (arts and humanities) (Q3); Arts and Humanities (miscellaneous) (Q3); Cultural Studies (Q3); History (Q3); Anthropology (Q4)";"Arts and Humanities; Social Sciences"
873;9500154013;"NWIG New West Indian Guide";journal;"22134360, 13822373";"Brill Academic Publishers";Yes;Yes;0,127;Q3;9;9;27;608;9;27;0,22;67,56;58,33;0;1;Netherlands;Western Europe;"Brill Academic Publishers";"1977-1978, 2001-2002, 2007, 2011-2024";"Arts and Humanities (miscellaneous) (Q3); Cultural Studies (Q3); History (Q3); Social Sciences (miscellaneous) (Q4)";"Arts and Humanities; Social Sciences"
874;21101163298;"Women, Gender, and Families of Color";journal;"23260947, 23260939";"University of Illinois Press";No;No;0,127;Q3;4;0;28;0;7;25;0,14;0,00;0,00;0;0;United States;Northern America;"University of Illinois Press";"2019-2023";"Cultural Studies (Q3); History (Q3); Gender Studies (Q4); Sociology and Political Science (Q4)";"Arts and Humanities; Social Sciences"
875;21100900373;"Asian International Studies Review";journal;"12268240";"Brill Academic Publishers";No;No;0,126;Q3;6;9;31;592;6;30;0,20;65,78;42,86;0;2;Netherlands;Western Europe;"Brill Academic Publishers";"2018-2024";"Cultural Studies (Q3); History (Q3); Business and International Management (Q4); Industrial Relations (Q4); Sociology and Political Science (Q4)";"Arts and Humanities; Business, Management and Accounting; Social Sciences"
876;21100803568;"Comunicazioni Sociali";journal;"03928667, 18277969";"Vita e Pensiero";No;No;0,126;Q3;6;21;76;1177;12;74;0,12;56,05;54,29;0;7;Italy;Western Europe;"Vita e Pensiero";"2016-2024";"Visual Arts and Performing Arts (Q2); Cultural Studies (Q3); Communication (Q4)";"Arts and Humanities; Social Sciences"
877;21100920225;"Film Fashion and Consumption";journal;"20442823, 20442831";"Intellect Ltd.";No;No;0,126;Q3;4;0;42;0;12;38;0,17;0,00;0,00;0;0;United Kingdom;Western Europe;"Intellect Ltd.";"2019-2023";"Visual Arts and Performing Arts (Q2); Cultural Studies (Q3); History (Q3); Communication (Q4)";"Arts and Humanities; Social Sciences"
878;21100824648;"International Journal of Sino-Western Studies";journal;"22422471, 17998204";"Nordic Forum of Sino-Western Studies";Yes;No;0,126;Q3;3;26;83;1141;18;79;0,29;43,88;29,17;0;1;Finland;Western Europe;"Nordic Forum of Sino-Western Studies";"2016-2024";"Cultural Studies (Q3); History (Q3); Religious Studies (Q3)";"Arts and Humanities; Social Sciences"
879;12100155628;"International Journal of the Classical Tradition";journal;"10730508, 18746292";"Transaction Periodicals Consortium";No;No;0,126;Q3;11;19;56;81;13;53;0,28;4,26;12,50;0;1;Netherlands;Western Europe;"Transaction Periodicals Consortium";"1994-1995, 1999, 2004, 2009-2025";"Classics (Q2); Arts and Humanities (miscellaneous) (Q3); Cultural Studies (Q3)";"Arts and Humanities; Social Sciences"
880;27333;"Journal of American Ethnic History";journal;"02785927, 19364695";"University of Illinois Press";No;No;0,126;Q3;19;40;44;1762;14;44;0,25;44,05;54,29;0;8;United States;Northern America;"University of Illinois Press";"1989, 2000-2025";"Cultural Studies (Q3); History (Q3); Anthropology (Q4)";"Arts and Humanities; Social Sciences"
881;4700152269;"Journal of Japanese Studies";journal;"00956848, 15494721";"Journal of Japanese Studies";No;No;0,126;Q3;22;12;34;462;9;31;0,25;38,50;16,67;0;0;United States;Northern America;"Journal of Japanese Studies";"1998-2002, 2005-2024";"Cultural Studies (Q3); Linguistics and Language (Q3); Anthropology (Q4); Social Psychology (Q4)";"Psychology; Social Sciences"
882;5600156553;"Journal of Pacific History";journal;"00223344";"Taylor and Francis Ltd.";No;No;0,126;Q3;23;30;71;123;28;67;0,35;4,10;27,91;2;9;United Kingdom;Western Europe;"Taylor and Francis Ltd.";"1966-2025";"Cultural Studies (Q3); History (Q3); Sociology and Political Science (Q4)";"Arts and Humanities; Social Sciences"
883;21100876245;"Malaysian Journal of Music";journal;"26009366, 26009331";"Universiti Pendidikan Sultan Idris";No;No;0,126;Q3;6;9;33;307;17;32;0,61;34,11;42,11;0;2;Malaysia;Asiatic Region;"Universiti Pendidikan Sultan Idris";"2002, 2018-2024";"Cultural Studies (Q3); Music (Q3)";"Arts and Humanities; Social Sciences"
884;21100205708;"South Central Review";journal;"07436831, 15493377";"Johns Hopkins University Press";Yes;No;0,126;Q3;7;23;79;1246;8;72;0,11;54,17;31,82;0;3;United States;Northern America;"Johns Hopkins University Press";"2011-2025";"Literature and Literary Theory (Q2); Visual Arts and Performing Arts (Q2); Cultural Studies (Q3); Philosophy (Q3)";"Arts and Humanities; Social Sciences"
885;16923;"Amerasia Journal";journal;"00447471";"Taylor and Francis Ltd.";No;No;0,125;Q3;16;0;92;0;16;80;0,08;0,00;0,00;0;0;United Kingdom;Western Europe;"Taylor and Francis Ltd.";"1971, 1980, 1984, 1999-2000, 2002-2023";"Cultural Studies (Q3); History (Q3)";"Arts and Humanities; Social Sciences"
886;21100935905;"Boyhood Studies";journal;"23759240, 23759267";"Berghahn Journals";No;No;0,125;Q3;6;6;44;214;7;41;0,04;35,67;70,00;0;4;United States;Northern America;"Berghahn Journals";"2018-2024";"Cultural Studies (Q3); Developmental and Educational Psychology (Q4); Education (Q4); Gender Studies (Q4); Life-span and Life-course Studies (Q4); Social Psychology (Q4)";"Psychology; Social Sciences"
887;21101068031;"Emotions: History, Culture, Society";journal;"22067485, 2208522X";"Brill Academic Publishers";No;No;0,125;Q3;6;24;42;1698;10;38;0,21;70,75;62,96;0;2;Netherlands;Western Europe;"Brill Academic Publishers";"2017-2025";"Cultural Studies (Q3); History (Q3); Social Sciences (miscellaneous) (Q4)";"Arts and Humanities; Social Sciences"
888;21101079128;"Endowment Studies";journal;"24685968, 2468595X";"Brill Academic Publishers";No;No;0,125;Q3;3;5;16;330;6;16;0,36;66,00;33,33;0;0;Netherlands;Western Europe;"Brill Academic Publishers";"2017-2024";"Cultural Studies (Q3); History (Q3); Religious Studies (Q3)";"Arts and Humanities; Social Sciences"
889;21100220142;"Estudios Irlandeses";journal;"1699311X";"Spanish Association for Irish Studies";Yes;Yes;0,125;Q3;5;16;67;488;12;59;0,22;30,50;46,67;0;4;Spain;Western Europe;"Spanish Association for Irish Studies";"2012-2024";"Arts and Humanities (miscellaneous) (Q3); Cultural Studies (Q3)";"Arts and Humanities; Social Sciences"
890;21100887850;"Estudos Historicos";journal;"01032186, 21781494";"Fundacao Getulio Vargas";Yes;Yes;0,125;Q3;6;39;80;1629;20;68;0,14;41,77;44,19;0;8;Brazil;Latin America;"Fundacao Getulio Vargas";"2018-2024";"Literature and Literary Theory (Q2); Cultural Studies (Q3); History (Q3); Sociology and Political Science (Q4)";"Arts and Humanities; Social Sciences"
891;21101264300;"Norba. Revista de Arte";journal;"02132214, 2660714X";"Universidad de Extremadura";Yes;Yes;0,125;Q3;2;17;58;575;6;56;0,10;33,82;33,33;0;2;Spain;Western Europe;"Universidad de Extremadura";"2021-2024";"Literature and Literary Theory (Q2); Arts and Humanities (miscellaneous) (Q3); Cultural Studies (Q3)";"Arts and Humanities; Social Sciences"
892;28928;"Northeast African Studies";journal;"15356574, 07409133";"Michigan State University Press";No;No;0,125;Q3;13;0;31;0;7;29;0,00;0,00;0,00;0;0;United States;Northern America;"Michigan State University Press";"1985, 1999-2002, 2004, 2011-2022";"Cultural Studies (Q3); History (Q3)";"Arts and Humanities; Social Sciences"
893;16200154702;"Parergon";journal;"03136221, 18328334";"Australian and New Zealand Association for Medieval and Early Modern Studies";No;No;0,125;Q3;13;22;44;1702;8;42;0,21;77,36;50,00;0;2;Australia;Pacific Region;"Australian and New Zealand Association for Medieval and Early Modern Studies";"2002-2024";"Literature and Literary Theory (Q2); Visual Arts and Performing Arts (Q2); Cultural Studies (Q3); History (Q3); Religious Studies (Q3)";"Arts and Humanities; Social Sciences"
894;21101169884;"TOPIA";journal;"19160194, 12060143";"University of Toronto Press";No;No;0,125;Q3;6;14;113;663;25;107;0,19;47,36;55,56;0;5;Canada;Northern America;"University of Toronto Press";"2019-2024";"Cultural Studies (Q3)";"Social Sciences"
895;21101270126;"Vierteljahrschrift fur Sozial und Wirtschaftsgeschichte";journal;"03408728, 03410846";"Franz Steiner Verlag GmbH";No;No;0,125;Q3;8;71;175;1466;13;175;0,03;20,65;14,49;0;10;Germany;Western Europe;"Franz Steiner Verlag GmbH";"2002-2024";"Cultural Studies (Q3); History (Q3); Economics, Econometrics and Finance (miscellaneous) (Q4); Sociology and Political Science (Q4)";"Arts and Humanities; Economics, Econometrics and Finance; Social Sciences"
896;21101038703;"Australasian Journal of Popular Culture";journal;"20455852, 20455860";"Intellect Ltd.";No;No;0,124;Q3;4;16;37;689;4;33;0,11;43,06;47,37;0;2;United Kingdom;Western Europe;"Intellect Ltd.";"2019-2024";"Arts and Humanities (miscellaneous) (Q3); Cultural Studies (Q3); Urban Studies (Q4)";"Arts and Humanities; Social Sciences"
897;21101054417;"Catedral Tomada";journal;"21690847";"University Library System, University of Pittsburgh";Yes;Yes;0,124;Q3;3;30;80;912;6;79;0,09;30,40;74,29;0;13;United States;Northern America;"University Library System, University of Pittsburgh";"2019-2024";"Literature and Literary Theory (Q2); Cultural Studies (Q3); Linguistics and Language (Q3)";"Arts and Humanities; Social Sciences"
898;28857;"Greek, Roman and Byzantine Studies";journal;"00173916";"Duke University Press";Yes;Yes;0,124;Q3;25;29;69;432;19;58;0,18;14,90;18,75;0;0;United States;Northern America;"Duke University Press";"1970-1972, 1976, 1979-1983, 1989, 2002-2024";"Classics (Q2); Cultural Studies (Q3); History (Q3)";"Arts and Humanities; Social Sciences"
899;21100258630;"International Journal of Diversity in Education";journal;"23272163, 23270020";"Common Ground Research Networks";No;No;0,124;Q3;6;12;31;676;8;31;0,32;56,33;43,33;0;9;United States;Northern America;"Common Ground Research Networks";"2013-2025";"Cultural Studies (Q3); Education (Q4)";"Social Sciences"
900;5800207946;"Journal of English Studies";journal;"16954300, 15766357";"Department of English, Universidad de La Rioja";Yes;Yes;0,124;Q3;9;14;28;593;5;28;0,15;42,36;50,00;0;2;Spain;Western Europe;"Department of English, Universidad de La Rioja";"2011-2024";"Literature and Literary Theory (Q2); Cultural Studies (Q3); Linguistics and Language (Q3)";"Arts and Humanities; Social Sciences"
901;21101146416;"Journal on Ethnopolitics and Minority Issues in Europe";journal;"16175247";"European Centre for Minority Issues";Yes;Yes;0,124;Q3;3;14;31;746;17;30;0,70;53,29;40,00;0;4;Germany;Western Europe;"European Centre for Minority Issues";"2019-2024";"Cultural Studies (Q3); Political Science and International Relations (Q4); Social Sciences (miscellaneous) (Q4); Sociology and Political Science (Q4)";"Social Sciences"
902;21100201763;"Kunstiteaduslikke Uurimusi";journal;"14062860";"Estonian Society of Art Historians";No;No;0,124;Q3;5;20;57;932;1;47;0,03;46,60;70,00;0;4;Estonia;Eastern Europe;"Estonian Society of Art Historians";"2011-2024";"Arts and Humanities (miscellaneous) (Q3); Cultural Studies (Q3)";"Arts and Humanities; Social Sciences"
903;16494;"Late Imperial China";journal;"08843236, 10863257";"Johns Hopkins University Press";No;No;0,124;Q3;18;9;26;596;11;24;0,36;66,22;0,00;0;1;United States;Northern America;"Johns Hopkins University Press";"1978, 1987-1988, 1999, 2001-2024";"Cultural Studies (Q3); History (Q3)";"Arts and Humanities; Social Sciences"
904;21100821117;"Libri et Liberi";journal;"18483488, 18485871";"Croatian Association of Researchers in Children's Literature";Yes;No;0,124;Q3;5;12;34;400;4;30;0,09;33,33;72,73;0;0;Croatia;Eastern Europe;"Croatian Association of Researchers in Children's Literature";"2015-2024";"Literature and Literary Theory (Q2); Cultural Studies (Q3)";"Arts and Humanities; Social Sciences"
905;21100845670;"Studies in American Humor";journal;"23339934, 0095280X";"Penn State University Press";No;No;0,124;Q3;5;12;50;586;15;38;0,48;48,83;50,00;0;4;United States;Northern America;"Penn State University Press";"2017-2024";"Literature and Literary Theory (Q2); Visual Arts and Performing Arts (Q2); Cultural Studies (Q3); History (Q3); Linguistics and Language (Q3); Psychology (miscellaneous) (Q4)";"Arts and Humanities; Psychology; Social Sciences"
906;5600153982;"Acta Koreana";journal;"15207412";"Keimyung University, Academia Koreana";No;No;0,123;Q3;9;10;46;430;6;37;0,17;43,00;50,00;0;1;South Korea;Asiatic Region;"Keimyung University, Academia Koreana";"2009-2024";"Arts and Humanities (miscellaneous) (Q3); Cultural Studies (Q3)";"Arts and Humanities; Social Sciences"
907;16400154727;"European Romantic Review";journal;"17404657, 10509585";"Routledge";No;No;0,123;Q3;17;35;113;1473;20;106;0,18;42,09;51,35;0;2;United Kingdom;Western Europe;"Routledge";"1990-2024";"Literature and Literary Theory (Q2); Cultural Studies (Q3)";"Arts and Humanities; Social Sciences"
908;21100244842;"International Journal of Critical Cultural Studies";journal;"23272376, 23270055";"Common Ground Research Networks";No;No;0,123;Q3;4;18;38;640;10;38;0,35;35,56;48,15;0;5;United States;Northern America;"Common Ground Research Networks";"2013-2025";"Literature and Literary Theory (Q2); Arts and Humanities (miscellaneous) (Q3); Cultural Studies (Q3)";"Arts and Humanities; Social Sciences"
909;21100899295;"Narodopisny Vestnik";journal;"25710982, 12118117";"Czech Ethnological Society";No;No;0,123;Q3;2;11;35;356;9;35;0,22;32,36;75,00;0;1;Czech Republic;Eastern Europe;"Czech Ethnological Society";"2018-2024";"Cultural Studies (Q3); History (Q3); Anthropology (Q4)";"Arts and Humanities; Social Sciences"
910;21101170295;"Osmanli Medeniyeti Arastirmalari Dergisi";journal;"24589519";"Selim Hilmi Ozkan";No;No;0,123;Q3;2;64;76;2854;6;76;0,06;44,59;10,45;0;12;Turkey;Middle East;"Selim Hilmi Ozkan";"2019-2024";"Arts and Humanities (miscellaneous) (Q3); Cultural Studies (Q3); History (Q3); Social Sciences (miscellaneous) (Q4)";"Arts and Humanities; Social Sciences"
911;21100211719;"Shaman";journal;"12167827";"Molnar &amp; Kelemen Oriental Publishers";No;No;0,123;Q3;3;5;24;300;4;24;0,11;60,00;60,00;0;0;Hungary;Eastern Europe;"Molnar &amp; Kelemen Oriental Publishers";"2011-2013, 2016-2021, 2023-2024";"Cultural Studies (Q3); Religious Studies (Q3); Anthropology (Q4)";"Arts and Humanities; Social Sciences"
912;21100948920;"Slovenske Divadlo";journal;"0037699X, 13368605";"Slovak Academy of Sciences";Yes;Yes;0,123;Q3;2;28;91;771;8;81;0,12;27,54;56,52;0;3;Slovakia;Eastern Europe;"Slovak Academy of Sciences";"2018-2024";"Literature and Literary Theory (Q2); Visual Arts and Performing Arts (Q2); Cultural Studies (Q3); History (Q3); Music (Q3); Communication (Q4)";"Arts and Humanities; Social Sciences"
913;21100929890;"Slovo a Smysl";journal;"23366680, 12147915";"Univerzita Karlova, Filozoficka fakulta";Yes;Yes;0,123;Q3;2;24;86;915;6;83;0,08;38,13;40,00;0;3;Czech Republic;Eastern Europe;"Univerzita Karlova, Filozoficka fakulta";"2018-2024";"Literature and Literary Theory (Q2); Cultural Studies (Q3)";"Arts and Humanities; Social Sciences"
914;21100886418;"Theatralia";journal;"1803845X, 23364548";"Masaryk University, Faculty of Arts";Yes;Yes;0,123;Q3;2;26;112;654;13;101;0,07;25,15;57,14;0;0;Czech Republic;Eastern Europe;"Masaryk University, Faculty of Arts";"2018-2024";"Visual Arts and Performing Arts (Q2); Cultural Studies (Q3); History (Q3)";"Arts and Humanities; Social Sciences"
915;21100905397;"Czas Kultury";journal;"08672148";"Stowarzyszenie Czasu Kultury";No;No;0,122;Q3;1;34;198;556;2;121;0,00;16,35;64,52;0;5;Poland;Eastern Europe;"Stowarzyszenie Czasu Kultury";"2018-2024";"Arts and Humanities (miscellaneous) (Q3); Cultural Studies (Q3); Social Sciences (miscellaneous) (Q4)";"Arts and Humanities; Social Sciences"
916;21101193866;"Mutefekkir";journal;"21488134, 21485631";"Aksaray University, Faculty of Islamic Sciences";Yes;No;0,122;Q3;1;29;50;1430;3;48;0,06;49,31;12,50;0;3;Turkey;Middle East;"Aksaray University, Faculty of Islamic Sciences";"2022-2024";"Cultural Studies (Q3); Religious Studies (Q3)";"Arts and Humanities; Social Sciences"
917;16400154711;"Seminar - A Journal of Germanic Studies";journal;"00371939, 1911026X";"University of Toronto Press";No;No;0,122;Q3;9;19;65;913;4;63;0,07;48,05;43,75;0;1;Canada;Northern America;"University of Toronto Press";"1996-2024";"Literature and Literary Theory (Q2); Cultural Studies (Q3)";"Arts and Humanities; Social Sciences"
918;5700168298;"Souls";journal;"10999949, 15483843";"Taylor and Francis Ltd.";No;No;0,122;Q3;26;0;25;0;4;21;0,33;0,00;0,00;0;0;United Kingdom;Western Europe;"Taylor and Francis Ltd.";"1999-2000, 2002-2022";"Cultural Studies (Q3); Sociology and Political Science (Q4)";"Social Sciences"
919;21101104841;"Topos";journal;"2538886X";"European Humanities University";Yes;Yes;0,122;Q3;2;16;69;740;12;63;0,23;46,25;40,00;0;3;Lithuania;Eastern Europe;"European Humanities University";"2019-2024";"Cultural Studies (Q3); Philosophy (Q3); Sociology and Political Science (Q4)";"Arts and Humanities; Social Sciences"
920;21100307490;"Cahiers des Ameriques Latines";book series;"11417161";"Institut des Hautes Etudes de l'Amerique Latine (IHEAL)";Yes;Yes;0,121;Q3;7;17;125;898;19;107;0,13;52,82;42,11;0;5;France;Western Europe;"Institut des Hautes Etudes de l'Amerique Latine (IHEAL)";"1972, 1976, 1979, 1987, 2001-2002, 2012-2024";"Cultural Studies (Q3); Demography (Q4); Sociology and Political Science (Q4); Urban Studies (Q4)";"Social Sciences"
921;16400154753;"Contemporary French and Francophone Studies";journal;"17409292";"Taylor and Francis Ltd.";No;No;0,121;Q3;11;70;199;1831;27;178;0,12;26,16;55,38;0;10;United Kingdom;Western Europe;"Taylor and Francis Ltd.";"1997-2024";"Literature and Literary Theory (Q2); Cultural Studies (Q3); History (Q3); Visual Arts and Performing Arts (Q3)";"Arts and Humanities; Social Sciences"
922;21100267793;"Early Medieval China";journal;"15299104, 19467842";"Maney Publishing";No;No;0,121;Q3;6;3;19;0;2;16;0,09;0,00;100,00;0;0;United Kingdom;Western Europe;"Maney Publishing";"1994-1995, 2005, 2007-2024";"Literature and Literary Theory (Q2); Cultural Studies (Q3); History (Q3); Philosophy (Q3); Religious Studies (Q3); Anthropology (Q4)";"Arts and Humanities; Social Sciences"
923;21100235621;"Etudes Mongoles et Siberiennes, Centrasiatiques et Tibetaines";journal;"07665075, 21010013";"Centre d'Etudes Mongoles et Siberiennes";No;No;0,121;Q3;8;12;35;653;17;32;0,44;54,42;54,55;0;2;France;Western Europe;"Centre d'Etudes Mongoles et Siberiennes";"2011, 2013-2024";"Cultural Studies (Q3); Linguistics and Language (Q3); Anthropology (Q4)";"Social Sciences"
924;21101021441;"European Journal of American Studies";journal;"19919336";"European Association for American Studies";Yes;Yes;0,121;Q3;5;40;145;1388;32;140;0,16;34,70;72,97;0;4;France;Western Europe;"European Association for American Studies";"2018-2024";"Literature and Literary Theory (Q2); Cultural Studies (Q3); History (Q3); Geography, Planning and Development (Q4); Social Sciences (miscellaneous) (Q4); Sociology and Political Science (Q4)";"Arts and Humanities; Social Sciences"
925;21101125543;"European Journal of Creative Practices in Cities and Landscapes";journal;"26120496";"Department of Architecture, University of Bologna";Yes;Yes;0,121;Q3;6;0;70;0;15;65;0,10;0,00;0,00;0;0;Italy;Western Europe;"Department of Architecture, University of Bologna";"2018-2023";"Cultural Studies (Q3); Architecture (Q4); Social Sciences (miscellaneous) (Q4); Urban Studies (Q4)";"Engineering; Social Sciences"
926;21100202733;"Extrapolation";journal;"00145483";"Liverpool University Press";No;No;0,121;Q3;9;15;37;583;9;35;0,28;38,87;28,57;0;0;United States;Northern America;"Liverpool University Press";"2011-2024";"Literature and Literary Theory (Q2); Cultural Studies (Q3)";"Arts and Humanities; Social Sciences"
927;6000162994;"Folk Life";journal;"04308778, 1759670X";"Taylor and Francis Ltd.";No;No;0,121;Q3;6;8;28;132;7;26;0,12;16,50;70,00;0;2;United Kingdom;Western Europe;"Taylor and Francis Ltd.";"1963-1995, 2002-2024";"Arts and Humanities (miscellaneous) (Q3); Cultural Studies (Q3); Anthropology (Q4)";"Arts and Humanities; Social Sciences"
928;21100404539;"Journal of Muslims in Europe";journal;"2211792X, 22117954";"Brill Academic Publishers";No;No;0,121;Q3;14;16;65;671;19;58;0,22;41,94;46,67;0;4;Netherlands;Western Europe;"Brill Academic Publishers";"2012-2025";"Cultural Studies (Q3); History (Q3); Religious Studies (Q3); Anthropology (Q4)";"Arts and Humanities; Social Sciences"
929;14000155810;"Photography and Culture";journal;"17514525, 17514517";"Taylor and Francis Ltd.";No;No;0,121;Q3;9;20;92;575;18;86;0,17;28,75;57,14;0;2;United Kingdom;Western Europe;"Taylor and Francis Ltd.";"2012-2025";"Cultural Studies (Q3); Visual Arts and Performing Arts (Q3)";"Arts and Humanities; Social Sciences"
930;21101021469;"ReOrient";journal;"20555601, 2055561X";"Pluto Journals";Yes;Yes;0,121;Q3;7;16;27;896;8;27;0,33;56,00;27,27;0;1;United Kingdom;Western Europe;"Pluto Journals";"2019-2024";"Cultural Studies (Q3); Philosophy (Q3); Religious Studies (Q3)";"Arts and Humanities; Social Sciences"
931;21100903450;"Review of Korean Studies";journal;"27339351, 12290076";"The Academy of Korean Studies";Yes;Yes;0,121;Q3;3;27;84;648;9;72;0,09;24,00;38,10;0;3;South Korea;Asiatic Region;"The Academy of Korean Studies";"2018-2024";"Arts and Humanities (miscellaneous) (Q3); Cultural Studies (Q3); Social Sciences (miscellaneous) (Q4)";"Arts and Humanities; Social Sciences"
932;21100291843;"Seoul Journal of Korean Studies";journal;"12250201";"Kyujanggak Institute for Korean Studies, Seoul National University";No;No;0,121;Q3;4;14;55;646;9;47;0,13;46,14;27,27;0;2;South Korea;Asiatic Region;"Kyujanggak Institute for Korean Studies, Seoul National University";"2013-2024";"Archeology (Q3); Arts and Humanities (miscellaneous) (Q3); Cultural Studies (Q3); Linguistics and Language (Q3); Sociology and Political Science (Q4)";"Arts and Humanities; Social Sciences"
933;4600151402;"Volta Review";journal;"00428639, 21625158";"Alexander Graham Bell Association";No;No;0,121;Q3;32;4;14;119;2;12;0,00;29,75;72,73;0;0;United States;Northern America;"Alexander Graham Bell Association";"1946-1948, 1973, 1996-2001, 2004-2015, 2017-2024";"Arts and Humanities (miscellaneous) (Q3); Cultural Studies (Q3); Developmental and Educational Psychology (Q4)";"Arts and Humanities; Psychology; Social Sciences"
934;6500153188;"Wasafiri";journal;"02690055";"Routledge";No;No;0,121;Q3;13;85;180;498;29;71;0,13;5,86;77,78;0;6;United Kingdom;Western Europe;"Routledge";"1984-2024";"Literature and Literary Theory (Q2); Cultural Studies (Q3)";"Arts and Humanities; Social Sciences"
935;21101219814;"Afrika Focus";journal;"2031356X, 0772084X";"Brill Academic Publishers";No;No;0,120;Q3;4;21;39;848;7;35;0,06;40,38;43,75;0;12;Netherlands;Western Europe;"Brill Academic Publishers";"2019-2025";"Cultural Studies (Q3); Social Sciences (miscellaneous) (Q4)";"Social Sciences"
936;22779;"Archiv Orientalni";journal;"00448699";"Oriental Institute, Czech Academy of Sciences";No;No;0,120;Q3;7;23;64;1159;11;58;0,17;50,39;36,36;0;4;Czech Republic;Eastern Europe;"Oriental Institute, Czech Academy of Sciences";"1986, 2001, 2009-2024";"Cultural Studies (Q3); History (Q3)";"Arts and Humanities; Social Sciences"
937;19900192554;"Comparative Critical Studies";journal;"17500109, 17441854";"Edinburgh University Press";No;No;0,120;Q3;12;33;66;675;17;55;0,26;20,45;60,00;0;5;United Kingdom;Western Europe;"Edinburgh University Press";"2004-2024";"Literature and Literary Theory (Q2); Cultural Studies (Q3)";"Arts and Humanities; Social Sciences"
938;5600156482;"Dutch Crossing";journal;"03096564";"Maney Publishing";No;No;0,120;Q3;7;13;54;368;13;43;0,31;28,31;41,67;0;1;United Kingdom;Western Europe;"Maney Publishing";"2011-2025";"Arts and Humanities (miscellaneous) (Q3); Cultural Studies (Q3); Sociology and Political Science (Q4)";"Arts and Humanities; Social Sciences"
939;6500153123;"Early Popular Visual Culture";journal;"17460654";"Routledge";No;No;0,120;Q3;11;24;60;873;9;55;0,20;36,38;50,00;0;2;United Kingdom;Western Europe;"Routledge";"2009-2025";"Cultural Studies (Q3); History (Q3); Visual Arts and Performing Arts (Q3)";"Arts and Humanities; Social Sciences"
940;21100258625;"International Journal of Diverse Identities";journal;"23277866, 23278560";"Common Ground Research Networks";No;No;0,120;Q3;3;6;12;325;7;12;0,88;54,17;46,67;0;1;United States;Northern America;"Common Ground Research Networks";"2013-2025";"Cultural Studies (Q3); Anthropology (Q4); Gender Studies (Q4); Sociology and Political Science (Q4)";"Social Sciences"
941;5700165614;"Journal of Middle East Women's Studies";journal;"15525864";"Duke University Press";No;No;0,120;Q3;15;29;100;1005;23;92;0,21;34,66;66,67;0;12;United States;Northern America;"Duke University Press";"2013-2024";"Cultural Studies (Q3); History (Q3); Gender Studies (Q4); Sociology and Political Science (Q4)";"Arts and Humanities; Social Sciences"
942;16400154767;"Pomegranate";journal;"17431735, 15280268";"Equinox Publishing Ltd";No;No;0,120;Q3;13;0;18;0;4;18;0,10;0,00;0,00;0;0;United Kingdom;Western Europe;"Equinox Publishing Ltd";"2004-2022";"Cultural Studies (Q3); Religious Studies (Q3)";"Arts and Humanities; Social Sciences"
943;21100899305;"SARE";journal;"0127046X";"University of Malaya";Yes;Yes;0,120;Q3;4;22;76;589;13;57;0,25;26,77;57,89;0;6;Malaysia;Asiatic Region;"University of Malaya";"2018-2024";"Literature and Literary Theory (Q2); Cultural Studies (Q3); Linguistics and Language (Q3); Communication (Q4)";"Arts and Humanities; Social Sciences"
944;21101149043;"Studies in Linguistics, Culture and FLT";journal;"25349538, 2534952X";"Konstantin Preslavsky University of Shumen";Yes;Yes;0,120;Q3;2;31;41;1183;11;41;0,27;38,16;60,87;0;3;Bulgaria;Eastern Europe;"Konstantin Preslavsky University of Shumen";"2022-2024";"Cultural Studies (Q3)";"Social Sciences"
945;19700169104;"Vostok (Oriens)";journal;"08691908";"Russian Academy of Sciences";No;No;0,120;Q3;4;0;301;0;33;301;0,11;0,00;0,00;0;0;Russian Federation;Eastern Europe;"Russian Academy of Sciences";"1999, 2001, 2019-2023";"Cultural Studies (Q3); History (Q3); Linguistics and Language (Q3); Anthropology (Q4); Political Science and International Relations (Q4)";"Arts and Humanities; Social Sciences"
946;6500153148;"Year's Work in Critical and Cultural Theory";journal;"10774254";"Oxford University Press";No;No;0,120;Q3;5;20;50;372;5;49;0,09;18,60;50,00;0;3;United Kingdom;Western Europe;"Oxford University Press";"1991-1996, 2007-2024";"Literature and Literary Theory (Q2); Cultural Studies (Q3); History (Q3); Linguistics and Language (Q3); Philosophy (Q3); Visual Arts and Performing Arts (Q3)";"Arts and Humanities; Social Sciences"
947;21100805773;"Arizona Quarterly";journal;"00041610, 15589595";"Johns Hopkins University Press";No;No;0,119;Q3;6;20;63;876;10;54;0,14;43,80;44,44;0;6;United States;Northern America;"Johns Hopkins University Press";"2016-2024";"Literature and Literary Theory (Q2); Cultural Studies (Q3)";"Arts and Humanities; Social Sciences"
948;21100901131;"Cultural History";journal;"20452918, 2045290X";"Edinburgh University Press";No;No;0,119;Q3;7;21;38;937;11;32;0,29;44,62;52,94;0;3;United Kingdom;Western Europe;"Edinburgh University Press";"2012-2024";"Cultural Studies (Q3); History (Q3); Political Science and International Relations (Q4)";"Arts and Humanities; Social Sciences"
949;5800223782;"Forum Italicum";journal;"00145858, 2168989X";"SAGE Publications Inc.";No;No;0,119;Q3;6;42;130;1753;20;113;0,17;41,74;45,24;0;6;United States;Northern America;"SAGE Publications Inc.";"1967, 1969-1974, 1976-1985, 1988, 1990-1994, 1998-1999, 2002-2025";"Literature and Literary Theory (Q2); Cultural Studies (Q3); Linguistics and Language (Q3)";"Arts and Humanities; Social Sciences"
950;21101059010;"International Journal of Asian Christianity";journal;"25424246, 25424238";"Brill Academic Publishers";No;No;0,119;Q3;2;14;47;471;7;42;0,13;33,64;14,29;0;2;Netherlands;Western Europe;"Brill Academic Publishers";"2021-2024";"Cultural Studies (Q3); History (Q3); Religious Studies (Q3)";"Arts and Humanities; Social Sciences"
951;21100258752;"International Journal of Organizational Diversity";journal;"23286261, 23286229";"Common Ground Research Networks";No;No;0,119;Q3;5;7;32;383;9;32;0,20;54,71;73,68;0;4;United States;Northern America;"Common Ground Research Networks";"2013-2025";"Cultural Studies (Q3); Organizational Behavior and Human Resource Management (Q4)";"Business, Management and Accounting; Social Sciences"
952;21100416283;"Shofar";journal;"15345165, 08828539";"Purdue University Press";No;No;0,119;Q3;7;34;91;1373;20;77;0,30;40,38;34,48;0;4;United States;Northern America;"Purdue University Press";"2014-2024";"Cultural Studies (Q3); History (Q3); Religious Studies (Q3)";"Arts and Humanities; Social Sciences"
953;21101162552;"Wagadu: Journal of Transnational Women's and Gender Studies";journal;"15456196, 21502226";"SUNY Cortland";No;No;0,119;Q3;2;0;28;0;5;26;0,11;0,00;0,00;0;0;United States;Northern America;"SUNY Cortland";"2019-2022";"Cultural Studies (Q3); Philosophy (Q3); Gender Studies (Q4)";"Arts and Humanities; Social Sciences"
954;17100154728;"African Diaspora";book series;"18725457, 18725465";"Brill Academic Publishers";Yes;No;0,118;Q3;21;2;21;41;6;18;0,29;20,50;100,00;0;0;Netherlands;Western Europe;"Brill Academic Publishers";"2008-2016, 2018-2024";"Cultural Studies (Q3); History (Q3); Linguistics and Language (Q3); Sociology and Political Science (Q4)";"Arts and Humanities; Social Sciences"
955;22776;"Arabica";journal;"15700585, 05705398";"Brill Academic Publishers";No;No;0,118;Q3;24;16;47;1940;9;45;0,27;121,25;22,22;0;1;Netherlands;Western Europe;"Brill Academic Publishers";"1954-1981, 1983-1993, 1996-2024";"Literature and Literary Theory (Q2); Cultural Studies (Q3); Linguistics and Language (Q3); Religious Studies (Q3)";"Arts and Humanities; Social Sciences"
956;5700160809;"Common Knowledge";journal;"0961754X, 15384578";"Duke University Press";No;No;0,118;Q3;14;21;84;461;10;82;0,13;21,95;52,38;0;0;United States;Northern America;"Duke University Press";"2010-2024";"Literature and Literary Theory (Q2); Cultural Studies (Q3); Philosophy (Q3)";"Arts and Humanities; Social Sciences"
957;5700177049;"CR: The New Centennial Review";journal;"1532687X, 15396630";"Michigan State University, Department of English";No;No;0,118;Q3;23;0;94;0;13;78;0,15;0,00;0,00;0;0;United States;Northern America;"Michigan State University, Department of English";"2002-2023";"Literature and Literary Theory (Q2); Cultural Studies (Q3); Sociology and Political Science (Q4)";"Arts and Humanities; Social Sciences"
958;5600155082;"Cultural Critique";journal;"15345203, 08824371";"University of Minnesota Press";No;No;0,118;Q3;30;31;91;1249;19;81;0,15;40,29;36,00;0;0;United States;Northern America;"University of Minnesota Press";"2002-2024";"Literature and Literary Theory (Q2); Cultural Studies (Q3); Philosophy (Q3); Anthropology (Q4); Sociology and Political Science (Q4)";"Arts and Humanities; Social Sciences"
959;25704;"Exchange";journal;"1572543X, 01662740";"Brill Academic Publishers";No;No;0,118;Q3;9;19;50;660;8;40;0,14;34,74;61,11;0;3;Netherlands;Western Europe;"Brill Academic Publishers";"1973-1975, 1978, 1984-1986, 1991, 2001-2003, 2005-2025";"Cultural Studies (Q3); Religious Studies (Q3)";"Arts and Humanities; Social Sciences"
960;21101108508;"IAFOR Journal of Cultural Studies";journal;"21874905";"The International Academic Forum (IAFOR)";Yes;Yes;0,118;Q3;2;16;37;776;7;37;0,15;48,50;64,71;0;5;Japan;Asiatic Region;"The International Academic Forum (IAFOR)";"2019-2024";"Arts and Humanities (miscellaneous) (Q3); Cultural Studies (Q3); Anthropology (Q4); Social Sciences (miscellaneous) (Q4)";"Arts and Humanities; Social Sciences"
961;21100898523;"Images (Poland)";journal;"1731450X";"Uniwersytet im. Adama Mickiewicza w Poznaniu";Yes;Yes;0,118;Q3;2;38;146;998;13;144;0,09;26,26;40,54;0;5;Poland;Eastern Europe;"Uniwersytet im. Adama Mickiewicza w Poznaniu";"2018-2024";"Cultural Studies (Q3); Visual Arts and Performing Arts (Q3); Communication (Q4)";"Arts and Humanities; Social Sciences"
962;21100829504;"Journal of Holy Land and Palestine Studies";journal;"20541996, 20541988";"Edinburgh University Press";No;No;0,118;Q3;13;13;32;659;15;30;0,14;50,69;31,25;0;1;United Kingdom;Western Europe;"Edinburgh University Press";"2002-2008, 2010, 2012, 2014-2024";"Literature and Literary Theory (Q2); Cultural Studies (Q3); History (Q3); Religious Studies (Q3)";"Arts and Humanities; Social Sciences"
963;20300195060;"Journal of Song-Yuan Studies";journal;"21546665, 10593152";"Society for Song, Yuan, and Conquest Dynasties Studies";No;No;0,118;Q3;7;8;43;1164;3;40;0,00;145,50;57,14;0;0;United States;Northern America;"Society for Song, Yuan, and Conquest Dynasties Studies";"2010-2012, 2014-2015, 2019-2024";"Literature and Literary Theory (Q2); Cultural Studies (Q3); History (Q3); Sociology and Political Science (Q4)";"Arts and Humanities; Social Sciences"
964;15649;"Nineteenth-Century Contexts";journal;"14772663, 08905495";"Taylor and Francis Ltd.";No;No;0,118;Q3;17;38;101;1207;18;97;0,13;31,76;73,17;0;0;United Kingdom;Western Europe;"Taylor and Francis Ltd.";"1987-1997, 1999-2025";"Literature and Literary Theory (Q2); Cultural Studies (Q3)";"Arts and Humanities; Social Sciences"
965;21100890940;"Rural China";journal;"22136746, 22136738";"Brill Academic Publishers";No;No;0,118;Q3;8;17;37;736;5;37;0,08;43,29;38,46;0;7;Netherlands;Western Europe;"Brill Academic Publishers";"2013-2025";"Cultural Studies (Q3); History (Q3); Anthropology (Q4); Geography, Planning and Development (Q4)";"Arts and Humanities; Social Sciences"
966;21100787378;"Culture Unbound";journal;"20001525";"Linkoping University Electronic Press";Yes;Yes;0,117;Q3;15;13;50;781;21;50;0,46;60,08;64,00;0;2;Sweden;Western Europe;"Linkoping University Electronic Press";"2015-2024";"Arts and Humanities (miscellaneous) (Q3); Cultural Studies (Q3); Anthropology (Q4)";"Arts and Humanities; Social Sciences"
967;7200153149;"Journal of Jewish Thought and Philosophy";journal;"1053699X, 1477285X";"Brill Academic Publishers";No;No;0,117;Q3;12;11;40;894;7;37;0,25;81,27;10,00;0;0;Netherlands;Western Europe;"Brill Academic Publishers";"1993-1995, 1997-2004, 2006-2024";"Literature and Literary Theory (Q2); Cultural Studies (Q3); Philosophy (Q3); Religious Studies (Q3); Anthropology (Q4); Sociology and Political Science (Q4)";"Arts and Humanities; Social Sciences"
968;21101045757;"Journal of Magazine Media";journal;"25767887, 25767895";"University of Nebraska Press";No;No;0,117;Q3;5;6;37;208;1;24;0,04;34,67;0,00;0;1;United States;Northern America;"University of Nebraska Press";"2017-2024";"Cultural Studies (Q3); History (Q3); Communication (Q4); Social Sciences (miscellaneous) (Q4)";"Arts and Humanities; Social Sciences"
969;17900156712;"Jung Journal: Culture and Psyche";journal;"19342039, 19342047";"Taylor and Francis Ltd.";No;No;0,117;Q3;8;75;134;691;14;97;0,11;9,21;54,76;0;2;United Kingdom;Western Europe;"Taylor and Francis Ltd.";"2007-2024";"Literature and Literary Theory (Q2); Cultural Studies (Q3); Visual Arts and Performing Arts (Q3); Applied Psychology (Q4)";"Arts and Humanities; Psychology; Social Sciences"
970;21101240971;"NAJUA: History of Architecture and Thai Architecture";journal;"26973901";"Faculty of Architecture, Silpakorn University";No;No;0,117;Q3;1;11;40;276;4;40;0,13;25,09;45,45;0;5;Thailand;Asiatic Region;"Faculty of Architecture, Silpakorn University";"2020-2024";"Arts and Humanities (miscellaneous) (Q3); Cultural Studies (Q3); History (Q3); Architecture (Q4)";"Arts and Humanities; Engineering; Social Sciences"
971;21101037315;"Short Fiction in Theory and Practice";journal;"2043071X, 20430701";"Intellect Ltd.";No;No;0,117;Q3;2;11;50;268;5;43;0,13;24,36;80,00;0;4;United Kingdom;Western Europe;"Intellect Ltd.";"2019-2024";"Literature and Literary Theory (Q2); Arts and Humanities (miscellaneous) (Q3); Cultural Studies (Q3); Linguistics and Language (Q3)";"Arts and Humanities; Social Sciences"
972;21100369402;"Studi Slavistici";journal;"18247601, 1824761X";"Firenze University Press";Yes;Yes;0,117;Q3;5;27;83;945;8;79;0,11;35,00;55,88;0;1;Italy;Western Europe;"Firenze University Press";"2013-2024";"Literature and Literary Theory (Q2); Cultural Studies (Q3); Linguistics and Language (Q3)";"Arts and Humanities; Social Sciences"
973;29167;"Australian Journal of French Studies";journal;"00049468";"Liverpool University Press";No;No;0,116;Q3;8;33;91;1060;8;86;0,12;32,12;61,90;0;3;Australia;Pacific Region;"Liverpool University Press";"1975, 1980, 1999, 2001-2024";"Cultural Studies (Q3); History (Q3); Linguistics and Language (Q3); Literature and Literary Theory (Q3)";"Arts and Humanities; Social Sciences"
974;21101156473;"Biblia Arabica";book series;"22136401";"Brill Academic Publishers";No;No;0,116;Q3;5;0;2;0;0;2;0,00;0,00;0,00;0;0;Netherlands;Western Europe;"Brill Academic Publishers";"2015-2017, 2019, 2022";"Cultural Studies (Q3); Religious Studies (Q3)";"Arts and Humanities; Social Sciences"
975;21100407618;"Brill's Series on the Early Middle Ages";book series;"18784879";"Brill Academic Publishers";No;No;0,116;Q3;6;1;2;1164;0;2;0,00;1164,00;0,00;0;0;Netherlands;Western Europe;"Brill Academic Publishers";"2008-2014, 2016, 2020, 2022, 2024-2025";"Classics (Q2); Archeology (arts and humanities) (Q3); Cultural Studies (Q3); History (Q3); Linguistics and Language (Q3); Literature and Literary Theory (Q3); Philosophy (Q3); Visual Arts and Performing Arts (Q3); Social Sciences (miscellaneous) (Q4)";"Arts and Humanities; Social Sciences"
976;21101145392;"Explorations in Medieval Culture";book series;"23520299";"Brill Academic Publishers";No;No;0,116;Q3;6;1;155;682;33;2;0,20;682,00;0,00;0;0;Netherlands;Western Europe;"Brill Academic Publishers";"2015-2019, 2021-2023";"Cultural Studies (Q3); History (Q3)";"Arts and Humanities; Social Sciences"
977;21100208094;"Foro Hispanico";book series;"09258620, 18757375";"Brill Academic Publishers";No;No;0,116;Q3;4;11;45;400;1;2;0,02;36,36;0,00;0;0;Netherlands;Western Europe;"Brill Academic Publishers";"2011-2024";"Cultural Studies (Q3); Linguistics and Language (Q3); Literature and Literary Theory (Q3)";"Arts and Humanities; Social Sciences"
978;5700153863;"Germanic Review";journal;"00168890, 19306962";"Routledge";No;No;0,116;Q3;14;30;75;0;14;73;0,11;0,00;50,00;0;1;United States;Northern America;"Routledge";"1974-1980, 1982-1988, 1990-2024";"Cultural Studies (Q3); Literature and Literary Theory (Q3)";"Arts and Humanities; Social Sciences"
979;21100406941;"Handbook of Oriental Studies. Section 8, Uralic and Central Asian Studies";book series;"01698524";"Brill Academic Publishers";No;No;0,116;Q3;11;0;18;0;1;2;0,06;0,00;0,00;0;0;Netherlands;Western Europe;"Brill Academic Publishers";"2007, 2009-2010, 2012, 2014, 2017-2019, 2022-2023, 2025";"Arts and Humanities (miscellaneous) (Q3); Cultural Studies (Q3); Anthropology (Q4)";"Arts and Humanities; Social Sciences"
980;21101145629;"Heterodoxia Iberica";book series;"22130594";"Brill Academic Publishers";No;No;0,116;Q3;0;1;2;1900;0;2;0,00;1900,00;50,00;0;0;Netherlands;Western Europe;"Brill Academic Publishers";"2014, 2018-2019, 2023-2024";"Cultural Studies (Q3); History (Q3)";"Arts and Humanities; Social Sciences"
981;21100409430;"Ideas, History, and Modern China";book series;"18759394";"Brill Academic Publishers";No;No;0,116;Q3;3;2;2;898;0;2;0,00;449,00;50,00;0;0;Netherlands;Western Europe;"Brill Academic Publishers";"2009-2012, 2014-2016, 2018-2020, 2023-2025";"Cultural Studies (Q3); History (Q3)";"Arts and Humanities; Social Sciences"
982;19079;"International Journal of African Historical Studies";journal;"03617882";"Boston University";No;No;0,116;Q3;25;10;52;225;13;50;0,19;22,50;50,00;0;2;United States;Northern America;"Boston University";"1976, 1979-1981, 1985-1989, 1999-2024";"Cultural Studies (Q3); History (Q3); Sociology and Political Science (Q4)";"Arts and Humanities; Social Sciences"
983;21100403909;"Journal of Islamic Manuscripts";journal;"18784631, 1878464X";"Brill Academic Publishers";No;No;0,116;Q3;9;9;53;530;15;49;0,29;58,89;44,44;0;0;Netherlands;Western Europe;"Brill Academic Publishers";"2010-2024";"Cultural Studies (Q3); Visual Arts and Performing Arts (Q3)";"Arts and Humanities; Social Sciences"
984;21101199219;"Mediterranean Art Histories";book series;"22133399";"Brill Academic Publishers";No;No;0,116;Q3;4;0;27;0;3;2;0,12;0,00;0,00;0;0;Netherlands;Western Europe;"Brill Academic Publishers";"2014, 2016, 2021-2022";"Archeology (arts and humanities) (Q3); Cultural Studies (Q3); History (Q3); Visual Arts and Performing Arts (Q3)";"Arts and Humanities; Social Sciences"
985;21100444325;"Muslim Minorities";book series;"15707571";"Brill Academic Publishers";No;No;0,116;Q3;10;11;12;1115;1;2;0,09;101,36;0,00;0;4;Netherlands;Western Europe;"Brill Academic Publishers";"2008, 2010-2024";"Cultural Studies (Q3); History (Q3); Religious Studies (Q3); Anthropology (Q4)";"Arts and Humanities; Social Sciences"
986;21100407177;"Northern World";book series;"15691462";"Brill Academic Publishers";No;No;0,116;Q3;10;21;4;1791;0;2;0,00;85,29;0,00;0;0;Netherlands;Western Europe;"Brill Academic Publishers";"2007-2021, 2023-2025";"Archeology (arts and humanities) (Q3); Cultural Studies (Q3); History (Q3)";"Arts and Humanities; Social Sciences"
987;17500154728;"Portuguese Studies";journal;"02675315";"Modern Humanities Research Association";No;No;0,116;Q3;12;15;53;611;8;50;0,05;40,73;73,33;0;0;United Kingdom;Western Europe;"Modern Humanities Research Association";"2002-2024";"Cultural Studies (Q3); History (Q3); Literature and Literary Theory (Q3)";"Arts and Humanities; Social Sciences"
988;5700160975;"Studia Ethnologica Croatica";journal;"13303627";"Department of Ethnology and Cultural Anthropology Faculty of Humanities and Social Sciences, Univeristy of Zagreb";Yes;Yes;0,116;Q3;5;20;33;959;7;32;0,14;47,95;63,16;0;3;Croatia;Eastern Europe;"Department of Ethnology and Cultural Anthropology Faculty of Humanities and Social Sciences, Univeristy of Zagreb";"2015-2024";"Cultural Studies (Q3); Anthropology (Q4)";"Social Sciences"
989;21100406942;"Studies in Central European Histories";book series;"15471217";"Brill Academic Publishers";No;No;0,116;Q3;6;1;12;450;2;2;0,18;450,00;0,00;0;0;Netherlands;Western Europe;"Brill Academic Publishers";"2007-2012, 2014-2016, 2018-2021, 2023-2024";"Cultural Studies (Q3); History (Q3)";"Arts and Humanities; Social Sciences"
990;21100430692;"Studies in the History of Chinese Texts";book series;"18779425";"Brill Academic Publishers";No;No;0,116;Q3;6;21;3;1543;0;2;0,00;73,48;0,00;0;0;Netherlands;Western Europe;"Brill Academic Publishers";"2010, 2012-2014, 2017-2018, 2021, 2023-2024";"Cultural Studies (Q3); Literature and Literary Theory (Q3)";"Arts and Humanities; Social Sciences"
991;21101158612;"Studies on Sufism";book series;"24680087";"Brill Academic Publishers";No;No;0,116;Q3;4;0;2;0;0;2;0,00;0,00;0,00;0;0;Netherlands;Western Europe;"Brill Academic Publishers";"2017, 2019-2020, 2022-2023, 2025";"Cultural Studies (Q3); Religious Studies (Q3)";"Arts and Humanities; Social Sciences"
992;21100406946;"Texts and Studies on the Qur'an";book series;"15672808";"Brill Academic Publishers";No;No;0,116;Q3;11;1;15;337;3;2;0,21;337,00;0,00;0;0;Netherlands;Western Europe;"Brill Academic Publishers";"2007, 2009-2011, 2013, 2016-2021, 2023-2024";"Cultural Studies (Q3); History (Q3); Philosophy (Q3); Religious Studies (Q3)";"Arts and Humanities; Social Sciences"
993;21100903065;"Varieties of English Around the World";book series;"01727362";"John Benjamins Publishing Company";No;No;0,116;Q3;7;0;27;0;14;2;0,29;0,00;0,00;0;0;Netherlands;Western Europe;"John Benjamins Publishing Company";"2018-2023";"Cultural Studies (Q3); Linguistics and Language (Q3); Communication (Q4)";"Social Sciences"
994;21100202712;"Wacana Seni";journal;"16753410, 21804311";"Penerbit Universiti Sains Malaysia";No;No;0,116;Q3;4;20;29;555;12;25;0,42;27,75;39,13;0;11;Malaysia;Asiatic Region;"Penerbit Universiti Sains Malaysia";"2011-2024";"Cultural Studies (Q3); Music (Q3); Visual Arts and Performing Arts (Q3)";"Arts and Humanities; Social Sciences"
995;21100407809;"Women and Gender in China Studies";book series;"18775772";"Brill Academic Publishers";No;No;0,116;Q3;4;11;2;682;0;2;0,00;62,00;0,00;0;0;Netherlands;Western Europe;"Brill Academic Publishers";"2010, 2013-2014, 2016-2018, 2020-2021, 2023-2024";"Cultural Studies (Q3); Gender Studies (Q4)";"Social Sciences"
996;21100274874;"Annals of the Naprstek Museum";journal;"0231844X";"National Museum";Yes;No;0,115;Q3;6;8;37;328;5;37;0,16;41,00;28,57;0;0;Czech Republic;Eastern Europe;"National Museum";"2011, 2013-2024";"Archeology (arts and humanities) (Q3); Cultural Studies (Q3); History (Q3); Museology (Q3); Anthropology (Q4); Archeology (Q4)";"Arts and Humanities; Social Sciences"
997;21101132406;"Art and the Public Sphere";journal;"2042793X, 20427948";"Intellect Ltd.";No;No;0,115;Q3;2;0;51;0;5;48;0,03;0,00;0,00;0;0;United Kingdom;Western Europe;"Intellect Ltd.";"2019-2023";"Cultural Studies (Q3); Visual Arts and Performing Arts (Q3)";"Arts and Humanities; Social Sciences"
998;21101155435;"Didaskalia (Poland)";journal;"27200043";"Grotowski Institute in Wroclaw";No;No;0,115;Q3;3;109;311;924;10;121;0,03;8,48;77,78;0;6;Poland;Eastern Europe;"Grotowski Institute in Wroclaw";"2019-2024";"Arts and Humanities (miscellaneous) (Q3); Cultural Studies (Q3); Literature and Literary Theory (Q3); Visual Arts and Performing Arts (Q3)";"Arts and Humanities; Social Sciences"
999;21100903063;"Edinburgh Law Review";journal;"17551692, 13649809";"Edinburgh University Press";No;No;0,115;Q3;15;38;96;269;13;62;0,11;7,08;33,33;0;6;United Kingdom;Western Europe;"Edinburgh University Press";"1997-2024";"Cultural Studies (Q3); History (Q3); Law (Q4)";"Arts and Humanities; Social Sciences"
1000;21507;"Eighteenth Century";journal;"19350201, 01935380";"University of Pennsylvania Press";No;No;0,115;Q3;14;0;89;0;6;88;0,00;0,00;0,00;0;0;United States;Northern America;"University of Pennsylvania Press";"1981, 1983, 1986, 2000-2023";"Arts and Humanities (miscellaneous) (Q3); Cultural Studies (Q3)";"Arts and Humanities; Social Sciences"
1001;21100844825;"European Judaism";journal;"00143006, 17522323";"Berghahn Journals";No;No;0,115;Q3;5;23;72;821;4;67;0,09;35,70;43,48;0;3;United States;Northern America;"Berghahn Journals";"2017-2024";"Cultural Studies (Q3); History (Q3); Philosophy (Q3); Religious Studies (Q3); Applied Psychology (Q4)";"Arts and Humanities; Psychology; Social Sciences"
1002;21101253648;"IdeAs";journal;"19505701";"Institut des Ameriques";Yes;Yes;0,115;Q3;4;38;171;1400;15;162;0,09;36,84;50,00;0;5;France;Western Europe;"Institut des Ameriques";"2020-2024";"Cultural Studies (Q3); History (Q3); Political Science and International Relations (Q4); Social Sciences (miscellaneous) (Q4)";"Arts and Humanities; Social Sciences"
1003;12100157012;"Maghreb - Machrek";journal;"22716815, 17623162";"Editions ESKA";No;No;0,115;Q3;6;6;60;299;9;58;0,08;49,83;60,00;0;1;France;Western Europe;"Editions ESKA";"1987, 1989-1990, 2007-2024";"Cultural Studies (Q3); History (Q3); Literature and Literary Theory (Q3); Law (Q4); Political Science and International Relations (Q4); Sociology and Political Science (Q4)";"Arts and Humanities; Social Sciences"
1004;5700172274;"Meanjin";journal;"14488094, 00256293";"University of Melbourne";No;No;0,115;Q3;10;64;380;436;16;360;0,04;6,81;46,67;0;0;Australia;Pacific Region;"University of Melbourne";"2002-2003, 2005-2024";"Cultural Studies (Q3); Literature and Literary Theory (Q3); Sociology and Political Science (Q4)";"Arts and Humanities; Social Sciences"
1005;24474;"Modern Philology";journal;"00268232, 15456951";"University of Chicago Press";No;No;0,115;Q3;20;26;78;544;29;59;0,13;20,92;33,33;0;1;United States;Northern America;"University of Chicago Press";"1905, 1925, 1984, 1986, 1996-2024";"Cultural Studies (Q3); Literature and Literary Theory (Q3); Linguistics and Language (Q4)";"Arts and Humanities; Social Sciences"
1006;21100845391;"Pacific Coast Philology";journal;"2326067X, 00787469";"Penn State University Press";No;No;0,115;Q3;3;8;34;125;3;31;0,05;15,63;16,67;0;1;United States;Northern America;"Penn State University Press";"2017-2022, 2024";"Cultural Studies (Q3); Literature and Literary Theory (Q3); Linguistics and Language (Q4)";"Arts and Humanities; Social Sciences"
1007;21100944137;"Plural. History. Culture. Society";journal;"2345184X, 23451262";"Ion Creanga State Pedagogical University";Yes;Yes;0,115;Q3;4;14;68;988;11;68;0,04;70,57;61,29;0;6;Moldova;Eastern Europe;"Ion Creanga State Pedagogical University";"2018-2024";"Cultural Studies (Q3); History (Q3); Sociology and Political Science (Q4)";"Arts and Humanities; Social Sciences"
1008;21100455134;"Queensland Review";journal;"20497792, 13218166";"Equinox Publishing Ltd";No;No;0,115;Q3;6;0;34;0;10;33;0,06;0,00;0,00;0;0;United Kingdom;Western Europe;"Equinox Publishing Ltd";"2011-2013, 2015-2023";"Cultural Studies (Q3); History (Q3); Literature and Literary Theory (Q3); Sociology and Political Science (Q4)";"Arts and Humanities; Social Sciences"
1009;21100268024;"Revista de Historia das Ideias";journal;"08700958";"University of Coimbra";Yes;Yes;0,115;Q3;4;12;45;551;4;42;0,13;45,92;28,57;0;1;Portugal;Western Europe;"University of Coimbra";"2011-2012, 2016-2024";"Cultural Studies (Q3); History (Q3); Philosophy (Q3)";"Arts and Humanities; Social Sciences"
1010;21495;"Chinese Journal of Medical History";journal;"02557053";"Chinese Medical Journals Publishing House Co.Ltd";No;No;0,114;Q3;7;55;164;1568;20;162;0,08;28,51;43,80;0;11;China;Asiatic Region;"Chinese Medical Journals Publishing House Co.Ltd";"1980-1981, 1984-2010, 2014-2016, 2019-2024";"Cultural Studies (Q3); History (Q3); Health (social science) (Q4)";"Arts and Humanities; Social Sciences"
1011;21101039811;"Early American Studies";journal;"15434273, 15590895";"University of Pennsylvania Press";No;No;0,114;Q3;4;22;72;2503;17;70;0,21;113,77;31,82;0;2;United States;Northern America;"University of Pennsylvania Press";"2019-2024";"Cultural Studies (Q3); History (Q3); Literature and Literary Theory (Q3); Music (Q3); Philosophy (Q3); Religious Studies (Q3); Visual Arts and Performing Arts (Q3)";"Arts and Humanities; Social Sciences"
1012;21100894867;"International Journal of Cuban Studies";journal;"17563461, 1756347X";"Pluto Journals";Yes;Yes;0,114;Q3;4;14;49;441;17;41;0,38;31,50;35,29;0;6;United Kingdom;Western Europe;"Pluto Journals";"2018-2024";"Cultural Studies (Q3); Political Science and International Relations (Q4); Sociology and Political Science (Q4)";"Social Sciences"
1013;21100258633;"International Journal of Learner Diversity and Identities";journal;"23270128, 23272627";"Common Ground Research Networks";No;No;0,114;Q3;6;13;36;582;11;36;0,26;44,77;63,64;0;8;United States;Northern America;"Common Ground Research Networks";"2013-2025";"Cultural Studies (Q3); Education (Q4)";"Social Sciences"
1014;21101208546;"Italica";journal;"00213020, 23256672";"University of Illinois Press";No;No;0,114;Q3;3;0;108;0;3;93;0,03;0,00;0,00;0;0;United States;Northern America;"University of Illinois Press";"2021-2023";"Cultural Studies (Q3); Education (Q4); Linguistics and Language (Q4)";"Social Sciences"
1015;21100903716;"Journal of Belarusian Studies";journal;"00754161, 20526512";"Brill Academic Publishers";No;No;0,114;Q3;4;5;12;66;3;9;0,00;13,20;0,00;0;0;United Kingdom;Western Europe;"Brill Academic Publishers";"2016-2025";"Arts and Humanities (miscellaneous) (Q3); Cultural Studies (Q3); Linguistics and Language (Q4); Political Science and International Relations (Q4); Sociology and Political Science (Q4)";"Arts and Humanities; Social Sciences"
1016;21101121713;"Journal of Popular Romance Studies";journal;"21594473";"International Association for the Study of Popular Romance";Yes;Yes;0,114;Q3;2;15;49;324;11;28;0,26;21,60;66,67;0;3;United States;Northern America;"International Association for the Study of Popular Romance";"2019-2024";"Arts and Humanities (miscellaneous) (Q3); Cultural Studies (Q3); Literature and Literary Theory (Q3); Music (Q3); Visual Arts and Performing Arts (Q3); Communication (Q4)";"Arts and Humanities; Social Sciences"
1017;17054;"Journal of the Malaysian Branch of the Royal Asiatic Society";journal;"21804338, 01267353";"Malaysian Branch of the Royal Asiatic Society";No;No;0,114;Q3;7;15;53;516;3;45;0,10;34,40;25,00;0;2;Malaysia;Asiatic Region;"Malaysian Branch of the Royal Asiatic Society";"1972-1973, 1975-1976, 1988, 2010-2024";"Cultural Studies (Q3); History (Q3); Geography, Planning and Development (Q4)";"Arts and Humanities; Social Sciences"
1018;21101042997;"Religion and Society in Central and Eastern Europe";journal;"15539962";"International Study of Religion in Eastern and Central Europe Association";No;No;0,114;Q3;5;7;16;311;10;13;0,83;44,43;40,00;0;2;Croatia;Eastern Europe;"International Study of Religion in Eastern and Central Europe Association";"2019-2024";"Cultural Studies (Q3); Religious Studies (Q3)";"Arts and Humanities; Social Sciences"
1019;21101152607;"Revista de Historia (Costa Rica)";journal;"22154744";"Universidad Nacional";Yes;Yes;0,114;Q3;3;12;63;593;7;60;0,12;49,42;36,36;0;5;Costa Rica;Latin America;"Universidad Nacional";"2019-2024";"Arts and Humanities (miscellaneous) (Q3); Cultural Studies (Q3); History (Q3)";"Arts and Humanities; Social Sciences"
1020;21101000286;"Studia Ceranea";journal;"24498378, 2084140X";"Lodz University Press";Yes;Yes;0,114;Q3;6;10;99;560;6;99;0,07;56,00;18,18;0;0;Poland;Eastern Europe;"Lodz University Press";"2011-2024";"Cultural Studies (Q3); History (Q3); Religious Studies (Q3)";"Arts and Humanities; Social Sciences"
1021;21100446532;"Studia Mythologica Slavica";journal;"1581128X, 14086271";"Zalozba ZRC";Yes;Yes;0,114;Q3;4;9;30;370;5;30;0,16;41,11;44,44;0;1;Slovenia;Eastern Europe;"Zalozba ZRC";"2015-2024";"Cultural Studies (Q3); Anthropology (Q4)";"Social Sciences"
1022;23518;"Zeitschrift der Deutschen Morgenlandischen Gesellschaft";journal;"03410137";"Harrassowitz Verlag";No;No;0,114;Q3;10;14;53;633;8;49;0,14;45,21;36,36;0;0;Germany;Western Europe;"Harrassowitz Verlag";"1975, 1985, 2002-2009, 2011-2018, 2021-2024";"Cultural Studies (Q3); History (Q3)";"Arts and Humanities; Social Sciences"
1023;21101102040;"Baltic Worlds";journal;"20017308, 20002955";"Sodertorn University Centre for Baltic and East European Studies";Yes;Yes;0,113;Q3;5;11;137;428;14;102;0,08;38,91;45,45;0;1;Sweden;Western Europe;"Sodertorn University Centre for Baltic and East European Studies";"2019-2024";"Arts and Humanities (miscellaneous) (Q3); Cultural Studies (Q3); Social Sciences (miscellaneous) (Q4)";"Arts and Humanities; Social Sciences"
1024;5700191155;"Confluencia";journal;"08886091";"Colorado State University";Yes;No;0,113;Q3;6;36;147;847;10;139;0,07;23,53;61,29;0;2;United States;Northern America;"Colorado State University";"2002-2024";"Cultural Studies (Q3); Literature and Literary Theory (Q3); Visual Arts and Performing Arts (Q3)";"Arts and Humanities; Social Sciences"
1025;21475;"East Central Europe";journal;"00943037, 18763308";"Brill Academic Publishers";No;No;0,113;Q3;11;14;43;792;7;42;0,13;56,57;40,00;0;4;Netherlands;Western Europe;"Brill Academic Publishers";"1975-1983, 1985-1987, 1989-1990, 1992-1993, 1999-2006, 2009-2024";"Cultural Studies (Q3); History (Q3); Sociology and Political Science (Q4)";"Arts and Humanities; Social Sciences"
1026;21100255732;"Journal of Language, Literature and Culture";journal;"20512864, 20512856";"Maney Publishing";No;No;0,113;Q3;5;6;34;242;7;34;0,17;40,33;84,62;0;1;United Kingdom;Western Europe;"Maney Publishing";"2013-2024";"Cultural Studies (Q3); Literature and Literary Theory (Q3); Linguistics and Language (Q4)";"Arts and Humanities; Social Sciences"
1027;21100945717;"Journal of the Ottoman and Turkish Studies Association";journal;"23760702, 23760699";"Indiana University Press";No;No;0,113;Q3;5;11;132;1039;33;118;0,13;94,45;50,00;0;0;United States;Northern America;"Indiana University Press";"2019-2024";"Cultural Studies (Q3); History (Q3); Religious Studies (Q3); Anthropology (Q4); Law (Q4)";"Arts and Humanities; Social Sciences"
1028;19900192171;"Junctures - The Journal for Thematic Dialogue";journal;"11765119, 11798912";"Otago Polytechnic";Yes;No;0,113;Q3;3;6;20;317;2;17;0,10;52,83;44,44;0;2;New Zealand;Pacific Region;"Otago Polytechnic";"2009-2012, 2015-2020, 2022-2024";"Cultural Studies (Q3); Literature and Literary Theory (Q3); Visual Arts and Performing Arts (Q3)";"Arts and Humanities; Social Sciences"
1029;24268;"Korean Studies";journal;"0145840X, 15291529";"University of Hawaii Press";No;No;0,113;Q3;7;17;41;1473;5;37;0,13;86,65;50,00;0;7;United States;Northern America;"University of Hawaii Press";"1991-1998, 2017-2024";"Arts and Humanities (miscellaneous) (Q3); Cultural Studies (Q3); History (Q3); Literature and Literary Theory (Q3); Visual Arts and Performing Arts (Q3); Anthropology (Q4); Geography, Planning and Development (Q4); Social Sciences (miscellaneous) (Q4); Sociology and Political Science (Q4)";"Arts and Humanities; Social Sciences"
1030;21100838825;"Lectora";journal;"11365781, 20139470";"Centre for Women and Literature. Gender, sexualities and cultural criticism";Yes;Yes;0,113;Q3;4;19;66;590;10;65;0,20;31,05;85,71;0;11;Spain;Western Europe;"Centre for Women and Literature. Gender, sexualities and cultural criticism";"2017-2024";"Cultural Studies (Q3); Philosophy (Q3); Gender Studies (Q4)";"Arts and Humanities; Social Sciences"
1031;21101263159;"Lietuvos Etnologija";journal;"13924028, 25386522";"Lithuanian Institute of History";No;No;0,113;Q3;1;9;15;480;3;11;0,21;53,33;57,14;0;0;Lithuania;Eastern Europe;"Lithuanian Institute of History";"2020-2024";"Cultural Studies (Q3); Anthropology (Q4)";"Social Sciences"
1032;11700154341;"Mediterranean Studies";journal;"1074164X, 21614741";"Manchester University Press";No;No;0,113;Q3;9;0;32;0;4;26;0,00;0,00;0,00;0;0;United Kingdom;Western Europe;"Manchester University Press";"2001, 2007-2010, 2012-2023";"Arts and Humanities (miscellaneous) (Q3); Cultural Studies (Q3); Sociology and Political Science (Q4)";"Arts and Humanities; Social Sciences"
1033;21100834359;"Methis";journal;"17366852, 22284745";"University of Tartu Press";Yes;Yes;0,113;Q3;4;0;38;0;10;31;0,26;0,00;0,00;0;0;Estonia;Eastern Europe;"University of Tartu Press";"2017-2022";"Cultural Studies (Q3); Literature and Literary Theory (Q3); Visual Arts and Performing Arts (Q3); Library and Information Sciences (Q4)";"Arts and Humanities; Social Sciences"
1034;19700169130;"Ming Studies";journal;"0147037X, 17597595";"Taylor and Francis Ltd.";No;No;0,113;Q3;8;7;24;345;6;12;0,36;49,29;20,00;0;0;United Kingdom;Western Europe;"Taylor and Francis Ltd.";"1975-1991, 1994-2001, 2003-2025";"Cultural Studies (Q3); History (Q3)";"Arts and Humanities; Social Sciences"
1035;21100241784;"Oceanide";journal;"19896328";"Sociedad Espanola de Estudios Literarios de Cultura Popular";Yes;Yes;0,113;Q3;3;7;21;347;8;21;0,14;49,57;57,14;0;3;Spain;Western Europe;"Sociedad Espanola de Estudios Literarios de Cultura Popular";"2013-2024";"Arts and Humanities (miscellaneous) (Q3); Cultural Studies (Q3)";"Arts and Humanities; Social Sciences"
1036;21101169019;"Quien";journal;"2443972X, 29524946";"Asociacion Espanola de Personalismo";Yes;Yes;0,113;Q3;1;24;37;508;4;34;0,15;21,17;9,09;0;3;Spain;Western Europe;"Asociacion Espanola de Personalismo";"2020-2024";"Cultural Studies (Q3); Arts and Humanities (miscellaneous) (Q4)";"Arts and Humanities; Social Sciences"
1037;17100;"South Asian Studies";journal;"21532699, 02666030";"Taylor and Francis Ltd.";No;No;0,113;Q3;15;14;41;580;11;37;0,13;41,43;50,00;0;0;United Kingdom;Western Europe;"Taylor and Francis Ltd.";"1985-2025";"Cultural Studies (Q3); History (Q3); Archeology (arts and humanities) (Q4); Linguistics and Language (Q4)";"Arts and Humanities; Social Sciences"
1038;19700187618;"Storytelling, Self, Society";journal;"15505340, 19320280";"Wayne State University Press";No;No;0,113;Q3;9;0;30;0;7;28;0,33;0,00;0,00;0;0;United States;Northern America;"Wayne State University Press";"2010-2014, 2017-2023";"Cultural Studies (Q3); Literature and Literary Theory (Q3); Anthropology (Q4); Archeology (Q4)";"Arts and Humanities; Social Sciences"
1039;21100316608;"Studies in American Jewish Literature";journal;"19485077, 02719274";"Penn State University Press";No;No;0,113;Q3;6;26;30;626;6;27;0,32;24,08;42,86;0;2;United States;Northern America;"Penn State University Press";"2014-2024";"Cultural Studies (Q3); Literature and Literary Theory (Q3); Anthropology (Q4)";"Arts and Humanities; Social Sciences"
1040;21100915858;"British and American Studies";journal;"24577715, 12243086";"Diacritic";Yes;Yes;0,113;Q4;2;23;87;500;9;87;0,08;21,74;70,37;0;4;Romania;Eastern Europe;"Diacritic";"2018-2024";"Literature and Literary Theory (Q3); Cultural Studies (Q4); Linguistics and Language (Q4)";"Arts and Humanities; Social Sciences"
1041;21100826749;"REHABEND";conference and proceedings;"23868198";"University of Cantabria - Building Technology R&amp;D Group";No;No;0,113;-;6;276;280;3981;27;279;0,10;14,42;40,48;0;105;Spain;Western Europe;"University of Cantabria - Building Technology R&amp;D Group";"2014, 2016-2018, 2020, 2022, 2024";"Building and Construction; Cultural Studies; Geography, Planning and Development; Mechanics of Materials; Urban Studies";"Engineering; Social Sciences"
1042;21101064976;"Acta Universitatis Carolinae Studia Territorialia";journal;"12134449, 23363231";"Karolinum - Nakladatelstvi Univerzity Karlovy";Yes;Yes;0,112;Q4;2;4;27;467;5;21;0,28;116,75;33,33;0;0;Czech Republic;Eastern Europe;"Karolinum - Nakladatelstvi Univerzity Karlovy";"2019, 2021-2024";"History (Q3); Cultural Studies (Q4); Geography, Planning and Development (Q4); Political Science and International Relations (Q4); Sociology and Political Science (Q4)";"Arts and Humanities; Social Sciences"
1043;21100903454;"Arab Media and Society";journal;"16877721";"American University in Cairo";Yes;Yes;0,112;Q4;5;11;56;535;14;54;0,19;48,64;46,15;0;3;Egypt;Africa/Middle East;"American University in Cairo";"2018-2024";"Literature and Literary Theory (Q3); Communication (Q4); Cultural Studies (Q4)";"Arts and Humanities; Social Sciences"
1044;6000173131;"Canadian-American Slavic Studies";journal;"22102396, 00908290";"Brill Academic Publishers";No;No;0,112;Q4;7;9;71;771;7;65;0,12;85,67;77,78;0;1;Netherlands;Western Europe;"Brill Academic Publishers";"1974, 1976, 1978, 1999, 2001, 2009-2010, 2012-2025";"History (Q3); Cultural Studies (Q4)";"Arts and Humanities; Social Sciences"
1045;21100199530;"Etnolog";journal;"03540316";"Slovene Ethnographic Museum";Yes;No;0,112;Q4;8;0;43;0;6;39;0,00;0,00;0,00;0;0;Slovenia;Eastern Europe;"Slovene Ethnographic Museum";"1996-2022";"History (Q3); Museology (Q3); Anthropology (Q4); Cultural Studies (Q4)";"Arts and Humanities; Social Sciences"
1046;21100901578;"Indonesian Journal of International and Comparative Law";journal;"2338770X, 23387602";"Institute for Migrant Rights Press";No;No;0,112;Q4;3;9;50;79;5;36;0,03;8,78;22,22;0;3;Indonesia;Asiatic Region;"Institute for Migrant Rights Press";"2018-2024";"Cultural Studies (Q4); Law (Q4); Sociology and Political Science (Q4)";"Social Sciences"
1047;21100401013;"Journal of Chinese Military History";journal;"22127453, 22127445";"Brill Academic Publishers";No;No;0,112;Q4;5;7;17;315;3;16;0,08;45,00;28,57;0;0;Netherlands;Western Europe;"Brill Academic Publishers";"2012-2024";"History (Q3); Cultural Studies (Q4)";"Arts and Humanities; Social Sciences"
1048;21101193867;"Journal of Finnish Studies";journal;"12066516, 28315081";"University of Illinois Press";No;No;0,112;Q4;4;5;32;263;7;29;0,17;52,60;71,43;0;0;United States;Northern America;"University of Illinois Press";"2019-2024";"History (Q3); Cultural Studies (Q4); Geography, Planning and Development (Q4); Sociology and Political Science (Q4)";"Arts and Humanities; Social Sciences"
1049;21101142416;"Journal of Underrepresented and Minority Progress";journal;"25743465, 25743481";"STAR Scholars Network";No;No;0,112;Q4;5;37;42;1836;7;41;0,25;49,62;68,49;0;18;United States;Northern America;"STAR Scholars Network";"2019-2025";"Philosophy (Q3); Cultural Studies (Q4); Education (Q4); Psychology (miscellaneous) (Q4); Sociology and Political Science (Q4)";"Arts and Humanities; Psychology; Social Sciences"
1050;21100826326;"Maetagused";journal;"1406992X, 14069938";"Eesti Keele Instituudi";Yes;Yes;0,112;Q4;5;26;68;781;6;67;0,11;30,04;75,00;0;4;Estonia;Eastern Europe;"Eesti Keele Instituudi";"2017-2024";"Anthropology (Q4); Cultural Studies (Q4)";"Social Sciences"
1051;21100451439;"Miscelanea de Estudios Arabes y Hebraicos, Seccion Hebreo";journal;"23402547, 1696585X";"Departament of Semitic Studies, University of Granada";Yes;Yes;0,112;Q4;3;0;32;0;4;31;0,05;0,00;0,00;0;0;Spain;Western Europe;"Departament of Semitic Studies, University of Granada";"2015-2023";"History (Q3); Literature and Literary Theory (Q3); Religious Studies (Q3); Cultural Studies (Q4)";"Arts and Humanities; Social Sciences"
1052;21100215942;"Social Sciences and Missions";journal;"18748945, 18748937";"Brill Academic Publishers";No;No;0,112;Q4;6;14;39;699;9;38;0,36;49,93;30,77;0;0;Netherlands;Western Europe;"Brill Academic Publishers";"2012-2024";"Religious Studies (Q3); Cultural Studies (Q4); Social Sciences (miscellaneous) (Q4); Sociology and Political Science (Q4)";"Arts and Humanities; Social Sciences"
1053;145911;"American Scholar";journal;"00030937";"Phi Beta Kappa Society";No;No;0,111;Q4;10;74;213;0;5;165;0,01;0,00;42,00;0;0;United States;Northern America;"Phi Beta Kappa Society";"1983, 1999, 2001-2025";"History (Q3); Literature and Literary Theory (Q3); Cultural Studies (Q4); Sociology and Political Science (Q4)";"Arts and Humanities; Social Sciences"
1054;21100325437;"Archivio di Storia della Cultura";book series;"11240059, 2037688X";"Liguori Editore srl";No;No;0,111;Q4;3;18;81;415;1;49;0,02;23,06;16,67;0;2;Italy;Western Europe;"Liguori Editore srl";"2001-2024";"History (Q3); Cultural Studies (Q4)";"Arts and Humanities; Social Sciences"
1055;21101156472;"Bibliotheca Maqriziana";book series;"22116737";"Brill Academic Publishers";No;No;0,111;Q4;1;1;3;137;0;3;0,00;137,00;0,00;0;0;Netherlands;Western Europe;"Brill Academic Publishers";"2014-2016, 2018-2019, 2021-2024";"History (Q3); Cultural Studies (Q4); Linguistics and Language (Q4)";"Arts and Humanities; Social Sciences"
1056;21100888596;"Colloquia";journal;"18223737";"Institute of Lithuanian Literature and Folklore";No;No;0,111;Q4;3;17;88;466;7;77;0,14;27,41;81,25;0;0;Lithuania;Eastern Europe;"Institute of Lithuanian Literature and Folklore";"2018-2024";"Literature and Literary Theory (Q3); Music (Q3); Arts and Humanities (miscellaneous) (Q4); Cultural Studies (Q4); Sociology and Political Science (Q4)";"Arts and Humanities; Social Sciences"
1057;21101038733;"Communication, Culture and Change in Asia";book series;"23664665, 23664673";"Springer Science and Business Media B.V.";No;No;0,111;Q4;5;1;48;764;12;17;0,16;764,00;0,00;0;1;Netherlands;Western Europe;"Springer Science and Business Media B.V.";"2016-2018, 2021-2024";"Communication (Q4); Cultural Studies (Q4); Development (Q4); Sociology and Political Science (Q4)";"Social Sciences"
1058;21101063828;"E-Revista de Estudos Interculturais";journal;"21826439";"Center for Intercultural Studies, Polytechnic of Porto";No;No;0,111;Q4;3;27;117;771;12;112;0,10;28,56;78,05;0;7;Portugal;Western Europe;"Center for Intercultural Studies, Polytechnic of Porto";"2019-2024";"Arts and Humanities (miscellaneous) (Q4); Communication (Q4); Cultural Studies (Q4); Linguistics and Language (Q4)";"Arts and Humanities; Social Sciences"
1059;21100409542;"Eurasian Studies Library";book series;"18779484";"Brill Academic Publishers";No;No;0,111;Q4;3;0;5;0;0;3;0,00;0,00;0,00;0;0;Netherlands;Western Europe;"Brill Academic Publishers";"2010, 2013-2016, 2018-2023";"History (Q3); Cultural Studies (Q4); Sociology and Political Science (Q4)";"Arts and Humanities; Social Sciences"
1060;14974;"Explorations in Renaissance Culture";journal;"00982474, 23526963";"Brill Academic Publishers";No;No;0,111;Q4;7;4;30;205;2;29;0,00;51,25;50,00;0;0;Netherlands;Western Europe;"Brill Academic Publishers";"1976, 1996-2024";"History (Q3); Literature and Literary Theory (Q3); Music (Q3); Visual Arts and Performing Arts (Q3); Cultural Studies (Q4); Philosophy (Q4)";"Arts and Humanities; Social Sciences"
1061;21101123952;"Food Studies";journal;"21601933, 21601941";"Common Ground Research Networks";No;No;0,111;Q4;4;10;29;606;28;28;1,22;60,60;55,56;0;6;United States;Northern America;"Common Ground Research Networks";"2019-2024";"Cultural Studies (Q4); Environmental Science (miscellaneous) (Q4); Food Science (Q4); Nutrition and Dietetics (Q4); Public Health, Environmental and Occupational Health (Q4)";"Agricultural and Biological Sciences; Environmental Science; Medicine; Nursing; Social Sciences"
1062;21101181770;"Francopolyphonies";book series;"15742032";"Brill Academic Publishers";No;No;0,111;Q4;2;27;3;429;0;3;0,00;15,89;0,00;0;3;Netherlands;Western Europe;"Brill Academic Publishers";"2006-2008, 2010, 2012-2014, 2016-2021, 2023-2025";"Literature and Literary Theory (Q3); Cultural Studies (Q4)";"Arts and Humanities; Social Sciences"
1063;21100877201;"International Review of Social Research";journal;"20698267, 20698534";"Sciendo";Yes;No;0,111;Q4;5;0;7;0;2;7;0,00;0,00;0,00;0;0;Germany;Western Europe;"Sciendo";"2018-2019, 2021";"Anthropology (Q4); Cultural Studies (Q4); Social Sciences (miscellaneous) (Q4)";"Social Sciences"
1064;21100427879;"Iran Studies";book series;"15697401";"Brill Academic Publishers";No;No;0,111;Q4;8;2;9;694;0;3;0,00;347,00;0,00;0;0;Netherlands;Western Europe;"Brill Academic Publishers";"2007, 2009-2010, 2012, 2014-2015, 2017-2019, 2021, 2023-2024";"History (Q3); Anthropology (Q4); Cultural Studies (Q4)";"Arts and Humanities; Social Sciences"
1065;21101199914;"Jezyk na Pograniczach";book series;"12301302";"Polish Academy of Sciences, Institute of Slavic Studies";No;No;0,111;Q4;1;1;5;291;0;3;0,00;291,00;0,00;0;0;Poland;Eastern Europe;"Polish Academy of Sciences, Institute of Slavic Studies";"2019-2020, 2022-2024";"Anthropology (Q4); Arts and Humanities (miscellaneous) (Q4); Cultural Studies (Q4); Linguistics and Language (Q4)";"Arts and Humanities; Social Sciences"
1066;26479;"Journal de la Societe des Oceanistes";journal;"17607256, 0300953X";"Societe des Oceanistes";No;No;0,111;Q4;10;15;65;388;11;60;0,17;25,87;56,25;0;0;France;Western Europe;"Societe des Oceanistes";"1968, 1986, 1999, 2001, 2011-2024";"History (Q3); Anthropology (Q4); Cultural Studies (Q4)";"Arts and Humanities; Social Sciences"
1067;13765;"Journal for Eighteenth-Century Studies";journal;"17540208, 17540194";"Wiley-Blackwell Publishing Ltd";No;No;0,111;Q4;14;22;78;0;18;77;0,19;0,00;40,91;0;1;United Kingdom;Western Europe;"Wiley-Blackwell Publishing Ltd";"1972-1973, 1975-1995, 2009-2025";"History (Q3); Literature and Literary Theory (Q3); Visual Arts and Performing Arts (Q3); Cultural Studies (Q4)";"Arts and Humanities; Social Sciences"
1068;21100891828;"Journal of Somali Studies";journal;"20565682, 20565674";"Adonis &amp; Abbey Publishers Ltd.";No;No;0,111;Q4;6;24;47;1040;13;43;0,17;43,33;31,25;0;18;United Kingdom;Western Europe;"Adonis &amp; Abbey Publishers Ltd.";"2014-2024";"History (Q3); Cultural Studies (Q4); Linguistics and Language (Q4); Sociology and Political Science (Q4)";"Arts and Humanities; Social Sciences"
1069;21101145388;"Leiden Studies in Islam and Society";book series;"22108920";"Brill Academic Publishers";No;No;0,111;Q4;5;2;65;687;27;3;0,42;343,50;50,00;0;0;Netherlands;Western Europe;"Brill Academic Publishers";"2014-2025";"History (Q3); Cultural Studies (Q4)";"Arts and Humanities; Social Sciences"
1070;21100407150;"Medieval Mediterranean";book series;"09285520";"Brill Academic Publishers";No;No;0,111;Q4;9;32;91;2661;7;3;0,07;83,16;0,00;0;0;Netherlands;Western Europe;"Brill Academic Publishers";"2007-2025";"History (Q3); Arts and Humanities (miscellaneous) (Q4); Cultural Studies (Q4)";"Arts and Humanities; Social Sciences"
1071;21100898965;"Modernist Cultures";journal;"20411022, 17538629";"Edinburgh University Press";No;No;0,111;Q4;9;14;54;697;7;52;0,07;49,79;53,85;0;2;United Kingdom;Western Europe;"Edinburgh University Press";"2005-2024";"History (Q3); Literature and Literary Theory (Q3); Music (Q3); Visual Arts and Performing Arts (Q3); Cultural Studies (Q4); Sociology and Political Science (Q4)";"Arts and Humanities; Social Sciences"
1072;21100923614;"Nordisk Judaistik";journal;"23434929, 03481646";"Donner Institute for Research in Religious and Cultural History";Yes;Yes;0,111;Q4;6;13;39;534;5;27;0,17;41,08;61,54;0;2;Finland;Western Europe;"Donner Institute for Research in Religious and Cultural History";"2019-2024";"History (Q3); Religious Studies (Q3); Anthropology (Q4); Cultural Studies (Q4)";"Arts and Humanities; Social Sciences"
1073;21100788470;"Novoe Literaturnoe Obozrenie";journal;"08696365";"Novoe Literaturnoe Obozrenie Ltd.";Yes;No;0,111;Q4;3;106;343;2875;30;329;0,08;27,12;39,39;0;6;Russian Federation;Eastern Europe;"Novoe Literaturnoe Obozrenie Ltd.";"2016-2024";"Literature and Literary Theory (Q3); Cultural Studies (Q4)";"Arts and Humanities; Social Sciences"
1074;21101155958;"On the Boundary of Two Worlds";book series;"15707121";"Brill: Rodopi";No;No;0,111;Q4;6;0;3;0;0;3;0,00;0,00;0,00;0;0;Netherlands;Western Europe;"Brill: Rodopi";"2004-2011, 2013-2016, 2020-2022";"History (Q3); Cultural Studies (Q4); Sociology and Political Science (Q4)";"Arts and Humanities; Social Sciences"
1075;21100840734;"Preternature";journal;"21612196, 21612188";"Penn State University Press";No;No;0,111;Q4;5;13;34;657;7;32;0,05;50,54;54,55;0;2;United States;Northern America;"Penn State University Press";"2017-2025";"History (Q3); Anthropology (Q4); Cultural Studies (Q4)";"Arts and Humanities; Social Sciences"
1076;18695;"Revue des Etudes Slaves";journal;"2117718X, 00802557";"Imprimerie Nationale";No;No;0,111;Q4;5;20;145;915;7;141;0,04;45,75;38,89;0;1;France;Western Europe;"Imprimerie Nationale";"1983, 1985, 1999-2000, 2011, 2013-2024";"History (Q3); Literature and Literary Theory (Q3); Cultural Studies (Q4); Linguistics and Language (Q4)";"Arts and Humanities; Social Sciences"
1077;21101170612;"Studia Imagologica";book series;"22114181, 09274065";"Brill Academic Publishers";No;No;0,111;Q4;7;0;54;0;10;3;0,14;0,00;0,00;0;0;Netherlands;Western Europe;"Brill Academic Publishers";"1992, 1994-1996, 2001, 2003, 2006-2007, 2009-2014, 2018-2019, 2021-2023";"Literature and Literary Theory (Q3); Arts and Humanities (miscellaneous) (Q4); Cultural Studies (Q4)";"Arts and Humanities; Social Sciences"
1078;21100406404;"Studies in Jewish History and Culture";book series;"15685004";"Brill Academic Publishers";No;No;0,111;Q4;7;1;3;189;0;3;0,00;189,00;100,00;0;0;Netherlands;Western Europe;"Brill Academic Publishers";"2007-2021, 2023-2025";"History (Q3); Cultural Studies (Q4)";"Arts and Humanities; Social Sciences"
1079;21100406839;"Studies on the Texts of the Desert of Judah";book series;"01699962";"Brill Academic Publishers";No;No;0,111;Q4;20;2;95;668;17;3;0,11;334,00;0,00;0;0;Netherlands;Western Europe;"Brill Academic Publishers";"2005-2025";"History (Q3); Religious Studies (Q3); Cultural Studies (Q4); Linguistics and Language (Q4)";"Arts and Humanities; Social Sciences"
1080;21100876295;"Tautosakos Darbai";journal;"13922831";"Institute of Lithuanian Literature and Folklore";No;No;0,111;Q4;5;20;67;483;7;64;0,12;24,15;76,47;0;1;Lithuania;Eastern Europe;"Institute of Lithuanian Literature and Folklore";"2018-2024";"History (Q3); Literature and Literary Theory (Q3); Anthropology (Q4); Cultural Studies (Q4); Linguistics and Language (Q4)";"Arts and Humanities; Social Sciences"
1081;21101039867;"Theoretical Studies in Literature and Art";journal;"02570254";"East China Normal University Press";No;No;0,111;Q4;3;157;319;4072;10;318;0,02;25,94;39,29;0;6;China;Asiatic Region;"East China Normal University Press";"2012-2024";"Literature and Literary Theory (Q3); Visual Arts and Performing Arts (Q3); Anthropology (Q4); Cultural Studies (Q4)";"Arts and Humanities; Social Sciences"
1082;7100153139;"Vigiliae Christianae";journal;"00426032, 15700720";"Brill Academic Publishers";No;No;0,111;Q4;27;18;65;1763;13;65;0,22;97,94;23,53;0;0;Netherlands;Western Europe;"Brill Academic Publishers";"1948, 1950, 1952, 1957, 1960, 1963, 1965, 1967, 1969-1973, 1976-2025";"History (Q3); Religious Studies (Q3); Archeology (arts and humanities) (Q4); Cultural Studies (Q4); Linguistics and Language (Q4)";"Arts and Humanities; Social Sciences"
1083;21100406988;"Vigiliae Christianae, Supplements";book series;"0920623X";"Brill Academic Publishers";No;No;0,111;Q4;11;4;16;1584;3;3;0,23;396,00;50,00;0;0;Netherlands;Western Europe;"Brill Academic Publishers";"2007-2021, 2023-2024";"History (Q3); Religious Studies (Q3); Archeology (arts and humanities) (Q4); Cultural Studies (Q4); Linguistics and Language (Q4)";"Arts and Humanities; Social Sciences"
1084;6000152775;"Visual Culture in Britain";journal;"14714787, 19418361";"Taylor and Francis Ltd.";No;No;0,111;Q4;9;11;3;127;0;3;0,00;11,55;0,00;0;0;United Kingdom;Western Europe;"Taylor and Francis Ltd.";"2009-2020, 2022-2025";"Visual Arts and Performing Arts (Q3); Communication (Q4); Cultural Studies (Q4)";"Arts and Humanities; Social Sciences"
1085;21100218383;"Al-Shajarah";journal;"13946870";"International Islamic University Malaysia";No;No;0,110;Q4;9;28;37;359;9;32;0,31;12,82;22,58;0;5;Malaysia;Asiatic Region;"International Islamic University Malaysia";"2011, 2013-2024";"History (Q3); Religious Studies (Q3); Cultural Studies (Q4); Philosophy (Q4)";"Arts and Humanities; Social Sciences"
1086;21100450247;"Altre Modernita";journal;"20357680";"Universita degli Studi di Milano";Yes;Yes;0,110;Q4;9;89;219;2424;17;200;0,07;27,24;82,19;0;20;Italy;Western Europe;"Universita degli Studi di Milano";"2015-2024";"Literature and Literary Theory (Q3); Cultural Studies (Q4); Linguistics and Language (Q4)";"Arts and Humanities; Social Sciences"
1087;14197;"American Jewish History";journal;"10863141, 01640178";"Johns Hopkins University Press";No;No;0,110;Q4;14;3;65;428;12;61;0,05;142,67;66,67;0;0;United States;Northern America;"Johns Hopkins University Press";"1981, 2002-2004, 2007-2011, 2013-2024";"History (Q3); Cultural Studies (Q4); Religious Studies (Q4)";"Arts and Humanities; Social Sciences"
1088;21100794693;"Ars Aeterna";journal;"13379291, 24508497";"Univerzita Konstantina Filozofa v Nitre";Yes;No;0,110;Q4;4;14;41;331;6;41;0,13;23,64;53,33;0;2;Slovakia;Eastern Europe;"Univerzita Konstantina Filozofa v Nitre";"2016-2024";"Literature and Literary Theory (Q3); Cultural Studies (Q4); Linguistics and Language (Q4)";"Arts and Humanities; Social Sciences"
1089;21100901900;"Black Camera";journal;"15363155, 19474237";"Indiana University Press";No;No;0,110;Q4;4;66;178;1003;19;172;0,19;15,20;32,14;0;10;Russian Federation;Eastern Europe;"Indiana University Press";"2018-2024";"Literature and Literary Theory (Q3); Visual Arts and Performing Arts (Q3); Communication (Q4); Cultural Studies (Q4)";"Arts and Humanities; Social Sciences"
1090;21100873331;"Debats";journal;"02120585, 25303074";"Institucio Alfons el Magnanim-Centre Valencia d'Estudis i d'Investigacio. Diputacio de Valencia";Yes;Yes;0,110;Q4;5;10;83;388;13;80;0,17;38,80;50,00;0;1;Spain;Western Europe;"Institucio Alfons el Magnanim-Centre Valencia d'Estudis i d'Investigacio. Diputacio de Valencia";"2018-2024";"Cultural Studies (Q4); Sociology and Political Science (Q4)";"Social Sciences"
1091;21101053654;"ER(R)GO";journal;"15086305, 25443186";"Wydawnictwo Uniwersytetu Slaskiego";Yes;Yes;0,110;Q4;2;19;91;621;7;86;0,05;32,68;45,45;0;3;Poland;Eastern Europe;"Wydawnictwo Uniwersytetu Slaskiego";"2019-2024";"Arts and Humanities (miscellaneous) (Q4); Cultural Studies (Q4)";"Arts and Humanities; Social Sciences"
1092;21100904229;"Estudios de Teoria Literaria";journal;"23139676";"Universidad Nacional de Mar del Plata";Yes;Yes;0,110;Q4;3;42;152;942;11;142;0,04;22,43;65,79;0;3;Argentina;Latin America;"Universidad Nacional de Mar del Plata";"2018-2024";"History (Q3); Literature and Literary Theory (Q3); Communication (Q4); Cultural Studies (Q4); Linguistics and Language (Q4)";"Arts and Humanities; Social Sciences"
1093;21100924303;"Indo-European Linguistics";journal;"22125892, 22125884";"Brill Academic Publishers";Yes;Yes;0,110;Q4;8;8;24;361;6;23;0,13;45,13;14,29;0;0;Netherlands;Western Europe;"Brill Academic Publishers";"2015-2024";"History (Q3); Communication (Q4); Cultural Studies (Q4); Experimental and Cognitive Psychology (Q4); Linguistics and Language (Q4)";"Arts and Humanities; Psychology; Social Sciences"
1094;13462;"Islamic Studies";journal;"05788072";"Islamic Research Institute";No;No;0,110;Q4;4;15;54;218;9;49;0,14;14,53;20,00;0;2;Pakistan;Asiatic Region;"Islamic Research Institute";"1971, 1978, 1989, 2019-2024";"Cultural Studies (Q4); Law (Q4); Religious Studies (Q4)";"Arts and Humanities; Social Sciences"
1095;6500153184;"Italian Studies";journal;"00751634, 17486181";"Maney Publishing";No;No;0,110;Q4;15;33;98;0;23;94;0,19;0,00;39,39;0;4;United Kingdom;Western Europe;"Maney Publishing";"1937-1939, 1946-1947, 1949-1995, 1999, 2002-2025";"History (Q3); Literature and Literary Theory (Q3); Visual Arts and Performing Arts (Q3); Cultural Studies (Q4); Linguistics and Language (Q4)";"Arts and Humanities; Social Sciences"
1096;21100888602;"Jeunesse: Young People, Texts, Cultures";journal;"1920261X, 19202601";"University of Toronto Press";No;No;0,110;Q4;6;12;65;576;8;59;0,17;48,00;76,47;0;2;Canada;Northern America;"University of Toronto Press";"2018-2024";"Literature and Literary Theory (Q3); Cultural Studies (Q4)";"Arts and Humanities; Social Sciences"
1097;21101140335;"Litteraria Copernicana";journal;"1899315X, 23921617";"Nicolaus Copernicus University";Yes;Yes;0,110;Q4;2;11;134;245;3;117;0,01;22,27;66,67;0;0;Poland;Eastern Europe;"Nicolaus Copernicus University";"2019-2024";"Cultural Studies (Q4)";"Social Sciences"
1098;17367;"Revue Francaise d'Etudes Americaines";journal;"03977870";"Association Francaise d'Etudes Americaines";No;No;0,110;Q4;7;25;73;703;2;68;0,05;28,12;66,67;0;1;France;Western Europe;"Association Francaise d'Etudes Americaines";"1990, 1996-2024";"Arts and Humanities (miscellaneous) (Q4); Cultural Studies (Q4); Sociology and Political Science (Q4)";"Arts and Humanities; Social Sciences"
1099;24925;"Rivista degli Studi Orientali";journal;"17241863, 03924866";"Fabrizio Serra Editore Srl";No;No;0,110;Q4;5;0;89;0;7;87;0,07;0,00;0,00;0;0;Italy;Western Europe;"Fabrizio Serra Editore Srl";"1971-1972, 2012-2023";"History (Q3); Literature and Literary Theory (Q3); Visual Arts and Performing Arts (Q3); Cultural Studies (Q4)";"Arts and Humanities; Social Sciences"
1100;5600156254;"Slavonica";journal;"13617427";"Maney Publishing";No;No;0,110;Q4;4;3;32;97;5;29;0,00;32,33;50,00;0;0;United Kingdom;Western Europe;"Maney Publishing";"1994-1995, 2012-2014, 2016-2025";"History (Q3); Literature and Literary Theory (Q3); Visual Arts and Performing Arts (Q3); Cultural Studies (Q4); Linguistics and Language (Q4); Sociology and Political Science (Q4)";"Arts and Humanities; Social Sciences"
1101;16200154735;"Studies in the Age of Chaucer";journal;"19490755, 01902407";"New Chaucer Society";No;No;0,110;Q4;15;14;81;855;15;79;0,15;61,07;75,00;0;1;United States;Northern America;"New Chaucer Society";"1997, 2002-2024";"History (Q3); Literature and Literary Theory (Q3); Cultural Studies (Q4)";"Arts and Humanities; Social Sciences"
1102;16000154704;"Wordsworth Circle";journal;"26407310, 00438006";"University of Chicago Press";No;No;0,110;Q4;10;18;90;552;7;80;0,02;30,67;33,33;0;0;United States;Northern America;"University of Chicago Press";"2002-2024";"Literature and Literary Theory (Q3); Cultural Studies (Q4)";"Arts and Humanities; Social Sciences"
1103;19900191623;"AJS Review";journal;"03640094, 14754541";"Cambridge University Press";No;No;0,109;Q4;21;14;47;1252;20;45;0,52;89,43;28,57;0;0;United Kingdom;Western Europe;"Cambridge University Press";"1976-1982, 1984-1999, 2001-2024";"History (Q3); Literature and Literary Theory (Q3); Cultural Studies (Q4); Religious Studies (Q4)";"Arts and Humanities; Social Sciences"
1104;5700164170;"Central Europe";journal;"14790963";"Maney Publishing";No;No;0,109;Q4;20;19;26;0;5;24;0,06;0,00;25,00;0;2;United Kingdom;Western Europe;"Maney Publishing";"2003-2025";"Arts and Humanities (miscellaneous) (Q4); Cultural Studies (Q4); Political Science and International Relations (Q4); Sociology and Political Science (Q4)";"Arts and Humanities; Social Sciences"
1105;14465;"Deutsche Vierteljahrsschrift fur Literaturwissenschaft und Geistesgeschichte";journal;"00120936";"J.B. Metzler'sche Verlagsbuchhandlung und C.E. Poeschel Verlag GmbH Stuttgart-Weimar";No;No;0,109;Q4;8;29;111;0;10;59;0,07;0,00;38,71;0;2;Germany;Western Europe;"J.B. Metzler'sche Verlagsbuchhandlung und C.E. Poeschel Verlag GmbH Stuttgart-Weimar";"1973, 1978, 1988, 1999, 2002-2025";"Literature and Literary Theory (Q3); Cultural Studies (Q4); Philosophy (Q4)";"Arts and Humanities; Social Sciences"
1106;21101243077;"Discourses on Culture";journal;"24500402";"";Yes;Yes;0,109;Q4;1;9;29;434;6;26;0,21;48,22;40,00;0;1;Poland;Eastern Europe;"";"2022-2024";"Business and International Management (Q4); Communication (Q4); Cultural Studies (Q4); Linguistics and Language (Q4)";"Business, Management and Accounting; Social Sciences"
1107;21477;"East European Jewish Affairs";journal;"1743971X, 13501674";"Taylor and Francis Ltd.";No;No;0,109;Q4;11;0;34;0;6;30;0,06;0,00;0,00;0;0;United Kingdom;Western Europe;"Taylor and Francis Ltd.";"1992-2003, 2005-2022";"History (Q3); Cultural Studies (Q4); Political Science and International Relations (Q4)";"Arts and Humanities; Social Sciences"
1108;23567;"Estudios de Asia y Africa";journal;"01850164";"Colegio de Mexico, A.C., Departamento de Publicaciones";Yes;Yes;0,109;Q4;3;13;67;563;8;66;0,12;43,31;21,43;0;4;Mexico;Latin America;"Colegio de Mexico, A.C., Departamento de Publicaciones";"1984, 2014-2024";"Anthropology (Q4); Cultural Studies (Q4); Linguistics and Language (Q4); Sociology and Political Science (Q4)";"Social Sciences"
1109;21101225574;"Eurasiatica";book series;"26108879, 26109433";"Fondazione Universita Ca Foscari";No;No;0,109;Q4;2;15;42;414;6;26;0,16;27,60;55,56;0;0;Italy;Western Europe;"Fondazione Universita Ca Foscari";"2019-2022, 2024";"History (Q3); Archeology (Q4); Archeology (arts and humanities) (Q4); Cultural Studies (Q4); Religious Studies (Q4)";"Arts and Humanities; Social Sciences"
1110;21100902912;"European Yearbook of Minority Issues";journal;"15707865, 22116117";"Brill Academic Publishers";No;No;0,109;Q4;13;1;48;0;8;46;0,15;0,00;0,00;0;0;Netherlands;Western Europe;"Brill Academic Publishers";"2001, 2003-2005, 2008, 2010-2024";"Anthropology (Q4); Cultural Studies (Q4); Geography, Planning and Development (Q4); Law (Q4); Sociology and Political Science (Q4)";"Social Sciences"
1111;21100890301;"Folklor/Edebiyat";journal;"13007491, 27916057";"Cyprus International University";Yes;No;0,109;Q4;4;74;209;2731;24;209;0,07;36,91;47,37;0;24;Cyprus;Western Europe;"Cyprus International University";"2018-2024";"History (Q3); Anthropology (Q4); Cultural Studies (Q4)";"Arts and Humanities; Social Sciences"
1112;21100897743;"Journal of Chinese Humanities";journal;"23521333, 23521341";"Brill Academic Publishers";Yes;Yes;0,109;Q4;5;23;62;480;15;54;0,19;20,87;5,56;0;1;Netherlands;Western Europe;"Brill Academic Publishers";"2014-2024";"History (Q3); Literature and Literary Theory (Q3); Cultural Studies (Q4); Philosophy (Q4)";"Arts and Humanities; Social Sciences"
1113;5800207568;"Scando-Slavica";journal;"00806765";"Routledge";No;No;0,109;Q4;11;8;50;320;6;42;0,13;40,00;44,44;0;0;United Kingdom;Western Europe;"Routledge";"1954, 1956-1995, 1997-2024";"History (Q3); Literature and Literary Theory (Q3); Archeology (arts and humanities) (Q4); Cultural Studies (Q4); Linguistics and Language (Q4)";"Arts and Humanities; Social Sciences"
1114;21100837990;"Slavia Meridionalis";journal;"23922400";"Polish Academy of Sciences, Institute of Slavic Studies";Yes;Yes;0,109;Q4;3;24;74;724;8;70;0,08;30,17;75,00;0;4;Poland;Eastern Europe;"Polish Academy of Sciences, Institute of Slavic Studies";"2017-2024";"History (Q3); Literature and Literary Theory (Q3); Anthropology (Q4); Cultural Studies (Q4); Linguistics and Language (Q4)";"Arts and Humanities; Social Sciences"
1115;21100778623;"Slovene";journal;"23040785, 23056754";"Institute for Slavic Studies of the Russian Academy of Sciences";Yes;Yes;0,109;Q4;6;6;91;178;10;91;0,11;29,67;50,00;0;0;Russian Federation;Eastern Europe;"Institute for Slavic Studies of the Russian Academy of Sciences";"2016-2023";"History (Q3); Cultural Studies (Q4); Linguistics and Language (Q4); Religious Studies (Q4)";"Arts and Humanities; Social Sciences"
1116;21101245238;"Tietolipas";book series;"05626129, 26702584";"Suomalaisen Kirjallisuuden Seura";No;No;0,109;Q4;1;3;50;1;1;13;0,02;0,33;0,00;0;0;Finland;Western Europe;"Suomalaisen Kirjallisuuden Seura";"2022-2024";"Cultural Studies (Q4); Social Sciences (miscellaneous) (Q4); Sociology and Political Science (Q4)";"Social Sciences"
1117;21101039166;"Angles";journal;"22742042";"Societe des Anglicistes de l’Enseignement Superieur";Yes;Yes;0,108;Q4;3;11;52;253;9;52;0,09;23,00;77,78;0;5;France;Western Europe;"Societe des Anglicistes de l’Enseignement Superieur";"2020-2024";"History (Q3); Literature and Literary Theory (Q3); Cultural Studies (Q4); Linguistics and Language (Q4)";"Arts and Humanities; Social Sciences"
1118;21100444383;"Brill's Studies in Language, Cognition and Culture";book series;"18795412, 18795420";"Brill Academic Publishers";No;No;0,108;Q4;10;14;77;1293;6;4;0,09;92,36;0,00;0;0;Netherlands;Western Europe;"Brill Academic Publishers";"2012-2016, 2018-2024";"Anthropology (Q4); Cultural Studies (Q4); Linguistics and Language (Q4)";"Social Sciences"
1119;24424;"Canadian Review of American Studies";journal;"00077720";"Canadian Association for American Studies";No;No;0,108;Q4;9;16;48;633;6;47;0,00;39,56;44,44;0;2;Canada;Northern America;"Canadian Association for American Studies";"1973, 1979-1981, 1983, 1988, 1993, 2000, 2003, 2009-2024";"History (Q3); Literature and Literary Theory (Q3); Cultural Studies (Q4)";"Arts and Humanities; Social Sciences"
1120;5700164093;"Comparative American Studies";journal;"17412676, 14775700";"Maney Publishing";No;No;0,108;Q4;8;17;79;708;8;73;0,13;41,65;56,25;0;5;United Kingdom;Western Europe;"Maney Publishing";"2008-2025";"Arts and Humanities (miscellaneous) (Q4); Cultural Studies (Q4); Sociology and Political Science (Q4)";"Arts and Humanities; Social Sciences"
1121;21100406802;"Culture and History of the Ancient Near East";book series;"15662055";"Brill Academic Publishers";No;No;0,108;Q4;18;58;32;5157;11;4;0,39;88,91;66,67;0;2;Netherlands;Western Europe;"Brill Academic Publishers";"2007-2025";"History (Q3); Anthropology (Q4); Archeology (arts and humanities) (Q4); Cultural Studies (Q4)";"Arts and Humanities; Social Sciences"
1122;21100406801;"East Central and Eastern Europe in the Middle Ages, 450-1450";book series;"18728103";"Brill Academic Publishers";No;No;0,108;Q4;10;22;28;2606;1;4;0,04;118,45;50,00;0;0;Netherlands;Western Europe;"Brill Academic Publishers";"2008-2025";"History (Q3); Visual Arts and Performing Arts (Q3); Archeology (arts and humanities) (Q4); Cultural Studies (Q4); Linguistics and Language (Q4)";"Arts and Humanities; Social Sciences"
1123;21100897782;"Education and Culture";journal;"10854908, 15591786";"Purdue University Press";No;No;0,108;Q4;4;4;29;136;3;24;0,10;34,00;66,67;0;0;United States;Northern America;"Purdue University Press";"2018-2024";"History (Q3); Cultural Studies (Q4); Education (Q4); Philosophy (Q4)";"Arts and Humanities; Social Sciences"
1124;13138;"German Life and Letters";journal;"00168777, 14680483";"Wiley-Blackwell Publishing Ltd";No;No;0,108;Q4;15;29;94;468;7;89;0,08;16,14;53,57;0;5;United Kingdom;Western Europe;"Wiley-Blackwell Publishing Ltd";"1936-1939, 1947-2025";"Literature and Literary Theory (Q3); Cultural Studies (Q4); Sociology and Political Science (Q4)";"Arts and Humanities; Social Sciences"
1125;21100467355;"Historicka Sociologie";journal;"18040616, 23363525";"Charles University";Yes;Yes;0,108;Q4;4;20;65;663;10;63;0,15;33,15;26,32;0;3;Czech Republic;Eastern Europe;"Charles University";"2016-2024";"History (Q3); Cultural Studies (Q4); Sociology and Political Science (Q4)";"Arts and Humanities; Social Sciences"
1126;21101148015;"History of Oriental Studies";book series;"24054488";"Brill Academic Publishers";No;No;0,108;Q4;6;23;38;3117;8;4;0,00;135,52;0,00;0;0;Netherlands;Western Europe;"Brill Academic Publishers";"2015-2024";"History (Q3); Cultural Studies (Q4)";"Arts and Humanities; Social Sciences"
1127;21100241607;"Islamic Quarterly";journal;"00211842";"Islamic Cultural Centre";No;No;0,108;Q4;5;12;50;500;11;50;0,19;41,67;11,11;0;3;United Kingdom;Western Europe;"Islamic Cultural Centre";"1983, 1985, 2011-2024";"History (Q3); Cultural Studies (Q4); Religious Studies (Q4)";"Arts and Humanities; Social Sciences"
1128;21101239988;"Journal of Romanian Studies";journal;"2754415X, 26275325";"Liverpool University Press";No;No;0,108;Q4;2;11;42;71;8;34;0,20;6,45;30,00;0;0;United Kingdom;Western Europe;"Liverpool University Press";"2020-2024";"Cultural Studies (Q4); Social Sciences (miscellaneous) (Q4); Sociology and Political Science (Q4)";"Social Sciences"
1129;4700153513;"Journal of the Polynesian Society";journal;"00324000, 22305955";"University of Auckland";No;No;0,108;Q4;17;0;14;0;3;14;0,00;0,00;0,00;0;0;New Zealand;Pacific Region;"University of Auckland";"1971-1972, 1977, 1979, 1988, 1996, 2001, 2006-2022";"Anthropology (Q4); Archeology (arts and humanities) (Q4); Cultural Studies (Q4)";"Arts and Humanities; Social Sciences"
1130;21100864539;"Studia Judaica";journal;"15069729, 24500100";"Polskie Towarzystwo Studiow Zydowskich";Yes;Yes;0,108;Q4;2;9;48;444;3;46;0,07;49,33;66,67;0;1;Poland;Eastern Europe;"Polskie Towarzystwo Studiow Zydowskich";"2017-2024";"History (Q3); Cultural Studies (Q4); Religious Studies (Q4)";"Arts and Humanities; Social Sciences"
1131;21100407149;"Studies in Medieval and Reformation Traditions";book series;"15734188";"Brill Academic Publishers";No;No;0,108;Q4;11;4;17;2555;0;4;0,00;638,75;20,00;0;0;Netherlands;Western Europe;"Brill Academic Publishers";"2007-2024";"History (Q3); Cultural Studies (Q4); Religious Studies (Q4)";"Arts and Humanities; Social Sciences"
1132;21100310038;"Victorians";journal;"21660107";"Western Kentucky University";No;No;0,108;Q4;6;22;45;597;5;39;0,04;27,14;64,71;0;5;United States;Northern America;"Western Kentucky University";"2013, 2015-2024";"Literature and Literary Theory (Q3); Cultural Studies (Q4)";"Arts and Humanities; Social Sciences"
1133;21100857116;"American, British and Canadian Studies";journal;"18411487, 1841964X";"";Yes;Yes;0,107;Q4;4;21;61;529;10;55;0,21;25,19;20,00;0;6;Poland;Eastern Europe;"";"2017-2024";"Literature and Literary Theory (Q3); Anthropology (Q4); Computer Science Applications (Q4); Cultural Studies (Q4); Linguistics and Language (Q4); Sociology and Political Science (Q4)";"Arts and Humanities; Computer Science; Social Sciences"
1134;21100430551;"ARTMargins";journal;"21622574, 21622582";"";No;No;0,107;Q4;5;16;73;132;10;38;0,18;8,25;66,67;0;5;United States;Northern America;"";"2012-2024";"History (Q3); Visual Arts and Performing Arts (Q3); Cultural Studies (Q4)";"Arts and Humanities; Social Sciences"
1135;6000160653;"British Journal of Canadian Studies";journal;"17578078, 02699222";"Liverpool University Press";No;No;0,107;Q4;8;11;36;321;5;32;0,14;29,18;30,00;0;3;United Kingdom;Western Europe;"Liverpool University Press";"2011-2018, 2020-2024";"History (Q3); Literature and Literary Theory (Q3); Cultural Studies (Q4); Sociology and Political Science (Q4)";"Arts and Humanities; Social Sciences"
1136;21100935007;"Critical Studies in Men's Fashion";journal;"20500718, 2050070X";"Intellect Ltd.";No;No;0,107;Q4;4;6;46;186;9;38;0,07;31,00;80,00;0;1;United Kingdom;Western Europe;"Intellect Ltd.";"2019-2024";"Visual Arts and Performing Arts (Q3); Cultural Studies (Q4); Gender Studies (Q4)";"Arts and Humanities; Social Sciences"
1137;21100824547;"History and Sociology of South Asia";journal;"22308075, 22495312";"SAGE Publications Ltd";No;No;0,107;Q4;6;27;23;0;7;21;0,35;0,00;48,39;0;9;United Kingdom;Western Europe;"SAGE Publications Ltd";"2011-2024";"History (Q3); Cultural Studies (Q4); Sociology and Political Science (Q4)";"Arts and Humanities; Social Sciences"
1138;21100214710;"Interiors: Design, Architecture, Culture";journal;"20419112, 20419120";"Taylor and Francis Ltd.";No;No;0,107;Q4;8;0;58;0;18;54;0,13;0,00;0,00;0;0;United Kingdom;Western Europe;"Taylor and Francis Ltd.";"2010-2023";"Visual Arts and Performing Arts (Q3); Architecture (Q4); Cultural Studies (Q4)";"Arts and Humanities; Engineering; Social Sciences"
1139;21100897527;"Journal of Arabian Studies";journal;"21534780";"Taylor and Francis Ltd.";No;No;0,107;Q4;17;0;50;0;12;48;0,09;0,00;0,00;0;0;United Kingdom;Western Europe;"Taylor and Francis Ltd.";"2011-2023";"Arts and Humanities (miscellaneous) (Q4); Cultural Studies (Q4); Social Sciences (miscellaneous) (Q4)";"Arts and Humanities; Social Sciences"
1140;21101268302;"Journal of Architectural History";journal;"20969368";"China Machine Press";No;No;0,107;Q4;2;54;159;1614;21;158;0,15;29,89;38,55;0;13;China;Asiatic Region;"China Machine Press";"2020-2024";"Archeology (arts and humanities) (Q4); Architecture (Q4); Arts and Humanities (miscellaneous) (Q4); Cultural Studies (Q4)";"Arts and Humanities; Engineering; Social Sciences"
1141;21100898308;"Languages Cultures Mediation";journal;"22841881, 24210293";"LED Edizioni Universitarie";Yes;Yes;0,107;Q4;7;7;66;263;8;65;0,05;37,57;62,50;0;5;Italy;Western Europe;"LED Edizioni Universitarie";"2014-2024";"Communication (Q4); Cultural Studies (Q4); Linguistics and Language (Q4); Sociology and Political Science (Q4)";"Social Sciences"
1142;5700166780;"Parallax";journal;"13534645, 1460700X";"Routledge";No;No;0,107;Q4;35;8;98;360;15;92;0,14;45,00;50,00;0;0;United Kingdom;Western Europe;"Routledge";"1995-2024";"Literature and Literary Theory (Q3); Visual Arts and Performing Arts (Q3); Cultural Studies (Q4); Philosophy (Q4)";"Arts and Humanities; Social Sciences"
1143;21100857578;"Revista de Estudios Colombianos";journal;"24746800, 24746819";"";No;Yes;0,107;Q4;4;17;38;247;3;31;0,05;14,53;33,33;0;4;United States;Northern America;"";"2017-2024";"History (Q3); Literature and Literary Theory (Q3); Cultural Studies (Q4)";"Arts and Humanities; Social Sciences"
1144;21100283371;"Revue des Mondes Musulmans et de la Mediterranee";journal;"21052271, 09971327";"Edisud Publishers";Yes;Yes;0,107;Q4;7;41;154;857;11;141;0,11;20,90;45,24;0;2;France;Western Europe;"Edisud Publishers";"2002, 2011, 2013-2024";"Cultural Studies (Q4); History (Q4); Religious Studies (Q4); Sociology and Political Science (Q4)";"Arts and Humanities; Social Sciences"
1145;21100872188;"Situations";journal;"22887822, 22881204";"Yonsei Institute for English Studies";No;No;0,107;Q4;4;8;29;275;2;27;0,00;34,38;16,67;0;2;South Korea;Asiatic Region;"Yonsei Institute for English Studies";"2018-2024";"Arts and Humanities (miscellaneous) (Q4); Cultural Studies (Q4)";"Arts and Humanities; Social Sciences"
1146;21100787326;"Text Matters";journal;"20832931, 2084574X";"Lodz University Press";Yes;Yes;0,107;Q4;5;0;26;0;7;26;1,00;0,00;0,00;0;0;Poland;Eastern Europe;"Lodz University Press";"2016-2022";"Literature and Literary Theory (Q3); Cultural Studies (Q4)";"Arts and Humanities; Social Sciences"
1147;21101185304;"Aniki: Portuguese Journal of the Moving Image";journal;"21831750";"Association of Moving Image Researchers (AIM)";Yes;Yes;0,106;Q4;1;26;26;564;4;24;0,15;21,69;44,83;0;1;Portugal;Western Europe;"Association of Moving Image Researchers (AIM)";"2023-2025";"Visual Arts and Performing Arts (Q3); Arts and Humanities (miscellaneous) (Q4); Cultural Studies (Q4); History (Q4)";"Arts and Humanities; Social Sciences"
1148;21101168052;"Annotated Legal Documents on Islam in Europe";book series;"22141340";"Brill Nijhoff";No;No;0,106;Q4;3;0;5;0;0;5;0,00;0,00;0,00;0;0;Netherlands;Western Europe;"Brill Nijhoff";"2014-2021";"Cultural Studies (Q4); Political Science and International Relations (Q4)";"Social Sciences"
1149;21101134473;"Border Crossings";journal;"26354829, 23835222";"Global Institute for Japanese Studies, Korea University";Yes;Yes;0,106;Q4;1;20;96;367;4;95;0,03;18,35;55,56;0;3;South Korea;Asiatic Region;"Global Institute for Japanese Studies, Korea University";"2019-2024";"Literature and Literary Theory (Q3); Cultural Studies (Q4)";"Arts and Humanities; Social Sciences"
1150;19700172901;"Cadmo";journal;"19725019, 11225165";"FrancoAngeli";No;No;0,106;Q4;7;14;46;416;5;41;0,17;29,71;40,00;0;1;Italy;Western Europe;"FrancoAngeli";"2005-2024";"Cultural Studies (Q4); Education (Q4); History (Q4)";"Arts and Humanities; Social Sciences"
1151;21100463529;"Early Modern French Studies";journal;"20563035, 20563043";"Taylor and Francis Ltd.";No;No;0,106;Q4;6;15;52;51;8;45;0,06;3,40;70,59;0;2;United Kingdom;Western Europe;"Taylor and Francis Ltd.";"2015-2024";"Literature and Literary Theory (Q3); Cultural Studies (Q4); History (Q4)";"Arts and Humanities; Social Sciences"
1152;21100218017;"Film International";journal;"20403801, 16516826";"Intellect Ltd.";No;No;0,106;Q4;5;5;157;117;6;108;0,01;23,40;50,00;0;1;United Kingdom;Western Europe;"Intellect Ltd.";"2012-2024";"Visual Arts and Performing Arts (Q3); Communication (Q4); Cultural Studies (Q4)";"Arts and Humanities; Social Sciences"
1153;21101181925;"Global South";journal;"19328656, 19328648";"Indiana University Press";No;No;0,106;Q4;2;10;97;387;2;27;0,02;38,70;50,00;0;3;United States;Northern America;"Indiana University Press";"2019-2024";"Literature and Literary Theory (Q3); Arts and Humanities (miscellaneous) (Q4); Cultural Studies (Q4); History (Q4); Political Science and International Relations (Q4)";"Arts and Humanities; Social Sciences"
1154;21100258616;"International Journal of Community Diversity";journal;"23272147, 23270004";"Common Ground Research Networks";No;No;0,106;Q4;3;6;19;358;5;19;0,17;59,67;64,29;0;3;United States;Northern America;"Common Ground Research Networks";"2013-2024";"Anthropology (Q4); Cultural Studies (Q4); Sociology and Political Science (Q4)";"Social Sciences"
1155;21100842565;"Journal of New Zealand and Pacific Studies";journal;"20504039, 20504047";"Intellect Ltd.";No;No;0,106;Q4;3;6;56;149;2;51;0,08;24,83;40,00;0;0;United Kingdom;Western Europe;"Intellect Ltd.";"2017-2024";"Literature and Literary Theory (Q3); Cultural Studies (Q4); History (Q4); Sociology and Political Science (Q4)";"Arts and Humanities; Social Sciences"
1156;26307;"Journal of the Early Republic";journal;"02751275, 15530620";"University of North Carolina Press";No;No;0,106;Q4;21;44;159;1506;27;153;0,13;34,23;43,90;0;2;United States;Northern America;"University of North Carolina Press";"1983, 1987, 2002-2024";"Cultural Studies (Q4); History (Q4); Sociology and Political Science (Q4)";"Arts and Humanities; Social Sciences"
1157;21100226406;"Journal of Transnational American Studies";journal;"19400764";"University of California, Santa Barbara";Yes;Yes;0,106;Q4;15;17;98;827;19;75;0,15;48,65;44,44;0;1;United States;Northern America;"University of California, Santa Barbara";"2009-2013, 2015-2024";"Arts and Humanities (miscellaneous) (Q4); Communication (Q4); Cultural Studies (Q4)";"Arts and Humanities; Social Sciences"
1158;21101037308;"Journal of Urban Cultural Studies";journal;"20509790, 20509804";"Intellect Ltd.";No;No;0,106;Q4;4;19;42;651;3;39;0,11;34,26;35,71;0;10;United Kingdom;Western Europe;"Intellect Ltd.";"2019-2024";"Arts and Humanities (miscellaneous) (Q4); Cultural Studies (Q4); Urban Studies (Q4)";"Arts and Humanities; Social Sciences"
1159;16100154746;"Oxford Literary Review";journal;"03051498";"Edinburgh University Press";No;No;0,106;Q4;16;14;50;340;6;29;0,08;24,29;27,27;0;2;United Kingdom;Western Europe;"Edinburgh University Press";"1996-2024";"Literature and Literary Theory (Q3); Cultural Studies (Q4)";"Arts and Humanities; Social Sciences"
1160;5700188156;"Postmodern Culture";journal;"10531920";"Johns Hopkins University Press";Yes;No;0,106;Q4;13;0;47;0;8;45;0,08;0,00;0,00;0;0;United States;Northern America;"Johns Hopkins University Press";"2002-2023";"Literature and Literary Theory (Q3); Visual Arts and Performing Arts (Q3); Cultural Studies (Q4)";"Arts and Humanities; Social Sciences"
1161;21100873332;"Review of International American Studies";journal;"19912773";"International American Studies Association";Yes;Yes;0,106;Q4;4;9;72;160;8;64;0,06;17,78;55,56;0;2;Italy;Western Europe;"International American Studies Association";"2018-2024";"Literature and Literary Theory (Q3); Anthropology (Q4); Cultural Studies (Q4); History (Q4)";"Arts and Humanities; Social Sciences"
1162;21100241665;"RIG Kulturhistorisk Tidskrift";journal;"00355267";"Foreningen for Svensk Kulturhistoria";Yes;No;0,106;Q4;3;0;5;0;0;5;0,00;0,00;0,00;0;0;Sweden;Western Europe;"Foreningen for Svensk Kulturhistoria";"2011-2012, 2014-2018, 2023";"Anthropology (Q4); Cultural Studies (Q4)";"Social Sciences"
1163;19700187629;"Safundi";journal;"17533171, 15431304";"Taylor and Francis Ltd.";No;No;0,106;Q4;16;65;78;691;8;52;0,11;10,63;40,00;0;1;United Kingdom;Western Europe;"Taylor and Francis Ltd.";"2000-2025";"Cultural Studies (Q4); History (Q4); Political Science and International Relations (Q4)";"Arts and Humanities; Social Sciences"
1164;26184;"Sefarad";journal;"00370894, 1988320X";"CSIC Consejo Superior de Investigaciones Cientificas";Yes;Yes;0,106;Q4;8;0;39;0;6;39;0,21;0,00;0,00;0;0;Spain;Western Europe;"CSIC Consejo Superior de Investigaciones Cientificas";"1982-1983, 1996-2023";"Literature and Literary Theory (Q3); Cultural Studies (Q4); History (Q4); Linguistics and Language (Q4); Religious Studies (Q4)";"Arts and Humanities; Social Sciences"
1165;21101155956;"Serbian Studies";journal;"19419511, 07423330";"Slavica Publishers";No;No;0,106;Q4;2;0;23;0;2;20;0,00;0,00;0,00;0;0;United States;Northern America;"Slavica Publishers";"2019-2022";"Arts and Humanities (miscellaneous) (Q4); Cultural Studies (Q4); History (Q4); Social Sciences (miscellaneous) (Q4)";"Arts and Humanities; Social Sciences"
1166;26615;"Afrique Contemporaine";journal;"00020478";"De Boeck Supérieur";No;No;0,105;Q4;14;0;19;0;3;18;0,00;0,00;0,00;0;0;Belgium;Western Europe;"De Boeck Supérieur";"1982, 1985, 1987-1988, 1990, 1992-1993, 2003-2018, 2020-2021";"Cultural Studies (Q4); Development (Q4); Political Science and International Relations (Q4); Sociology and Political Science (Q4)";"Social Sciences"
1167;21101167538;"Amoenitas";journal;"23849460, 24217360";"Fabrizio Serra Editore";No;No;0,105;Q4;1;4;8;274;1;7;0,20;68,50;33,33;0;1;Italy;Western Europe;"Fabrizio Serra Editore";"2019-2024";"Classics (Q3); Archeology (Q4); Archeology (arts and humanities) (Q4); Architecture (Q4); Cultural Studies (Q4); History (Q4)";"Arts and Humanities; Engineering; Social Sciences"
1168;21100840125;"Colloquia Humanistica";journal;"23922419";"Institute of Slavic Studies, Polish Academy of Sciences";Yes;Yes;0,105;Q4;3;10;35;249;6;33;0,18;24,90;30,77;0;1;Poland;Eastern Europe;"Institute of Slavic Studies, Polish Academy of Sciences";"2017-2024";"Arts and Humanities (miscellaneous) (Q4); Cultural Studies (Q4); History (Q4)";"Arts and Humanities; Social Sciences"
1169;21101128535;"Genesis (Italy)";journal;"15949281, 19732252";"Viella";No;No;0,105;Q4;0;0;7;0;0;7;0,00;0,00;0,00;0;0;Italy;Western Europe;"Viella";"2022-2023";"Cultural Studies (Q4); Gender Studies (Q4); History (Q4); Social Sciences (miscellaneous) (Q4)";"Arts and Humanities; Social Sciences"
1170;5700153194;"German Quarterly";journal;"17561183, 00168831";"American Association of Teachers of German";No;No;0,105;Q4;13;50;101;849;28;72;0,31;16,98;61,22;0;6;United States;Northern America;"American Association of Teachers of German";"2002-2024";"Literature and Literary Theory (Q3); Visual Arts and Performing Arts (Q3); Cultural Studies (Q4)";"Arts and Humanities; Social Sciences"
1171;21100408844;"Islamic Philosophy, Theology and Science: Texts and Studies";book series;"01698729";"Brill Academic Publishers";No;No;0,105;Q4;11;30;33;2133;0;6;0,00;71,10;33,33;0;0;Netherlands;Western Europe;"Brill Academic Publishers";"2007-2024";"Cultural Studies (Q4); Philosophy (Q4); Religious Studies (Q4)";"Arts and Humanities; Social Sciences"
1172;36694;"Journal de la Societe des Americanistes";journal;"19577842, 00379174";"Societe des Americanistes";Yes;Yes;0,105;Q4;11;9;72;455;10;71;0,20;50,56;46,67;0;0;France;Western Europe;"Societe des Americanistes";"1980, 1984, 2011-2024";"Anthropology (Q4); Cultural Studies (Q4)";"Social Sciences"
1173;21101062039;"Journal of Posthuman Studies";journal;"24714461, 24724513";"Penn State University Press";No;No;0,105;Q4;4;8;42;332;5;36;0,10;41,50;66,67;0;0;United States;Northern America;"Penn State University Press";"2019-2024";"Arts and Humanities (miscellaneous) (Q4); Cultural Studies (Q4); Gender Studies (Q4); Sociology and Political Science (Q4)";"Arts and Humanities; Social Sciences"
1174;5200152823;"Journal of Sikh and Punjab Studies";journal;"09715223";"Global Institute for Sikh Studies";No;No;0,105;Q4;4;0;44;0;14;41;0,46;0,00;0,00;0;0;United States;Northern America;"Global Institute for Sikh Studies";"1999, 2001-2002, 2016-2023";"Cultural Studies (Q4); Development (Q4); Geography, Planning and Development (Q4); History (Q4); Political Science and International Relations (Q4)";"Arts and Humanities; Social Sciences"
1175;21101179091;"Revista Eletronica Direito e Sociedade";journal;"23188081";"Universidade LaSalle - Unilasalle";Yes;Yes;0,105;Q4;3;30;109;948;5;100;0,06;31,60;38,24;0;14;Brazil;Latin America;"Universidade LaSalle - Unilasalle";"2019-2024";"Cultural Studies (Q4); Gender Studies (Q4); Social Sciences (miscellaneous) (Q4)";"Social Sciences"
1176;21100384033;"Scripta Judaica Cracoviensia";journal;"20843925, 17335760";"Jagiellonian University Press";No;No;0,105;Q4;3;0;6;0;1;6;0,00;0,00;0,00;0;0;Poland;Eastern Europe;"Jagiellonian University Press";"2014-2021";"Cultural Studies (Q4); History (Q4); Linguistics and Language (Q4); Religious Studies (Q4)";"Arts and Humanities; Social Sciences"
1177;5800207921;"Slavica Slovaca";journal;"00376787, 13362364";"Jan Stanislav Institute of Slavistics, Slovak Committee of Slavists";Yes;No;0,105;Q4;5;63;130;800;7;117;0,08;12,70;68,57;0;4;Slovakia;Eastern Europe;"Jan Stanislav Institute of Slavistics, Slovak Committee of Slavists";"2011-2024";"Anthropology (Q4); Cultural Studies (Q4); History (Q4); Linguistics and Language (Q4)";"Arts and Humanities; Social Sciences"
1178;21100817622;"Studies in Spanish and Latin American Cinemas";journal;"20504845, 20504837";"Intellect Ltd.";No;No;0,105;Q4;7;0;52;0;8;52;0,10;0,00;0,00;0;0;United Kingdom;Western Europe;"Intellect Ltd.";"2013-2023";"Visual Arts and Performing Arts (Q3); Communication (Q4); Cultural Studies (Q4); Multidisciplinary (Q4)";"Arts and Humanities; Multidisciplinary; Social Sciences"
1179;16200154718;"Theatre History Studies";journal;"07332033, 21669953";"Mid-America Theatre Conference";No;No;0,105;Q4;6;0;54;0;13;50;0,29;0,00;0,00;0;0;United States;Northern America;"Mid-America Theatre Conference";"2002-2012, 2014-2019, 2021-2023";"Visual Arts and Performing Arts (Q3); Cultural Studies (Q4)";"Arts and Humanities; Social Sciences"
1180;20829;"Western Folklore";journal;"0043373X";"California Folklore Society";No;No;0,105;Q4;16;30;77;436;7;75;0,03;14,53;51,85;0;4;United States;Northern America;"California Folklore Society";"1968-1969, 1979-1980, 1985, 1989, 1999, 2002-2014, 2017-2024";"Visual Arts and Performing Arts (Q3); Anthropology (Q4); Cultural Studies (Q4); History (Q4)";"Arts and Humanities; Social Sciences"
1181;5700158839;"Zeitschrift fur Semiotik";journal;"01706241";"Stauffenburg Verlag";No;No;0,105;Q4;6;0;48;0;4;48;0,11;0,00;0,00;0;0;Germany;Western Europe;"Stauffenburg Verlag";"2002-2023";"Literature and Literary Theory (Q3); Cultural Studies (Q4); Linguistics and Language (Q4); Philosophy (Q4)";"Arts and Humanities; Social Sciences"
1182;21100980650;"Asia Maior";journal;"23852526";"Viella";Yes;Yes;0,104;Q4;4;0;70;0;7;66;0,08;0,00;0,00;0;0;Italy;Western Europe;"Viella";"2018-2023";"Cultural Studies (Q4); History (Q4); Political Science and International Relations (Q4); Sociology and Political Science (Q4)";"Arts and Humanities; Social Sciences"
1183;21101156034;"Brill Reference Library of Judaism";book series;"15715000";"Brill Academic Publishers";No;No;0,104;Q4;6;2;105;1138;7;8;0,06;569,00;50,00;0;0;Netherlands;Western Europe;"Brill Academic Publishers";"2000-2007, 2009, 2011-2018, 2020-2022, 2024";"Cultural Studies (Q4); Religious Studies (Q4)";"Arts and Humanities; Social Sciences"
1184;21100826428;"Catalan Review";journal;"02135949, 2053339X";"Liverpool University Press";No;Yes;0,104;Q4;3;7;38;229;3;36;0,00;32,71;40,00;0;1;United Kingdom;Western Europe;"Liverpool University Press";"2016-2024";"Literature and Literary Theory (Q3); Cultural Studies (Q4); History (Q4); Linguistics and Language (Q4)";"Arts and Humanities; Social Sciences"
1185;21100386861;"Chinese Historical Review";journal;"20487827, 1547402X";"Maney Publishing";No;No;0,104;Q4;7;8;26;484;4;25;0,11;60,50;42,86;0;2;United Kingdom;Western Europe;"Maney Publishing";"2014-2024";"Cultural Studies (Q4); History (Q4)";"Arts and Humanities; Social Sciences"
1186;21100247075;"Codrul Cosminului";journal;"1224032X, 20675860";"Stefan cel Mare University of Suceava";Yes;Yes;0,104;Q4;5;10;53;467;7;53;0,06;46,70;30,77;0;3;Romania;Eastern Europe;"Stefan cel Mare University of Suceava";"2013-2024";"Cultural Studies (Q4); History (Q4); Political Science and International Relations (Q4); Religious Studies (Q4); Sociology and Political Science (Q4)";"Arts and Humanities; Social Sciences"
1187;19700182807;"Contagion: Journal of Violence, Mimesis, and Culture";journal;"10757201, 19301200";"Michigan State University";No;No;0,104;Q4;5;15;35;812;3;33;0,09;54,13;7,69;0;0;United States;Northern America;"Michigan State University";"2010-2024";"Literature and Literary Theory (Q3); Cultural Studies (Q4); Philosophy (Q4); Religious Studies (Q4); Sociology and Political Science (Q4)";"Arts and Humanities; Social Sciences"
1188;21101071258;"Heranca - History, Heritage and Culture Journal";journal;"21843090";"Ponteditora";Yes;No;0,104;Q4;2;0;14;0;1;12;0,00;0,00;0,00;0;0;Portugal;Western Europe;"Ponteditora";"2018-2021";"Museology (Q3); Visual Arts and Performing Arts (Q3); Arts and Humanities (miscellaneous) (Q4); Conservation (Q4); Cultural Studies (Q4); History (Q4)";"Arts and Humanities; Social Sciences"
1189;5600156554;"Hispanic Research Journal";journal;"14682737";"Maney Publishing";No;No;0,104;Q4;7;10;67;479;6;63;0,11;47,90;27,27;0;3;United Kingdom;Western Europe;"Maney Publishing";"2009-2024";"Literature and Literary Theory (Q3); Visual Arts and Performing Arts (Q3); Cultural Studies (Q4)";"Arts and Humanities; Social Sciences"
1190;21101265944;"Iraqi Journal of Architecture and Planning";journal;"26179555, 26179547";"University of Technology - Iraq";Yes;Yes;0,104;Q4;2;10;38;291;9;38;0,26;29,10;16,67;0;7;Iraq;Middle East;"University of Technology - Iraq";"2020-2025";"Computer Graphics and Computer-Aided Design (Q4); Cultural Studies (Q4); Environmental Science (miscellaneous) (Q4); Urban Studies (Q4)";"Computer Science; Environmental Science; Social Sciences"
1191;21100885609;"Journal of American-East Asian Relations";journal;"10583947, 18765610";"Brill Academic Publishers";No;No;0,104;Q4;11;18;44;996;2;32;0,06;55,33;38,46;0;3;Netherlands;Western Europe;"Brill Academic Publishers";"1996, 1998-2000, 2002-2003, 2007-2024";"Cultural Studies (Q4); History (Q4); Political Science and International Relations (Q4); Sociology and Political Science (Q4)";"Arts and Humanities; Social Sciences"
1192;5700163901;"Journal of Romance Studies";journal;"14733536, 17522331";"Liverpool University Press";No;No;0,104;Q4;4;21;80;910;4;74;0,07;43,33;85,00;0;7;United Kingdom;Western Europe;"Liverpool University Press";"2014-2024";"Literature and Literary Theory (Q3); Visual Arts and Performing Arts (Q3); Cultural Studies (Q4); Linguistics and Language (Q4); Social Sciences (miscellaneous) (Q4)";"Arts and Humanities; Social Sciences"
1193;21101176935;"Mester";journal;"01602764";"UCLA Department of Foreign Languages";No;No;0,104;Q4;0;0;9;0;0;9;0,00;0,00;0,00;0;0;United States;Northern America;"UCLA Department of Foreign Languages";"2022";"Literature and Literary Theory (Q3); Cultural Studies (Q4); Linguistics and Language (Q4)";"Arts and Humanities; Social Sciences"
1194;5700168905;"Mississippi Quarterly";journal;"0026637X";"Mississippi State University, College of Arts and Sciences";No;No;0,104;Q4;10;11;48;286;4;48;0,06;26,00;36,36;0;1;United States;Northern America;"Mississippi State University, College of Arts and Sciences";"1964, 1982, 2002-2017, 2020-2024";"Literature and Literary Theory (Q3); Cultural Studies (Q4)";"Arts and Humanities; Social Sciences"
1195;5600154152;"Modernism - Modernity";journal;"10806601, 10716068";"Johns Hopkins University Press";No;No;0,104;Q4;28;16;100;925;13;99;0,12;57,81;37,50;0;2;United States;Northern America;"Johns Hopkins University Press";"1999, 2002-2024";"Literature and Literary Theory (Q3); Visual Arts and Performing Arts (Q3); Cultural Studies (Q4); History (Q4); Music (Q4); Sociology and Political Science (Q4)";"Arts and Humanities; Social Sciences"
1196;16100154731;"Partial Answers";journal;"15653668, 19369247";"Johns Hopkins University Press";No;No;0,104;Q4;15;17;46;780;9;46;0,18;45,88;11,11;0;1;United States;Northern America;"Johns Hopkins University Press";"2003-2025";"Literature and Literary Theory (Q3); Cultural Studies (Q4); Philosophy (Q4)";"Arts and Humanities; Social Sciences"
1197;21100242260;"Ricerca Folklorica";journal;"03919099";"Grafo edizioni";No;No;0,104;Q4;4;0;72;0;1;71;0,00;0,00;0,00;0;0;Italy;Western Europe;"Grafo edizioni";"2011-2013, 2016-2023";"Anthropology (Q4); Cultural Studies (Q4)";"Social Sciences"
1198;16200154724;"Scandinavica";journal;"00365653, 27540804";"Norvik Press";No;No;0,104;Q4;4;3;9;130;0;9;0,00;43,33;100,00;0;1;United Kingdom;Western Europe;"Norvik Press";"2002-2020, 2022-2024";"Literature and Literary Theory (Q3); Cultural Studies (Q4)";"Arts and Humanities; Social Sciences"
1199;21101086774;"Sixties";journal;"17541336, 17541328";"Routledge";No;No;0,104;Q4;9;0;8;0;2;8;0,00;0,00;0,00;0;0;United Kingdom;Western Europe;"Routledge";"2008-2022";"Cultural Studies (Q4); History (Q4); Sociology and Political Science (Q4)";"Arts and Humanities; Social Sciences"
1200;21101021992;"Storia della Donne";journal;"18267505, 18267513";"Firenze University Press";Yes;Yes;0,104;Q4;1;0;9;0;0;8;0,00;0,00;0,00;0;0;Italy;Western Europe;"Firenze University Press";"2020-2021";"Cultural Studies (Q4); Gender Studies (Q4); History (Q4)";"Arts and Humanities; Social Sciences"
1201;17700155415;"Sungkyun Journal of East Asian Studies";journal;"25860380, 15982661";"Duke University Press";Yes;Yes;0,104;Q4;7;11;36;1046;5;35;0,17;95,09;21,43;0;2;South Korea;Asiatic Region;"Duke University Press";"2010-2024";"Literature and Literary Theory (Q3); Anthropology (Q4); Cultural Studies (Q4); Religious Studies (Q4); Sociology and Political Science (Q4)";"Arts and Humanities; Social Sciences"
1202;5800207694;"Zeitschrift fur Balkanologie";book series;"00442356";"Harrassowitz Verlag";No;No;0,104;Q4;3;0;47;0;3;19;0,03;0,00;0,00;0;0;Germany;Western Europe;"Harrassowitz Verlag";"2013-2018, 2020-2023";"Literature and Literary Theory (Q3); Cultural Studies (Q4); History (Q4); Linguistics and Language (Q4)";"Arts and Humanities; Social Sciences"
1203;16300154724;"Zeitschrift fur Volkskunde";journal;"00443700";"Waxmann Verlag GmbH";No;No;0,104;Q4;9;0;17;0;1;8;0,00;0,00;0,00;0;0;Germany;Western Europe;"Waxmann Verlag GmbH";"2002-2016, 2019-2021";"Anthropology (Q4); Archeology (Q4); Archeology (arts and humanities) (Q4); Cultural Studies (Q4)";"Arts and Humanities; Social Sciences"
1204;19600157337;"Acta Comeniana";journal;"02315955";"Academy of Sciences of the Czech Republic";No;No;0,103;Q4;4;0;10;0;1;10;0,00;0,00;0,00;0;0;Czech Republic;Eastern Europe;"Academy of Sciences of the Czech Republic";"2005, 2007, 2009-2022";"Cultural Studies (Q4); Education (Q4); History (Q4); Philosophy (Q4); Religious Studies (Q4)";"Arts and Humanities; Social Sciences"
1205;19700170185;"Ars Orientalis";journal;"05711371";"FREER GALLERY OF ART";No;No;0,103;Q4;14;6;12;403;1;11;0,08;67,17;100,00;0;0;United States;Northern America;"FREER GALLERY OF ART";"2001-2006, 2010-2012, 2014-2017, 2022-2024";"Visual Arts and Performing Arts (Q3); Archeology (Q4); Archeology (arts and humanities) (Q4); Cultural Studies (Q4)";"Arts and Humanities; Social Sciences"
1206;21101120354;"Bibliotekarz Podlaski";journal;"25448900, 16407806";"Ksiaznica Podlaska";No;No;0,103;Q4;2;89;220;2001;2;214;0,01;22,48;56,63;0;2;Poland;Eastern Europe;"Ksiaznica Podlaska";"2019-2024";"Literature and Literary Theory (Q3); Cultural Studies (Q4); History (Q4); Library and Information Sciences (Q4)";"Arts and Humanities; Social Sciences"
1207;21101190208;"Cultural Intertexts";journal;"23931078, 23930624";"House of the Book of Science";Yes;No;0,103;Q4;0;15;11;318;0;11;0,00;21,20;73,33;0;3;Romania;Eastern Europe;"House of the Book of Science";"2023-2024";"Literature and Literary Theory (Q3); Arts and Humanities (miscellaneous) (Q4); Cultural Studies (Q4); History (Q4); Linguistics and Language (Q4)";"Arts and Humanities; Social Sciences"
1208;16800154749;"European Journal of Jewish Studies";journal;"10259996, 1872471X";"Brill Academic Publishers";No;No;0,103;Q4;7;16;40;1460;12;37;0,38;91,25;52,63;0;2;Netherlands;Western Europe;"Brill Academic Publishers";"2007-2025";"Literature and Literary Theory (Q3); Cultural Studies (Q4); History (Q4); Religious Studies (Q4)";"Arts and Humanities; Social Sciences"
1209;21101089509;"Facta";journal;"19719051, 1974451X";"Fabrizio Serra Editore Srl";No;No;0,103;Q4;1;6;14;431;2;12;0,11;71,83;16,67;0;0;Italy;Western Europe;"Fabrizio Serra Editore Srl";"2019-2024";"Classics (Q3); Archeology (Q4); Archeology (arts and humanities) (Q4); Cultural Studies (Q4); History (Q4)";"Arts and Humanities; Social Sciences"
1210;21100426624;"Handbook of Oriental Studies. Section 1, The Near and Middle East";book series;"01699423";"Brill Academic Publishers";No;No;0,103;Q4;10;78;165;7024;33;12;0,24;90,05;16,67;0;0;Netherlands;Western Europe;"Brill Academic Publishers";"2006-2025";"Anthropology (Q4); Archeology (arts and humanities) (Q4); Arts and Humanities (miscellaneous) (Q4); Cultural Studies (Q4); History (Q4); Linguistics and Language (Q4)";"Arts and Humanities; Social Sciences"
1211;16200154760;"Journal of Medieval and Early Modern Studies";journal;"15278263, 10829636";"Duke University Press";No;No;0,103;Q4;27;25;70;1827;14;68;0,26;73,08;56,00;0;2;United States;Northern America;"Duke University Press";"2002-2025";"Arts and Humanities (miscellaneous) (Q4); Cultural Studies (Q4)";"Arts and Humanities; Social Sciences"
1212;5700177271;"Matatu";journal;"09329714";"Brill Academic Publishers";No;No;0,103;Q4;6;18;49;568;3;46;0,09;31,56;57,14;0;3;Netherlands;Western Europe;"Brill Academic Publishers";"2011-2017, 2019-2024";"Literature and Literary Theory (Q3); Cultural Studies (Q4); History (Q4); Sociology and Political Science (Q4)";"Arts and Humanities; Social Sciences"
1213;5800214230;"Medieval Encounters";journal;"13807854";"Brill Academic Publishers";No;No;0,103;Q4;21;19;61;2951;16;58;0,21;155,32;38,10;0;2;Netherlands;Western Europe;"Brill Academic Publishers";"1995-2024";"Cultural Studies (Q4); History (Q4); Linguistics and Language (Q4); Religious Studies (Q4)";"Arts and Humanities; Social Sciences"
1214;5800179630;"Reviews in Anthropology";journal;"00938157";"Taylor and Francis Ltd.";No;No;0,103;Q4;14;5;18;108;0;11;0,00;21,60;42,86;0;1;United Kingdom;Western Europe;"Taylor and Francis Ltd.";"1974-1987, 1990-1995, 1997, 1999-2001, 2003-2024";"Anthropology (Q4); Cultural Studies (Q4)";"Social Sciences"
1215;21100938723;"Revista de Etnografie si Folclor";journal;"00348198";"Publishing House of the Romanian Academy";No;No;0,103;Q4;3;10;34;276;3;30;0,05;27,60;53,33;0;1;Romania;Eastern Europe;"Publishing House of the Romanian Academy";"2014-2025";"Anthropology (Q4); Cultural Studies (Q4)";"Social Sciences"
1216;21101080471;"Whatever";journal;"2611657X";"University of Pisa";Yes;Yes;0,103;Q4;4;10;48;429;10;48;0,11;42,90;50,00;0;1;Italy;Western Europe;"University of Pisa";"2018-2024";"Literature and Literary Theory (Q3); Visual Arts and Performing Arts (Q3); Cultural Studies (Q4); Gender Studies (Q4)";"Arts and Humanities; Social Sciences"
1217;21100775656;"Acta Poetica";journal;"01853082, 2448735X";"Universidad Nacional Autonoma de Mexico";Yes;Yes;0,102;Q4;4;18;53;379;4;51;0,08;21,06;44,44;0;3;Mexico;Latin America;"Universidad Nacional Autonoma de Mexico";"2016-2025";"Literature and Literary Theory (Q3); Cultural Studies (Q4)";"Arts and Humanities; Social Sciences"
1218;21100864394;"Amaltea";journal;"19891709";"Universidad Complutense Madrid";Yes;Yes;0,102;Q4;2;7;20;212;0;17;0,00;30,29;20,00;0;1;Spain;Western Europe;"Universidad Complutense Madrid";"2017-2024";"Literature and Literary Theory (Q3); Cultural Studies (Q4)";"Arts and Humanities; Social Sciences"
1219;21100872822;"Anglo Saxonica";journal;"08730628";"Ubiquity Press";Yes;Yes;0,102;Q4;2;11;31;436;5;31;0,21;39,64;75,00;0;3;Portugal;Western Europe;"Ubiquity Press";"2018-2024";"Literature and Literary Theory (Q3); Visual Arts and Performing Arts (Q3); Cultural Studies (Q4); Linguistics and Language (Q4)";"Arts and Humanities; Social Sciences"
1220;18365;"Anglo-Saxon England";journal;"14740532, 02636751";"Cambridge University Press";No;No;0,102;Q4;26;0;17;0;1;17;0,00;0,00;0,00;0;0;United Kingdom;Western Europe;"Cambridge University Press";"1972-2010, 2012-2021, 2023-2024";"Arts and Humanities (miscellaneous) (Q4); Cultural Studies (Q4); History (Q4)";"Arts and Humanities; Social Sciences"
1221;21100891034;"Asian Review of World Histories";journal;"22879811, 2287965X";"Brill Academic Publishers";No;No;0,102;Q4;8;19;31;619;4;27;0,11;32,58;37,50;0;4;Netherlands;Western Europe;"Brill Academic Publishers";"2013-2025";"Cultural Studies (Q4); History (Q4); Sociology and Political Science (Q4)";"Arts and Humanities; Social Sciences"
1222;21101125548;"Authorship";journal;"20344643";"Universiteit Gent";Yes;Yes;0,102;Q4;2;0;15;0;1;13;0,17;0,00;0,00;0;0;Belgium;Western Europe;"Universiteit Gent";"2019-2022";"Literature and Literary Theory (Q3); Cultural Studies (Q4)";"Arts and Humanities; Social Sciences"
1223;21101218119;"Biblioteca di Rassegna Iberistica";book series;"26108844, 26109360";"Edizioni Ca' Foscari";No;No;0,102;Q4;4;40;127;1099;2;16;0,01;27,48;73,33;0;6;Italy;Western Europe;"Edizioni Ca' Foscari";"2019-2024";"Literature and Literary Theory (Q3); Arts and Humanities (miscellaneous) (Q4); Cultural Studies (Q4); Linguistics and Language (Q4)";"Arts and Humanities; Social Sciences"
1224;5800227794;"Cithara";journal;"00097527";"Saint Bonaventure University";No;No;0,102;Q4;3;4;13;103;0;13;0,00;25,75;0,00;0;0;United States;Northern America;"Saint Bonaventure University";"2002-2020, 2022-2024";"Literature and Literary Theory (Q3); Cultural Studies (Q4); History (Q4); Religious Studies (Q4)";"Arts and Humanities; Social Sciences"
1225;21101189041;"Estudios Bizantinos";journal;"29521432, 20149999";"Universidad de Alcala";Yes;Yes;0,102;Q4;3;8;18;331;1;18;0,08;41,38;50,00;0;0;Spain;Western Europe;"Universidad de Alcala";"2019-2024";"Archeology (arts and humanities) (Q4); Cultural Studies (Q4); History (Q4); Linguistics and Language (Q4); Visual Arts and Performing Arts (Q4)";"Arts and Humanities; Social Sciences"
1226;21101045031;"Heteroglossia";journal;"20841302, 26577461";"University of Economy";No;No;0,102;Q4;2;0;59;0;3;59;0,08;0,00;0,00;0;0;Poland;Eastern Europe;"University of Economy";"2020-2022";"Cultural Studies (Q4); Linguistics and Language (Q4)";"Social Sciences"
1227;21100878047;"Hiperboreea";journal;"22845666";"Balkan History Association";No;No;0,102;Q4;3;10;30;684;11;30;0,32;68,40;53,85;0;2;Romania;Eastern Europe;"Balkan History Association";"2018-2024";"Archeology (Q4); Archeology (arts and humanities) (Q4); Cultural Studies (Q4); History (Q4)";"Arts and Humanities; Social Sciences"
1228;79134;"Histoire et Societes Rurales";journal;"1254728X, 1950666X";"Association d'Histoire des Societes Rurales";No;No;0,102;Q4;9;15;19;409;0;18;0,00;27,27;27,27;0;4;France;Western Europe;"Association d'Histoire des Societes Rurales";"1995, 1999, 2001-2020, 2022-2024";"Anthropology (Q4); Cultural Studies (Q4); Geography, Planning and Development (Q4); History (Q4)";"Arts and Humanities; Social Sciences"
1229;6200171093;"Images";journal;"18717993";"Brill Academic Publishers";No;No;0,102;Q4;6;10;20;935;3;19;0,18;93,50;22,22;0;0;Netherlands;Western Europe;"Brill Academic Publishers";"2007-2013, 2015-2024";"Cultural Studies (Q4); History (Q4); Religious Studies (Q4); Visual Arts and Performing Arts (Q4)";"Arts and Humanities; Social Sciences"
1230;16300154709;"Journal of Asian History";journal;"0021910X";"Otto Harrassowitz GmbH. Co.KG";No;No;0,102;Q4;9;0;22;0;3;17;0,18;0,00;0,00;0;0;Germany;Western Europe;"Otto Harrassowitz GmbH. Co.KG";"2002-2018, 2021-2023";"Cultural Studies (Q4); History (Q4); Sociology and Political Science (Q4)";"Arts and Humanities; Social Sciences"
1231;21100349318;"Journal of Early American History";journal;"18770223, 18770703";"Brill Academic Publishers";No;No;0,102;Q4;6;11;24;732;3;19;0,13;66,55;40,00;0;0;Netherlands;Western Europe;"Brill Academic Publishers";"2011-2012, 2014-2024";"Cultural Studies (Q4); History (Q4)";"Arts and Humanities; Social Sciences"
1232;21100925891;"Journal of Early Modern Studies";journal;"22797149";"Firenze University Press";Yes;Yes;0,102;Q4;4;17;39;1218;8;35;0,19;71,65;44,44;0;3;Italy;Western Europe;"Firenze University Press";"2019-2024";"Literature and Literary Theory (Q3); Visual Arts and Performing Arts (Q3); Cultural Studies (Q4); History (Q4); Linguistics and Language (Q4); Religious Studies (Q4); Sociology and Political Science (Q4)";"Arts and Humanities; Social Sciences"
1233;6400153190;"Journal of Jewish Studies";journal;"00222097";"Oxford Centre for Hebrew and Jewish Studies";No;No;0,102;Q4;19;21;90;1323;10;90;0,10;63,00;29,63;0;0;United Kingdom;Western Europe;"Oxford Centre for Hebrew and Jewish Studies";"2002-2012, 2014-2024";"Literature and Literary Theory (Q3); Cultural Studies (Q4); History (Q4); Religious Studies (Q4)";"Arts and Humanities; Social Sciences"
1234;17100154725;"Journal of Persianate Studies";journal;"18747094, 18747167";"Brill Academic Publishers";No;No;0,102;Q4;12;14;31;805;6;30;0,23;57,50;26,67;0;0;Netherlands;Western Europe;"Brill Academic Publishers";"2008-2024";"Cultural Studies (Q4); History (Q4); Sociology and Political Science (Q4)";"Arts and Humanities; Social Sciences"
1235;21100898975;"Journal of Scottish Historical Studies";journal;"1748538X, 17551749";"Edinburgh University Press";No;No;0,102;Q4;12;5;22;57;5;21;0,20;11,40;40,00;0;1;United Kingdom;Western Europe;"Edinburgh University Press";"1996-2024";"Anthropology (Q4); Cultural Studies (Q4); Economics, Econometrics and Finance (miscellaneous) (Q4); History (Q4)";"Arts and Humanities; Economics, Econometrics and Finance; Social Sciences"
1236;15734;"Journal of the Warburg and Courtauld Institutes";journal;"00754390, 20440014";"University of Chicago Press";No;No;0,102;Q4;15;0;20;0;5;17;0,25;0,00;0,00;0;0;United States;Northern America;"University of Chicago Press";"1964, 1971-1972, 1974, 1978-1980, 1988, 2002-2014, 2016-2023";"Arts and Humanities (miscellaneous) (Q4); Cultural Studies (Q4)";"Arts and Humanities; Social Sciences"
1237;6000170488;"Judaica Bohemiae";journal;"00225738";"Jewish Museum in Prague";No;No;0,102;Q4;5;7;28;816;3;17;0,11;116,57;50,00;0;1;Czech Republic;Eastern Europe;"Jewish Museum in Prague";"2007, 2009-2024";"Cultural Studies (Q4); History (Q4); Religious Studies (Q4)";"Arts and Humanities; Social Sciences"
1238;23677;"Pacific Northwest Quarterly";journal;"00308803";"University of Washington";No;No;0,102;Q4;6;1;33;0;0;13;0,00;0,00;0,00;0;0;United States;Northern America;"University of Washington";"1967, 1974, 1980, 1982, 1986, 2000-2024";"Cultural Studies (Q4); History (Q4)";"Arts and Humanities; Social Sciences"
1239;21101168873;"Periferica Internacional";journal;"15771172, 24452696";"Universidad de Cadiz";Yes;Yes;0,102;Q4;3;21;86;196;4;72;0,06;9,33;41,67;0;5;Spain;Western Europe;"Universidad de Cadiz";"2019-2024";"Arts and Humanities (miscellaneous) (Q4); Cultural Studies (Q4); Museology (Q4)";"Arts and Humanities; Social Sciences"
1240;21100449123;"Porownania";journal;"1733165X";"Adam Mickiewicz University";No;No;0,102;Q4;4;18;161;504;15;155;0,09;28,00;62,50;0;3;Poland;Eastern Europe;"Adam Mickiewicz University";"2015-2024";"Literature and Literary Theory (Q3); Cultural Studies (Q4)";"Arts and Humanities; Social Sciences"
1241;5700166761;"PORTAL: Journal of Multidisciplinary International Studies";journal;"14492490";"UTS ePRESS";Yes;Yes;0,102;Q4;4;21;28;118;5;27;0,19;5,62;62,50;0;6;Australia;Pacific Region;"UTS ePRESS";"2017-2024";"Anthropology (Q4); Cultural Studies (Q4); Demography (Q4)";"Social Sciences"
1242;21101272906;"Quranica";journal;"22895396";"University of Malaya";No;No;0,102;Q4;2;39;125;1113;1;124;0,00;28,54;11,43;0;3;Malaysia;Asiatic Region;"University of Malaya";"2020-2022, 2024";"Cultural Studies (Q4); Religious Studies (Q4)";"Arts and Humanities; Social Sciences"
1243;6000152710;"Religion and the Arts";journal;"10799265, 15685292";"Brill Academic Publishers";No;No;0,102;Q4;9;23;68;815;9;67;0,11;35,43;40,91;0;3;Netherlands;Western Europe;"Brill Academic Publishers";"1996, 1998-2024";"Visual Arts and Performing Arts (Q3); Cultural Studies (Q4); History (Q4); Religious Studies (Q4)";"Arts and Humanities; Social Sciences"
1244;21100980649;"Revista Hispanica Moderna";journal;"19446446";"University of Pennsylvania Press";No;No;0,102;Q4;2;16;55;583;3;54;0,02;36,44;33,33;0;0;United States;Northern America;"University of Pennsylvania Press";"2019-2024";"Literature and Literary Theory (Q3); Cultural Studies (Q4); History (Q4)";"Arts and Humanities; Social Sciences"
1245;21100394703;"RomanoArabica";journal;"15826953";"Bucharest University Press";No;No;0,102;Q4;6;7;14;193;2;14;0,14;27,57;57,14;0;0;Romania;Eastern Europe;"Bucharest University Press";"2014-2020, 2022, 2024";"Cultural Studies (Q4); Linguistics and Language (Q4)";"Social Sciences"
1246;16060;"Shakespeare Studies";journal;"05829399";"Associated University Presses";No;No;0,102;Q4;12;0;32;0;16;14;1,00;0,00;0,00;0;0;United States;Northern America;"Associated University Presses";"1979, 1983, 2002-2013, 2018-2019, 2021-2022";"Literature and Literary Theory (Q3); Visual Arts and Performing Arts (Q3); Cultural Studies (Q4)";"Arts and Humanities; Social Sciences"
1247;21212;"Spagna Contemporanea";journal;"11217480, 27857743";"Viella";No;No;0,102;Q4;3;0;16;0;3;13;0,00;0,00;0,00;0;0;Italy;Western Europe;"Viella";"1997, 2002, 2019-2021";"Literature and Literary Theory (Q3); Arts and Humanities (miscellaneous) (Q4); Cultural Studies (Q4); History (Q4)";"Arts and Humanities; Social Sciences"
1248;16100154797;"Studi Medievali";journal;"03918467";"Fondazione Centro Italiano di Studi sull'Alto Medioevo (C I S A M)";No;No;0,102;Q4;8;10;131;1116;5;129;0,02;111,60;37,50;0;0;Italy;Western Europe;"Fondazione Centro Italiano di Studi sull'Alto Medioevo (C I S A M)";"2002-2024";"Cultural Studies (Q4); History (Q4)";"Arts and Humanities; Social Sciences"
1249;16000154772;"Studi Piemontesi";journal;"03927261";"Centro Studi Piemontesi";No;No;0,102;Q4;4;0;38;0;0;14;0,00;0,00;0,00;0;0;Italy;Western Europe;"Centro Studi Piemontesi";"2002-2020, 2022";"Cultural Studies (Q4); History (Q4)";"Arts and Humanities; Social Sciences"
1250;16400154750;"Studi Secenteschi";journal;"00816248";"Casa Editrice Leo S. Olschki";No;No;0,102;Q4;5;1;31;0;0;14;0,00;0,00;0,00;0;0;Italy;Western Europe;"Casa Editrice Leo S. Olschki";"2002-2013, 2018-2023";"Literature and Literary Theory (Q3); Cultural Studies (Q4); History (Q4)";"Arts and Humanities; Social Sciences"
1251;21100834322;"Studia Austriaca";journal;"15932508, 23852925";"Universita degli Studi di Milano";Yes;Yes;0,102;Q4;1;5;16;166;1;16;0,10;33,20;25,00;0;0;Italy;Western Europe;"Universita degli Studi di Milano";"2017-2024";"Literature and Literary Theory (Q3); Cultural Studies (Q4)";"Arts and Humanities; Social Sciences"
1252;5800207709;"Studia Iranica";book series;"02215004";"Peeters Publishers";No;No;0,102;Q4;6;0;15;0;1;15;0,00;0,00;0,00;0;0;Belgium;Western Europe;"Peeters Publishers";"2011-2022";"Cultural Studies (Q4); History (Q4)";"Arts and Humanities; Social Sciences"
1253;12665;"Studia Rosenthaliana";journal;"17831792, 17817838";"Amsterdam University Press";No;No;0,102;Q4;7;3;17;150;0;16;0,00;50,00;100,00;0;0;Netherlands;Western Europe;"Amsterdam University Press";"1970, 1999, 2002, 2004, 2006-2009, 2011-2012, 2014, 2021-2024";"Cultural Studies (Q4); History (Q4)";"Arts and Humanities; Social Sciences"
1254;21100967058;"Studia Theodisca";journal;"15932478, 23852917";"Universita degli Studi di Milano";Yes;Yes;0,102;Q4;1;5;16;165;0;16;0,00;33,00;40,00;0;0;Italy;Western Europe;"Universita degli Studi di Milano";"2019-2024";"Literature and Literary Theory (Q3); Cultural Studies (Q4)";"Arts and Humanities; Social Sciences"
1255;21100211322;"Taiwan Journal of East Asian Studies";journal;"18126243";"College of International Studies and Social Sciences, National Taiwan Normal University";No;No;0,102;Q4;7;7;32;364;2;31;0,05;52,00;16,67;0;3;Taiwan;Asiatic Region;"College of International Studies and Social Sciences, National Taiwan Normal University";"2004-2024";"Arts and Humanities (miscellaneous) (Q4); Cultural Studies (Q4)";"Arts and Humanities; Social Sciences"
1256;21100285048;"T'ang Studies";journal;"17597633, 07375034";"Johns Hopkins University Press";No;No;0,102;Q4;6;6;15;1027;2;15;0,18;171,17;0,00;0;0;United Kingdom;Western Europe;"Johns Hopkins University Press";"1982, 1984-1990, 1992, 1994-1997, 2000, 2002, 2005, 2007-2024";"Cultural Studies (Q4); History (Q4)";"Arts and Humanities; Social Sciences"
1257;21100455736;"Texts and Studies in Eastern Christianity";book series;"22130039";"Brill Academic Publishers";No;No;0,102;Q4;6;20;70;2656;7;32;0,13;132,80;100,00;0;2;Netherlands;Western Europe;"Brill Academic Publishers";"2012, 2014-2025";"Cultural Studies (Q4); History (Q4); Philosophy (Q4); Religious Studies (Q4)";"Arts and Humanities; Social Sciences"
1258;21100455564;"Visual Ethnography";journal;"24999288, 22811605";"Visual Ethnography";No;No;0,102;Q4;7;16;69;325;5;69;0,06;20,31;52,38;0;5;Italy;Western Europe;"Visual Ethnography";"2012-2024";"Anthropology (Q4); Communication (Q4); Cultural Studies (Q4)";"Social Sciences"
1259;21101089139;"Visual History";journal;"25323504, 24215627";"Fabrizio Serra Editore Srl";No;No;0,102;Q4;2;0;22;0;0;18;0,00;0,00;0,00;0;0;Italy;Western Europe;"Fabrizio Serra Editore Srl";"2019-2023";"Communication (Q4); Cultural Studies (Q4); History (Q4)";"Arts and Humanities; Social Sciences"
1260;5700161051;"A Contrario";journal;"16607880, 16628667";"Editions Antipodes";No;No;0,101;Q4;7;0;43;0;1;36;0,00;0,00;0,00;0;0;Switzerland;Western Europe;"Editions Antipodes";"2003-2007, 2009-2018, 2020-2023";"Cultural Studies (Q4); Literature and Literary Theory (Q4); Political Science and International Relations (Q4); Sociology and Political Science (Q4)";"Arts and Humanities; Social Sciences"
1261;21101042151;"Acta Asiatica Varsoviensia";journal;"24498653, 08606102";"Institute of Mediterranean and Oriental Cultures of the Polish Academy of Sciences";Yes;Yes;0,101;Q4;1;0;34;0;4;33;0,16;0,00;0,00;0;0;Poland;Eastern Europe;"Institute of Mediterranean and Oriental Cultures of the Polish Academy of Sciences";"2019-2023";"Arts and Humanities (miscellaneous) (Q4); Cultural Studies (Q4); History (Q4); Religious Studies (Q4)";"Arts and Humanities; Social Sciences"
1262;21101039071;"Acta Facultatis Philosophicae Universitatis Ostravienis Studia Germanistica";journal;"25710273, 1803408X";"University of Ostrava, Faculty of Arts";Yes;Yes;0,101;Q4;2;8;44;170;2;44;0,03;21,25;44,44;0;0;Czech Republic;Eastern Europe;"University of Ostrava, Faculty of Arts";"2019-2024";"Cultural Studies (Q4); Education (Q4); Linguistics and Language (Q4); Literature and Literary Theory (Q4)";"Arts and Humanities; Social Sciences"
1263;18303;"Acta Poloniae Historica";journal;"00016829";"Polska Akademia Nauk";Yes;No;0,101;Q4;8;24;48;272;1;47;0,03;11,33;51,35;0;3;Poland;Eastern Europe;"Polska Akademia Nauk";"1968, 1999, 2001-2024";"Cultural Studies (Q4); Gender Studies (Q4); History (Q4); Sociology and Political Science (Q4)";"Arts and Humanities; Social Sciences"
1264;16400154704;"African American Review";journal;"10624783";"Johns Hopkins University Press";No;No;0,101;Q4;19;8;63;300;8;56;0,07;37,50;37,50;0;1;United States;Northern America;"Johns Hopkins University Press";"2002-2009, 2012-2024";"Cultural Studies (Q4); Literature and Literary Theory (Q4); Visual Arts and Performing Arts (Q4)";"Arts and Humanities; Social Sciences"
1265;21100228548;"American and British Studies Annual";journal;"27882233, 18036058";"University of Pardubice";Yes;Yes;0,101;Q4;2;10;34;266;1;34;0,05;26,60;77,78;0;1;Czech Republic;Eastern Europe;"University of Pardubice";"2012-2024";"Cultural Studies (Q4); Literature and Literary Theory (Q4)";"Arts and Humanities; Social Sciences"
1266;6000152720;"American Art";journal;"15496503, 10739300";"University of Chicago Press";No;No;0,101;Q4;13;6;60;538;6;41;0,13;89,67;66,67;0;0;United States;Northern America;"University of Chicago Press";"1996-2024";"Cultural Studies (Q4); Visual Arts and Performing Arts (Q4)";"Arts and Humanities; Social Sciences"
1267;7200153164;"Antik Tanulmanyok";journal;"0003567X, 15882748";"Akademiai Kiado";No;No;0,101;Q4;4;6;50;163;2;50;0,03;27,17;0,00;0;0;Hungary;Eastern Europe;"Akademiai Kiado";"2007-2024";"Classics (Q4); Cultural Studies (Q4); History (Q4); Linguistics and Language (Q4); Literature and Literary Theory (Q4); Visual Arts and Performing Arts (Q4)";"Arts and Humanities; Social Sciences"
1268;23771;"Appalachian Journal";journal;"00903779";"Appalachian State University";No;No;0,101;Q4;7;0;21;0;0;21;0,00;0,00;0,00;0;0;United States;Northern America;"Appalachian State University";"1983, 2002-2020, 2022";"Cultural Studies (Q4); History (Q4); Literature and Literary Theory (Q4)";"Arts and Humanities; Social Sciences"
1269;56240;"Archiv fur Kulturgeschichte";book series;"21943958, 00039233";"Vandenhoeck and Ruprecht GmbH and Co. KG";No;No;0,101;Q4;2;22;44;58;2;29;0,00;2,64;0,00;0;4;Germany;Western Europe;"Vandenhoeck and Ruprecht GmbH and Co. KG";"1903-1911, 1914, 1916-1917, 1919, 1923, 1926-1939, 1941, 1943-1944, 1952, 1954, 1956-1962, 1964-1979, 1981, 1983, 1985-1995, 2001, 2011, 2013-2024";"Cultural Studies (Q4); History (Q4)";"Arts and Humanities; Social Sciences"
1270;8400155881;"Archiv fur Volkerkunde";journal;"00666513";"W. Braumuller";No;No;0,101;Q4;5;0;23;0;0;23;0,00;0,00;0,00;0;0;Austria;Western Europe;"W. Braumuller";"2009, 2013-2015, 2017-2023";"Anthropology (Q4); Cultural Studies (Q4)";"Social Sciences"
1271;17700154920;"Archives Juives";journal;"19650531, 00039837";"Editions Les Belles Lettres";No;No;0,101;Q4;6;14;49;466;1;42;0,00;33,29;54,55;0;0;France;Western Europe;"Editions Les Belles Lettres";"2001-2024";"Cultural Studies (Q4); History (Q4); Religious Studies (Q4)";"Arts and Humanities; Social Sciences"
1272;21100976853;"Ars Judaica";journal;"25164252, 15656721";"Liverpool University Press";No;No;0,101;Q4;2;0;25;0;2;21;0,06;0,00;0,00;0;0;United Kingdom;Western Europe;"Liverpool University Press";"2018-2023";"Architecture (Q4); Cultural Studies (Q4); History (Q4); Linguistics and Language (Q4); Visual Arts and Performing Arts (Q4)";"Arts and Humanities; Engineering; Social Sciences"
1273;20700195002;"Ausa";journal;"02105853, 20141246";"Patronat d'Estudis Osonencs";Yes;No;0,101;Q4;3;0;22;0;0;22;0,00;0,00;0,00;0;0;Spain;Western Europe;"Patronat d'Estudis Osonencs";"2011-2019, 2022-2023";"Cultural Studies (Q4); History (Q4); Literature and Literary Theory (Q4); Visual Arts and Performing Arts (Q4)";"Arts and Humanities; Social Sciences"
1274;5700157102;"Balkanistica";journal;"03602206";"South East European Studies Association";No;No;0,101;Q4;5;12;33;222;0;29;0,00;18,50;50,00;0;1;United States;Northern America;"South East European Studies Association";"2011-2024";"Cultural Studies (Q4); History (Q4); Linguistics and Language (Q4); Literature and Literary Theory (Q4)";"Arts and Humanities; Social Sciences"
1275;21101140504;"Bolivian Studies Journal";journal;"21565163, 10742247";"University Library System, University of Pittsburgh";Yes;Yes;0,101;Q4;2;11;31;548;0;29;0,00;49,82;50,00;0;3;United States;Northern America;"University Library System, University of Pittsburgh";"2019, 2021-2024";"Anthropology (Q4); Cultural Studies (Q4); History (Q4); Political Science and International Relations (Q4); Social Sciences (miscellaneous) (Q4); Sociology and Political Science (Q4)";"Arts and Humanities; Social Sciences"
1276;21100887423;"Bulletin of Spanish Visual Studies";journal;"24741604, 24741612";"Taylor and Francis Ltd.";No;No;0,101;Q4;3;13;42;36;4;41;0,07;2,77;47,37;0;0;United Kingdom;Western Europe;"Taylor and Francis Ltd.";"2017-2024";"Cultural Studies (Q4); Visual Arts and Performing Arts (Q4)";"Arts and Humanities; Social Sciences"
1277;6500153157;"Caribbean Quarterly";journal;"00086495";"Extra Mural Department of the University College of the West Indies";No;No;0,101;Q4;14;17;110;0;6;71;0,03;0,00;54,55;0;1;United Kingdom;Western Europe;"Extra Mural Department of the University College of the West Indies";"1996-2024";"Anthropology (Q4); Cultural Studies (Q4); History (Q4); Political Science and International Relations (Q4); Sociology and Political Science (Q4)";"Arts and Humanities; Social Sciences"
1278;21101206091;"Cels";journal;"25929356, 14077841";"University of Latvia";No;No;0,101;Q4;2;10;28;254;4;27;0,06;25,40;30,00;0;0;Latvia;Eastern Europe;"University of Latvia";"2020-2024";"Arts and Humanities (miscellaneous) (Q4); Cultural Studies (Q4); Religious Studies (Q4)";"Arts and Humanities; Social Sciences"
1279;5800209432;"Concentric: Literary and Cultural Studies";journal;"17298792, 17296897";"National Taiwan Normal University";No;No;0,101;Q4;6;17;46;614;8;44;0,15;36,12;57,89;0;3;Taiwan;Asiatic Region;"National Taiwan Normal University";"2012-2024";"Cultural Studies (Q4); Literature and Literary Theory (Q4)";"Arts and Humanities; Social Sciences"
1280;21101081519;"Convivium (Poland)";journal;"26576252, 21968403";"Lodz University Press";Yes;Yes;0,101;Q4;2;9;29;297;0;25;0,00;33,00;66,67;0;0;Poland;Eastern Europe;"Lodz University Press";"2007-2024";"Cultural Studies (Q4); Linguistics and Language (Q4); Literature and Literary Theory (Q4)";"Arts and Humanities; Social Sciences"
1281;21101057633;"Critical Ethnic Studies";journal;"23735031, 2373504X";"University of Minnesota Press";No;No;0,101;Q4;2;0;36;0;3;30;0,18;0,00;0,00;0;0;United States;Northern America;"University of Minnesota Press";"2020-2022";"Anthropology (Q4); Cultural Studies (Q4); Gender Studies (Q4); Social Sciences (miscellaneous) (Q4)";"Social Sciences"
1282;21101274738;"Critical Theory";journal;"27535193, 25154702";"Porcelain Publishing International LTD";No;No;0,101;Q4;0;22;24;373;0;23;0,00;16,95;43,48;0;0;United Kingdom;Western Europe;"Porcelain Publishing International LTD";"2021-2024";"Arts and Humanities (miscellaneous) (Q4); Cultural Studies (Q4); Literature and Literary Theory (Q4)";"Arts and Humanities; Social Sciences"
1283;21101138000;"De Arte";journal;"00043389, 24714100";"Taylor and Francis Ltd.";No;No;0,101;Q4;6;2;36;83;1;29;0,04;41,50;100,00;0;1;United Kingdom;Western Europe;"Taylor and Francis Ltd.";"1967-2024";"Cultural Studies (Q4)";"Social Sciences"
1284;21100236209;"Diasporas";journal;"16375823";"Universite de Toulouse-Le Mirail";Yes;Yes;0,101;Q4;5;3;89;129;8;83;0,08;43,00;33,33;0;0;France;Western Europe;"Universite de Toulouse-Le Mirail";"2008-2024";"Cultural Studies (Q4); Demography (Q4); History (Q4); Sociology and Political Science (Q4)";"Arts and Humanities; Social Sciences"
1285;21100876391;"Early Modern Low Countries";journal;"25431587";"Utrecht University Library Open Access Journals";Yes;Yes;0,101;Q4;5;15;45;775;16;44;0,21;51,67;66,67;0;1;Netherlands;Western Europe;"Utrecht University Library Open Access Journals";"2017-2024";"Cultural Studies (Q4); History (Q4)";"Arts and Humanities; Social Sciences"
1286;81529;"Eighteenth-Century Ireland";journal;"07907915";"Eighteenth-Century Ireland Society";No;No;0,101;Q4;10;8;27;734;2;23;0,10;91,75;0,00;0;0;Ireland;Western Europe;"Eighteenth-Century Ireland Society";"1986, 2002-2019, 2021-2024";"Arts and Humanities (miscellaneous) (Q4); Cultural Studies (Q4); Sociology and Political Science (Q4)";"Arts and Humanities; Social Sciences"
1287;78798;"Ethnologie Francaise";journal;"00462616";"Presses Universitaires de France, Departement des Revues";No;No;0,101;Q4;16;36;120;797;3;114;0,04;22,14;48,65;0;8;France;Western Europe;"Presses Universitaires de France, Departement des Revues";"1971, 1976, 1981, 2001-2024";"Anthropology (Q4); Cultural Studies (Q4)";"Social Sciences"
1288;21100204306;"European Journal of Scandinavian Studies";journal;"21919402, 21919399";"Walter de Gruyter GmbH";No;No;0,101;Q4;5;14;50;565;3;48;0,06;40,36;35,71;0;1;Germany;Western Europe;"Walter de Gruyter GmbH";"2010-2024";"Cultural Studies (Q4); Linguistics and Language (Q4); Literature and Literary Theory (Q4)";"Arts and Humanities; Social Sciences"
1289;21100404505;"Experiment";journal;"2211730X, 10844945";"Brill Academic Publishers";No;No;0,101;Q4;4;18;25;679;1;22;0,04;37,72;70,59;0;3;Netherlands;Western Europe;"Brill Academic Publishers";"1996-1998, 2000, 2002-2004, 2006, 2008-2009, 2011-2014, 2016-2020, 2022-2024";"Cultural Studies (Q4); Visual Arts and Performing Arts (Q4)";"Arts and Humanities; Social Sciences"
1290;16200154752;"FF Communications";book series;"00145815";"Academia Scientiarum Fennica";No;No;0,101;Q4;5;0;27;0;2;26;0,25;0,00;0,00;0;0;Finland;Western Europe;"Academia Scientiarum Fennica";"2002-2007, 2009-2010, 2012-2023";"Anthropology (Q4); Cultural Studies (Q4); Religious Studies (Q4)";"Arts and Humanities; Social Sciences"
1291;21101196751;"Filistin Arastirmalari Dergisi";journal;"25871862";"Muhammed Mustafa KULU";No;No;0,101;Q4;1;12;21;667;1;21;0,00;55,58;40,00;0;3;Turkey;Middle East;"Muhammed Mustafa KULU";"2019-2024";"Arts and Humanities (miscellaneous) (Q4); Cultural Studies (Q4); History (Q4); Religious Studies (Q4)";"Arts and Humanities; Social Sciences"
1292;21101272731;"Folia Historica Bohemica";journal;"02317494, 27883205";"Czech Academy of Sciences, Institute of History";No;No;0,101;Q4;1;4;22;38;0;22;0,00;9,50;75,00;0;0;Czech Republic;Eastern Europe;"Czech Academy of Sciences, Institute of History";"2020-2024";"Cultural Studies (Q4); History (Q4)";"Arts and Humanities; Social Sciences"
1293;18754;"German Studies Review";journal;"01497952";"Johns Hopkins University Press";No;No;0,101;Q4;18;23;93;1691;23;92;0,23;73,52;34,78;0;4;United States;Northern America;"Johns Hopkins University Press";"1982, 1985, 1987, 1996-2025";"Arts and Humanities (miscellaneous) (Q4); Cultural Studies (Q4)";"Arts and Humanities; Social Sciences"
1294;21100833038;"Iconographica";journal;"17201764";"SISMEL Edizioni del Galluzzo";No;No;0,101;Q4;2;8;52;145;1;51;0,00;18,13;75,00;0;0;Italy;Western Europe;"SISMEL Edizioni del Galluzzo";"2015-2024";"Cultural Studies (Q4); Visual Arts and Performing Arts (Q4)";"Arts and Humanities; Social Sciences"
1295;5700154365;"International Journal of Francophone Studies";journal;"13682679, 17589142";"Intellect Ltd.";No;No;0,101;Q4;6;0;25;0;2;25;0,07;0,00;0,00;0;0;United Kingdom;Western Europe;"Intellect Ltd.";"2012-2023";"Cultural Studies (Q4); Gender Studies (Q4); History (Q4); Linguistics and Language (Q4); Literature and Literary Theory (Q4); Sociology and Political Science (Q4); Visual Arts and Performing Arts (Q4)";"Arts and Humanities; Social Sciences"
1296;21101187108;"Islam Arastirmalari Dergisi";journal;"28222903, 13013289";"Istanbul 29 Mayis University - ISAM, TDV Centre for Islamic Studies";No;No;0,101;Q4;2;10;30;340;2;28;0,05;34,00;45,45;0;1;Turkey;Middle East;"Istanbul 29 Mayis University - ISAM, TDV Centre for Islamic Studies";"2019-2025";"Cultural Studies (Q4); History (Q4); Religious Studies (Q4)";"Arts and Humanities; Social Sciences"
1297;21100814519;"Jewish Film and New Media";journal;"21690324, 21690332";"Wayne State University Press";No;No;0,101;Q4;7;0;32;0;2;29;0,09;0,00;0,00;0;0;United States;Northern America;"Wayne State University Press";"2013-2017, 2019-2023";"Anthropology (Q4); Communication (Q4); Cultural Studies (Q4); Visual Arts and Performing Arts (Q4)";"Arts and Humanities; Social Sciences"
1298;21100857422;"Journal of African Cinemas";journal;"17549221, 1754923X";"Intellect Ltd.";No;No;0,101;Q4;4;6;40;241;1;32;0,03;40,17;40,00;0;0;United Kingdom;Western Europe;"Intellect Ltd.";"2017-2023";"Communication (Q4); Cultural Studies (Q4); Visual Arts and Performing Arts (Q4)";"Arts and Humanities; Social Sciences"
1299;21100917485;"Journal of Anglo-Portuguese Studies";journal;"0871682X";"CETAPS";No;No;0,101;Q4;1;11;45;389;1;39;0,03;35,36;50,00;0;0;Portugal;Western Europe;"CETAPS";"2018-2024";"Arts and Humanities (miscellaneous) (Q4); Cultural Studies (Q4); History (Q4); Literature and Literary Theory (Q4)";"Arts and Humanities; Social Sciences"
1300;21101044944;"Journal of Austrian-American History";journal;"24750913, 24750905";"Penn State University Press";Yes;Yes;0,101;Q4;2;10;35;733;3;34;0,07;73,30;11,11;0;1;United States;Northern America;"Penn State University Press";"2017-2024";"Cultural Studies (Q4); Geography, Planning and Development (Q4); History (Q4); Political Science and International Relations (Q4); Sociology and Political Science (Q4)";"Arts and Humanities; Social Sciences"
1301;5700158578;"Journal of Mediterranean Studies";journal;"10163476";"University of Nicosia";No;No;0,101;Q4;15;0;30;0;1;30;0,00;0,00;0,00;0;0;Malta;Western Europe;"University of Nicosia";"1993-1994, 2002-2008, 2010-2012, 2014-2023";"Anthropology (Q4); Arts and Humanities (miscellaneous) (Q4); Cultural Studies (Q4)";"Arts and Humanities; Social Sciences"
1302;19700170140;"Journal of Shi'a Islamic Studies";journal;"17489423";"ICAS Press";No;No;0,101;Q4;8;7;30;382;0;26;0,00;54,57;16,67;0;0;United Kingdom;Western Europe;"ICAS Press";"2011-2024";"Cultural Studies (Q4); History (Q4); Law (Q4); Philosophy (Q4); Political Science and International Relations (Q4); Religious Studies (Q4)";"Arts and Humanities; Social Sciences"
1303;21101039510;"Journal on Asian Linguistic Anthropology";journal;"22070656";"Global Council on Anthropological Linguistics";No;No;0,101;Q4;2;0;36;0;2;36;0,05;0,00;0,00;0;0;United Kingdom;Western Europe;"Global Council on Anthropological Linguistics";"2019-2023";"Anthropology (Q4); Arts and Humanities (miscellaneous) (Q4); Cultural Studies (Q4); Linguistics and Language (Q4)";"Arts and Humanities; Social Sciences"
1304;19400157323;"KulturPoetik";journal;"16161203";"Vandenhoeck and Ruprecht GmbH and Co. KG";No;No;0,101;Q4;3;14;44;721;5;35;0,14;51,50;25,00;0;1;Germany;Western Europe;"Vandenhoeck and Ruprecht GmbH and Co. KG";"2009, 2014-2024";"Cultural Studies (Q4); Literature and Literary Theory (Q4)";"Arts and Humanities; Social Sciences"
1305;21101165758;"Latvijas Universitates Zurnals Vesture";journal;"25009621, 25929593";"University of Latvia";Yes;Yes;0,101;Q4;1;9;24;560;1;22;0,00;62,22;25,00;0;1;Latvia;Eastern Europe;"University of Latvia";"2019-2024";"Arts and Humanities (miscellaneous) (Q4); Cultural Studies (Q4); History (Q4); Social Sciences (miscellaneous) (Q4)";"Arts and Humanities; Social Sciences"
1306;17300154965;"Leo Baeck Institute Yearbook";book series;"00758744, 1758437X";"Oxford University Press";No;No;0,101;Q4;11;0;37;0;1;30;0,00;0,00;0,00;0;0;United Kingdom;Western Europe;"Oxford University Press";"1996, 1999, 2001, 2005-2012, 2014-2023";"Cultural Studies (Q4); History (Q4)";"Arts and Humanities; Social Sciences"
1307;16100154714;"Lied und Populare Kultur";journal;"16190548";"Waxmann Verlag GmbH";No;No;0,101;Q4;5;0;26;0;0;22;0,00;0,00;0,00;0;0;Germany;Western Europe;"Waxmann Verlag GmbH";"2002-2005, 2008-2014, 2017-2019, 2021, 2023";"Cultural Studies (Q4); Music (Q4)";"Arts and Humanities; Social Sciences"
1308;21101023071;"Litteraria Pragensia";journal;"08628424, 2571452X";"Charles University, Faculty of Arts";No;No;0,101;Q4;2;18;45;598;3;40;0,10;33,22;25,00;0;1;Czech Republic;Eastern Europe;"Charles University, Faculty of Arts";"2019-2024";"Cultural Studies (Q4); Literature and Literary Theory (Q4); Visual Arts and Performing Arts (Q4)";"Arts and Humanities; Social Sciences"
1309;27223;"Luso-Brazilian Review";journal;"15489957, 00247413";"University of Wisconsin Press";No;No;0,101;Q4;7;16;46;1430;7;39;0,20;89,38;57,14;0;2;United States;Northern America;"University of Wisconsin Press";"1978, 1980-1981, 1999, 2001, 2009-2024";"Cultural Studies (Q4); History (Q4); Literature and Literary Theory (Q4); Sociology and Political Science (Q4)";"Arts and Humanities; Social Sciences"
1310;21100415801;"Magic, Ritual, and Witchcraft";journal;"19405111, 15568547";"University of Pennsylvania Press";No;No;0,101;Q4;5;4;106;364;8;103;0,01;91,00;50,00;0;0;United States;Northern America;"University of Pennsylvania Press";"2014-2024";"Cultural Studies (Q4); History (Q4); Religious Studies (Q4)";"Arts and Humanities; Social Sciences"
1311;21100820204;"Manuscripta Orientalia";journal;"24153613, 12385018";"Thesa Publishers";No;No;0,101;Q4;4;12;53;246;2;52;0,00;20,50;43,75;0;0;Russian Federation;Eastern Europe;"Thesa Publishers";"2016-2024";"Cultural Studies (Q4); Library and Information Sciences (Q4); Linguistics and Language (Q4); Literature and Literary Theory (Q4)";"Arts and Humanities; Social Sciences"
1312;21100415019;"Marvels and Tales";journal;"15214281, 15361802";"Wayne State University Press";No;No;0,101;Q4;10;7;45;166;3;33;0,00;23,71;85,71;0;1;United States;Northern America;"Wayne State University Press";"2014-2024";"Anthropology (Q4); Cultural Studies (Q4); Literature and Literary Theory (Q4)";"Arts and Humanities; Social Sciences"
1313;21101039872;"Medievalia";journal;"20148410, 02113473";"Universitat Autonoma de Barcelona";Yes;Yes;0,101;Q4;2;18;35;1174;3;34;0,10;65,22;66,67;0;0;Spain;Western Europe;"Universitat Autonoma de Barcelona";"2019-2024";"Cultural Studies (Q4); History (Q4); Visual Arts and Performing Arts (Q4)";"Arts and Humanities; Social Sciences"
1314;21100242620;"MIDEO - Melanges de l'Institut Dominicaine des Etudes Orientales du Caire";journal;"05751330, 17831628";"IDEO - Institut dominicain d'etudes orientales, IFAO - Institut francais d’archeologie orientale";No;No;0,101;Q4;5;8;52;67;1;52;0,00;8,38;14,29;0;0;Belgium;Western Europe;"IDEO - Institut dominicain d'etudes orientales, IFAO - Institut francais d’archeologie orientale";"2012, 2014-2015, 2017-2024";"Cultural Studies (Q4); History (Q4)";"Arts and Humanities; Social Sciences"
1315;24760;"Monumenta Nipponica";journal;"00270741, 18801390";"Sophia University";No;No;0,101;Q4;13;7;25;404;1;25;0,05;57,71;28,57;0;0;Japan;Asiatic Region;"Sophia University";"1979, 2001-2024";"Anthropology (Q4); Cultural Studies (Q4); History (Q4)";"Arts and Humanities; Social Sciences"
1316;21100437743;"Multicultural Shakespeare";journal;"23007605, 20838530";"Lodz University Press";Yes;Yes;0,101;Q4;5;0;49;0;3;43;0,05;0,00;0,00;0;0;Poland;Eastern Europe;"Lodz University Press";"2011-2013, 2015-2022";"Cultural Studies (Q4); Linguistics and Language (Q4); Literature and Literary Theory (Q4); Visual Arts and Performing Arts (Q4)";"Arts and Humanities; Social Sciences"
1317;22413;"Northern Scotland";journal;"03065278";"Centre for Scottish Studies, University of Aberdeen";No;No;0,101;Q4;10;11;28;524;1;27;0,06;47,64;18,18;0;4;United Kingdom;Western Europe;"Centre for Scottish Studies, University of Aberdeen";"1979, 1981, 1996-2004, 2007, 2010-2024";"Anthropology (Q4); Cultural Studies (Q4); Economics, Econometrics and Finance (miscellaneous) (Q4); Geography, Planning and Development (Q4); History (Q4); Sociology and Political Science (Q4)";"Arts and Humanities; Economics, Econometrics and Finance; Social Sciences"
1318;21100403903;"Oriens";journal;"18778372, 00786527";"Brill Academic Publishers";No;No;0,101;Q4;16;4;31;148;16;31;0,37;37,00;0,00;0;0;Netherlands;Western Europe;"Brill Academic Publishers";"2009-2024";"Cultural Studies (Q4); Philosophy (Q4); Religious Studies (Q4)";"Arts and Humanities; Social Sciences"
1319;16200154786;"Prooftexts - Journal of Jewish Literature History";journal;"02729601, 10863311";"Indiana University Press";No;No;0,101;Q4;6;11;36;631;3;36;0,07;57,36;22,22;0;2;United States;Northern America;"Indiana University Press";"2002-2015, 2017-2024";"Cultural Studies (Q4); Literature and Literary Theory (Q4); Religious Studies (Q4)";"Arts and Humanities; Social Sciences"
1320;21100894182;"Przeklady Literatur Slowianskich";journal;"18999417, 23539763";"Wydawnictwo Uniwersytetu Slaskiego";Yes;Yes;0,101;Q4;3;14;28;393;0;28;0,00;28,07;76,92;0;0;Poland;Eastern Europe;"Wydawnictwo Uniwersytetu Slaskiego";"2018-2021, 2023-2024";"Cultural Studies (Q4); Linguistics and Language (Q4); Literature and Literary Theory (Q4)";"Arts and Humanities; Social Sciences"
1321;21100914960;"Quebec Studies";journal;"20521731, 07373759";"Liverpool University Press";No;No;0,101;Q4;2;16;51;469;1;41;0,00;29,31;76,92;0;2;United Kingdom;Western Europe;"Liverpool University Press";"2018-2024";"Arts and Humanities (miscellaneous) (Q4); Cultural Studies (Q4); Social Sciences (miscellaneous) (Q4)";"Arts and Humanities; Social Sciences"
1322;21100845669;"Reception: Texts, Readers, Audiences, History";journal;"21680604, 21557888";"Penn State University Press";No;No;0,101;Q4;2;0;37;0;1;32;0,05;0,00;0,00;0;0;United States;Northern America;"Penn State University Press";"2017-2023";"Communication (Q4); Cultural Studies (Q4); History (Q4); Literature and Literary Theory (Q4)";"Arts and Humanities; Social Sciences"
1323;16100154712;"Revista Canadiense de Estudios Hispanicos";journal;"03848167";"Revista Canadiense de Estudios Hispanicos";No;No;0,101;Q4;7;0;46;0;1;46;0,00;0,00;0,00;0;0;Canada;Northern America;"Revista Canadiense de Estudios Hispanicos";"2002-2022";"Cultural Studies (Q4); Literature and Literary Theory (Q4); Visual Arts and Performing Arts (Q4)";"Arts and Humanities; Social Sciences"
1324;16400154735;"Revista de Critica Literaria Latinoamericana";journal;"02528843";"Latinoamericana Editores";No;No;0,101;Q4;8;0;37;0;2;34;0,00;0,00;0,00;0;0;Peru;Latin America;"Latinoamericana Editores";"2002-2014, 2017-2021";"Cultural Studies (Q4); Literature and Literary Theory (Q4)";"Arts and Humanities; Social Sciences"
1325;5800225701;"Revista de Occidente";journal;"00348635";"Fundacion Jose Ortega y Gasset";No;No;0,101;Q4;6;134;401;395;14;366;0,04;2,95;18,37;0;2;Spain;Western Europe;"Fundacion Jose Ortega y Gasset";"2002-2004, 2007-2024";"Cultural Studies (Q4); History (Q4); Literature and Literary Theory (Q4); Visual Arts and Performing Arts (Q4)";"Arts and Humanities; Social Sciences"
1326;21100199571;"Revue des Etudes Armeniennes";journal;"17831741, 00802549";"Peeters Publishers";No;No;0,101;Q4;4;14;49;590;2;44;0,03;42,14;53,85;0;0;Belgium;Western Europe;"Peeters Publishers";"2011-2014, 2016, 2020-2022";"Cultural Studies (Q4); History (Q4); Religious Studies (Q4)";"Arts and Humanities; Social Sciences"
1327;12013;"Revue des Etudes Juives";journal;"1783175X, 04848616";"Peeters Publishers";No;No;0,101;Q4;11;15;56;1058;1;52;0,03;70,53;33,33;0;1;Belgium;Western Europe;"Peeters Publishers";"1967, 1969, 1975-1977, 1983-1984, 1996-2024";"Cultural Studies (Q4); History (Q4); Literature and Literary Theory (Q4); Religious Studies (Q4)";"Arts and Humanities; Social Sciences"
1328;16994;"Revue des Etudes Sud-Est Europeennes";journal;"00352063";"Editions de l'Academie Republique Populaire";No;No;0,101;Q4;2;0;34;0;1;34;0,03;0,00;0,00;0;0;Romania;Eastern Europe;"Editions de l'Academie Republique Populaire";"1972, 1974-1975, 1977-1978, 2019-2020, 2022-2023";"Anthropology (Q4); Cultural Studies (Q4); History (Q4)";"Arts and Humanities; Social Sciences"
1329;17441;"Rinascimento";journal;"00803073, 20376138";"Casa Editrice Leo S. Olschki";No;No;0,101;Q4;9;1;32;0;3;30;0,20;0,00;0,00;0;0;Italy;Western Europe;"Casa Editrice Leo S. Olschki";"1978, 1986-1987, 2001-2012, 2017-2022";"Cultural Studies (Q4); History (Q4); Philosophy (Q4)";"Arts and Humanities; Social Sciences"
1330;5700169160;"Romance Quarterly";journal;"08831157";"Taylor and Francis Ltd.";No;No;0,101;Q4;7;24;52;1135;4;46;0,11;47,29;57,14;0;4;United Kingdom;Western Europe;"Taylor and Francis Ltd.";"1986-2025";"Cultural Studies (Q4); Literature and Literary Theory (Q4)";"Arts and Humanities; Social Sciences"
1331;21101041839;"Santander, Estudios de Patrimonio";journal;"26055317, 26054450";"Universidad de Cantabria";Yes;Yes;0,101;Q4;2;16;38;657;2;38;0,07;41,06;37,50;0;2;Spain;Western Europe;"Universidad de Cantabria";"2018-2024";"Archeology (arts and humanities) (Q4); Arts and Humanities (miscellaneous) (Q4); Conservation (Q4); Cultural Studies (Q4); History (Q4); Visual Arts and Performing Arts (Q4)";"Arts and Humanities; Social Sciences"
1332;16600154705;"Schweizerisches Archiv fur Volkskunde";journal;"0036794X";"Schweizerische Gesellschaft für Volkskunde (Societe Suisse des Traditions Populaires)";No;No;0,101;Q4;4;0;40;0;1;38;0,00;0,00;0,00;0;0;Switzerland;Western Europe;"Schweizerische Gesellschaft für Volkskunde (Societe Suisse des Traditions Populaires)";"2008-2014, 2017-2023";"Arts and Humanities (miscellaneous) (Q4); Cultural Studies (Q4)";"Arts and Humanities; Social Sciences"
1333;21100239833;"SEDERI";journal;"11357789";"Sociedad Hispano-Portugesa de Estudios Renacentistas Ingleses";No;No;0,101;Q4;3;4;23;187;5;23;0,13;46,75;75,00;0;1;Spain;Western Europe;"Sociedad Hispano-Portugesa de Estudios Renacentistas Ingleses";"1997, 2011-2017, 2019-2024";"Cultural Studies (Q4); Linguistics and Language (Q4); Literature and Literary Theory (Q4)";"Arts and Humanities; Social Sciences"
1334;19700181428;"Sokendai Review of Cultural and Social Studies";journal;"1883096X";"Graduate School for Advanced Studies of Culture and Science";No;No;0,101;Q4;3;11;22;125;0;22;0,00;11,36;63,64;0;5;Japan;Asiatic Region;"Graduate School for Advanced Studies of Culture and Science";"2006-2007, 2009-2024";"Cultural Studies (Q4); Social Sciences (miscellaneous) (Q4)";"Social Sciences"
1335;17608;"Soundings";journal;"21616302, 00381861";"Society for Values in Higher Education";No;No;0,101;Q4;8;0;44;0;2;38;0,00;0,00;0,00;0;0;United States;Northern America;"Society for Values in Higher Education";"1975-1977, 1979-1980, 1982-1985, 1989, 1994, 2002-2023";"Arts and Humanities (miscellaneous) (Q4); Cultural Studies (Q4); Sociology and Political Science (Q4)";"Arts and Humanities; Social Sciences"
1336;21101079133;"Studia Litteraria et Historica";journal;"22997571";"Polish Academy of Sciences, Institute of Slavic Studies";Yes;Yes;0,101;Q4;3;0;24;0;0;24;0,00;0,00;0,00;0;0;Poland;Eastern Europe;"Polish Academy of Sciences, Institute of Slavic Studies";"2019-2023";"Anthropology (Q4); Cultural Studies (Q4); History (Q4); Literature and Literary Theory (Q4)";"Arts and Humanities; Social Sciences"
1337;21100901132;"Studia Universitatis Cibiniensis, Series Historica";journal;"15843165";"Lucian Blaga University of Sibiu";No;No;0,101;Q4;1;5;24;300;0;24;0,00;60,00;16,67;0;1;Romania;Eastern Europe;"Lucian Blaga University of Sibiu";"2018-2023";"Archeology (arts and humanities) (Q4); Cultural Studies (Q4); History (Q4); Literature and Literary Theory (Q4); Sociology and Political Science (Q4)";"Arts and Humanities; Social Sciences"
1338;21100899526;"Synergies Afrique des Grands Lacs";journal;"22604278, 22584307";"GERFLINT (Groupe d'Etudes et de Recherches pour le Francais Langue Internationale)";Yes;Yes;0,101;Q4;2;0;31;0;0;28;0,00;0,00;0,00;0;0;France;Western Europe;"GERFLINT (Groupe d'Etudes et de Recherches pour le Francais Langue Internationale)";"2018-2023";"Cultural Studies (Q4); Linguistics and Language (Q4); Literature and Literary Theory (Q4); Sociology and Political Science (Q4)";"Arts and Humanities; Social Sciences"
1339;21101043578;"Transmodernity";journal;"21541361";"University of California, Merced";Yes;Yes;0,101;Q4;5;23;57;1049;1;49;0,00;45,61;47,83;0;1;United States;Northern America;"University of California, Merced";"2018-2025";"Anthropology (Q4); Cultural Studies (Q4); Geography, Planning and Development (Q4); Literature and Literary Theory (Q4); Social Sciences (miscellaneous) (Q4)";"Arts and Humanities; Social Sciences"
1340;21100898970;"Victoriographies";journal;"20442416, 20442424";"Edinburgh University Press";No;No;0,101;Q4;5;14;44;408;4;42;0,09;29,14;93,33;0;2;United Kingdom;Western Europe;"Edinburgh University Press";"2011-2024";"Communication (Q4); Cultural Studies (Q4); History (Q4); Linguistics and Language (Q4); Literature and Literary Theory (Q4)";"Arts and Humanities; Social Sciences"
1341;18400156706;"Voices - Journal of New York Folklore";journal;"0361204X";"New York Folklore Society";No;No;0,101;Q4;2;0;29;0;0;25;0,00;0,00;0,00;0;0;United States;Northern America;"New York Folklore Society";"1978, 1982, 1988, 2009-2022";"Anthropology (Q4); Cultural Studies (Q4); History (Q4); Music (Q4); Visual Arts and Performing Arts (Q4)";"Arts and Humanities; Social Sciences"
1342;17700154927;"Volkskunde";journal;"00428523";"Centre for Study and Documentation";No;No;0,101;Q4;5;17;84;312;3;83;0,05;18,35;45,45;0;7;Belgium;Western Europe;"Centre for Study and Documentation";"1971, 1977, 2009-2024";"Anthropology (Q4); Cultural Studies (Q4); History (Q4)";"Arts and Humanities; Social Sciences"
1343;21100781877;"Wenshan Review of Literature and Culture";journal;"20771290, 20771282";"National Chengchi University";No;No;0,101;Q4;4;8;54;231;2;50;0,03;28,88;60,00;0;1;Taiwan;Asiatic Region;"National Chengchi University";"2016-2024";"Cultural Studies (Q4); Literature and Literary Theory (Q4)";"Arts and Humanities; Social Sciences"
1344;5700179313;"Yale French Studies";book series;"00440078";"Yale University Press";No;No;0,101;Q4;14;8;41;289;4;36;0,08;36,13;42,86;0;0;United States;Northern America;"Yale University Press";"2002-2014, 2018-2019, 2021-2024";"Cultural Studies (Q4); History (Q4); Literature and Literary Theory (Q4); Sociology and Political Science (Q4); Visual Arts and Performing Arts (Q4)";"Arts and Humanities; Social Sciences"
1345;21101030121;"Yearbook of Balkan and Baltic Studies";journal;"26137852, 26137844";"ELM Scholarly Press";Yes;Yes;0,101;Q4;2;16;44;674;2;40;0,07;42,13;70,59;0;6;Estonia;Eastern Europe;"ELM Scholarly Press";"2018-2024";"Anthropology (Q4); Cultural Studies (Q4); Demography (Q4); History (Q4); Political Science and International Relations (Q4); Religious Studies (Q4)";"Arts and Humanities; Social Sciences"
1346;21100789032;"Zgodovina za Vse";journal;"13182498";"The Historical Society of Celje";No;No;0,101;Q4;2;0;33;0;2;27;0,13;0,00;0,00;0;0;Slovenia;Eastern Europe;"The Historical Society of Celje";"2016-2022";"Anthropology (Q4); Cultural Studies (Q4); History (Q4)";"Arts and Humanities; Social Sciences"
1347;21100220384;"American Book Review";journal;"01499408";"School of Arts and Sciences, University of Houston-Victoria";No;No;0,100;Q4;6;37;90;1;2;67;0,03;0,03;21,74;0;1;United States;Northern America;"School of Arts and Sciences, University of Houston-Victoria";"2008-2024";"Cultural Studies (Q4); Literature and Literary Theory (Q4)";"Arts and Humanities; Social Sciences"
1348;21101019252;"Anafora";journal;"24595160, 18492339";"University of Osijek - Faculty of Humanities and Social Sciences";Yes;Yes;0,100;Q4;2;21;64;665;5;62;0,10;31,67;66,67;0;1;Croatia;Eastern Europe;"University of Osijek - Faculty of Humanities and Social Sciences";"2019-2024";"Communication (Q4); Cultural Studies (Q4); Literature and Literary Theory (Q4)";"Arts and Humanities; Social Sciences"
1349;21100315997;"Austrian Studies";book series;"13507532, 22224262";"Modern Humanities Research Association";No;No;0,100;Q4;4;0;69;0;1;66;0,00;0,00;0,00;0;0;United Kingdom;Western Europe;"Modern Humanities Research Association";"2013-2023";"Cultural Studies (Q4); History (Q4); Political Science and International Relations (Q4); Visual Arts and Performing Arts (Q4)";"Arts and Humanities; Social Sciences"
1350;19500157420;"Aut Aut";journal;"00050601";"La Nuova Italia Editrice S.p.A";No;No;0,100;Q4;4;56;177;1474;5;170;0,04;26,32;38,00;0;0;Italy;Western Europe;"La Nuova Italia Editrice S.p.A";"2009-2024";"Cultural Studies (Q4); Philosophy (Q4)";"Arts and Humanities; Social Sciences"
1351;21101195779;"CADMO: Journal for Ancient History";journal;"08719527, 21837937";"University of Lisbon Centre for History";No;Yes;0,100;Q4;1;10;139;343;0;120;0,00;34,30;66,67;0;1;Portugal;Western Europe;"University of Lisbon Centre for History";"2019-2024";"Arts and Humanities (miscellaneous) (Q4); Cultural Studies (Q4); History (Q4)";"Arts and Humanities; Social Sciences"
1352;21100834974;"Cahiers d'Ethnomusicologie";book series;"1662372X";"Ateliers d'ethnomusicologie";No;No;0,100;Q4;4;3;66;27;1;62;0,02;9,00;0,00;0;0;Switzerland;Western Europe;"Ateliers d'ethnomusicologie";"2007, 2012-2016, 2020-2024";"Anthropology (Q4); Cultural Studies (Q4); Music (Q4)";"Arts and Humanities; Social Sciences"
1353;12612;"Cahiers Victoriens and Edouardiens";journal;"02205610";"Les Amis d'Acarologia";Yes;Yes;0,100;Q4;6;36;63;1212;8;60;0,07;33,67;74,29;0;5;France;Western Europe;"Les Amis d'Acarologia";"1990, 2002-2024";"Cultural Studies (Q4); Literature and Literary Theory (Q4)";"Arts and Humanities; Social Sciences"
1354;21100872342;"Critique (France)";journal;"00111600, 19683901";"Les Editions de Minuit";No;No;0,100;Q4;4;51;173;740;5;136;0,03;14,51;28,95;0;0;France;Western Europe;"Les Editions de Minuit";"2015-2024";"Cultural Studies (Q4); History (Q4); Literature and Literary Theory (Q4)";"Arts and Humanities; Social Sciences"
1355;16000154721;"Du: Zeitschrift Der Kultur";journal;"00126837";"Verlag Niggli AG";No;No;0,100;Q4;2;104;206;0;0;162;0,00;0,00;37,21;0;1;Switzerland;Western Europe;"Verlag Niggli AG";"2002-2024";"Cultural Studies (Q4); Music (Q4); Visual Arts and Performing Arts (Q4)";"Arts and Humanities; Social Sciences"
1356;20000195090;"Film and History";journal;"15489922, 03603695";"Center for the Study of Film and History";No;No;0,100;Q4;5;21;73;425;0;71;0,00;20,24;33,33;0;0;United States;Northern America;"Center for the Study of Film and History";"2011-2024";"Cultural Studies (Q4); History (Q4); Visual Arts and Performing Arts (Q4)";"Arts and Humanities; Social Sciences"
1357;5700169133;"French Review";journal;"23297131, 0016111X";"American Association of Teachers of French";No;No;0,100;Q4;12;39;176;693;4;162;0,01;17,77;63,89;0;4;United States;Northern America;"American Association of Teachers of French";"2002-2024";"Cultural Studies (Q4); Education (Q4); Linguistics and Language (Q4); Literature and Literary Theory (Q4)";"Arts and Humanities; Social Sciences"
1358;21101019705;"Historia et Ius";journal;"22797416";"Associazione culturale Historia et ius";Yes;No;0,100;Q4;1;39;103;3815;6;103;0,09;97,82;33,33;0;8;Italy;Western Europe;"Associazione culturale Historia et ius";"2019-2024";"Cultural Studies (Q4); History (Q4); History and Philosophy of Science (Q4); Law (Q4)";"Arts and Humanities; Social Sciences"
1359;21100223127;"Intersezioni";journal;"03932451, 19738196";"Societa Editrice II Mulino";No;No;0,100;Q4;5;26;57;2319;2;56;0,00;89,19;19,23;0;1;Italy;Western Europe;"Societa Editrice II Mulino";"1981-1983, 1987-1989, 1997-2024";"Arts and Humanities (miscellaneous) (Q4); Cultural Studies (Q4)";"Arts and Humanities; Social Sciences"
1360;21100927391;"J19";journal;"2166742X, 21667438";"University of Pennsylvania Press";No;No;0,100;Q4;3;7;82;285;7;57;0,07;40,71;80,00;0;2;United States;Northern America;"University of Pennsylvania Press";"2019-2024";"Cultural Studies (Q4); History (Q4); Literature and Literary Theory (Q4)";"Arts and Humanities; Social Sciences"
1361;21100870908;"Journal of Austrian Studies";journal;"23271809, 2165669X";"University of Nebraska Press";No;No;0,100;Q4;6;36;154;446;6;145;0,03;12,39;30,00;0;0;United States;Northern America;"University of Nebraska Press";"2012-2024";"Cultural Studies (Q4); Literature and Literary Theory (Q4)";"Arts and Humanities; Social Sciences"
1362;26311;"Journal of the West";journal;"00225169, 19300115";"ABC-CLIO";No;No;0,100;Q4;6;0;68;0;0;64;0,00;0,00;0,00;0;0;United States;Northern America;"ABC-CLIO";"1969, 1972, 1977-1978, 1982, 1988-1990, 2000, 2002-2023";"Cultural Studies (Q4); History (Q4)";"Arts and Humanities; Social Sciences"
1363;21100259537;"Knjizevna Smotra";journal;"04550463, 24596329";"Croatian Philological Society";No;No;0,100;Q4;2;26;132;859;1;123;0,00;33,04;66,67;0;1;Croatia;Eastern Europe;"Croatian Philological Society";"2013-2024";"Cultural Studies (Q4); Literature and Literary Theory (Q4)";"Arts and Humanities; Social Sciences"
1364;6000152766;"Konteksty";journal;"29569214, 12306142";"Institute of Art, Polish Academy of Sciences";No;No;0,100;Q4;3;0;378;0;5;135;0,02;0,00;0,00;0;0;Poland;Eastern Europe;"Institute of Art, Polish Academy of Sciences";"2011-2014, 2016-2023";"Anthropology (Q4); Cultural Studies (Q4); Visual Arts and Performing Arts (Q4)";"Arts and Humanities; Social Sciences"
1365;21101184653;"Litera (Turkey)";journal;"13040057, 26022117";"Istanbul University Press";Yes;Yes;0,100;Q4;1;28;65;766;3;65;0,05;27,36;58,62;0;5;Turkey;Middle East;"Istanbul University Press";"2022-2024";"Cultural Studies (Q4); Linguistics and Language (Q4); Literature and Literary Theory (Q4)";"Arts and Humanities; Social Sciences"
1366;21101067517;"Literaturna Misal";journal;"13149237, 03240495";"Institute for Literature, Bulgarian Academy of Sciences";No;No;0,100;Q4;1;17;65;184;1;65;0,02;10,82;46,67;0;3;Bulgaria;Eastern Europe;"Institute for Literature, Bulgarian Academy of Sciences";"2019-2024";"Arts and Humanities (miscellaneous) (Q4); Cultural Studies (Q4); History (Q4); Literature and Literary Theory (Q4)";"Arts and Humanities; Social Sciences"
1367;21100286900;"Nashim";journal;"07938934, 15655288";"Indiana University Press";No;No;0,100;Q4;9;14;62;641;2;56;0,00;45,79;63,16;0;5;United States;Northern America;"Indiana University Press";"2012-2024";"Arts and Humanities (miscellaneous) (Q4); Cultural Studies (Q4); Gender Studies (Q4)";"Arts and Humanities; Social Sciences"
1368;16200154797;"North American Review";journal;"00292397";"North American Review";No;No;0,100;Q4;1;31;125;0;0;111;0,00;0,00;59,09;0;0;United States;Northern America;"North American Review";"1978, 2002-2024";"Cultural Studies (Q4); Literature and Literary Theory (Q4)";"Arts and Humanities; Social Sciences"
1369;16000154762;"Parabola";journal;"03621596";"Society for the Study of Myth and Tradition";No;No;0,100;Q4;2;42;172;75;0;154;0,00;1,79;47,06;0;0;United States;Northern America;"Society for the Study of Myth and Tradition";"2002-2015, 2017-2024";"Cultural Studies (Q4); Religious Studies (Q4); Visual Arts and Performing Arts (Q4)";"Arts and Humanities; Social Sciences"
1370;21473;"Polish Review";journal;"00322970, 23300841";"University of Illinois Press";No;No;0,100;Q4;3;26;95;515;10;78;0,03;19,81;50,00;0;5;United States;Northern America;"University of Illinois Press";"1986, 2019-2024";"Cultural Studies (Q4); History (Q4); Literature and Literary Theory (Q4); Sociology and Political Science (Q4)";"Arts and Humanities; Social Sciences"
1371;21101061449;"Poznanskie Studia Slawistyczne";journal;"20843011, 24502731";"Adam Mickiewicz University";No;No;0,100;Q4;2;23;113;772;3;113;0,04;33,57;38,10;0;0;Poland;Eastern Europe;"Adam Mickiewicz University";"2019-2024";"Anthropology (Q4); Communication (Q4); Cultural Studies (Q4); History (Q4); Linguistics and Language (Q4); Literature and Literary Theory (Q4)";"Arts and Humanities; Social Sciences"
1372;21100826246;"Przekladaniec";journal;"14256851, 16891864";"Jagiellonian University Press";Yes;Yes;0,100;Q4;3;9;88;289;3;84;0,04;32,11;80,00;0;2;Poland;Eastern Europe;"Jagiellonian University Press";"2016-2024";"Cultural Studies (Q4); Literature and Literary Theory (Q4)";"Arts and Humanities; Social Sciences"
1373;19700168601;"Recherches Germaniques";journal;"03991989";"Universite des Sciences Humaines";Yes;Yes;0,100;Q4;2;24;85;1608;0;82;0,00;67,00;47,83;0;2;France;Western Europe;"Universite des Sciences Humaines";"2008-2011, 2018-2024";"Cultural Studies (Q4); Literature and Literary Theory (Q4)";"Arts and Humanities; Social Sciences"
1374;16100154786;"Revista de Estudios Hispanicos";journal;"0034818X";"Washington University in St. Louis";No;No;0,100;Q4;8;48;113;1385;6;113;0,04;28,85;63,41;0;12;United States;Northern America;"Washington University in St. Louis";"2002-2012, 2015-2024";"Cultural Studies (Q4); Literature and Literary Theory (Q4); Visual Arts and Performing Arts (Q4)";"Arts and Humanities; Social Sciences"
1375;21101274418;"Revista do Instituto Historico e Geografico do Rio Grande do Sul";journal;"25957031, 16783484";"Historical and Geographical Institute of Rio Grande do Sul";No;No;0,100;Q4;1;33;68;1005;0;55;0,00;30,45;62,07;0;3;Brazil;Latin America;"Historical and Geographical Institute of Rio Grande do Sul";"2020, 2024";"Cultural Studies (Q4); Geography, Planning and Development (Q4); History (Q4); Law (Q4); Sociology and Political Science (Q4)";"Arts and Humanities; Social Sciences"
1376;21101060453;"RiMe Rivista dell'Istituto di Storia dell'Europa Mediterranea";journal;"2035794X";"Consiglio Nazionale delle Ricerche";No;No;0,100;Q4;3;21;152;485;9;146;0,00;23,10;47,37;0;0;Italy;Western Europe;"Consiglio Nazionale delle Ricerche";"2019-2024";"Cultural Studies (Q4); Education (Q4); History (Q4)";"Arts and Humanities; Social Sciences"
1377;19253;"Romantisme";journal;"00488593";"Armand Colin Paris";No;No;0,100;Q4;8;48;160;2130;3;154;0,03;44,38;58,70;0;0;France;Western Europe;"Armand Colin Paris";"1981, 1999, 2001-2024";"Cultural Studies (Q4); History (Q4); Literature and Literary Theory (Q4); Visual Arts and Performing Arts (Q4)";"Arts and Humanities; Social Sciences"
1378;5700152989;"Salmagundi";journal;"00363529";"Skidmore College";No;No;0,100;Q4;7;30;105;22;2;90;0,00;0,73;20,83;0;0;United States;Northern America;"Skidmore College";"1987, 2002-2024";"Cultural Studies (Q4); Literature and Literary Theory (Q4); Visual Arts and Performing Arts (Q4)";"Arts and Humanities; Social Sciences"
1379;16300154714;"Sinn und Form";journal;"00375756";"Aufbau-Verlag GmbH";No;No;0,100;Q4;3;0;242;0;0;230;0,00;0,00;0,00;0;0;Germany;Western Europe;"Aufbau-Verlag GmbH";"2002-2014, 2016-2023";"Cultural Studies (Q4); Literature and Literary Theory (Q4); Philosophy (Q4); Religious Studies (Q4)";"Arts and Humanities; Social Sciences"
1380;17588;"Sixteenth Century Journal";journal;"03610160";"Sixteenth Century Journal Publishers, Inc";No;No;0,100;Q4;19;27;66;2950;8;63;0,09;109,26;45,83;0;2;United States;Northern America;"Sixteenth Century Journal Publishers, Inc";"1979, 1981-1986, 1989, 1999, 2001-2024";"Cultural Studies (Q4); History (Q4)";"Arts and Humanities; Social Sciences"
1381;5700153410;"Slavic and East European Journal";journal;"00376752";"American Association of Teachers of Slavic and East European Languages";No;No;0,100;Q4;10;28;149;557;5;148;0,02;19,89;62,96;0;0;United States;Northern America;"American Association of Teachers of Slavic and East European Languages";"2009-2024";"Cultural Studies (Q4); Linguistics and Language (Q4); Literature and Literary Theory (Q4)";"Arts and Humanities; Social Sciences"
1382;21101049541;"Societes et Representations";journal;"12622966, 2104404X";"Editions Of The Sorbonne";No;No;0,100;Q4;2;20;66;941;0;61;0,00;47,05;28,57;0;0;France;Western Europe;"Editions Of The Sorbonne";"2019-2024";"Cultural Studies (Q4); History (Q4); Social Sciences (miscellaneous) (Q4)";"Arts and Humanities; Social Sciences"
1383;24229;"Studi Francesi";journal;"00392944";"Rosenberg &amp; Sellier";No;No;0,100;Q4;4;24;75;586;2;71;0,01;24,42;63,16;0;1;Italy;Western Europe;"Rosenberg &amp; Sellier";"1967, 1972, 1979, 1999, 2002-2024";"Cultural Studies (Q4); History (Q4); Literature and Literary Theory (Q4)";"Arts and Humanities; Social Sciences"
1384;21100228742;"University of Bucharest Review: Literary and Cultural Studies Series";journal;"27345963, 20698658";"Bucharest University Press";Yes;Yes;0,100;Q4;3;16;60;356;2;60;0,05;22,25;52,94;0;4;Romania;Eastern Europe;"Bucharest University Press";"2011-2012, 2016-2024";"Cultural Studies (Q4); Literature and Literary Theory (Q4)";"Arts and Humanities; Social Sciences"
1385;16300154757;"Viator - Medieval and Renaissance Studies";journal;"00835897";"Brepols Publishers";No;No;0,100;Q4;19;0;77;0;7;75;0,00;0,00;0,00;0;0;Belgium;Western Europe;"Brepols Publishers";"1970, 1972, 1974-1976, 1978, 1981-1982, 1987, 2002-2023";"Cultural Studies (Q4); History (Q4)";"Arts and Humanities; Social Sciences"
1386;16400154712;"Weimarer Beitrage";journal;"00432199";"Passagen Verlag GmbH";No;No;0,100;Q4;4;9;119;413;4;115;0,03;45,89;55,56;0;0;Austria;Western Europe;"Passagen Verlag GmbH";"2002-2024";"Cultural Studies (Q4); Literature and Literary Theory (Q4)";"Arts and Humanities; Social Sciences"
1387;16100154748;"Callaloo";journal;"10806512, 01612492";"Johns Hopkins University Press";No;No;;-;19;66;0;915;0;0;0,00;13,86;77,78;0;10;United States;Northern America;"Johns Hopkins University Press";"2002-2018, 2024";"Cultural Studies; Literature and Literary Theory; Visual Arts and Performing Arts";"Arts and Humanities; Social Sciences"
1388;21101197411;"Critical Plant Studies";book series;"22130659";"Brill Rodopi";No;No;;-;3;2;0;264;0;0;0,00;132,00;0,00;0;1;Netherlands;Western Europe;"Brill Rodopi";"2013, 2016, 2018-2020, 2024";"Cultural Studies; History and Philosophy of Science";"Arts and Humanities; Social Sciences"
1389;21100427648;"Cuneiform Monographs";book series;"09290052";"Brill Academic Publishers";No;No;;-;10;12;14;1787;6;0;0,46;148,92;100,00;0;0;Netherlands;Western Europe;"Brill Academic Publishers";"2007-2015, 2019-2024";"Anthropology; Cultural Studies; History; Linguistics and Language";"Arts and Humanities; Social Sciences"
1390;4700152437;"International Journal of Advanced Media and Communication";journal;"14624613";"Inderscience Enterprises Ltd";No;No;;-;14;4;0;271;0;0;0,00;67,75;50,00;0;0;United Kingdom;Western Europe;"Inderscience Enterprises Ltd";"2005-2010, 2013-2017, 2019, 2024";"Communication; Cultural Studies";"Social Sciences"
1391;21100435898;"Jewish Latin America";book series;"22110968, 22110976";"Brill Academic Publishers";No;No;;-;4;33;1;1647;0;0;0,00;49,91;100,00;0;0;Netherlands;Western Europe;"Brill Academic Publishers";"2012-2016, 2018-2021, 2024";"Cultural Studies; History; Social Sciences (miscellaneous)";"Arts and Humanities; Social Sciences"
1392;21101170720;"Journal of Ecohumanism (discontinued)";journal;"27526801, 27526798";"Creative Publishing House";No;No;;-;5;1602;25;63411;19;24;0,76;39,58;38,50;0;782;United Kingdom;Western Europe;"Creative Publishing House";"2022-2025";"Cultural Studies; Social Sciences (miscellaneous)";"Social Sciences"
1393;21100407602;"Medieval and Early Modern Iberian World";book series;"15691934";"Brill Academic Publishers";No;No;;-;9;2;15;1001;1;0;0,00;500,50;100,00;0;0;Netherlands;Western Europe;"Brill Academic Publishers";"2007-2016, 2018-2022, 2024";"Arts and Humanities (miscellaneous); Cultural Studies; History; Religious Studies";"Arts and Humanities; Social Sciences"
1394;21100406786;"National Cultivation of Culture";book series;"18765645";"Brill Academic Publishers";No;No;;-;8;1;13;201;2;0;0,00;201,00;0,00;0;0;Netherlands;Western Europe;"Brill Academic Publishers";"2010-2013, 2015-2021, 2024";"Anthropology; Cultural Studies";"Social Sciences"
1395;21100316041;"Proceedings of the Seminar for Arabian Studies";conference and proceedings;"03088421";"Archaeopress";No;No;;-;15;23;0;936;0;0;0,00;40,70;46,91;0;11;United Kingdom;Western Europe;"Archaeopress";"2011, 2013-2014, 2016-2019, 2024";"Archeology; Archeology (arts and humanities); Cultural Studies; History; Visual Arts and Performing Arts";"Arts and Humanities; Social Sciences"
1396;21100455427;"Renaissance Society of America";book series;"22123105, 22123091";"Brill Academic Publishers";No;No;;-;5;1;58;758;17;0;0,30;758,00;0,00;0;0;Netherlands;Western Europe;"Brill Academic Publishers";"2012, 2014, 2016-2024";"Cultural Studies; History; Literature and Literary Theory; Visual Arts and Performing Arts";"Arts and Humanities; Social Sciences"
1397;21100406932;"Studies in the History and Society of the Maghrib";book series;"18779808";"Brill Academic Publishers";No;No;;-;2;1;3;312;0;0;0,00;312,00;0,00;0;0;Netherlands;Western Europe;"Brill Academic Publishers";"2012-2013, 2015-2018, 2021-2022";"Anthropology; Cultural Studies; History; Social Sciences (miscellaneous)";"Arts and Humanities; Social Sciences"
1398;21100407285;"Studies in the History of Christian Traditions";book series;"15735664";"Brill Academic Publishers";No;No;;-;6;35;24;3213;1;0;0,04;91,80;22,22;0;0;Netherlands;Western Europe;"Brill Academic Publishers";"2007-2017, 2019-2024";"Cultural Studies; History; Religious Studies";"Arts and Humanities; Social Sciences"
